,Date,precip_and_snowmelt_input_Lower Lake Powell_mean,irrigation_Lower Lake Powell_mean,AET_Lower Lake Powell_mean,soil_thickness_Lower Lake Powell_mean,soil_porosity_Lower Lake Powell_mean,field_capacity_Lower Lake Powell_mean,wilting_point_Lower Lake Powell_mean,Geo_K_Lower Lake Powell_mean,Runoff_Lower Lake Powell_mean,Recharge_Lower Lake Powell_mean,Soil_Water_End_Of_Previous_Timestep_Lower Lake Powell_mean,Soil_Saturation_Percent_End_Of_Timestep_Lower Lake Powell_mean,precip_and_snowmelt_input_m3_Lower Lake Powell_sum,irrigation_m3_Lower Lake Powell_sum,AET_m3_Lower Lake Powell_sum,Runoff_m3_Lower Lake Powell_sum,Recharge_m3_Lower Lake Powell_sum,Soil_Water_End_Of_Previous_Timestep_m3_Lower Lake Powell_sum,Lower Lake Powell_area_m2
0,2024-01-01,19.86461515941747,0,9.174785264363436,163.9445783069289,0.45249489549576055,29.503377069907543,13.625301144803547,10250.843171179438,0.1566459127768691,4.471832279129383,20.033926768067992,27.672878143934334,91344215.23717695,0,40583830.81207059,720277.0182421589,20562966.717449255,86459539.43933691,4474677871.378089
1,2024-01-01,19.86461515941747,0,9.174785264363436,163.9445783069289,0.45249489549576055,29.503377069907543,13.625301144803547,10250.843171179438,0.1566459127768691,4.471832279129383,20.033926768067992,27.672878143934334,91344215.23717695,0,40583830.81207059,720277.0182421589,20562966.717449255,86459539.43933691,4474677871.378089
2,2024-01-01,19.86461515941747,0,9.174785264363436,163.9445783069289,0.45249489549576055,29.503377069907543,13.625301144803547,10250.843171179438,0.1566459127768691,4.471832279129383,20.033926768067992,27.672878143934334,91344215.23717695,0,40583830.81207059,720277.0182421589,20562966.717449255,86459539.43933691,4474677871.378089
3,2024-01-01,19.86461515941747,0,9.174785264363436,163.9445783069289,0.45249489549576055,29.503377069907543,13.625301144803547,10250.843171179438,0.1566459127768691,4.471832279129383,20.033926768067992,27.672878143934334,91344215.23717695,0,40583830.81207059,720277.0182421589,20562966.717449255,86459539.43933691,4474677871.378089
4,2024-01-01,19.86461515941747,0,9.174785264363436,163.9445783069289,0.45249489549576055,29.503377069907543,13.625301144803547,10250.843171179438,0.1566459127768691,4.471832279129383,20.033926768067992,27.672878143934334,91344215.23717695,0,40583830.81207059,720277.0182421589,20562966.717449255,86459539.43933691,4474677871.378089
5,2024-01-01,19.86461515941747,0,9.174785264363436,163.9445783069289,0.45249489549576055,29.503377069907543,13.625301144803547,10250.843171179438,0.1566459127768691,4.471832279129383,20.033926768067992,27.672878143934334,91344215.23717695,0,40583830.81207059,720277.0182421589,20562966.717449255,86459539.43933691,4474677871.378089
6,2024-01-01,19.86461515941747,0,9.174785264363436,163.9445783069289,0.45249489549576055,29.503377069907543,13.625301144803547,10250.843171179438,0.1566459127768691,4.471832279129383,20.033926768067992,27.672878143934334,91344215.23717695,0,40583830.81207059,720277.0182421589,20562966.717449255,86459539.43933691,4474677871.378089
7,2024-01-01,19.86461515941747,0,9.174785264363436,163.9445783069289,0.45249489549576055,29.503377069907543,13.625301144803547,10250.843171179438,0.1566459127768691,4.471832279129383,20.033926768067992,27.672878143934334,91344215.23717695,0,40583830.81207059,720277.0182421589,20562966.717449255,86459539.43933691,4474677871.378089
8,2024-01-01,19.86461515941747,0,9.174785264363436,163.9445783069289,0.45249489549576055,29.503377069907543,13.625301144803547,10250.843171179438,0.1566459127768691,4.471832279129383,20.033926768067992,27.672878143934334,91344215.23717695,0,40583830.81207059,720277.0182421589,20562966.717449255,86459539.43933691,4474677871.378089
9,2024-01-01,19.86461515941747,0,9.174785264363436,163.9445783069289,0.45249489549576055,29.503377069907543,13.625301144803547,10250.843171179438,0.1566459127768691,4.471832279129383,20.033926768067992,27.672878143934334,91344215.23717695,0,40583830.81207059,720277.0182421589,20562966.717449255,86459539.43933691,4474677871.378089
10,2024-01-01,19.86461515941747,0,9.174785264363436,163.9445783069289,0.45249489549576055,29.503377069907543,13.625301144803547,10250.843171179438,0.1566459127768691,4.471832279129383,20.033926768067992,27.672878143934334,91344215.23717695,0,40583830.81207059,720277.0182421589,20562966.717449255,86459539.43933691,4474677871.378089
11,2024-01-01,19.86461515941747,0,9.174785264363436,163.9445783069289,0.45249489549576055,29.503377069907543,13.625301144803547,10250.843171179438,0.1566459127768691,4.471832279129383,20.033926768067992,27.672878143934334,91344215.23717695,0,40583830.81207059,720277.0182421589,20562966.717449255,86459539.43933691,4474677871.378089
12,2024-01-01,19.86461515941747,0,9.174785264363436,163.9445783069289,0.45249489549576055,29.503377069907543,13.625301144803547,10250.843171179438,0.1566459127768691,4.471832279129383,20.033926768067992,27.672878143934334,91344215.23717695,0,40583830.81207059,720277.0182421589,20562966.717449255,86459539.43933691,4474677871.378089
13,2024-01-01,19.86461515941747,0,9.174785264363436,163.9445783069289,0.45249489549576055,29.503377069907543,13.625301144803547,10250.843171179438,0.1566459127768691,4.471832279129383,20.033926768067992,27.672878143934334,91344215.23717695,0,40583830.81207059,720277.0182421589,20562966.717449255,86459539.43933691,4474677871.378089
14,2024-01-01,19.86461515941747,0,9.174785264363436,163.9445783069289,0.45249489549576055,29.503377069907543,13.625301144803547,10250.843171179438,0.1566459127768691,4.471832279129383,20.033926768067992,27.672878143934334,91344215.23717695,0,40583830.81207059,720277.0182421589,20562966.717449255,86459539.43933691,4474677871.378089
15,2024-01-01,19.86461515941747,0,9.174785264363436,163.9445783069289,0.45249489549576055,29.503377069907543,13.625301144803547,10250.843171179438,0.1566459127768691,4.471832279129383,20.033926768067992,27.672878143934334,91344215.23717695,0,40583830.81207059,720277.0182421589,20562966.717449255,86459539.43933691,4474677871.378089
16,2024-01-01,19.86461515941747,0,9.174785264363436,163.9445783069289,0.45249489549576055,29.503377069907543,13.625301144803547,10250.843171179438,0.1566459127768691,4.471832279129383,20.033926768067992,27.672878143934334,91344215.23717695,0,40583830.81207059,720277.0182421589,20562966.717449255,86459539.43933691,4474677871.378089
17,2024-01-01,19.86461515941747,0,9.174785264363436,163.9445783069289,0.45249489549576055,29.503377069907543,13.625301144803547,10250.843171179438,0.1566459127768691,4.471832279129383,20.033926768067992,27.672878143934334,91344215.23717695,0,40583830.81207059,720277.0182421589,20562966.717449255,86459539.43933691,4474677871.377474
18,2024-01-01,19.86461515941747,0,9.174785264363436,163.9445783069289,0.45249489549576055,29.503377069907543,13.625301144803547,10250.843171179438,0.1566459127768691,4.471832279129383,20.033926768067992,27.672878143934334,91344215.23717695,0,40583830.81207059,720277.0182421589,20562966.717449255,86459539.43933691,4474677871.378089
19,2024-01-01,19.86461515941747,0,9.174785264363436,163.9445783069289,0.45249489549576055,29.503377069907543,13.625301144803547,10250.843171179438,0.1566459127768691,4.471832279129383,20.033926768067992,27.672878143934334,91344215.23717695,0,40583830.81207059,720277.0182421589,20562966.717449255,86459539.43933691,4474677871.378089
20,2024-02-01,30.935810259498584,0,12.143195266272194,163.9445783069289,0.45249489549576055,29.503377069907543,13.625301144803547,10250.843171179438,0.8136903556003647,10.948085441113257,27.976752361834734,42.57032498233368,142252887.13929114,0,53714497.01878429,3741594.2322889003,50342766.77320777,120738240.85895486,4474677871.378089
21,2024-02-01,30.935810259498584,0,12.143195266272194,163.9445783069289,0.45249489549576055,29.503377069907543,13.625301144803547,10250.843171179438,0.8136903556003647,10.948085441113257,27.976752361834734,42.57032498233368,142252887.13929114,0,53714497.01878429,3741594.2322889003,50342766.77320777,120738240.85895486,4474677871.378089
22,2024-02-01,30.935810259498584,0,12.143195266272194,163.9445783069289,0.45249489549576055,29.503377069907543,13.625301144803547,10250.843171179438,0.8136903556003647,10.948085441113257,27.976752361834734,42.57032498233368,142252887.13929114,0,53714497.01878429,3741594.2322889003,50342766.77320777,120738240.85895486,4474677871.378089
23,2024-02-01,30.935810259498584,0,12.143195266272194,163.9445783069289,0.45249489549576055,29.503377069907543,13.625301144803547,10250.843171179438,0.8136903556003647,10.948085441113257,27.976752361834734,42.57032498233368,142252887.13929114,0,53714497.01878429,3741594.2322889003,50342766.77320777,120738240.85895486,4474677871.377474
24,2024-02-01,30.935810259498584,0,12.143195266272194,163.9445783069289,0.45249489549576055,29.503377069907543,13.625301144803547,10250.843171179438,0.8136903556003647,10.948085441113257,27.976752361834734,42.57032498233368,142252887.13929114,0,53714497.01878429,3741594.2322889003,50342766.77320777,120738240.85895486,4474677871.378089
25,2024-02-01,30.935810259498584,0,12.143195266272194,163.9445783069289,0.45249489549576055,29.503377069907543,13.625301144803547,10250.843171179438,0.8136903556003647,10.948085441113257,27.976752361834734,42.57032498233368,142252887.13929114,0,53714497.01878429,3741594.2322889003,50342766.77320777,120738240.85895486,4474677871.378089
26,2024-02-01,30.935810259498584,0,12.143195266272194,163.9445783069289,0.45249489549576055,29.503377069907543,13.625301144803547,10250.843171179438,0.8136903556003647,10.948085441113257,27.976752361834734,42.57032498233368,142252887.13929114,0,53714497.01878429,3741594.2322889003,50342766.77320777,120738240.85895486,4474677871.378089
27,2024-02-01,30.935810259498584,0,12.143195266272194,163.9445783069289,0.45249489549576055,29.503377069907543,13.625301144803547,10250.843171179438,0.8136903556003647,10.948085441113257,27.976752361834734,42.57032498233368,142252887.13929114,0,53714497.01878429,3741594.2322889003,50342766.77320777,120738240.85895486,4474677871.378089
28,2024-02-01,30.935810259498584,0,12.143195266272194,163.9445783069289,0.45249489549576055,29.503377069907543,13.625301144803547,10250.843171179438,0.8136903556003647,10.948085441113257,27.976752361834734,42.57032498233368,142252887.13929114,0,53714497.01878429,3741594.2322889003,50342766.77320777,120738240.85895486,4474677871.378089
29,2024-02-01,30.935810259498584,0,12.143195266272194,163.9445783069289,0.45249489549576055,29.503377069907543,13.625301144803547,10250.843171179438,0.8136903556003647,10.948085441113257,27.976752361834734,42.57032498233368,142252887.13929114,0,53714497.01878429,3741594.2322889003,50342766.77320777,120738240.85895486,4474677871.378089
30,2024-02-01,30.935810259498584,0,12.143195266272194,163.9445783069289,0.45249489549576055,29.503377069907543,13.625301144803547,10250.843171179438,0.8136903556003647,10.948085441113257,27.976752361834734,42.57032498233368,142252887.13929114,0,53714497.01878429,3741594.2322889003,50342766.77320777,120738240.85895486,4474677871.378089
31,2024-02-01,30.935810259498584,0,12.143195266272194,163.9445783069289,0.45249489549576055,29.503377069907543,13.625301144803547,10250.843171179438,0.8136903556003647,10.948085441113257,27.976752361834734,42.57032498233368,142252887.13929114,0,53714497.01878429,3741594.2322889003,50342766.77320777,120738240.85895486,4474677871.378089
32,2024-02-01,30.935810259498584,0,12.143195266272194,163.9445783069289,0.45249489549576055,29.503377069907543,13.625301144803547,10250.843171179438,0.8136903556003647,10.948085441113257,27.976752361834734,42.57032498233368,142252887.13929114,0,53714497.01878429,3741594.2322889003,50342766.77320777,120738240.85895486,4474677871.378089
33,2024-02-01,30.935810259498584,0,12.143195266272194,163.9445783069289,0.45249489549576055,29.503377069907543,13.625301144803547,10250.843171179438,0.8136903556003647,10.948085441113257,27.976752361834734,42.57032498233368,142252887.13929114,0,53714497.01878429,3741594.2322889003,50342766.77320777,120738240.85895486,4474677871.378089
34,2024-02-01,30.935810259498584,0,12.143195266272194,163.9445783069289,0.45249489549576055,29.503377069907543,13.625301144803547,10250.843171179438,0.8136903556003647,10.948085441113257,27.976752361834734,42.57032498233368,142252887.13929114,0,53714497.01878429,3741594.2322889003,50342766.77320777,120738240.85895486,4474677871.378089
35,2024-02-01,30.935810259498584,0,12.143195266272194,163.9445783069289,0.45249489549576055,29.503377069907543,13.625301144803547,10250.843171179438,0.8136903556003647,10.948085441113257,27.976752361834734,42.57032498233368,142252887.13929114,0,53714497.01878429,3741594.2322889003,50342766.77320777,120738240.85895486,4474677871.378089
36,2024-02-01,30.935810259498584,0,12.143195266272194,163.9445783069289,0.45249489549576055,29.503377069907543,13.625301144803547,10250.843171179438,0.8136903556003647,10.948085441113257,27.976752361834734,42.57032498233368,142252887.13929114,0,53714497.01878429,3741594.2322889003,50342766.77320777,120738240.85895486,4474677871.378089
37,2024-02-01,30.935810259498584,0,12.143195266272194,163.9445783069289,0.45249489549576055,29.503377069907543,13.625301144803547,10250.843171179438,0.8136903556003647,10.948085441113257,27.976752361834734,42.57032498233368,142252887.13929114,0,53714497.01878429,3741594.2322889003,50342766.77320777,120738240.85895486,4474677871.378089
38,2024-02-01,30.935810259498584,0,12.143195266272194,163.9445783069289,0.45249489549576055,29.503377069907543,13.625301144803547,10250.843171179438,0.8136903556003647,10.948085441113257,27.976752361834734,42.57032498233368,142252887.13929114,0,53714497.01878429,3741594.2322889003,50342766.77320777,120738240.85895486,4474677871.378089
39,2024-02-01,30.935810259498584,0,12.143195266272194,163.9445783069289,0.45249489549576055,29.503377069907543,13.625301144803547,10250.843171179438,0.8136903556003647,10.948085441113257,27.976752361834734,42.57032498233368,142252887.13929114,0,53714497.01878429,3741594.2322889003,50342766.77320777,120738240.85895486,4474677871.378089
40,2024-03-01,38.410860623106856,0,17.45609849207865,163.9445783069289,0.45249489549576055,29.503377069907543,13.625301144803547,10250.843171179438,2.683333476680008,15.17108924612355,33.470085089461094,51.65926058949251,176625844.22691876,0,77215894.85387449,12338769.117399322,69761399.70162721,144445795.36083862,4474677871.378089
41,2024-03-01,38.410860623106856,0,17.45609849207865,163.9445783069289,0.45249489549576055,29.503377069907543,13.625301144803547,10250.843171179438,2.683333476680008,15.17108924612355,33.470085089461094,51.65926058949251,176625844.22691876,0,77215894.85387449,12338769.117399322,69761399.70162721,144445795.36083862,4474677871.378089
42,2024-03-01,38.410860623106856,0,17.45609849207865,163.9445783069289,0.45249489549576055,29.503377069907543,13.625301144803547,10250.843171179438,2.683333476680008,15.17108924612355,33.470085089461094,51.65926058949251,176625844.22691876,0,77215894.85387449,12338769.117399322,69761399.70162721,144445795.36083862,4474677871.377474
43,2024-03-01,38.410860623106856,0,17.45609849207865,163.9445783069289,0.45249489549576055,29.503377069907543,13.625301144803547,10250.843171179438,2.683333476680008,15.17108924612355,33.470085089461094,51.65926058949251,176625844.22691876,0,77215894.85387449,12338769.117399322,69761399.70162721,144445795.36083862,4474677871.378089
44,2024-03-01,38.410860623106856,0,17.45609849207865,163.9445783069289,0.45249489549576055,29.503377069907543,13.625301144803547,10250.843171179438,2.683333476680008,15.17108924612355,33.470085089461094,51.65926058949251,176625844.22691876,0,77215894.85387449,12338769.117399322,69761399.70162721,144445795.36083862,4474677871.378089
45,2024-03-01,38.410860623106856,0,17.45609849207865,163.9445783069289,0.45249489549576055,29.503377069907543,13.625301144803547,10250.843171179438,2.683333476680008,15.17108924612355,33.470085089461094,51.65926058949251,176625844.22691876,0,77215894.85387449,12338769.117399322,69761399.70162721,144445795.36083862,4474677871.378089
46,2024-03-01,38.410860623106856,0,17.45609849207865,163.9445783069289,0.45249489549576055,29.503377069907543,13.625301144803547,10250.843171179438,2.683333476680008,15.17108924612355,33.470085089461094,51.65926058949251,176625844.22691876,0,77215894.85387449,12338769.117399322,69761399.70162721,144445795.36083862,4474677871.378089
47,2024-03-01,38.410860623106856,0,17.45609849207865,163.9445783069289,0.45249489549576055,29.503377069907543,13.625301144803547,10250.843171179438,2.683333476680008,15.17108924612355,33.470085089461094,51.65926058949251,176625844.22691876,0,77215894.85387449,12338769.117399322,69761399.70162721,144445795.36083862,4474677871.378089
48,2024-03-01,38.410860623106856,0,17.45609849207865,163.9445783069289,0.45249489549576055,29.503377069907543,13.625301144803547,10250.843171179438,2.683333476680008,15.17108924612355,33.470085089461094,51.65926058949251,176625844.22691876,0,77215894.85387449,12338769.117399322,69761399.70162721,144445795.36083862,4474677871.378089
49,2024-03-01,38.410860623106856,0,17.45609849207865,163.9445783069289,0.45249489549576055,29.503377069907543,13.625301144803547,10250.843171179438,2.683333476680008,15.17108924612355,33.470085089461094,51.65926058949251,176625844.22691876,0,77215894.85387449,12338769.117399322,69761399.70162721,144445795.36083862,4474677871.378089
50,2024-03-01,38.410860623106856,0,17.45609849207865,163.9445783069289,0.45249489549576055,29.503377069907543,13.625301144803547,10250.843171179438,2.683333476680008,15.17108924612355,33.470085089461094,51.65926058949251,176625844.22691876,0,77215894.85387449,12338769.117399322,69761399.70162721,144445795.36083862,4474677871.378089
51,2024-03-01,38.410860623106856,0,17.45609849207865,163.9445783069289,0.45249489549576055,29.503377069907543,13.625301144803547,10250.843171179438,2.683333476680008,15.17108924612355,33.470085089461094,51.65926058949251,176625844.22691876,0,77215894.85387449,12338769.117399322,69761399.70162721,144445795.36083862,4474677871.378089
52,2024-03-01,38.410860623106856,0,17.45609849207865,163.9445783069289,0.45249489549576055,29.503377069907543,13.625301144803547,10250.843171179438,2.683333476680008,15.17108924612355,33.470085089461094,51.65926058949251,176625844.22691876,0,77215894.85387449,12338769.117399322,69761399.70162721,144445795.36083862,4474677871.378089
53,2024-03-01,38.410860623106856,0,17.45609849207865,163.9445783069289,0.45249489549576055,29.503377069907543,13.625301144803547,10250.843171179438,2.683333476680008,15.17108924612355,33.470085089461094,51.65926058949251,176625844.22691876,0,77215894.85387449,12338769.117399322,69761399.70162721,144445795.36083862,4474677871.378089
54,2024-03-01,38.410860623106856,0,17.45609849207865,163.9445783069289,0.45249489549576055,29.503377069907543,13.625301144803547,10250.843171179438,2.683333476680008,15.17108924612355,33.470085089461094,51.65926058949251,176625844.22691876,0,77215894.85387449,12338769.117399322,69761399.70162721,144445795.36083862,4474677871.378089
55,2024-03-01,38.410860623106856,0,17.45609849207865,163.9445783069289,0.45249489549576055,29.503377069907543,13.625301144803547,10250.843171179438,2.683333476680008,15.17108924612355,33.470085089461094,51.65926058949251,176625844.22691876,0,77215894.85387449,12338769.117399322,69761399.70162721,144445795.36083862,4474677871.378089
56,2024-03-01,38.410860623106856,0,17.45609849207865,163.9445783069289,0.45249489549576055,29.503377069907543,13.625301144803547,10250.843171179438,2.683333476680008,15.17108924612355,33.470085089461094,51.65926058949251,176625844.22691876,0,77215894.85387449,12338769.117399322,69761399.70162721,144445795.36083862,4474677871.378089
57,2024-03-01,38.410860623106856,0,17.45609849207865,163.9445783069289,0.45249489549576055,29.503377069907543,13.625301144803547,10250.843171179438,2.683333476680008,15.17108924612355,33.470085089461094,51.65926058949251,176625844.22691876,0,77215894.85387449,12338769.117399322,69761399.70162721,144445795.36083862,4474677871.378089
58,2024-03-01,38.410860623106856,0,17.45609849207865,163.9445783069289,0.45249489549576055,29.503377069907543,13.625301144803547,10250.843171179438,2.683333476680008,15.17108924612355,33.470085089461094,51.65926058949251,176625844.22691876,0,77215894.85387449,12338769.117399322,69761399.70162721,144445795.36083862,4474677871.378089
59,2024-03-01,38.410860623106856,0,17.45609849207865,163.9445783069289,0.45249489549576055,29.503377069907543,13.625301144803547,10250.843171179438,2.683333476680008,15.17108924612355,33.470085089461094,51.65926058949251,176625844.22691876,0,77215894.85387449,12338769.117399322,69761399.70162721,144445795.36083862,4474677871.378089
60,2024-04-01,5.721210598965456,0,25.46033594197367,163.9445783069289,0.45249489549576055,29.503377069907543,13.625301144803547,10250.843171179438,0.042099824810323996,1.894304308151796,21.763426490418524,25.264009417747367,26308267.123574544,0,112622370.21804707,193582.46708678963,8710694.588406488,93923019.99284332,4474677871.378089
61,2024-04-01,5.721210598965456,0,25.46033594197367,163.9445783069289,0.45249489549576055,29.503377069907543,13.625301144803547,10250.843171179438,0.042099824810323996,1.894304308151796,21.763426490418524,25.264009417747367,26308267.123574544,0,112622370.21804707,193582.46708678963,8710694.588406488,93923019.99284332,4474677871.378089
62,2024-04-01,5.721210598965456,0,25.46033594197367,163.9445783069289,0.45249489549576055,29.503377069907543,13.625301144803547,10250.843171179438,0.042099824810323996,1.894304308151796,21.763426490418524,25.264009417747367,26308267.123574544,0,112622370.21804707,193582.46708678963,8710694.588406488,93923019.99284332,4474677871.378089
63,2024-04-01,5.721210598965456,0,25.46033594197367,163.9445783069289,0.45249489549576055,29.503377069907543,13.625301144803547,10250.843171179438,0.042099824810323996,1.894304308151796,21.763426490418524,25.264009417747367,26308267.123574544,0,112622370.21804707,193582.46708678963,8710694.588406488,93923019.99284332,4474677871.378089
64,2024-04-01,5.721210598965456,0,25.46033594197367,163.9445783069289,0.45249489549576055,29.503377069907543,13.625301144803547,10250.843171179438,0.042099824810323996,1.894304308151796,21.763426490418524,25.264009417747367,26308267.123574544,0,112622370.21804707,193582.46708678963,8710694.588406488,93923019.99284332,4474677871.377474
65,2024-04-01,5.721210598965456,0,25.46033594197367,163.9445783069289,0.45249489549576055,29.503377069907543,13.625301144803547,10250.843171179438,0.042099824810323996,1.894304308151796,21.763426490418524,25.264009417747367,26308267.123574544,0,112622370.21804707,193582.46708678963,8710694.588406488,93923019.99284332,4474677871.378089
66,2024-04-01,5.721210598965456,0,25.46033594197367,163.9445783069289,0.45249489549576055,29.503377069907543,13.625301144803547,10250.843171179438,0.042099824810323996,1.894304308151796,21.763426490418524,25.264009417747367,26308267.123574544,0,112622370.21804707,193582.46708678963,8710694.588406488,93923019.99284332,4474677871.378089
67,2024-04-01,5.721210598965456,0,25.46033594197367,163.9445783069289,0.45249489549576055,29.503377069907543,13.625301144803547,10250.843171179438,0.042099824810323996,1.894304308151796,21.763426490418524,25.264009417747367,26308267.123574544,0,112622370.21804707,193582.46708678963,8710694.588406488,93923019.99284332,4474677871.378089
68,2024-04-01,5.721210598965456,0,25.46033594197367,163.9445783069289,0.45249489549576055,29.503377069907543,13.625301144803547,10250.843171179438,0.042099824810323996,1.894304308151796,21.763426490418524,25.264009417747367,26308267.123574544,0,112622370.21804707,193582.46708678963,8710694.588406488,93923019.99284332,4474677871.378089
69,2024-04-01,5.721210598965456,0,25.46033594197367,163.9445783069289,0.45249489549576055,29.503377069907543,13.625301144803547,10250.843171179438,0.042099824810323996,1.894304308151796,21.763426490418524,25.264009417747367,26308267.123574544,0,112622370.21804707,193582.46708678963,8710694.588406488,93923019.99284332,4474677871.378089
70,2024-04-01,5.721210598965456,0,25.46033594197367,163.9445783069289,0.45249489549576055,29.503377069907543,13.625301144803547,10250.843171179438,0.042099824810323996,1.894304308151796,21.763426490418524,25.264009417747367,26308267.123574544,0,112622370.21804707,193582.46708678963,8710694.588406488,93923019.99284332,4474677871.378089
71,2024-04-01,5.721210598965456,0,25.46033594197367,163.9445783069289,0.45249489549576055,29.503377069907543,13.625301144803547,10250.843171179438,0.042099824810323996,1.894304308151796,21.763426490418524,25.264009417747367,26308267.123574544,0,112622370.21804707,193582.46708678963,8710694.588406488,93923019.99284332,4474677871.378089
72,2024-04-01,5.721210598965456,0,25.46033594197367,163.9445783069289,0.45249489549576055,29.503377069907543,13.625301144803547,10250.843171179438,0.042099824810323996,1.894304308151796,21.763426490418524,25.264009417747367,26308267.123574544,0,112622370.21804707,193582.46708678963,8710694.588406488,93923019.99284332,4474677871.378089
73,2024-04-01,5.721210598965456,0,25.46033594197367,163.9445783069289,0.45249489549576055,29.503377069907543,13.625301144803547,10250.843171179438,0.042099824810323996,1.894304308151796,21.763426490418524,25.264009417747367,26308267.123574544,0,112622370.21804707,193582.46708678963,8710694.588406488,93923019.99284332,4474677871.378089
74,2024-04-01,5.721210598965456,0,25.46033594197367,163.9445783069289,0.45249489549576055,29.503377069907543,13.625301144803547,10250.843171179438,0.042099824810323996,1.894304308151796,21.763426490418524,25.264009417747367,26308267.123574544,0,112622370.21804707,193582.46708678963,8710694.588406488,93923019.99284332,4474677871.378089
75,2024-04-01,5.721210598965456,0,25.46033594197367,163.9445783069289,0.45249489549576055,29.503377069907543,13.625301144803547,10250.843171179438,0.042099824810323996,1.894304308151796,21.763426490418524,25.264009417747367,26308267.123574544,0,112622370.21804707,193582.46708678963,8710694.588406488,93923019.99284332,4474677871.378089
76,2024-04-01,5.721210598965456,0,25.46033594197367,163.9445783069289,0.45249489549576055,29.503377069907543,13.625301144803547,10250.843171179438,0.042099824810323996,1.894304308151796,21.763426490418524,25.264009417747367,26308267.123574544,0,112622370.21804707,193582.46708678963,8710694.588406488,93923019.99284332,4474677871.378089
77,2024-04-01,5.721210598965456,0,25.46033594197367,163.9445783069289,0.45249489549576055,29.503377069907543,13.625301144803547,10250.843171179438,0.042099824810323996,1.894304308151796,21.763426490418524,25.264009417747367,26308267.123574544,0,112622370.21804707,193582.46708678963,8710694.588406488,93923019.99284332,4474677871.378089
78,2024-04-01,5.721210598965456,0,25.46033594197367,163.9445783069289,0.45249489549576055,29.503377069907543,13.625301144803547,10250.843171179438,0.042099824810323996,1.894304308151796,21.763426490418524,25.264009417747367,26308267.123574544,0,112622370.21804707,193582.46708678963,8710694.588406488,93923019.99284332,4474677871.378089
79,2024-04-01,5.721210598965456,0,25.46033594197367,163.9445783069289,0.45249489549576055,29.503377069907543,13.625301144803547,10250.843171179438,0.042099824810323996,1.894304308151796,21.763426490418524,25.264009417747367,26308267.123574544,0,112622370.21804707,193582.46708678963,8710694.588406488,93923019.99284332,4474677871.378089
80,2024-05-01,2.181044888276766,0,33.197251383851906,163.9445783069289,0.45249489549576055,29.503377069907543,13.625301144803547,10250.843171179438,0.0,0.10990711374485207,13.410082649876998,11.955457201266622,10029151.690945406,0,146846141.13604715,0.0,505381.7303809713,57872565.77418699,4474677871.378089
81,2024-05-01,2.181044888276766,0,33.197251383851906,163.9445783069289,0.45249489549576055,29.503377069907543,13.625301144803547,10250.843171179438,0.0,0.10990711374485207,13.410082649876998,11.955457201266622,10029151.690945406,0,146846141.13604715,0.0,505381.7303809713,57872565.77418699,4474677871.378089
82,2024-05-01,2.181044888276766,0,33.197251383851906,163.9445783069289,0.45249489549576055,29.503377069907543,13.625301144803547,10250.843171179438,0.0,0.10990711374485207,13.410082649876998,11.955457201266622,10029151.690945406,0,146846141.13604715,0.0,505381.7303809713,57872565.77418699,4474677871.378089
83,2024-05-01,2.181044888276766,0,33.197251383851906,163.9445783069289,0.45249489549576055,29.503377069907543,13.625301144803547,10250.843171179438,0.0,0.10990711374485207,13.410082649876998,11.955457201266622,10029151.690945406,0,146846141.13604715,0.0,505381.7303809713,57872565.77418699,4474677871.378089
84,2024-05-01,2.181044888276766,0,33.197251383851906,163.9445783069289,0.45249489549576055,29.503377069907543,13.625301144803547,10250.843171179438,0.0,0.10990711374485207,13.410082649876998,11.955457201266622,10029151.690945406,0,146846141.13604715,0.0,505381.7303809713,57872565.77418699,4474677871.378089
85,2024-05-01,2.181044888276766,0,33.197251383851906,163.9445783069289,0.45249489549576055,29.503377069907543,13.625301144803547,10250.843171179438,0.0,0.10990711374485207,13.410082649876998,11.955457201266622,10029151.690945406,0,146846141.13604715,0.0,505381.7303809713,57872565.77418699,4474677871.378089
86,2024-05-01,2.181044888276766,0,33.197251383851906,163.9445783069289,0.45249489549576055,29.503377069907543,13.625301144803547,10250.843171179438,0.0,0.10990711374485207,13.410082649876998,11.955457201266622,10029151.690945406,0,146846141.13604715,0.0,505381.7303809713,57872565.77418699,4474677871.378089
87,2024-05-01,2.181044888276766,0,33.197251383851906,163.9445783069289,0.45249489549576055,29.503377069907543,13.625301144803547,10250.843171179438,0.0,0.10990711374485207,13.410082649876998,11.955457201266622,10029151.690945406,0,146846141.13604715,0.0,505381.7303809713,57872565.77418699,4474677871.378089
88,2024-05-01,2.181044888276766,0,33.197251383851906,163.9445783069289,0.45249489549576055,29.503377069907543,13.625301144803547,10250.843171179438,0.0,0.10990711374485207,13.410082649876998,11.955457201266622,10029151.690945406,0,146846141.13604715,0.0,505381.7303809713,57872565.77418699,4474677871.378089
89,2024-05-01,2.181044888276766,0,33.197251383851906,163.9445783069289,0.45249489549576055,29.503377069907543,13.625301144803547,10250.843171179438,0.0,0.10990711374485207,13.410082649876998,11.955457201266622,10029151.690945406,0,146846141.13604715,0.0,505381.7303809713,57872565.77418699,4474677871.378089
90,2024-05-01,2.181044888276766,0,33.197251383851906,163.9445783069289,0.45249489549576055,29.503377069907543,13.625301144803547,10250.843171179438,0.0,0.10990711374485207,13.410082649876998,11.955457201266622,10029151.690945406,0,146846141.13604715,0.0,505381.7303809713,57872565.77418699,4474677871.378089
91,2024-05-01,2.181044888276766,0,33.197251383851906,163.9445783069289,0.45249489549576055,29.503377069907543,13.625301144803547,10250.843171179438,0.0,0.10990711374485207,13.410082649876998,11.955457201266622,10029151.690945406,0,146846141.13604715,0.0,505381.7303809713,57872565.77418699,4474677871.377474
92,2024-05-01,2.181044888276766,0,33.197251383851906,163.9445783069289,0.45249489549576055,29.503377069907543,13.625301144803547,10250.843171179438,0.0,0.10990711374485207,13.410082649876998,11.955457201266622,10029151.690945406,0,146846141.13604715,0.0,505381.7303809713,57872565.77418699,4474677871.378089
93,2024-05-01,2.181044888276766,0,33.197251383851906,163.9445783069289,0.45249489549576055,29.503377069907543,13.625301144803547,10250.843171179438,0.0,0.10990711374485207,13.410082649876998,11.955457201266622,10029151.690945406,0,146846141.13604715,0.0,505381.7303809713,57872565.77418699,4474677871.378089
94,2024-05-01,2.181044888276766,0,33.197251383851906,163.9445783069289,0.45249489549576055,29.503377069907543,13.625301144803547,10250.843171179438,0.0,0.10990711374485207,13.410082649876998,11.955457201266622,10029151.690945406,0,146846141.13604715,0.0,505381.7303809713,57872565.77418699,4474677871.378089
95,2024-05-01,2.181044888276766,0,33.197251383851906,163.9445783069289,0.45249489549576055,29.503377069907543,13.625301144803547,10250.843171179438,0.0,0.10990711374485207,13.410082649876998,11.955457201266622,10029151.690945406,0,146846141.13604715,0.0,505381.7303809713,57872565.77418699,4474677871.378089
96,2024-05-01,2.181044888276766,0,33.197251383851906,163.9445783069289,0.45249489549576055,29.503377069907543,13.625301144803547,10250.843171179438,0.0,0.10990711374485207,13.410082649876998,11.955457201266622,10029151.690945406,0,146846141.13604715,0.0,505381.7303809713,57872565.77418699,4474677871.378089
97,2024-05-01,2.181044888276766,0,33.197251383851906,163.9445783069289,0.45249489549576055,29.503377069907543,13.625301144803547,10250.843171179438,0.0,0.10990711374485207,13.410082649876998,11.955457201266622,10029151.690945406,0,146846141.13604715,0.0,505381.7303809713,57872565.77418699,4474677871.378089
98,2024-05-01,2.181044888276766,0,33.197251383851906,163.9445783069289,0.45249489549576055,29.503377069907543,13.625301144803547,10250.843171179438,0.0,0.10990711374485207,13.410082649876998,11.955457201266622,10029151.690945406,0,146846141.13604715,0.0,505381.7303809713,57872565.77418699,4474677871.378089
99,2024-05-01,2.181044888276766,0,33.197251383851906,163.9445783069289,0.45249489549576055,29.503377069907543,13.625301144803547,10250.843171179438,0.0,0.10990711374485207,13.410082649876998,11.955457201266622,10029151.690945406,0,146846141.13604715,0.0,505381.7303809713,57872565.77418699,4474677871.378089
100,2024-06-01,12.601963038471473,0,40.5159381561367,163.9445783069289,0.45249489549576055,29.503377069907543,13.625301144803547,10250.843171179438,0.09700425681404135,0.8840855075679793,12.257630971019678,12.083855716782194,57948332.78735148,0,179219935.00327837,446058.77715008333,4065339.2182127396,52899070.54138823,4474677871.378089
101,2024-06-01,12.601963038471473,0,40.5159381561367,163.9445783069289,0.45249489549576055,29.503377069907543,13.625301144803547,10250.843171179438,0.09700425681404135,0.8840855075679793,12.257630971019678,12.083855716782194,57948332.78735148,0,179219935.00327837,446058.77715008333,4065339.2182127396,52899070.54138823,4474677871.378089
102,2024-06-01,12.601963038471473,0,40.5159381561367,163.9445783069289,0.45249489549576055,29.503377069907543,13.625301144803547,10250.843171179438,0.09700425681404135,0.8840855075679793,12.257630971019678,12.083855716782194,57948332.78735148,0,179219935.00327837,446058.77715008333,4065339.2182127396,52899070.54138823,4474677871.378089
103,2024-06-01,12.601963038471473,0,40.5159381561367,163.9445783069289,0.45249489549576055,29.503377069907543,13.625301144803547,10250.843171179438,0.09700425681404135,0.8840855075679793,12.257630971019678,12.083855716782194,57948332.78735148,0,179219935.00327837,446058.77715008333,4065339.2182127396,52899070.54138823,4474677871.377474
104,2024-06-01,12.601963038471473,0,40.5159381561367,163.9445783069289,0.45249489549576055,29.503377069907543,13.625301144803547,10250.843171179438,0.09700425681404135,0.8840855075679793,12.257630971019678,12.083855716782194,57948332.78735148,0,179219935.00327837,446058.77715008333,4065339.2182127396,52899070.54138823,4474677871.378089
105,2024-06-01,12.601963038471473,0,40.5159381561367,163.9445783069289,0.45249489549576055,29.503377069907543,13.625301144803547,10250.843171179438,0.09700425681404135,0.8840855075679793,12.257630971019678,12.083855716782194,57948332.78735148,0,179219935.00327837,446058.77715008333,4065339.2182127396,52899070.54138823,4474677871.378089
106,2024-06-01,12.601963038471473,0,40.5159381561367,163.9445783069289,0.45249489549576055,29.503377069907543,13.625301144803547,10250.843171179438,0.09700425681404135,0.8840855075679793,12.257630971019678,12.083855716782194,57948332.78735148,0,179219935.00327837,446058.77715008333,4065339.2182127396,52899070.54138823,4474677871.378089
107,2024-06-01,12.601963038471473,0,40.5159381561367,163.9445783069289,0.45249489549576055,29.503377069907543,13.625301144803547,10250.843171179438,0.09700425681404135,0.8840855075679793,12.257630971019678,12.083855716782194,57948332.78735148,0,179219935.00327837,446058.77715008333,4065339.2182127396,52899070.54138823,4474677871.378089
108,2024-06-01,12.601963038471473,0,40.5159381561367,163.9445783069289,0.45249489549576055,29.503377069907543,13.625301144803547,10250.843171179438,0.09700425681404135,0.8840855075679793,12.257630971019678,12.083855716782194,57948332.78735148,0,179219935.00327837,446058.77715008333,4065339.2182127396,52899070.54138823,4474677871.378089
109,2024-06-01,12.601963038471473,0,40.5159381561367,163.9445783069289,0.45249489549576055,29.503377069907543,13.625301144803547,10250.843171179438,0.09700425681404135,0.8840855075679793,12.257630971019678,12.083855716782194,57948332.78735148,0,179219935.00327837,446058.77715008333,4065339.2182127396,52899070.54138823,4474677871.378089
110,2024-06-01,12.601963038471473,0,40.5159381561367,163.9445783069289,0.45249489549576055,29.503377069907543,13.625301144803547,10250.843171179438,0.09700425681404135,0.8840855075679793,12.257630971019678,12.083855716782194,57948332.78735148,0,179219935.00327837,446058.77715008333,4065339.2182127396,52899070.54138823,4474677871.378089
111,2024-06-01,12.601963038471473,0,40.5159381561367,163.9445783069289,0.45249489549576055,29.503377069907543,13.625301144803547,10250.843171179438,0.09700425681404135,0.8840855075679793,12.257630971019678,12.083855716782194,57948332.78735148,0,179219935.00327837,446058.77715008333,4065339.2182127396,52899070.54138823,4474677871.378089
112,2024-06-01,12.601963038471473,0,40.5159381561367,163.9445783069289,0.45249489549576055,29.503377069907543,13.625301144803547,10250.843171179438,0.09700425681404135,0.8840855075679793,12.257630971019678,12.083855716782194,57948332.78735148,0,179219935.00327837,446058.77715008333,4065339.2182127396,52899070.54138823,4474677871.378089
113,2024-06-01,12.601963038471473,0,40.5159381561367,163.9445783069289,0.45249489549576055,29.503377069907543,13.625301144803547,10250.843171179438,0.09700425681404135,0.8840855075679793,12.257630971019678,12.083855716782194,57948332.78735148,0,179219935.00327837,446058.77715008333,4065339.2182127396,52899070.54138823,4474677871.378089
114,2024-06-01,12.601963038471473,0,40.5159381561367,163.9445783069289,0.45249489549576055,29.503377069907543,13.625301144803547,10250.843171179438,0.09700425681404135,0.8840855075679793,12.257630971019678,12.083855716782194,57948332.78735148,0,179219935.00327837,446058.77715008333,4065339.2182127396,52899070.54138823,4474677871.378089
115,2024-06-01,12.601963038471473,0,40.5159381561367,163.9445783069289,0.45249489549576055,29.503377069907543,13.625301144803547,10250.843171179438,0.09700425681404135,0.8840855075679793,12.257630971019678,12.083855716782194,57948332.78735148,0,179219935.00327837,446058.77715008333,4065339.2182127396,52899070.54138823,4474677871.378089
116,2024-06-01,12.601963038471473,0,40.5159381561367,163.9445783069289,0.45249489549576055,29.503377069907543,13.625301144803547,10250.843171179438,0.09700425681404135,0.8840855075679793,12.257630971019678,12.083855716782194,57948332.78735148,0,179219935.00327837,446058.77715008333,4065339.2182127396,52899070.54138823,4474677871.378089
117,2024-06-01,12.601963038471473,0,40.5159381561367,163.9445783069289,0.45249489549576055,29.503377069907543,13.625301144803547,10250.843171179438,0.09700425681404135,0.8840855075679793,12.257630971019678,12.083855716782194,57948332.78735148,0,179219935.00327837,446058.77715008333,4065339.2182127396,52899070.54138823,4474677871.378089
118,2024-06-01,12.601963038471473,0,40.5159381561367,163.9445783069289,0.45249489549576055,29.503377069907543,13.625301144803547,10250.843171179438,0.09700425681404135,0.8840855075679793,12.257630971019678,12.083855716782194,57948332.78735148,0,179219935.00327837,446058.77715008333,4065339.2182127396,52899070.54138823,4474677871.378089
119,2024-06-01,12.601963038471473,0,40.5159381561367,163.9445783069289,0.45249489549576055,29.503377069907543,13.625301144803547,10250.843171179438,0.09700425681404135,0.8840855075679793,12.257630971019678,12.083855716782194,57948332.78735148,0,179219935.00327837,446058.77715008333,4065339.2182127396,52899070.54138823,4474677871.378089
120,2024-07-01,5.1542238057298615,0,37.247699942737185,163.9445783069289,0.45249489549576055,29.503377069907543,13.625301144803547,10250.843171179438,0.004887491559227451,0.1231860799699457,9.65395497681154,8.933217793209668,23700575.927069716,0,164762809.98019606,22474.33887953359,566421.9363569134,41662490.66880297,4474677871.378089
121,2024-07-01,5.1542238057298615,0,37.247699942737185,163.9445783069289,0.45249489549576055,29.503377069907543,13.625301144803547,10250.843171179438,0.004887491559227451,0.1231860799699457,9.65395497681154,8.933217793209668,23700575.927069716,0,164762809.98019606,22474.33887953359,566421.9363569134,41662490.66880297,4474677871.378089
122,2024-07-01,5.1542238057298615,0,37.247699942737185,163.9445783069289,0.45249489549576055,29.503377069907543,13.625301144803547,10250.843171179438,0.004887491559227451,0.1231860799699457,9.65395497681154,8.933217793209668,23700575.927069716,0,164762809.98019606,22474.33887953359,566421.9363569134,41662490.66880297,4474677871.378089
123,2024-07-01,5.1542238057298615,0,37.247699942737185,163.9445783069289,0.45249489549576055,29.503377069907543,13.625301144803547,10250.843171179438,0.004887491559227451,0.1231860799699457,9.65395497681154,8.933217793209668,23700575.927069716,0,164762809.98019606,22474.33887953359,566421.9363569134,41662490.66880297,4474677871.378089
124,2024-07-01,5.1542238057298615,0,37.247699942737185,163.9445783069289,0.45249489549576055,29.503377069907543,13.625301144803547,10250.843171179438,0.004887491559227451,0.1231860799699457,9.65395497681154,8.933217793209668,23700575.927069716,0,164762809.98019606,22474.33887953359,566421.9363569134,41662490.66880297,4474677871.378089
125,2024-07-01,5.1542238057298615,0,37.247699942737185,163.9445783069289,0.45249489549576055,29.503377069907543,13.625301144803547,10250.843171179438,0.004887491559227451,0.1231860799699457,9.65395497681154,8.933217793209668,23700575.927069716,0,164762809.98019606,22474.33887953359,566421.9363569134,41662490.66880297,4474677871.378089
126,2024-07-01,5.1542238057298615,0,37.247699942737185,163.9445783069289,0.45249489549576055,29.503377069907543,13.625301144803547,10250.843171179438,0.004887491559227451,0.1231860799699457,9.65395497681154,8.933217793209668,23700575.927069716,0,164762809.98019606,22474.33887953359,566421.9363569134,41662490.66880297,4474677871.378089
127,2024-07-01,5.1542238057298615,0,37.247699942737185,163.9445783069289,0.45249489549576055,29.503377069907543,13.625301144803547,10250.843171179438,0.004887491559227451,0.1231860799699457,9.65395497681154,8.933217793209668,23700575.927069716,0,164762809.98019606,22474.33887953359,566421.9363569134,41662490.66880297,4474677871.378089
128,2024-07-01,5.1542238057298615,0,37.247699942737185,163.9445783069289,0.45249489549576055,29.503377069907543,13.625301144803547,10250.843171179438,0.004887491559227451,0.1231860799699457,9.65395497681154,8.933217793209668,23700575.927069716,0,164762809.98019606,22474.33887953359,566421.9363569134,41662490.66880297,4474677871.378089
129,2024-07-01,5.1542238057298615,0,37.247699942737185,163.9445783069289,0.45249489549576055,29.503377069907543,13.625301144803547,10250.843171179438,0.004887491559227451,0.1231860799699457,9.65395497681154,8.933217793209668,23700575.927069716,0,164762809.98019606,22474.33887953359,566421.9363569134,41662490.66880297,4474677871.378089
130,2024-07-01,5.1542238057298615,0,37.247699942737185,163.9445783069289,0.45249489549576055,29.503377069907543,13.625301144803547,10250.843171179438,0.004887491559227451,0.1231860799699457,9.65395497681154,8.933217793209668,23700575.927069716,0,164762809.98019606,22474.33887953359,566421.9363569134,41662490.66880297,4474677871.378089
131,2024-07-01,5.1542238057298615,0,37.247699942737185,163.9445783069289,0.45249489549576055,29.503377069907543,13.625301144803547,10250.843171179438,0.004887491559227451,0.1231860799699457,9.65395497681154,8.933217793209668,23700575.927069716,0,164762809.98019606,22474.33887953359,566421.9363569134,41662490.66880297,4474677871.378089
132,2024-07-01,5.1542238057298615,0,37.247699942737185,163.9445783069289,0.45249489549576055,29.503377069907543,13.625301144803547,10250.843171179438,0.004887491559227451,0.1231860799699457,9.65395497681154,8.933217793209668,23700575.927069716,0,164762809.98019606,22474.33887953359,566421.9363569134,41662490.66880297,4474677871.378089
133,2024-07-01,5.1542238057298615,0,37.247699942737185,163.9445783069289,0.45249489549576055,29.503377069907543,13.625301144803547,10250.843171179438,0.004887491559227451,0.1231860799699457,9.65395497681154,8.933217793209668,23700575.927069716,0,164762809.98019606,22474.33887953359,566421.9363569134,41662490.66880297,4474677871.377474
134,2024-07-01,5.1542238057298615,0,37.247699942737185,163.9445783069289,0.45249489549576055,29.503377069907543,13.625301144803547,10250.843171179438,0.004887491559227451,0.1231860799699457,9.65395497681154,8.933217793209668,23700575.927069716,0,164762809.98019606,22474.33887953359,566421.9363569134,41662490.66880297,4474677871.378089
135,2024-07-01,5.1542238057298615,0,37.247699942737185,163.9445783069289,0.45249489549576055,29.503377069907543,13.625301144803547,10250.843171179438,0.004887491559227451,0.1231860799699457,9.65395497681154,8.933217793209668,23700575.927069716,0,164762809.98019606,22474.33887953359,566421.9363569134,41662490.66880297,4474677871.378089
136,2024-07-01,5.1542238057298615,0,37.247699942737185,163.9445783069289,0.45249489549576055,29.503377069907543,13.625301144803547,10250.843171179438,0.004887491559227451,0.1231860799699457,9.65395497681154,8.933217793209668,23700575.927069716,0,164762809.98019606,22474.33887953359,566421.9363569134,41662490.66880297,4474677871.378089
137,2024-07-01,5.1542238057298615,0,37.247699942737185,163.9445783069289,0.45249489549576055,29.503377069907543,13.625301144803547,10250.843171179438,0.004887491559227451,0.1231860799699457,9.65395497681154,8.933217793209668,23700575.927069716,0,164762809.98019606,22474.33887953359,566421.9363569134,41662490.66880297,4474677871.378089
138,2024-07-01,5.1542238057298615,0,37.247699942737185,163.9445783069289,0.45249489549576055,29.503377069907543,13.625301144803547,10250.843171179438,0.004887491559227451,0.1231860799699457,9.65395497681154,8.933217793209668,23700575.927069716,0,164762809.98019606,22474.33887953359,566421.9363569134,41662490.66880297,4474677871.378089
139,2024-07-01,5.1542238057298615,0,37.247699942737185,163.9445783069289,0.45249489549576055,29.503377069907543,13.625301144803547,10250.843171179438,0.004887491559227451,0.1231860799699457,9.65395497681154,8.933217793209668,23700575.927069716,0,164762809.98019606,22474.33887953359,566421.9363569134,41662490.66880297,4474677871.378089
140,2024-08-01,48.19637782339875,0,30.963447222752457,163.9445783069289,0.45249489549576055,29.503377069907543,13.625301144803547,10250.843171179438,0.9975439784795109,8.586178710271408,25.380084647859494,39.02736511040137,221622148.04672223,0,136964254.22163925,4586993.599361997,39481798.73815332,109531776.77722345,4474677871.378089
141,2024-08-01,48.19637782339875,0,30.963447222752457,163.9445783069289,0.45249489549576055,29.503377069907543,13.625301144803547,10250.843171179438,0.9975439784795109,8.586178710271408,25.380084647859494,39.02736511040137,221622148.04672223,0,136964254.22163925,4586993.599361997,39481798.73815332,109531776.77722345,4474677871.378089
142,2024-08-01,48.19637782339875,0,30.963447222752457,163.9445783069289,0.45249489549576055,29.503377069907543,13.625301144803547,10250.843171179438,0.9975439784795109,8.586178710271408,25.380084647859494,39.02736511040137,221622148.04672223,0,136964254.22163925,4586993.599361997,39481798.73815332,109531776.77722345,4474677871.378089
143,2024-08-01,48.19637782339875,0,30.963447222752457,163.9445783069289,0.45249489549576055,29.503377069907543,13.625301144803547,10250.843171179438,0.9975439784795109,8.586178710271408,25.380084647859494,39.02736511040137,221622148.04672223,0,136964254.22163925,4586993.599361997,39481798.73815332,109531776.77722345,4474677871.378089
144,2024-08-01,48.19637782339875,0,30.963447222752457,163.9445783069289,0.45249489549576055,29.503377069907543,13.625301144803547,10250.843171179438,0.9975439784795109,8.586178710271408,25.380084647859494,39.02736511040137,221622148.04672223,0,136964254.22163925,4586993.599361997,39481798.73815332,109531776.77722345,4474677871.378089
145,2024-08-01,48.19637782339875,0,30.963447222752457,163.9445783069289,0.45249489549576055,29.503377069907543,13.625301144803547,10250.843171179438,0.9975439784795109,8.586178710271408,25.380084647859494,39.02736511040137,221622148.04672223,0,136964254.22163925,4586993.599361997,39481798.73815332,109531776.77722345,4474677871.377474
146,2024-08-01,48.19637782339875,0,30.963447222752457,163.9445783069289,0.45249489549576055,29.503377069907543,13.625301144803547,10250.843171179438,0.9975439784795109,8.586178710271408,25.380084647859494,39.02736511040137,221622148.04672223,0,136964254.22163925,4586993.599361997,39481798.73815332,109531776.77722345,4474677871.378089
147,2024-08-01,48.19637782339875,0,30.963447222752457,163.9445783069289,0.45249489549576055,29.503377069907543,13.625301144803547,10250.843171179438,0.9975439784795109,8.586178710271408,25.380084647859494,39.02736511040137,221622148.04672223,0,136964254.22163925,4586993.599361997,39481798.73815332,109531776.77722345,4474677871.378089
148,2024-08-01,48.19637782339875,0,30.963447222752457,163.9445783069289,0.45249489549576055,29.503377069907543,13.625301144803547,10250.843171179438,0.9975439784795109,8.586178710271408,25.380084647859494,39.02736511040137,221622148.04672223,0,136964254.22163925,4586993.599361997,39481798.73815332,109531776.77722345,4474677871.378089
149,2024-08-01,48.19637782339875,0,30.963447222752457,163.9445783069289,0.45249489549576055,29.503377069907543,13.625301144803547,10250.843171179438,0.9975439784795109,8.586178710271408,25.380084647859494,39.02736511040137,221622148.04672223,0,136964254.22163925,4586993.599361997,39481798.73815332,109531776.77722345,4474677871.378089
150,2024-08-01,48.19637782339875,0,30.963447222752457,163.9445783069289,0.45249489549576055,29.503377069907543,13.625301144803547,10250.843171179438,0.9975439784795109,8.586178710271408,25.380084647859494,39.02736511040137,221622148.04672223,0,136964254.22163925,4586993.599361997,39481798.73815332,109531776.77722345,4474677871.378089
151,2024-08-01,48.19637782339875,0,30.963447222752457,163.9445783069289,0.45249489549576055,29.503377069907543,13.625301144803547,10250.843171179438,0.9975439784795109,8.586178710271408,25.380084647859494,39.02736511040137,221622148.04672223,0,136964254.22163925,4586993.599361997,39481798.73815332,109531776.77722345,4474677871.378089
152,2024-08-01,48.19637782339875,0,30.963447222752457,163.9445783069289,0.45249489549576055,29.503377069907543,13.625301144803547,10250.843171179438,0.9975439784795109,8.586178710271408,25.380084647859494,39.02736511040137,221622148.04672223,0,136964254.22163925,4586993.599361997,39481798.73815332,109531776.77722345,4474677871.378089
153,2024-08-01,48.19637782339875,0,30.963447222752457,163.9445783069289,0.45249489549576055,29.503377069907543,13.625301144803547,10250.843171179438,0.9975439784795109,8.586178710271408,25.380084647859494,39.02736511040137,221622148.04672223,0,136964254.22163925,4586993.599361997,39481798.73815332,109531776.77722345,4474677871.378089
154,2024-08-01,48.19637782339875,0,30.963447222752457,163.9445783069289,0.45249489549576055,29.503377069907543,13.625301144803547,10250.843171179438,0.9975439784795109,8.586178710271408,25.380084647859494,39.02736511040137,221622148.04672223,0,136964254.22163925,4586993.599361997,39481798.73815332,109531776.77722345,4474677871.378089
155,2024-08-01,48.19637782339875,0,30.963447222752457,163.9445783069289,0.45249489549576055,29.503377069907543,13.625301144803547,10250.843171179438,0.9975439784795109,8.586178710271408,25.380084647859494,39.02736511040137,221622148.04672223,0,136964254.22163925,4586993.599361997,39481798.73815332,109531776.77722345,4474677871.378089
156,2024-08-01,48.19637782339875,0,30.963447222752457,163.9445783069289,0.45249489549576055,29.503377069907543,13.625301144803547,10250.843171179438,0.9975439784795109,8.586178710271408,25.380084647859494,39.02736511040137,221622148.04672223,0,136964254.22163925,4586993.599361997,39481798.73815332,109531776.77722345,4474677871.378089
157,2024-08-01,48.19637782339875,0,30.963447222752457,163.9445783069289,0.45249489549576055,29.503377069907543,13.625301144803547,10250.843171179438,0.9975439784795109,8.586178710271408,25.380084647859494,39.02736511040137,221622148.04672223,0,136964254.22163925,4586993.599361997,39481798.73815332,109531776.77722345,4474677871.378089
158,2024-08-01,48.19637782339875,0,30.963447222752457,163.9445783069289,0.45249489549576055,29.503377069907543,13.625301144803547,10250.843171179438,0.9975439784795109,8.586178710271408,25.380084647859494,39.02736511040137,221622148.04672223,0,136964254.22163925,4586993.599361997,39481798.73815332,109531776.77722345,4474677871.378089
159,2024-08-01,48.19637782339875,0,30.963447222752457,163.9445783069289,0.45249489549576055,29.503377069907543,13.625301144803547,10250.843171179438,0.9975439784795109,8.586178710271408,25.380084647859494,39.02736511040137,221622148.04672223,0,136964254.22163925,4586993.599361997,39481798.73815332,109531776.77722345,4474677871.378089
160,2024-09-01,2.0536281482374794,0,26.756174842527226,163.9445783069289,0.45249489549576055,29.503377069907543,13.625301144803547,10250.843171179438,0.0,0.7694484479330349,14.442698600525592,16.098954465774373,9443271.019862978,0,118354202.22098817,0.0,3538136.005620725,62329267.859953076,4474677871.378089
161,2024-09-01,2.0536281482374794,0,26.756174842527226,163.9445783069289,0.45249489549576055,29.503377069907543,13.625301144803547,10250.843171179438,0.0,0.7694484479330349,14.442698600525592,16.098954465774373,9443271.019862978,0,118354202.22098817,0.0,3538136.005620725,62329267.859953076,4474677871.378089
162,2024-09-01,2.0536281482374794,0,26.756174842527226,163.9445783069289,0.45249489549576055,29.503377069907543,13.625301144803547,10250.843171179438,0.0,0.7694484479330349,14.442698600525592,16.098954465774373,9443271.019862978,0,118354202.22098817,0.0,3538136.005620725,62329267.859953076,4474677871.378089
163,2024-09-01,2.0536281482374794,0,26.756174842527226,163.9445783069289,0.45249489549576055,29.503377069907543,13.625301144803547,10250.843171179438,0.0,0.7694484479330349,14.442698600525592,16.098954465774373,9443271.019862978,0,118354202.22098817,0.0,3538136.005620725,62329267.859953076,4474677871.378089
164,2024-09-01,2.0536281482374794,0,26.756174842527226,163.9445783069289,0.45249489549576055,29.503377069907543,13.625301144803547,10250.843171179438,0.0,0.7694484479330349,14.442698600525592,16.098954465774373,9443271.019862978,0,118354202.22098817,0.0,3538136.005620725,62329267.859953076,4474677871.378089
165,2024-09-01,2.0536281482374794,0,26.756174842527226,163.9445783069289,0.45249489549576055,29.503377069907543,13.625301144803547,10250.843171179438,0.0,0.7694484479330349,14.442698600525592,16.098954465774373,9443271.019862978,0,118354202.22098817,0.0,3538136.005620725,62329267.859953076,4474677871.377474
166,2024-09-01,2.0536281482374794,0,26.756174842527226,163.9445783069289,0.45249489549576055,29.503377069907543,13.625301144803547,10250.843171179438,0.0,0.7694484479330349,14.442698600525592,16.098954465774373,9443271.019862978,0,118354202.22098817,0.0,3538136.005620725,62329267.859953076,4474677871.378089
167,2024-09-01,2.0536281482374794,0,26.756174842527226,163.9445783069289,0.45249489549576055,29.503377069907543,13.625301144803547,10250.843171179438,0.0,0.7694484479330349,14.442698600525592,16.098954465774373,9443271.019862978,0,118354202.22098817,0.0,3538136.005620725,62329267.859953076,4474677871.378089
168,2024-09-01,2.0536281482374794,0,26.756174842527226,163.9445783069289,0.45249489549576055,29.503377069907543,13.625301144803547,10250.843171179438,0.0,0.7694484479330349,14.442698600525592,16.098954465774373,9443271.019862978,0,118354202.22098817,0.0,3538136.005620725,62329267.859953076,4474677871.378089
169,2024-09-01,2.0536281482374794,0,26.756174842527226,163.9445783069289,0.45249489549576055,29.503377069907543,13.625301144803547,10250.843171179438,0.0,0.7694484479330349,14.442698600525592,16.098954465774373,9443271.019862978,0,118354202.22098817,0.0,3538136.005620725,62329267.859953076,4474677871.378089
170,2024-09-01,2.0536281482374794,0,26.756174842527226,163.9445783069289,0.45249489549576055,29.503377069907543,13.625301144803547,10250.843171179438,0.0,0.7694484479330349,14.442698600525592,16.098954465774373,9443271.019862978,0,118354202.22098817,0.0,3538136.005620725,62329267.859953076,4474677871.378089
171,2024-09-01,2.0536281482374794,0,26.756174842527226,163.9445783069289,0.45249489549576055,29.503377069907543,13.625301144803547,10250.843171179438,0.0,0.7694484479330349,14.442698600525592,16.098954465774373,9443271.019862978,0,118354202.22098817,0.0,3538136.005620725,62329267.859953076,4474677871.378089
172,2024-09-01,2.0536281482374794,0,26.756174842527226,163.9445783069289,0.45249489549576055,29.503377069907543,13.625301144803547,10250.843171179438,0.0,0.7694484479330349,14.442698600525592,16.098954465774373,9443271.019862978,0,118354202.22098817,0.0,3538136.005620725,62329267.859953076,4474677871.378089
173,2024-09-01,2.0536281482374794,0,26.756174842527226,163.9445783069289,0.45249489549576055,29.503377069907543,13.625301144803547,10250.843171179438,0.0,0.7694484479330349,14.442698600525592,16.098954465774373,9443271.019862978,0,118354202.22098817,0.0,3538136.005620725,62329267.859953076,4474677871.378089
174,2024-09-01,2.0536281482374794,0,26.756174842527226,163.9445783069289,0.45249489549576055,29.503377069907543,13.625301144803547,10250.843171179438,0.0,0.7694484479330349,14.442698600525592,16.098954465774373,9443271.019862978,0,118354202.22098817,0.0,3538136.005620725,62329267.859953076,4474677871.378089
175,2024-09-01,2.0536281482374794,0,26.756174842527226,163.9445783069289,0.45249489549576055,29.503377069907543,13.625301144803547,10250.843171179438,0.0,0.7694484479330349,14.442698600525592,16.098954465774373,9443271.019862978,0,118354202.22098817,0.0,3538136.005620725,62329267.859953076,4474677871.378089
176,2024-09-01,2.0536281482374794,0,26.756174842527226,163.9445783069289,0.45249489549576055,29.503377069907543,13.625301144803547,10250.843171179438,0.0,0.7694484479330349,14.442698600525592,16.098954465774373,9443271.019862978,0,118354202.22098817,0.0,3538136.005620725,62329267.859953076,4474677871.378089
177,2024-09-01,2.0536281482374794,0,26.756174842527226,163.9445783069289,0.45249489549576055,29.503377069907543,13.625301144803547,10250.843171179438,0.0,0.7694484479330349,14.442698600525592,16.098954465774373,9443271.019862978,0,118354202.22098817,0.0,3538136.005620725,62329267.859953076,4474677871.378089
178,2024-09-01,2.0536281482374794,0,26.756174842527226,163.9445783069289,0.45249489549576055,29.503377069907543,13.625301144803547,10250.843171179438,0.0,0.7694484479330349,14.442698600525592,16.098954465774373,9443271.019862978,0,118354202.22098817,0.0,3538136.005620725,62329267.859953076,4474677871.378089
179,2024-09-01,2.0536281482374794,0,26.756174842527226,163.9445783069289,0.45249489549576055,29.503377069907543,13.625301144803547,10250.843171179438,0.0,0.7694484479330349,14.442698600525592,16.098954465774373,9443271.019862978,0,118354202.22098817,0.0,3538136.005620725,62329267.859953076,4474677871.378089
180,2024-10-01,19.662306900814556,0,18.002767703760266,163.9445783069289,0.45249489549576055,29.503377069907543,13.625301144803547,10250.843171179438,0.19027524820866698,3.086398517396364,17.33875840430918,21.961004380826072,90414283.4037139,0,79633890.54188234,874926.8675033082,14192345.841285128,74827964.21693732,4474677871.378089
181,2024-10-01,19.662306900814556,0,18.002767703760266,163.9445783069289,0.45249489549576055,29.503377069907543,13.625301144803547,10250.843171179438,0.19027524820866698,3.086398517396364,17.33875840430918,21.961004380826072,90414283.4037139,0,79633890.54188234,874926.8675033082,14192345.841285128,74827964.21693732,4474677871.378089
182,2024-10-01,19.662306900814556,0,18.002767703760266,163.9445783069289,0.45249489549576055,29.503377069907543,13.625301144803547,10250.843171179438,0.19027524820866698,3.086398517396364,17.33875840430918,21.961004380826072,90414283.4037139,0,79633890.54188234,874926.8675033082,14192345.841285128,74827964.21693732,4474677871.378089
183,2024-10-01,19.662306900814556,0,18.002767703760266,163.9445783069289,0.45249489549576055,29.503377069907543,13.625301144803547,10250.843171179438,0.19027524820866698,3.086398517396364,17.33875840430918,21.961004380826072,90414283.4037139,0,79633890.54188234,874926.8675033082,14192345.841285128,74827964.21693732,4474677871.378089
184,2024-10-01,19.662306900814556,0,18.002767703760266,163.9445783069289,0.45249489549576055,29.503377069907543,13.625301144803547,10250.843171179438,0.19027524820866698,3.086398517396364,17.33875840430918,21.961004380826072,90414283.4037139,0,79633890.54188234,874926.8675033082,14192345.841285128,74827964.21693732,4474677871.378089
185,2024-10-01,19.662306900814556,0,18.002767703760266,163.9445783069289,0.45249489549576055,29.503377069907543,13.625301144803547,10250.843171179438,0.19027524820866698,3.086398517396364,17.33875840430918,21.961004380826072,90414283.4037139,0,79633890.54188234,874926.8675033082,14192345.841285128,74827964.21693732,4474677871.378089
186,2024-10-01,19.662306900814556,0,18.002767703760266,163.9445783069289,0.45249489549576055,29.503377069907543,13.625301144803547,10250.843171179438,0.19027524820866698,3.086398517396364,17.33875840430918,21.961004380826072,90414283.4037139,0,79633890.54188234,874926.8675033082,14192345.841285128,74827964.21693732,4474677871.378089
187,2024-10-01,19.662306900814556,0,18.002767703760266,163.9445783069289,0.45249489549576055,29.503377069907543,13.625301144803547,10250.843171179438,0.19027524820866698,3.086398517396364,17.33875840430918,21.961004380826072,90414283.4037139,0,79633890.54188234,874926.8675033082,14192345.841285128,74827964.21693732,4474677871.378089
188,2024-10-01,19.662306900814556,0,18.002767703760266,163.9445783069289,0.45249489549576055,29.503377069907543,13.625301144803547,10250.843171179438,0.19027524820866698,3.086398517396364,17.33875840430918,21.961004380826072,90414283.4037139,0,79633890.54188234,874926.8675033082,14192345.841285128,74827964.21693732,4474677871.378089
189,2024-10-01,19.662306900814556,0,18.002767703760266,163.9445783069289,0.45249489549576055,29.503377069907543,13.625301144803547,10250.843171179438,0.19027524820866698,3.086398517396364,17.33875840430918,21.961004380826072,90414283.4037139,0,79633890.54188234,874926.8675033082,14192345.841285128,74827964.21693732,4474677871.378089
190,2024-10-01,19.662306900814556,0,18.002767703760266,163.9445783069289,0.45249489549576055,29.503377069907543,13.625301144803547,10250.843171179438,0.19027524820866698,3.086398517396364,17.33875840430918,21.961004380826072,90414283.4037139,0,79633890.54188234,874926.8675033082,14192345.841285128,74827964.21693732,4474677871.378089
191,2024-10-01,19.662306900814556,0,18.002767703760266,163.9445783069289,0.45249489549576055,29.503377069907543,13.625301144803547,10250.843171179438,0.19027524820866698,3.086398517396364,17.33875840430918,21.961004380826072,90414283.4037139,0,79633890.54188234,874926.8675033082,14192345.841285128,74827964.21693732,4474677871.378089
192,2024-10-01,19.662306900814556,0,18.002767703760266,163.9445783069289,0.45249489549576055,29.503377069907543,13.625301144803547,10250.843171179438,0.19027524820866698,3.086398517396364,17.33875840430918,21.961004380826072,90414283.4037139,0,79633890.54188234,874926.8675033082,14192345.841285128,74827964.21693732,4474677871.378089
193,2024-10-01,19.662306900814556,0,18.002767703760266,163.9445783069289,0.45249489549576055,29.503377069907543,13.625301144803547,10250.843171179438,0.19027524820866698,3.086398517396364,17.33875840430918,21.961004380826072,90414283.4037139,0,79633890.54188234,874926.8675033082,14192345.841285128,74827964.21693732,4474677871.378089
194,2024-10-01,19.662306900814556,0,18.002767703760266,163.9445783069289,0.45249489549576055,29.503377069907543,13.625301144803547,10250.843171179438,0.19027524820866698,3.086398517396364,17.33875840430918,21.961004380826072,90414283.4037139,0,79633890.54188234,874926.8675033082,14192345.841285128,74827964.21693732,4474677871.377474
195,2024-10-01,19.662306900814556,0,18.002767703760266,163.9445783069289,0.45249489549576055,29.503377069907543,13.625301144803547,10250.843171179438,0.19027524820866698,3.086398517396364,17.33875840430918,21.961004380826072,90414283.4037139,0,79633890.54188234,874926.8675033082,14192345.841285128,74827964.21693732,4474677871.378089
196,2024-10-01,19.662306900814556,0,18.002767703760266,163.9445783069289,0.45249489549576055,29.503377069907543,13.625301144803547,10250.843171179438,0.19027524820866698,3.086398517396364,17.33875840430918,21.961004380826072,90414283.4037139,0,79633890.54188234,874926.8675033082,14192345.841285128,74827964.21693732,4474677871.378089
197,2024-10-01,19.662306900814556,0,18.002767703760266,163.9445783069289,0.45249489549576055,29.503377069907543,13.625301144803547,10250.843171179438,0.19027524820866698,3.086398517396364,17.33875840430918,21.961004380826072,90414283.4037139,0,79633890.54188234,874926.8675033082,14192345.841285128,74827964.21693732,4474677871.378089
198,2024-10-01,19.662306900814556,0,18.002767703760266,163.9445783069289,0.45249489549576055,29.503377069907543,13.625301144803547,10250.843171179438,0.19027524820866698,3.086398517396364,17.33875840430918,21.961004380826072,90414283.4037139,0,79633890.54188234,874926.8675033082,14192345.841285128,74827964.21693732,4474677871.378089
199,2024-10-01,19.662306900814556,0,18.002767703760266,163.9445783069289,0.45249489549576055,29.503377069907543,13.625301144803547,10250.843171179438,0.19027524820866698,3.086398517396364,17.33875840430918,21.961004380826072,90414283.4037139,0,79633890.54188234,874926.8675033082,14192345.841285128,74827964.21693732,4474677871.378089
200,2024-11-01,6.941020118352651,0,11.427314372971948,163.9445783069289,0.45249489549576055,29.503377069907543,13.625301144803547,10250.843171179438,0.05015976691046155,0.8009721028280377,16.128624121501947,18.98952469037599,31917097.575323023,0,50547775.569490165,230641.72490343888,3683115.0780909215,69605347.5267631,4474677871.378089
201,2024-11-01,6.941020118352651,0,11.427314372971948,163.9445783069289,0.45249489549576055,29.503377069907543,13.625301144803547,10250.843171179438,0.05015976691046155,0.8009721028280377,16.128624121501947,18.98952469037599,31917097.575323023,0,50547775.569490165,230641.72490343888,3683115.0780909215,69605347.5267631,4474677871.378089
202,2024-11-01,6.941020118352651,0,11.427314372971948,163.9445783069289,0.45249489549576055,29.503377069907543,13.625301144803547,10250.843171179438,0.05015976691046155,0.8009721028280377,16.128624121501947,18.98952469037599,31917097.575323023,0,50547775.569490165,230641.72490343888,3683115.0780909215,69605347.5267631,4474677871.378089
203,2024-11-01,6.941020118352651,0,11.427314372971948,163.9445783069289,0.45249489549576055,29.503377069907543,13.625301144803547,10250.843171179438,0.05015976691046155,0.8009721028280377,16.128624121501947,18.98952469037599,31917097.575323023,0,50547775.569490165,230641.72490343888,3683115.0780909215,69605347.5267631,4474677871.378089
204,2024-11-01,6.941020118352651,0,11.427314372971948,163.9445783069289,0.45249489549576055,29.503377069907543,13.625301144803547,10250.843171179438,0.05015976691046155,0.8009721028280377,16.128624121501947,18.98952469037599,31917097.575323023,0,50547775.569490165,230641.72490343888,3683115.0780909215,69605347.5267631,4474677871.378089
205,2024-11-01,6.941020118352651,0,11.427314372971948,163.9445783069289,0.45249489549576055,29.503377069907543,13.625301144803547,10250.843171179438,0.05015976691046155,0.8009721028280377,16.128624121501947,18.98952469037599,31917097.575323023,0,50547775.569490165,230641.72490343888,3683115.0780909215,69605347.5267631,4474677871.378089
206,2024-11-01,6.941020118352651,0,11.427314372971948,163.9445783069289,0.45249489549576055,29.503377069907543,13.625301144803547,10250.843171179438,0.05015976691046155,0.8009721028280377,16.128624121501947,18.98952469037599,31917097.575323023,0,50547775.569490165,230641.72490343888,3683115.0780909215,69605347.5267631,4474677871.378089
207,2024-11-01,6.941020118352651,0,11.427314372971948,163.9445783069289,0.45249489549576055,29.503377069907543,13.625301144803547,10250.843171179438,0.05015976691046155,0.8009721028280377,16.128624121501947,18.98952469037599,31917097.575323023,0,50547775.569490165,230641.72490343888,3683115.0780909215,69605347.5267631,4474677871.378089
208,2024-11-01,6.941020118352651,0,11.427314372971948,163.9445783069289,0.45249489549576055,29.503377069907543,13.625301144803547,10250.843171179438,0.05015976691046155,0.8009721028280377,16.128624121501947,18.98952469037599,31917097.575323023,0,50547775.569490165,230641.72490343888,3683115.0780909215,69605347.5267631,4474677871.378089
209,2024-11-01,6.941020118352651,0,11.427314372971948,163.9445783069289,0.45249489549576055,29.503377069907543,13.625301144803547,10250.843171179438,0.05015976691046155,0.8009721028280377,16.128624121501947,18.98952469037599,31917097.575323023,0,50547775.569490165,230641.72490343888,3683115.0780909215,69605347.5267631,4474677871.378089
210,2024-11-01,6.941020118352651,0,11.427314372971948,163.9445783069289,0.45249489549576055,29.503377069907543,13.625301144803547,10250.843171179438,0.05015976691046155,0.8009721028280377,16.128624121501947,18.98952469037599,31917097.575323023,0,50547775.569490165,230641.72490343888,3683115.0780909215,69605347.5267631,4474677871.378089
211,2024-11-01,6.941020118352651,0,11.427314372971948,163.9445783069289,0.45249489549576055,29.503377069907543,13.625301144803547,10250.843171179438,0.05015976691046155,0.8009721028280377,16.128624121501947,18.98952469037599,31917097.575323023,0,50547775.569490165,230641.72490343888,3683115.0780909215,69605347.5267631,4474677871.378089
212,2024-11-01,6.941020118352651,0,11.427314372971948,163.9445783069289,0.45249489549576055,29.503377069907543,13.625301144803547,10250.843171179438,0.05015976691046155,0.8009721028280377,16.128624121501947,18.98952469037599,31917097.575323023,0,50547775.569490165,230641.72490343888,3683115.0780909215,69605347.5267631,4474677871.378089
213,2024-11-01,6.941020118352651,0,11.427314372971948,163.9445783069289,0.45249489549576055,29.503377069907543,13.625301144803547,10250.843171179438,0.05015976691046155,0.8009721028280377,16.128624121501947,18.98952469037599,31917097.575323023,0,50547775.569490165,230641.72490343888,3683115.0780909215,69605347.5267631,4474677871.378089
214,2024-11-01,6.941020118352651,0,11.427314372971948,163.9445783069289,0.45249489549576055,29.503377069907543,13.625301144803547,10250.843171179438,0.05015976691046155,0.8009721028280377,16.128624121501947,18.98952469037599,31917097.575323023,0,50547775.569490165,230641.72490343888,3683115.0780909215,69605347.5267631,4474677871.378089
215,2024-11-01,6.941020118352651,0,11.427314372971948,163.9445783069289,0.45249489549576055,29.503377069907543,13.625301144803547,10250.843171179438,0.05015976691046155,0.8009721028280377,16.128624121501947,18.98952469037599,31917097.575323023,0,50547775.569490165,230641.72490343888,3683115.0780909215,69605347.5267631,4474677871.378089
216,2024-11-01,6.941020118352651,0,11.427314372971948,163.9445783069289,0.45249489549576055,29.503377069907543,13.625301144803547,10250.843171179438,0.05015976691046155,0.8009721028280377,16.128624121501947,18.98952469037599,31917097.575323023,0,50547775.569490165,230641.72490343888,3683115.0780909215,69605347.5267631,4474677871.377474
217,2024-11-01,6.941020118352651,0,11.427314372971948,163.9445783069289,0.45249489549576055,29.503377069907543,13.625301144803547,10250.843171179438,0.05015976691046155,0.8009721028280377,16.128624121501947,18.98952469037599,31917097.575323023,0,50547775.569490165,230641.72490343888,3683115.0780909215,69605347.5267631,4474677871.378089
218,2024-11-01,6.941020118352651,0,11.427314372971948,163.9445783069289,0.45249489549576055,29.503377069907543,13.625301144803547,10250.843171179438,0.05015976691046155,0.8009721028280377,16.128624121501947,18.98952469037599,31917097.575323023,0,50547775.569490165,230641.72490343888,3683115.0780909215,69605347.5267631,4474677871.378089
219,2024-11-01,6.941020118352651,0,11.427314372971948,163.9445783069289,0.45249489549576055,29.503377069907543,13.625301144803547,10250.843171179438,0.05015976691046155,0.8009721028280377,16.128624121501947,18.98952469037599,31917097.575323023,0,50547775.569490165,230641.72490343888,3683115.0780909215,69605347.5267631,4474677871.378089
220,2024-12-01,0.3421795771493221,0,9.403779347203667,163.9445783069289,0.45249489549576055,29.503377069907543,13.625301144803547,10250.843171179438,0.0,0.051729006851056886,12.979065057218614,13.00244172889922,1573436.5864156059,0,41596716.86071373,0.0,237857.84406935947,56012787.57266334,4474677871.377474
221,2024-12-01,0.3421795771493221,0,9.403779347203667,163.9445783069289,0.45249489549576055,29.503377069907543,13.625301144803547,10250.843171179438,0.0,0.051729006851056886,12.979065057218614,13.00244172889922,1573436.5864156059,0,41596716.86071373,0.0,237857.84406935947,56012787.57266334,4474677871.378089
222,2024-12-01,0.3421795771493221,0,9.403779347203667,163.9445783069289,0.45249489549576055,29.503377069907543,13.625301144803547,10250.843171179438,0.0,0.051729006851056886,12.979065057218614,13.00244172889922,1573436.5864156059,0,41596716.86071373,0.0,237857.84406935947,56012787.57266334,4474677871.378089
223,2024-12-01,0.3421795771493221,0,9.403779347203667,163.9445783069289,0.45249489549576055,29.503377069907543,13.625301144803547,10250.843171179438,0.0,0.051729006851056886,12.979065057218614,13.00244172889922,1573436.5864156059,0,41596716.86071373,0.0,237857.84406935947,56012787.57266334,4474677871.378089
224,2024-12-01,0.3421795771493221,0,9.403779347203667,163.9445783069289,0.45249489549576055,29.503377069907543,13.625301144803547,10250.843171179438,0.0,0.051729006851056886,12.979065057218614,13.00244172889922,1573436.5864156059,0,41596716.86071373,0.0,237857.84406935947,56012787.57266334,4474677871.378089
225,2024-12-01,0.3421795771493221,0,9.403779347203667,163.9445783069289,0.45249489549576055,29.503377069907543,13.625301144803547,10250.843171179438,0.0,0.051729006851056886,12.979065057218614,13.00244172889922,1573436.5864156059,0,41596716.86071373,0.0,237857.84406935947,56012787.57266334,4474677871.378089
226,2024-12-01,0.3421795771493221,0,9.403779347203667,163.9445783069289,0.45249489549576055,29.503377069907543,13.625301144803547,10250.843171179438,0.0,0.051729006851056886,12.979065057218614,13.00244172889922,1573436.5864156059,0,41596716.86071373,0.0,237857.84406935947,56012787.57266334,4474677871.378089
227,2024-12-01,0.3421795771493221,0,9.403779347203667,163.9445783069289,0.45249489549576055,29.503377069907543,13.625301144803547,10250.843171179438,0.0,0.051729006851056886,12.979065057218614,13.00244172889922,1573436.5864156059,0,41596716.86071373,0.0,237857.84406935947,56012787.57266334,4474677871.378089
228,2024-12-01,0.3421795771493221,0,9.403779347203667,163.9445783069289,0.45249489549576055,29.503377069907543,13.625301144803547,10250.843171179438,0.0,0.051729006851056886,12.979065057218614,13.00244172889922,1573436.5864156059,0,41596716.86071373,0.0,237857.84406935947,56012787.57266334,4474677871.378089
229,2024-12-01,0.3421795771493221,0,9.403779347203667,163.9445783069289,0.45249489549576055,29.503377069907543,13.625301144803547,10250.843171179438,0.0,0.051729006851056886,12.979065057218614,13.00244172889922,1573436.5864156059,0,41596716.86071373,0.0,237857.84406935947,56012787.57266334,4474677871.378089
230,2024-12-01,0.3421795771493221,0,9.403779347203667,163.9445783069289,0.45249489549576055,29.503377069907543,13.625301144803547,10250.843171179438,0.0,0.051729006851056886,12.979065057218614,13.00244172889922,1573436.5864156059,0,41596716.86071373,0.0,237857.84406935947,56012787.57266334,4474677871.378089
231,2024-12-01,0.3421795771493221,0,9.403779347203667,163.9445783069289,0.45249489549576055,29.503377069907543,13.625301144803547,10250.843171179438,0.0,0.051729006851056886,12.979065057218614,13.00244172889922,1573436.5864156059,0,41596716.86071373,0.0,237857.84406935947,56012787.57266334,4474677871.378089
232,2024-12-01,0.3421795771493221,0,9.403779347203667,163.9445783069289,0.45249489549576055,29.503377069907543,13.625301144803547,10250.843171179438,0.0,0.051729006851056886,12.979065057218614,13.00244172889922,1573436.5864156059,0,41596716.86071373,0.0,237857.84406935947,56012787.57266334,4474677871.378089
233,2024-12-01,0.3421795771493221,0,9.403779347203667,163.9445783069289,0.45249489549576055,29.503377069907543,13.625301144803547,10250.843171179438,0.0,0.051729006851056886,12.979065057218614,13.00244172889922,1573436.5864156059,0,41596716.86071373,0.0,237857.84406935947,56012787.57266334,4474677871.378089
234,2024-12-01,0.3421795771493221,0,9.403779347203667,163.9445783069289,0.45249489549576055,29.503377069907543,13.625301144803547,10250.843171179438,0.0,0.051729006851056886,12.979065057218614,13.00244172889922,1573436.5864156059,0,41596716.86071373,0.0,237857.84406935947,56012787.57266334,4474677871.378089
235,2024-12-01,0.3421795771493221,0,9.403779347203667,163.9445783069289,0.45249489549576055,29.503377069907543,13.625301144803547,10250.843171179438,0.0,0.051729006851056886,12.979065057218614,13.00244172889922,1573436.5864156059,0,41596716.86071373,0.0,237857.84406935947,56012787.57266334,4474677871.378089
236,2024-12-01,0.3421795771493221,0,9.403779347203667,163.9445783069289,0.45249489549576055,29.503377069907543,13.625301144803547,10250.843171179438,0.0,0.051729006851056886,12.979065057218614,13.00244172889922,1573436.5864156059,0,41596716.86071373,0.0,237857.84406935947,56012787.57266334,4474677871.378089
237,2024-12-01,0.3421795771493221,0,9.403779347203667,163.9445783069289,0.45249489549576055,29.503377069907543,13.625301144803547,10250.843171179438,0.0,0.051729006851056886,12.979065057218614,13.00244172889922,1573436.5864156059,0,41596716.86071373,0.0,237857.84406935947,56012787.57266334,4474677871.378089
238,2024-12-01,0.3421795771493221,0,9.403779347203667,163.9445783069289,0.45249489549576055,29.503377069907543,13.625301144803547,10250.843171179438,0.0,0.051729006851056886,12.979065057218614,13.00244172889922,1573436.5864156059,0,41596716.86071373,0.0,237857.84406935947,56012787.57266334,4474677871.378089
239,2024-12-01,0.3421795771493221,0,9.403779347203667,163.9445783069289,0.45249489549576055,29.503377069907543,13.625301144803547,10250.843171179438,0.0,0.051729006851056886,12.979065057218614,13.00244172889922,1573436.5864156059,0,41596716.86071373,0.0,237857.84406935947,56012787.57266334,4474677871.378089
