,Date,precip_and_snowmelt_input_Skull Valley_mean,irrigation_Skull Valley_mean,AET_Skull Valley_mean,soil_thickness_Skull Valley_mean,soil_porosity_Skull Valley_mean,field_capacity_Skull Valley_mean,wilting_point_Skull Valley_mean,Geo_K_Skull Valley_mean,Runoff_Skull Valley_mean,Recharge_Skull Valley_mean,Soil_Water_End_Of_Previous_Timestep_Skull Valley_mean,Soil_Saturation_Percent_End_Of_Timestep_Skull Valley_mean,precip_and_snowmelt_input_m3_Skull Valley_sum,irrigation_m3_Skull Valley_sum,AET_m3_Skull Valley_sum,Runoff_m3_Skull Valley_sum,Recharge_m3_Skull Valley_sum,Soil_Water_End_Of_Previous_Timestep_m3_Skull Valley_sum,Skull Valley_area_m2
0,2024-01-01,18.72276609484065,0.0,9.288615463690974,536.3116601734904,0.49100790098086655,126.19494278525544,59.495742833051935,4934.046390337177,1.7510786700092114,5.580923112292786,124.57374403193441,47.76193323261129,39436658.65516607,0.0,19564823.27778067,3688409.355061419,11755200.654356014,260979300.10431275,2104201063.5071032
1,2024-01-01,18.72276609484065,0.0,9.288615463690974,536.3116601734904,0.49100790098086655,126.19494278525544,59.495742833051935,4934.046390337177,1.7510786700092114,5.580923112292786,124.57374403193441,47.76193323261129,39436658.65516607,0.0,19564823.27778067,3688409.355061419,11755200.654356014,260979300.10431275,2104201063.5071032
2,2024-01-01,18.72276609484065,0.0,9.288615463690974,536.3116601734904,0.49100790098086655,126.19494278525544,59.495742833051935,4934.046390337177,1.7510786700092114,5.580923112292786,124.57374403193441,47.76193323261129,39436658.65516607,0.0,19564823.27778067,3688409.355061419,11755200.654356014,260979300.10431275,2104201063.5071032
3,2024-01-01,18.72276609484065,0.0,9.288615463690974,536.3116601734904,0.49100790098086655,126.19494278525544,59.495742833051935,4934.046390337177,1.7510786700092114,5.580923112292786,124.57374403193441,47.76193323261129,39436658.65516607,0.0,19564823.27778067,3688409.355061419,11755200.654356014,260979300.10431275,2104201063.5071032
4,2024-01-01,18.72276609484065,0.0,9.288615463690974,536.3116601734904,0.49100790098086655,126.19494278525544,59.495742833051935,4934.046390337177,1.7510786700092114,5.580923112292786,124.57374403193441,47.76193323261129,39436658.65516607,0.0,19564823.27778067,3688409.355061419,11755200.654356014,260979300.10431275,2104201063.5071032
5,2024-01-01,18.72276609484065,0.0,9.288615463690974,536.3116601734904,0.49100790098086655,126.19494278525544,59.495742833051935,4934.046390337177,1.7510786700092114,5.580923112292786,124.57374403193441,47.76193323261129,39436658.65516607,0.0,19564823.27778067,3688409.355061419,11755200.654356014,260979300.10431275,2104201063.5071032
6,2024-01-01,18.72276609484065,0.0,9.288615463690974,536.3116601734904,0.49100790098086655,126.19494278525544,59.495742833051935,4934.046390337177,1.7510786700092114,5.580923112292786,124.57374403193441,47.76193323261129,39436658.65516607,0.0,19564823.27778067,3688409.355061419,11755200.654356014,260979300.10431275,2104201063.5071032
7,2024-01-01,18.72276609484065,0.0,9.288615463690974,536.3116601734904,0.49100790098086655,126.19494278525544,59.495742833051935,4934.046390337177,1.7510786700092114,5.580923112292786,124.57374403193441,47.76193323261129,39436658.65516607,0.0,19564823.27778067,3688409.355061419,11755200.654356014,260979300.10431275,2104201063.5071032
8,2024-01-01,18.72276609484065,0.0,9.288615463690974,536.3116601734904,0.49100790098086655,126.19494278525544,59.495742833051935,4934.046390337177,1.7510786700092114,5.580923112292786,124.57374403193441,47.76193323261129,39436658.65516607,0.0,19564823.27778067,3688409.355061419,11755200.654356014,260979300.10431275,2104201063.5071032
9,2024-01-01,18.72276609484065,0.0,9.288615463690974,536.3116601734904,0.49100790098086655,126.19494278525544,59.495742833051935,4934.046390337177,1.7510786700092114,5.580923112292786,124.57374403193441,47.76193323261129,39436658.65516607,0.0,19564823.27778067,3688409.355061419,11755200.654356014,260979300.10431275,2104201063.5071032
10,2024-01-01,18.72276609484065,0.0,9.288615463690974,536.3116601734904,0.49100790098086655,126.19494278525544,59.495742833051935,4934.046390337177,1.7510786700092114,5.580923112292786,124.57374403193441,47.76193323261129,39436658.65516607,0.0,19564823.27778067,3688409.355061419,11755200.654356014,260979300.10431275,2104201063.5071032
11,2024-01-01,18.72276609484065,0.0,9.288615463690974,536.3116601734904,0.49100790098086655,126.19494278525544,59.495742833051935,4934.046390337177,1.7510786700092114,5.580923112292786,124.57374403193441,47.76193323261129,39436658.65516607,0.0,19564823.27778067,3688409.355061419,11755200.654356014,260979300.10431275,2104201063.5070148
12,2024-01-01,18.72276609484065,0.0,9.288615463690974,536.3116601734904,0.49100790098086655,126.19494278525544,59.495742833051935,4934.046390337177,1.7510786700092114,5.580923112292786,124.57374403193441,47.76193323261129,39436658.65516607,0.0,19564823.27778067,3688409.355061419,11755200.654356014,260979300.10431275,2104201063.5070148
13,2024-01-01,18.72276609484065,0.0,9.288615463690974,536.3116601734904,0.49100790098086655,126.19494278525544,59.495742833051935,4934.046390337177,1.7510786700092114,5.580923112292786,124.57374403193441,47.76193323261129,39436658.65516607,0.0,19564823.27778067,3688409.355061419,11755200.654356014,260979300.10431275,2104201063.5071032
14,2024-01-01,18.72276609484065,0.0,9.288615463690974,536.3116601734904,0.49100790098086655,126.19494278525544,59.495742833051935,4934.046390337177,1.7510786700092114,5.580923112292786,124.57374403193441,47.76193323261129,39436658.65516607,0.0,19564823.27778067,3688409.355061419,11755200.654356014,260979300.10431275,2104201063.5070148
15,2024-01-01,18.72276609484065,0.0,9.288615463690974,536.3116601734904,0.49100790098086655,126.19494278525544,59.495742833051935,4934.046390337177,1.7510786700092114,5.580923112292786,124.57374403193441,47.76193323261129,39436658.65516607,0.0,19564823.27778067,3688409.355061419,11755200.654356014,260979300.10431275,2104201063.5071032
16,2024-01-01,18.72276609484065,0.0,9.288615463690974,536.3116601734904,0.49100790098086655,126.19494278525544,59.495742833051935,4934.046390337177,1.7510786700092114,5.580923112292786,124.57374403193441,47.76193323261129,39436658.65516607,0.0,19564823.27778067,3688409.355061419,11755200.654356014,260979300.10431275,2104201063.5071032
17,2024-01-01,18.72276609484065,0.0,9.288615463690974,536.3116601734904,0.49100790098086655,126.19494278525544,59.495742833051935,4934.046390337177,1.7510786700092114,5.580923112292786,124.57374403193441,47.76193323261129,39436658.65516607,0.0,19564823.27778067,3688409.355061419,11755200.654356014,260979300.10431275,2104201063.5071032
18,2024-01-01,18.72276609484065,0.0,9.288615463690974,536.3116601734904,0.49100790098086655,126.19494278525544,59.495742833051935,4934.046390337177,1.7510786700092114,5.580923112292786,124.57374403193441,47.76193323261129,39436658.65516607,0.0,19564823.27778067,3688409.355061419,11755200.654356014,260979300.10431275,2104201063.5071032
19,2024-01-01,18.72276609484065,0.0,9.288615463690974,536.3116601734904,0.49100790098086655,126.19494278525544,59.495742833051935,4934.046390337177,1.7510786700092114,5.580923112292786,124.57374403193441,47.76193323261129,39436658.65516607,0.0,19564823.27778067,3688409.355061419,11755200.654356014,260979300.10431275,2104201063.5071032
20,2024-02-01,52.12580254472273,0.0,23.001826904095918,536.3116601734904,0.49100790098086655,126.19494278525544,59.495742833051935,4934.046390337177,7.058072076201684,13.547834807511958,133.24670050227533,51.51917399132925,109793480.92143747,0.0,48448988.48240917,14866833.791455869,28535344.878841303,279149836.51853716,2104201063.5071032
21,2024-02-01,52.12580254472273,0.0,23.001826904095918,536.3116601734904,0.49100790098086655,126.19494278525544,59.495742833051935,4934.046390337177,7.058072076201684,13.547834807511958,133.24670050227533,51.51917399132925,109793480.92143747,0.0,48448988.48240917,14866833.791455869,28535344.878841303,279149836.51853716,2104201063.5071032
22,2024-02-01,52.12580254472273,0.0,23.001826904095918,536.3116601734904,0.49100790098086655,126.19494278525544,59.495742833051935,4934.046390337177,7.058072076201684,13.547834807511958,133.24670050227533,51.51917399132925,109793480.92143747,0.0,48448988.48240917,14866833.791455869,28535344.878841303,279149836.51853716,2104201063.5071032
23,2024-02-01,52.12580254472273,0.0,23.001826904095918,536.3116601734904,0.49100790098086655,126.19494278525544,59.495742833051935,4934.046390337177,7.058072076201684,13.547834807511958,133.24670050227533,51.51917399132925,109793480.92143747,0.0,48448988.48240917,14866833.791455869,28535344.878841303,279149836.51853716,2104201063.5071032
24,2024-02-01,52.12580254472273,0.0,23.001826904095918,536.3116601734904,0.49100790098086655,126.19494278525544,59.495742833051935,4934.046390337177,7.058072076201684,13.547834807511958,133.24670050227533,51.51917399132925,109793480.92143747,0.0,48448988.48240917,14866833.791455869,28535344.878841303,279149836.51853716,2104201063.5071032
25,2024-02-01,52.12580254472273,0.0,23.001826904095918,536.3116601734904,0.49100790098086655,126.19494278525544,59.495742833051935,4934.046390337177,7.058072076201684,13.547834807511958,133.24670050227533,51.51917399132925,109793480.92143747,0.0,48448988.48240917,14866833.791455869,28535344.878841303,279149836.51853716,2104201063.5071032
26,2024-02-01,52.12580254472273,0.0,23.001826904095918,536.3116601734904,0.49100790098086655,126.19494278525544,59.495742833051935,4934.046390337177,7.058072076201684,13.547834807511958,133.24670050227533,51.51917399132925,109793480.92143747,0.0,48448988.48240917,14866833.791455869,28535344.878841303,279149836.51853716,2104201063.5071032
27,2024-02-01,52.12580254472273,0.0,23.001826904095918,536.3116601734904,0.49100790098086655,126.19494278525544,59.495742833051935,4934.046390337177,7.058072076201684,13.547834807511958,133.24670050227533,51.51917399132925,109793480.92143747,0.0,48448988.48240917,14866833.791455869,28535344.878841303,279149836.51853716,2104201063.5071032
28,2024-02-01,52.12580254472273,0.0,23.001826904095918,536.3116601734904,0.49100790098086655,126.19494278525544,59.495742833051935,4934.046390337177,7.058072076201684,13.547834807511958,133.24670050227533,51.51917399132925,109793480.92143747,0.0,48448988.48240917,14866833.791455869,28535344.878841303,279149836.51853716,2104201063.5071032
29,2024-02-01,52.12580254472273,0.0,23.001826904095918,536.3116601734904,0.49100790098086655,126.19494278525544,59.495742833051935,4934.046390337177,7.058072076201684,13.547834807511958,133.24670050227533,51.51917399132925,109793480.92143747,0.0,48448988.48240917,14866833.791455869,28535344.878841303,279149836.51853716,2104201063.5071032
30,2024-02-01,52.12580254472273,0.0,23.001826904095918,536.3116601734904,0.49100790098086655,126.19494278525544,59.495742833051935,4934.046390337177,7.058072076201684,13.547834807511958,133.24670050227533,51.51917399132925,109793480.92143747,0.0,48448988.48240917,14866833.791455869,28535344.878841303,279149836.51853716,2104201063.5071032
31,2024-02-01,52.12580254472273,0.0,23.001826904095918,536.3116601734904,0.49100790098086655,126.19494278525544,59.495742833051935,4934.046390337177,7.058072076201684,13.547834807511958,133.24670050227533,51.51917399132925,109793480.92143747,0.0,48448988.48240917,14866833.791455869,28535344.878841303,279149836.51853716,2104201063.5071032
32,2024-02-01,52.12580254472273,0.0,23.001826904095918,536.3116601734904,0.49100790098086655,126.19494278525544,59.495742833051935,4934.046390337177,7.058072076201684,13.547834807511958,133.24670050227533,51.51917399132925,109793480.92143747,0.0,48448988.48240917,14866833.791455869,28535344.878841303,279149836.51853716,2104201063.5071032
33,2024-02-01,52.12580254472273,0.0,23.001826904095918,536.3116601734904,0.49100790098086655,126.19494278525544,59.495742833051935,4934.046390337177,7.058072076201684,13.547834807511958,133.24670050227533,51.51917399132925,109793480.92143747,0.0,48448988.48240917,14866833.791455869,28535344.878841303,279149836.51853716,2104201063.5071032
34,2024-02-01,52.12580254472273,0.0,23.001826904095918,536.3116601734904,0.49100790098086655,126.19494278525544,59.495742833051935,4934.046390337177,7.058072076201684,13.547834807511958,133.24670050227533,51.51917399132925,109793480.92143747,0.0,48448988.48240917,14866833.791455869,28535344.878841303,279149836.51853716,2104201063.5071032
35,2024-02-01,52.12580254472273,0.0,23.001826904095918,536.3116601734904,0.49100790098086655,126.19494278525544,59.495742833051935,4934.046390337177,7.058072076201684,13.547834807511958,133.24670050227533,51.51917399132925,109793480.92143747,0.0,48448988.48240917,14866833.791455869,28535344.878841303,279149836.51853716,2104201063.5071032
36,2024-02-01,52.12580254472273,0.0,23.001826904095918,536.3116601734904,0.49100790098086655,126.19494278525544,59.495742833051935,4934.046390337177,7.058072076201684,13.547834807511958,133.24670050227533,51.51917399132925,109793480.92143747,0.0,48448988.48240917,14866833.791455869,28535344.878841303,279149836.51853716,2104201063.5071032
37,2024-02-01,52.12580254472273,0.0,23.001826904095918,536.3116601734904,0.49100790098086655,126.19494278525544,59.495742833051935,4934.046390337177,7.058072076201684,13.547834807511958,133.24670050227533,51.51917399132925,109793480.92143747,0.0,48448988.48240917,14866833.791455869,28535344.878841303,279149836.51853716,2104201063.5070148
38,2024-02-01,52.12580254472273,0.0,23.001826904095918,536.3116601734904,0.49100790098086655,126.19494278525544,59.495742833051935,4934.046390337177,7.058072076201684,13.547834807511958,133.24670050227533,51.51917399132925,109793480.92143747,0.0,48448988.48240917,14866833.791455869,28535344.878841303,279149836.51853716,2104201063.5070148
39,2024-02-01,52.12580254472273,0.0,23.001826904095918,536.3116601734904,0.49100790098086655,126.19494278525544,59.495742833051935,4934.046390337177,7.058072076201684,13.547834807511958,133.24670050227533,51.51917399132925,109793480.92143747,0.0,48448988.48240917,14866833.791455869,28535344.878841303,279149836.51853716,2104201063.5070148
40,2024-03-01,52.08761558769181,0.0,40.320711989779745,536.3116601734904,0.49100790098086655,126.19494278525544,59.495742833051935,4934.046390337177,4.366273665260276,10.852007682928388,131.1883498402185,50.76817945521032,109712998.55053551,0.0,84927865.26895152,9196874.626031853,22857725.154618498,274837812.8493121,2104201063.5071032
41,2024-03-01,52.08761558769181,0.0,40.320711989779745,536.3116601734904,0.49100790098086655,126.19494278525544,59.495742833051935,4934.046390337177,4.366273665260276,10.852007682928388,131.1883498402185,50.76817945521032,109712998.55053551,0.0,84927865.26895152,9196874.626031853,22857725.154618498,274837812.8493121,2104201063.5070148
42,2024-03-01,52.08761558769181,0.0,40.320711989779745,536.3116601734904,0.49100790098086655,126.19494278525544,59.495742833051935,4934.046390337177,4.366273665260276,10.852007682928388,131.1883498402185,50.76817945521032,109712998.55053551,0.0,84927865.26895152,9196874.626031853,22857725.154618498,274837812.8493121,2104201063.5071032
43,2024-03-01,52.08761558769181,0.0,40.320711989779745,536.3116601734904,0.49100790098086655,126.19494278525544,59.495742833051935,4934.046390337177,4.366273665260276,10.852007682928388,131.1883498402185,50.76817945521032,109712998.55053551,0.0,84927865.26895152,9196874.626031853,22857725.154618498,274837812.8493121,2104201063.5070148
44,2024-03-01,52.08761558769181,0.0,40.320711989779745,536.3116601734904,0.49100790098086655,126.19494278525544,59.495742833051935,4934.046390337177,4.366273665260276,10.852007682928388,131.1883498402185,50.76817945521032,109712998.55053551,0.0,84927865.26895152,9196874.626031853,22857725.154618498,274837812.8493121,2104201063.5071032
45,2024-03-01,52.08761558769181,0.0,40.320711989779745,536.3116601734904,0.49100790098086655,126.19494278525544,59.495742833051935,4934.046390337177,4.366273665260276,10.852007682928388,131.1883498402185,50.76817945521032,109712998.55053551,0.0,84927865.26895152,9196874.626031853,22857725.154618498,274837812.8493121,2104201063.5071032
46,2024-03-01,52.08761558769181,0.0,40.320711989779745,536.3116601734904,0.49100790098086655,126.19494278525544,59.495742833051935,4934.046390337177,4.366273665260276,10.852007682928388,131.1883498402185,50.76817945521032,109712998.55053551,0.0,84927865.26895152,9196874.626031853,22857725.154618498,274837812.8493121,2104201063.5071032
47,2024-03-01,52.08761558769181,0.0,40.320711989779745,536.3116601734904,0.49100790098086655,126.19494278525544,59.495742833051935,4934.046390337177,4.366273665260276,10.852007682928388,131.1883498402185,50.76817945521032,109712998.55053551,0.0,84927865.26895152,9196874.626031853,22857725.154618498,274837812.8493121,2104201063.5071032
48,2024-03-01,52.08761558769181,0.0,40.320711989779745,536.3116601734904,0.49100790098086655,126.19494278525544,59.495742833051935,4934.046390337177,4.366273665260276,10.852007682928388,131.1883498402185,50.76817945521032,109712998.55053551,0.0,84927865.26895152,9196874.626031853,22857725.154618498,274837812.8493121,2104201063.5070148
49,2024-03-01,52.08761558769181,0.0,40.320711989779745,536.3116601734904,0.49100790098086655,126.19494278525544,59.495742833051935,4934.046390337177,4.366273665260276,10.852007682928388,131.1883498402185,50.76817945521032,109712998.55053551,0.0,84927865.26895152,9196874.626031853,22857725.154618498,274837812.8493121,2104201063.5071032
50,2024-03-01,52.08761558769181,0.0,40.320711989779745,536.3116601734904,0.49100790098086655,126.19494278525544,59.495742833051935,4934.046390337177,4.366273665260276,10.852007682928388,131.1883498402185,50.76817945521032,109712998.55053551,0.0,84927865.26895152,9196874.626031853,22857725.154618498,274837812.8493121,2104201063.5071032
51,2024-03-01,52.08761558769181,0.0,40.320711989779745,536.3116601734904,0.49100790098086655,126.19494278525544,59.495742833051935,4934.046390337177,4.366273665260276,10.852007682928388,131.1883498402185,50.76817945521032,109712998.55053551,0.0,84927865.26895152,9196874.626031853,22857725.154618498,274837812.8493121,2104201063.5071032
52,2024-03-01,52.08761558769181,0.0,40.320711989779745,536.3116601734904,0.49100790098086655,126.19494278525544,59.495742833051935,4934.046390337177,4.366273665260276,10.852007682928388,131.1883498402185,50.76817945521032,109712998.55053551,0.0,84927865.26895152,9196874.626031853,22857725.154618498,274837812.8493121,2104201063.5071032
53,2024-03-01,52.08761558769181,0.0,40.320711989779745,536.3116601734904,0.49100790098086655,126.19494278525544,59.495742833051935,4934.046390337177,4.366273665260276,10.852007682928388,131.1883498402185,50.76817945521032,109712998.55053551,0.0,84927865.26895152,9196874.626031853,22857725.154618498,274837812.8493121,2104201063.5071032
54,2024-03-01,52.08761558769181,0.0,40.320711989779745,536.3116601734904,0.49100790098086655,126.19494278525544,59.495742833051935,4934.046390337177,4.366273665260276,10.852007682928388,131.1883498402185,50.76817945521032,109712998.55053551,0.0,84927865.26895152,9196874.626031853,22857725.154618498,274837812.8493121,2104201063.5071032
55,2024-03-01,52.08761558769181,0.0,40.320711989779745,536.3116601734904,0.49100790098086655,126.19494278525544,59.495742833051935,4934.046390337177,4.366273665260276,10.852007682928388,131.1883498402185,50.76817945521032,109712998.55053551,0.0,84927865.26895152,9196874.626031853,22857725.154618498,274837812.8493121,2104201063.5071032
56,2024-03-01,52.08761558769181,0.0,40.320711989779745,536.3116601734904,0.49100790098086655,126.19494278525544,59.495742833051935,4934.046390337177,4.366273665260276,10.852007682928388,131.1883498402185,50.76817945521032,109712998.55053551,0.0,84927865.26895152,9196874.626031853,22857725.154618498,274837812.8493121,2104201063.5071032
57,2024-03-01,52.08761558769181,0.0,40.320711989779745,536.3116601734904,0.49100790098086655,126.19494278525544,59.495742833051935,4934.046390337177,4.366273665260276,10.852007682928388,131.1883498402185,50.76817945521032,109712998.55053551,0.0,84927865.26895152,9196874.626031853,22857725.154618498,274837812.8493121,2104201063.5071032
58,2024-03-01,52.08761558769181,0.0,40.320711989779745,536.3116601734904,0.49100790098086655,126.19494278525544,59.495742833051935,4934.046390337177,4.366273665260276,10.852007682928388,131.1883498402185,50.76817945521032,109712998.55053551,0.0,84927865.26895152,9196874.626031853,22857725.154618498,274837812.8493121,2104201063.5071032
59,2024-03-01,52.08761558769181,0.0,40.320711989779745,536.3116601734904,0.49100790098086655,126.19494278525544,59.495742833051935,4934.046390337177,4.366273665260276,10.852007682928388,131.1883498402185,50.76817945521032,109712998.55053551,0.0,84927865.26895152,9196874.626031853,22857725.154618498,274837812.8493121,2104201063.5071032
60,2024-04-01,51.976781326024316,0.4146222375738073,57.72247632101363,536.3116601734904,0.49100790098086655,126.19494278525544,59.495742833051935,4934.046390337177,2.901979840947048,4.406195738650072,123.33267264854008,47.26336837776085,109479711.76390766,873332.1289792545,121581749.7262989,6112644.078025026,9281221.569979629,258379954.2704116,2104201063.5071032
61,2024-04-01,51.976781326024316,0.4146222375738073,57.72247632101363,536.3116601734904,0.49100790098086655,126.19494278525544,59.495742833051935,4934.046390337177,2.901979840947048,4.406195738650072,123.33267264854008,47.26336837776085,109479711.76390766,873332.1289792545,121581749.7262989,6112644.078025026,9281221.569979629,258379954.2704116,2104201063.5071032
62,2024-04-01,51.976781326024316,0.4146222375738073,57.72247632101363,536.3116601734904,0.49100790098086655,126.19494278525544,59.495742833051935,4934.046390337177,2.901979840947048,4.406195738650072,123.33267264854008,47.26336837776085,109479711.76390766,873332.1289792545,121581749.7262989,6112644.078025026,9281221.569979629,258379954.2704116,2104201063.5071032
63,2024-04-01,51.976781326024316,0.4146222375738073,57.72247632101363,536.3116601734904,0.49100790098086655,126.19494278525544,59.495742833051935,4934.046390337177,2.901979840947048,4.406195738650072,123.33267264854008,47.26336837776085,109479711.76390766,873332.1289792545,121581749.7262989,6112644.078025026,9281221.569979629,258379954.2704116,2104201063.5070148
64,2024-04-01,51.976781326024316,0.4146222375738073,57.72247632101363,536.3116601734904,0.49100790098086655,126.19494278525544,59.495742833051935,4934.046390337177,2.901979840947048,4.406195738650072,123.33267264854008,47.26336837776085,109479711.76390766,873332.1289792545,121581749.7262989,6112644.078025026,9281221.569979629,258379954.2704116,2104201063.5071032
65,2024-04-01,51.976781326024316,0.4146222375738073,57.72247632101363,536.3116601734904,0.49100790098086655,126.19494278525544,59.495742833051935,4934.046390337177,2.901979840947048,4.406195738650072,123.33267264854008,47.26336837776085,109479711.76390766,873332.1289792545,121581749.7262989,6112644.078025026,9281221.569979629,258379954.2704116,2104201063.5071032
66,2024-04-01,51.976781326024316,0.4146222375738073,57.72247632101363,536.3116601734904,0.49100790098086655,126.19494278525544,59.495742833051935,4934.046390337177,2.901979840947048,4.406195738650072,123.33267264854008,47.26336837776085,109479711.76390766,873332.1289792545,121581749.7262989,6112644.078025026,9281221.569979629,258379954.2704116,2104201063.5070148
67,2024-04-01,51.976781326024316,0.4146222375738073,57.72247632101363,536.3116601734904,0.49100790098086655,126.19494278525544,59.495742833051935,4934.046390337177,2.901979840947048,4.406195738650072,123.33267264854008,47.26336837776085,109479711.76390766,873332.1289792545,121581749.7262989,6112644.078025026,9281221.569979629,258379954.2704116,2104201063.5071032
68,2024-04-01,51.976781326024316,0.4146222375738073,57.72247632101363,536.3116601734904,0.49100790098086655,126.19494278525544,59.495742833051935,4934.046390337177,2.901979840947048,4.406195738650072,123.33267264854008,47.26336837776085,109479711.76390766,873332.1289792545,121581749.7262989,6112644.078025026,9281221.569979629,258379954.2704116,2104201063.5071032
69,2024-04-01,51.976781326024316,0.4146222375738073,57.72247632101363,536.3116601734904,0.49100790098086655,126.19494278525544,59.495742833051935,4934.046390337177,2.901979840947048,4.406195738650072,123.33267264854008,47.26336837776085,109479711.76390766,873332.1289792545,121581749.7262989,6112644.078025026,9281221.569979629,258379954.2704116,2104201063.5071032
70,2024-04-01,51.976781326024316,0.4146222375738073,57.72247632101363,536.3116601734904,0.49100790098086655,126.19494278525544,59.495742833051935,4934.046390337177,2.901979840947048,4.406195738650072,123.33267264854008,47.26336837776085,109479711.76390766,873332.1289792545,121581749.7262989,6112644.078025026,9281221.569979629,258379954.2704116,2104201063.5071032
71,2024-04-01,51.976781326024316,0.4146222375738073,57.72247632101363,536.3116601734904,0.49100790098086655,126.19494278525544,59.495742833051935,4934.046390337177,2.901979840947048,4.406195738650072,123.33267264854008,47.26336837776085,109479711.76390766,873332.1289792545,121581749.7262989,6112644.078025026,9281221.569979629,258379954.2704116,2104201063.5071032
72,2024-04-01,51.976781326024316,0.4146222375738073,57.72247632101363,536.3116601734904,0.49100790098086655,126.19494278525544,59.495742833051935,4934.046390337177,2.901979840947048,4.406195738650072,123.33267264854008,47.26336837776085,109479711.76390766,873332.1289792545,121581749.7262989,6112644.078025026,9281221.569979629,258379954.2704116,2104201063.5070148
73,2024-04-01,51.976781326024316,0.4146222375738073,57.72247632101363,536.3116601734904,0.49100790098086655,126.19494278525544,59.495742833051935,4934.046390337177,2.901979840947048,4.406195738650072,123.33267264854008,47.26336837776085,109479711.76390766,873332.1289792545,121581749.7262989,6112644.078025026,9281221.569979629,258379954.2704116,2104201063.5071032
74,2024-04-01,51.976781326024316,0.4146222375738073,57.72247632101363,536.3116601734904,0.49100790098086655,126.19494278525544,59.495742833051935,4934.046390337177,2.901979840947048,4.406195738650072,123.33267264854008,47.26336837776085,109479711.76390766,873332.1289792545,121581749.7262989,6112644.078025026,9281221.569979629,258379954.2704116,2104201063.5071032
75,2024-04-01,51.976781326024316,0.4146222375738073,57.72247632101363,536.3116601734904,0.49100790098086655,126.19494278525544,59.495742833051935,4934.046390337177,2.901979840947048,4.406195738650072,123.33267264854008,47.26336837776085,109479711.76390766,873332.1289792545,121581749.7262989,6112644.078025026,9281221.569979629,258379954.2704116,2104201063.5071032
76,2024-04-01,51.976781326024316,0.4146222375738073,57.72247632101363,536.3116601734904,0.49100790098086655,126.19494278525544,59.495742833051935,4934.046390337177,2.901979840947048,4.406195738650072,123.33267264854008,47.26336837776085,109479711.76390766,873332.1289792545,121581749.7262989,6112644.078025026,9281221.569979629,258379954.2704116,2104201063.5071032
77,2024-04-01,51.976781326024316,0.4146222375738073,57.72247632101363,536.3116601734904,0.49100790098086655,126.19494278525544,59.495742833051935,4934.046390337177,2.901979840947048,4.406195738650072,123.33267264854008,47.26336837776085,109479711.76390766,873332.1289792545,121581749.7262989,6112644.078025026,9281221.569979629,258379954.2704116,2104201063.5071032
78,2024-04-01,51.976781326024316,0.4146222375738073,57.72247632101363,536.3116601734904,0.49100790098086655,126.19494278525544,59.495742833051935,4934.046390337177,2.901979840947048,4.406195738650072,123.33267264854008,47.26336837776085,109479711.76390766,873332.1289792545,121581749.7262989,6112644.078025026,9281221.569979629,258379954.2704116,2104201063.5071032
79,2024-04-01,51.976781326024316,0.4146222375738073,57.72247632101363,536.3116601734904,0.49100790098086655,126.19494278525544,59.495742833051935,4934.046390337177,2.901979840947048,4.406195738650072,123.33267264854008,47.26336837776085,109479711.76390766,873332.1289792545,121581749.7262989,6112644.078025026,9281221.569979629,258379954.2704116,2104201063.5071032
80,2024-05-01,9.393439928521948,1.0780177813500782,44.01341591957897,536.3116601734904,0.49100790098086655,126.19494278525544,59.495742833051935,4934.046390337177,0.28369300154181915,0.7045688280550392,101.20954746398756,35.27395305027433,19785814.1794555,2270663.4587979475,92707284.63006455,597550.3495804141,1484036.2719755727,212031401.0357811,2104201063.5071032
81,2024-05-01,9.393439928521948,1.0780177813500782,44.01341591957897,536.3116601734904,0.49100790098086655,126.19494278525544,59.495742833051935,4934.046390337177,0.28369300154181915,0.7045688280550392,101.20954746398756,35.27395305027433,19785814.1794555,2270663.4587979475,92707284.63006455,597550.3495804141,1484036.2719755727,212031401.0357811,2104201063.5071032
82,2024-05-01,9.393439928521948,1.0780177813500782,44.01341591957897,536.3116601734904,0.49100790098086655,126.19494278525544,59.495742833051935,4934.046390337177,0.28369300154181915,0.7045688280550392,101.20954746398756,35.27395305027433,19785814.1794555,2270663.4587979475,92707284.63006455,597550.3495804141,1484036.2719755727,212031401.0357811,2104201063.5071032
83,2024-05-01,9.393439928521948,1.0780177813500782,44.01341591957897,536.3116601734904,0.49100790098086655,126.19494278525544,59.495742833051935,4934.046390337177,0.28369300154181915,0.7045688280550392,101.20954746398756,35.27395305027433,19785814.1794555,2270663.4587979475,92707284.63006455,597550.3495804141,1484036.2719755727,212031401.0357811,2104201063.5071032
84,2024-05-01,9.393439928521948,1.0780177813500782,44.01341591957897,536.3116601734904,0.49100790098086655,126.19494278525544,59.495742833051935,4934.046390337177,0.28369300154181915,0.7045688280550392,101.20954746398756,35.27395305027433,19785814.1794555,2270663.4587979475,92707284.63006455,597550.3495804141,1484036.2719755727,212031401.0357811,2104201063.5071032
85,2024-05-01,9.393439928521948,1.0780177813500782,44.01341591957897,536.3116601734904,0.49100790098086655,126.19494278525544,59.495742833051935,4934.046390337177,0.28369300154181915,0.7045688280550392,101.20954746398756,35.27395305027433,19785814.1794555,2270663.4587979475,92707284.63006455,597550.3495804141,1484036.2719755727,212031401.0357811,2104201063.5071032
86,2024-05-01,9.393439928521948,1.0780177813500782,44.01341591957897,536.3116601734904,0.49100790098086655,126.19494278525544,59.495742833051935,4934.046390337177,0.28369300154181915,0.7045688280550392,101.20954746398756,35.27395305027433,19785814.1794555,2270663.4587979475,92707284.63006455,597550.3495804141,1484036.2719755727,212031401.0357811,2104201063.5071032
87,2024-05-01,9.393439928521948,1.0780177813500782,44.01341591957897,536.3116601734904,0.49100790098086655,126.19494278525544,59.495742833051935,4934.046390337177,0.28369300154181915,0.7045688280550392,101.20954746398756,35.27395305027433,19785814.1794555,2270663.4587979475,92707284.63006455,597550.3495804141,1484036.2719755727,212031401.0357811,2104201063.5071032
88,2024-05-01,9.393439928521948,1.0780177813500782,44.01341591957897,536.3116601734904,0.49100790098086655,126.19494278525544,59.495742833051935,4934.046390337177,0.28369300154181915,0.7045688280550392,101.20954746398756,35.27395305027433,19785814.1794555,2270663.4587979475,92707284.63006455,597550.3495804141,1484036.2719755727,212031401.0357811,2104201063.5071032
89,2024-05-01,9.393439928521948,1.0780177813500782,44.01341591957897,536.3116601734904,0.49100790098086655,126.19494278525544,59.495742833051935,4934.046390337177,0.28369300154181915,0.7045688280550392,101.20954746398756,35.27395305027433,19785814.1794555,2270663.4587979475,92707284.63006455,597550.3495804141,1484036.2719755727,212031401.0357811,2104201063.5071032
90,2024-05-01,9.393439928521948,1.0780177813500782,44.01341591957897,536.3116601734904,0.49100790098086655,126.19494278525544,59.495742833051935,4934.046390337177,0.28369300154181915,0.7045688280550392,101.20954746398756,35.27395305027433,19785814.1794555,2270663.4587979475,92707284.63006455,597550.3495804141,1484036.2719755727,212031401.0357811,2104201063.5070148
91,2024-05-01,9.393439928521948,1.0780177813500782,44.01341591957897,536.3116601734904,0.49100790098086655,126.19494278525544,59.495742833051935,4934.046390337177,0.28369300154181915,0.7045688280550392,101.20954746398756,35.27395305027433,19785814.1794555,2270663.4587979475,92707284.63006455,597550.3495804141,1484036.2719755727,212031401.0357811,2104201063.5071032
92,2024-05-01,9.393439928521948,1.0780177813500782,44.01341591957897,536.3116601734904,0.49100790098086655,126.19494278525544,59.495742833051935,4934.046390337177,0.28369300154181915,0.7045688280550392,101.20954746398756,35.27395305027433,19785814.1794555,2270663.4587979475,92707284.63006455,597550.3495804141,1484036.2719755727,212031401.0357811,2104201063.5071032
93,2024-05-01,9.393439928521948,1.0780177813500782,44.01341591957897,536.3116601734904,0.49100790098086655,126.19494278525544,59.495742833051935,4934.046390337177,0.28369300154181915,0.7045688280550392,101.20954746398756,35.27395305027433,19785814.1794555,2270663.4587979475,92707284.63006455,597550.3495804141,1484036.2719755727,212031401.0357811,2104201063.5070148
94,2024-05-01,9.393439928521948,1.0780177813500782,44.01341591957897,536.3116601734904,0.49100790098086655,126.19494278525544,59.495742833051935,4934.046390337177,0.28369300154181915,0.7045688280550392,101.20954746398756,35.27395305027433,19785814.1794555,2270663.4587979475,92707284.63006455,597550.3495804141,1484036.2719755727,212031401.0357811,2104201063.5071032
95,2024-05-01,9.393439928521948,1.0780177813500782,44.01341591957897,536.3116601734904,0.49100790098086655,126.19494278525544,59.495742833051935,4934.046390337177,0.28369300154181915,0.7045688280550392,101.20954746398756,35.27395305027433,19785814.1794555,2270663.4587979475,92707284.63006455,597550.3495804141,1484036.2719755727,212031401.0357811,2104201063.5071032
96,2024-05-01,9.393439928521948,1.0780177813500782,44.01341591957897,536.3116601734904,0.49100790098086655,126.19494278525544,59.495742833051935,4934.046390337177,0.28369300154181915,0.7045688280550392,101.20954746398756,35.27395305027433,19785814.1794555,2270663.4587979475,92707284.63006455,597550.3495804141,1484036.2719755727,212031401.0357811,2104201063.5071032
97,2024-05-01,9.393439928521948,1.0780177813500782,44.01341591957897,536.3116601734904,0.49100790098086655,126.19494278525544,59.495742833051935,4934.046390337177,0.28369300154181915,0.7045688280550392,101.20954746398756,35.27395305027433,19785814.1794555,2270663.4587979475,92707284.63006455,597550.3495804141,1484036.2719755727,212031401.0357811,2104201063.5071032
98,2024-05-01,9.393439928521948,1.0780177813500782,44.01341591957897,536.3116601734904,0.49100790098086655,126.19494278525544,59.495742833051935,4934.046390337177,0.28369300154181915,0.7045688280550392,101.20954746398756,35.27395305027433,19785814.1794555,2270663.4587979475,92707284.63006455,597550.3495804141,1484036.2719755727,212031401.0357811,2104201063.5071032
99,2024-05-01,9.393439928521948,1.0780177813500782,44.01341591957897,536.3116601734904,0.49100790098086655,126.19494278525544,59.495742833051935,4934.046390337177,0.28369300154181915,0.7045688280550392,101.20954746398756,35.27395305027433,19785814.1794555,2270663.4587979475,92707284.63006455,597550.3495804141,1484036.2719755727,212031401.0357811,2104201063.5070148
100,2024-06-01,0.0,1.6584889502952291,27.856633654515846,536.3116601734904,0.49100790098086655,126.19494278525544,59.495742833051935,4934.046390337177,0.712220697250868,0.5542513741457478,93.46608486030742,31.448070657398524,0.0,3493328.515917018,58676881.02701149,1500169.475875406,1167398.1157919492,195808377.31661972,2104201063.5071032
101,2024-06-01,0.0,1.6584889502952291,27.856633654515846,536.3116601734904,0.49100790098086655,126.19494278525544,59.495742833051935,4934.046390337177,0.712220697250868,0.5542513741457478,93.46608486030742,31.448070657398524,0.0,3493328.515917018,58676881.02701149,1500169.475875406,1167398.1157919492,195808377.31661972,2104201063.5070148
102,2024-06-01,0.0,1.6584889502952291,27.856633654515846,536.3116601734904,0.49100790098086655,126.19494278525544,59.495742833051935,4934.046390337177,0.712220697250868,0.5542513741457478,93.46608486030742,31.448070657398524,0.0,3493328.515917018,58676881.02701149,1500169.475875406,1167398.1157919492,195808377.31661972,2104201063.5071032
103,2024-06-01,0.0,1.6584889502952291,27.856633654515846,536.3116601734904,0.49100790098086655,126.19494278525544,59.495742833051935,4934.046390337177,0.712220697250868,0.5542513741457478,93.46608486030742,31.448070657398524,0.0,3493328.515917018,58676881.02701149,1500169.475875406,1167398.1157919492,195808377.31661972,2104201063.5071032
104,2024-06-01,0.0,1.6584889502952291,27.856633654515846,536.3116601734904,0.49100790098086655,126.19494278525544,59.495742833051935,4934.046390337177,0.712220697250868,0.5542513741457478,93.46608486030742,31.448070657398524,0.0,3493328.515917018,58676881.02701149,1500169.475875406,1167398.1157919492,195808377.31661972,2104201063.5070148
105,2024-06-01,0.0,1.6584889502952291,27.856633654515846,536.3116601734904,0.49100790098086655,126.19494278525544,59.495742833051935,4934.046390337177,0.712220697250868,0.5542513741457478,93.46608486030742,31.448070657398524,0.0,3493328.515917018,58676881.02701149,1500169.475875406,1167398.1157919492,195808377.31661972,2104201063.5071032
106,2024-06-01,0.0,1.6584889502952291,27.856633654515846,536.3116601734904,0.49100790098086655,126.19494278525544,59.495742833051935,4934.046390337177,0.712220697250868,0.5542513741457478,93.46608486030742,31.448070657398524,0.0,3493328.515917018,58676881.02701149,1500169.475875406,1167398.1157919492,195808377.31661972,2104201063.5071032
107,2024-06-01,0.0,1.6584889502952291,27.856633654515846,536.3116601734904,0.49100790098086655,126.19494278525544,59.495742833051935,4934.046390337177,0.712220697250868,0.5542513741457478,93.46608486030742,31.448070657398524,0.0,3493328.515917018,58676881.02701149,1500169.475875406,1167398.1157919492,195808377.31661972,2104201063.5071032
108,2024-06-01,0.0,1.6584889502952291,27.856633654515846,536.3116601734904,0.49100790098086655,126.19494278525544,59.495742833051935,4934.046390337177,0.712220697250868,0.5542513741457478,93.46608486030742,31.448070657398524,0.0,3493328.515917018,58676881.02701149,1500169.475875406,1167398.1157919492,195808377.31661972,2104201063.5071032
109,2024-06-01,0.0,1.6584889502952291,27.856633654515846,536.3116601734904,0.49100790098086655,126.19494278525544,59.495742833051935,4934.046390337177,0.712220697250868,0.5542513741457478,93.46608486030742,31.448070657398524,0.0,3493328.515917018,58676881.02701149,1500169.475875406,1167398.1157919492,195808377.31661972,2104201063.5070148
110,2024-06-01,0.0,1.6584889502952291,27.856633654515846,536.3116601734904,0.49100790098086655,126.19494278525544,59.495742833051935,4934.046390337177,0.712220697250868,0.5542513741457478,93.46608486030742,31.448070657398524,0.0,3493328.515917018,58676881.02701149,1500169.475875406,1167398.1157919492,195808377.31661972,2104201063.5071032
111,2024-06-01,0.0,1.6584889502952291,27.856633654515846,536.3116601734904,0.49100790098086655,126.19494278525544,59.495742833051935,4934.046390337177,0.712220697250868,0.5542513741457478,93.46608486030742,31.448070657398524,0.0,3493328.515917018,58676881.02701149,1500169.475875406,1167398.1157919492,195808377.31661972,2104201063.5071032
112,2024-06-01,0.0,1.6584889502952291,27.856633654515846,536.3116601734904,0.49100790098086655,126.19494278525544,59.495742833051935,4934.046390337177,0.712220697250868,0.5542513741457478,93.46608486030742,31.448070657398524,0.0,3493328.515917018,58676881.02701149,1500169.475875406,1167398.1157919492,195808377.31661972,2104201063.5071032
113,2024-06-01,0.0,1.6584889502952291,27.856633654515846,536.3116601734904,0.49100790098086655,126.19494278525544,59.495742833051935,4934.046390337177,0.712220697250868,0.5542513741457478,93.46608486030742,31.448070657398524,0.0,3493328.515917018,58676881.02701149,1500169.475875406,1167398.1157919492,195808377.31661972,2104201063.5071032
114,2024-06-01,0.0,1.6584889502952291,27.856633654515846,536.3116601734904,0.49100790098086655,126.19494278525544,59.495742833051935,4934.046390337177,0.712220697250868,0.5542513741457478,93.46608486030742,31.448070657398524,0.0,3493328.515917018,58676881.02701149,1500169.475875406,1167398.1157919492,195808377.31661972,2104201063.5071032
115,2024-06-01,0.0,1.6584889502952291,27.856633654515846,536.3116601734904,0.49100790098086655,126.19494278525544,59.495742833051935,4934.046390337177,0.712220697250868,0.5542513741457478,93.46608486030742,31.448070657398524,0.0,3493328.515917018,58676881.02701149,1500169.475875406,1167398.1157919492,195808377.31661972,2104201063.5071032
116,2024-06-01,0.0,1.6584889502952291,27.856633654515846,536.3116601734904,0.49100790098086655,126.19494278525544,59.495742833051935,4934.046390337177,0.712220697250868,0.5542513741457478,93.46608486030742,31.448070657398524,0.0,3493328.515917018,58676881.02701149,1500169.475875406,1167398.1157919492,195808377.31661972,2104201063.5071032
117,2024-06-01,0.0,1.6584889502952291,27.856633654515846,536.3116601734904,0.49100790098086655,126.19494278525544,59.495742833051935,4934.046390337177,0.712220697250868,0.5542513741457478,93.46608486030742,31.448070657398524,0.0,3493328.515917018,58676881.02701149,1500169.475875406,1167398.1157919492,195808377.31661972,2104201063.5071032
118,2024-06-01,0.0,1.6584889502952291,27.856633654515846,536.3116601734904,0.49100790098086655,126.19494278525544,59.495742833051935,4934.046390337177,0.712220697250868,0.5542513741457478,93.46608486030742,31.448070657398524,0.0,3493328.515917018,58676881.02701149,1500169.475875406,1167398.1157919492,195808377.31661972,2104201063.5071032
119,2024-06-01,0.0,1.6584889502952291,27.856633654515846,536.3116601734904,0.49100790098086655,126.19494278525544,59.495742833051935,4934.046390337177,0.712220697250868,0.5542513741457478,93.46608486030742,31.448070657398524,0.0,3493328.515917018,58676881.02701149,1500169.475875406,1167398.1157919492,195808377.31661972,2104201063.5071032
120,2024-07-01,2.796058061498242,2.1560355627001564,29.515233512237103,536.3116601734904,0.49100790098086655,126.19494278525544,59.495742833051935,4934.046390337177,1.2106669939403774,0.5709609280266319,91.26912452384722,30.47798492160711,5889356.237867199,4541326.917595895,62170402.733864605,2550060.2864006967,1202596.6596420894,191205797.00018924,2104201063.5071032
121,2024-07-01,2.796058061498242,2.1560355627001564,29.515233512237103,536.3116601734904,0.49100790098086655,126.19494278525544,59.495742833051935,4934.046390337177,1.2106669939403774,0.5709609280266319,91.26912452384722,30.47798492160711,5889356.237867199,4541326.917595895,62170402.733864605,2550060.2864006967,1202596.6596420894,191205797.00018924,2104201063.5071032
122,2024-07-01,2.796058061498242,2.1560355627001564,29.515233512237103,536.3116601734904,0.49100790098086655,126.19494278525544,59.495742833051935,4934.046390337177,1.2106669939403774,0.5709609280266319,91.26912452384722,30.47798492160711,5889356.237867199,4541326.917595895,62170402.733864605,2550060.2864006967,1202596.6596420894,191205797.00018924,2104201063.5071032
123,2024-07-01,2.796058061498242,2.1560355627001564,29.515233512237103,536.3116601734904,0.49100790098086655,126.19494278525544,59.495742833051935,4934.046390337177,1.2106669939403774,0.5709609280266319,91.26912452384722,30.47798492160711,5889356.237867199,4541326.917595895,62170402.733864605,2550060.2864006967,1202596.6596420894,191205797.00018924,2104201063.5071032
124,2024-07-01,2.796058061498242,2.1560355627001564,29.515233512237103,536.3116601734904,0.49100790098086655,126.19494278525544,59.495742833051935,4934.046390337177,1.2106669939403774,0.5709609280266319,91.26912452384722,30.47798492160711,5889356.237867199,4541326.917595895,62170402.733864605,2550060.2864006967,1202596.6596420894,191205797.00018924,2104201063.5071032
125,2024-07-01,2.796058061498242,2.1560355627001564,29.515233512237103,536.3116601734904,0.49100790098086655,126.19494278525544,59.495742833051935,4934.046390337177,1.2106669939403774,0.5709609280266319,91.26912452384722,30.47798492160711,5889356.237867199,4541326.917595895,62170402.733864605,2550060.2864006967,1202596.6596420894,191205797.00018924,2104201063.5070148
126,2024-07-01,2.796058061498242,2.1560355627001564,29.515233512237103,536.3116601734904,0.49100790098086655,126.19494278525544,59.495742833051935,4934.046390337177,1.2106669939403774,0.5709609280266319,91.26912452384722,30.47798492160711,5889356.237867199,4541326.917595895,62170402.733864605,2550060.2864006967,1202596.6596420894,191205797.00018924,2104201063.5071032
127,2024-07-01,2.796058061498242,2.1560355627001564,29.515233512237103,536.3116601734904,0.49100790098086655,126.19494278525544,59.495742833051935,4934.046390337177,1.2106669939403774,0.5709609280266319,91.26912452384722,30.47798492160711,5889356.237867199,4541326.917595895,62170402.733864605,2550060.2864006967,1202596.6596420894,191205797.00018924,2104201063.5071032
128,2024-07-01,2.796058061498242,2.1560355627001564,29.515233512237103,536.3116601734904,0.49100790098086655,126.19494278525544,59.495742833051935,4934.046390337177,1.2106669939403774,0.5709609280266319,91.26912452384722,30.47798492160711,5889356.237867199,4541326.917595895,62170402.733864605,2550060.2864006967,1202596.6596420894,191205797.00018924,2104201063.5071032
129,2024-07-01,2.796058061498242,2.1560355627001564,29.515233512237103,536.3116601734904,0.49100790098086655,126.19494278525544,59.495742833051935,4934.046390337177,1.2106669939403774,0.5709609280266319,91.26912452384722,30.47798492160711,5889356.237867199,4541326.917595895,62170402.733864605,2550060.2864006967,1202596.6596420894,191205797.00018924,2104201063.5071032
130,2024-07-01,2.796058061498242,2.1560355627001564,29.515233512237103,536.3116601734904,0.49100790098086655,126.19494278525544,59.495742833051935,4934.046390337177,1.2106669939403774,0.5709609280266319,91.26912452384722,30.47798492160711,5889356.237867199,4541326.917595895,62170402.733864605,2550060.2864006967,1202596.6596420894,191205797.00018924,2104201063.5071032
131,2024-07-01,2.796058061498242,2.1560355627001564,29.515233512237103,536.3116601734904,0.49100790098086655,126.19494278525544,59.495742833051935,4934.046390337177,1.2106669939403774,0.5709609280266319,91.26912452384722,30.47798492160711,5889356.237867199,4541326.917595895,62170402.733864605,2550060.2864006967,1202596.6596420894,191205797.00018924,2104201063.5071032
132,2024-07-01,2.796058061498242,2.1560355627001564,29.515233512237103,536.3116601734904,0.49100790098086655,126.19494278525544,59.495742833051935,4934.046390337177,1.2106669939403774,0.5709609280266319,91.26912452384722,30.47798492160711,5889356.237867199,4541326.917595895,62170402.733864605,2550060.2864006967,1202596.6596420894,191205797.00018924,2104201063.5070148
133,2024-07-01,2.796058061498242,2.1560355627001564,29.515233512237103,536.3116601734904,0.49100790098086655,126.19494278525544,59.495742833051935,4934.046390337177,1.2106669939403774,0.5709609280266319,91.26912452384722,30.47798492160711,5889356.237867199,4541326.917595895,62170402.733864605,2550060.2864006967,1202596.6596420894,191205797.00018924,2104201063.5071032
134,2024-07-01,2.796058061498242,2.1560355627001564,29.515233512237103,536.3116601734904,0.49100790098086655,126.19494278525544,59.495742833051935,4934.046390337177,1.2106669939403774,0.5709609280266319,91.26912452384722,30.47798492160711,5889356.237867199,4541326.917595895,62170402.733864605,2550060.2864006967,1202596.6596420894,191205797.00018924,2104201063.5071032
135,2024-07-01,2.796058061498242,2.1560355627001564,29.515233512237103,536.3116601734904,0.49100790098086655,126.19494278525544,59.495742833051935,4934.046390337177,1.2106669939403774,0.5709609280266319,91.26912452384722,30.47798492160711,5889356.237867199,4541326.917595895,62170402.733864605,2550060.2864006967,1202596.6596420894,191205797.00018924,2104201063.5071032
136,2024-07-01,2.796058061498242,2.1560355627001564,29.515233512237103,536.3116601734904,0.49100790098086655,126.19494278525544,59.495742833051935,4934.046390337177,1.2106669939403774,0.5709609280266319,91.26912452384722,30.47798492160711,5889356.237867199,4541326.917595895,62170402.733864605,2550060.2864006967,1202596.6596420894,191205797.00018924,2104201063.5071032
137,2024-07-01,2.796058061498242,2.1560355627001564,29.515233512237103,536.3116601734904,0.49100790098086655,126.19494278525544,59.495742833051935,4934.046390337177,1.2106669939403774,0.5709609280266319,91.26912452384722,30.47798492160711,5889356.237867199,4541326.917595895,62170402.733864605,2550060.2864006967,1202596.6596420894,191205797.00018924,2104201063.5071032
138,2024-07-01,2.796058061498242,2.1560355627001564,29.515233512237103,536.3116601734904,0.49100790098086655,126.19494278525544,59.495742833051935,4934.046390337177,1.2106669939403774,0.5709609280266319,91.26912452384722,30.47798492160711,5889356.237867199,4541326.917595895,62170402.733864605,2550060.2864006967,1202596.6596420894,191205797.00018924,2104201063.5071032
139,2024-07-01,2.796058061498242,2.1560355627001564,29.515233512237103,536.3116601734904,0.49100790098086655,126.19494278525544,59.495742833051935,4934.046390337177,1.2106669939403774,0.5709609280266319,91.26912452384722,30.47798492160711,5889356.237867199,4541326.917595895,62170402.733864605,2550060.2864006967,1202596.6596420894,191205797.00018924,2104201063.5070148
140,2024-08-01,34.211642247339675,1.7414133573695694,54.91769247673068,536.3116601734904,0.49100790098086655,126.19494278525544,59.495742833051935,4934.046390337177,1.020086941303299,0.6369604852123776,89.62041477862209,29.919040850098742,72060253.51431239,3667994.8565316666,115674280.51602197,2148638.77654344,1341617.6906147138,187752136.51771462,2104201063.5071032
141,2024-08-01,34.211642247339675,1.7414133573695694,54.91769247673068,536.3116601734904,0.49100790098086655,126.19494278525544,59.495742833051935,4934.046390337177,1.020086941303299,0.6369604852123776,89.62041477862209,29.919040850098742,72060253.51431239,3667994.8565316666,115674280.51602197,2148638.77654344,1341617.6906147138,187752136.51771462,2104201063.5070148
142,2024-08-01,34.211642247339675,1.7414133573695694,54.91769247673068,536.3116601734904,0.49100790098086655,126.19494278525544,59.495742833051935,4934.046390337177,1.020086941303299,0.6369604852123776,89.62041477862209,29.919040850098742,72060253.51431239,3667994.8565316666,115674280.51602197,2148638.77654344,1341617.6906147138,187752136.51771462,2104201063.5071032
143,2024-08-01,34.211642247339675,1.7414133573695694,54.91769247673068,536.3116601734904,0.49100790098086655,126.19494278525544,59.495742833051935,4934.046390337177,1.020086941303299,0.6369604852123776,89.62041477862209,29.919040850098742,72060253.51431239,3667994.8565316666,115674280.51602197,2148638.77654344,1341617.6906147138,187752136.51771462,2104201063.5071032
144,2024-08-01,34.211642247339675,1.7414133573695694,54.91769247673068,536.3116601734904,0.49100790098086655,126.19494278525544,59.495742833051935,4934.046390337177,1.020086941303299,0.6369604852123776,89.62041477862209,29.919040850098742,72060253.51431239,3667994.8565316666,115674280.51602197,2148638.77654344,1341617.6906147138,187752136.51771462,2104201063.5071032
145,2024-08-01,34.211642247339675,1.7414133573695694,54.91769247673068,536.3116601734904,0.49100790098086655,126.19494278525544,59.495742833051935,4934.046390337177,1.020086941303299,0.6369604852123776,89.62041477862209,29.919040850098742,72060253.51431239,3667994.8565316666,115674280.51602197,2148638.77654344,1341617.6906147138,187752136.51771462,2104201063.5071032
146,2024-08-01,34.211642247339675,1.7414133573695694,54.91769247673068,536.3116601734904,0.49100790098086655,126.19494278525544,59.495742833051935,4934.046390337177,1.020086941303299,0.6369604852123776,89.62041477862209,29.919040850098742,72060253.51431239,3667994.8565316666,115674280.51602197,2148638.77654344,1341617.6906147138,187752136.51771462,2104201063.5071032
147,2024-08-01,34.211642247339675,1.7414133573695694,54.91769247673068,536.3116601734904,0.49100790098086655,126.19494278525544,59.495742833051935,4934.046390337177,1.020086941303299,0.6369604852123776,89.62041477862209,29.919040850098742,72060253.51431239,3667994.8565316666,115674280.51602197,2148638.77654344,1341617.6906147138,187752136.51771462,2104201063.5071032
148,2024-08-01,34.211642247339675,1.7414133573695694,54.91769247673068,536.3116601734904,0.49100790098086655,126.19494278525544,59.495742833051935,4934.046390337177,1.020086941303299,0.6369604852123776,89.62041477862209,29.919040850098742,72060253.51431239,3667994.8565316666,115674280.51602197,2148638.77654344,1341617.6906147138,187752136.51771462,2104201063.5071032
149,2024-08-01,34.211642247339675,1.7414133573695694,54.91769247673068,536.3116601734904,0.49100790098086655,126.19494278525544,59.495742833051935,4934.046390337177,1.020086941303299,0.6369604852123776,89.62041477862209,29.919040850098742,72060253.51431239,3667994.8565316666,115674280.51602197,2148638.77654344,1341617.6906147138,187752136.51771462,2104201063.5071032
150,2024-08-01,34.211642247339675,1.7414133573695694,54.91769247673068,536.3116601734904,0.49100790098086655,126.19494278525544,59.495742833051935,4934.046390337177,1.020086941303299,0.6369604852123776,89.62041477862209,29.919040850098742,72060253.51431239,3667994.8565316666,115674280.51602197,2148638.77654344,1341617.6906147138,187752136.51771462,2104201063.5070148
151,2024-08-01,34.211642247339675,1.7414133573695694,54.91769247673068,536.3116601734904,0.49100790098086655,126.19494278525544,59.495742833051935,4934.046390337177,1.020086941303299,0.6369604852123776,89.62041477862209,29.919040850098742,72060253.51431239,3667994.8565316666,115674280.51602197,2148638.77654344,1341617.6906147138,187752136.51771462,2104201063.5071032
152,2024-08-01,34.211642247339675,1.7414133573695694,54.91769247673068,536.3116601734904,0.49100790098086655,126.19494278525544,59.495742833051935,4934.046390337177,1.020086941303299,0.6369604852123776,89.62041477862209,29.919040850098742,72060253.51431239,3667994.8565316666,115674280.51602197,2148638.77654344,1341617.6906147138,187752136.51771462,2104201063.5071032
153,2024-08-01,34.211642247339675,1.7414133573695694,54.91769247673068,536.3116601734904,0.49100790098086655,126.19494278525544,59.495742833051935,4934.046390337177,1.020086941303299,0.6369604852123776,89.62041477862209,29.919040850098742,72060253.51431239,3667994.8565316666,115674280.51602197,2148638.77654344,1341617.6906147138,187752136.51771462,2104201063.5071032
154,2024-08-01,34.211642247339675,1.7414133573695694,54.91769247673068,536.3116601734904,0.49100790098086655,126.19494278525544,59.495742833051935,4934.046390337177,1.020086941303299,0.6369604852123776,89.62041477862209,29.919040850098742,72060253.51431239,3667994.8565316666,115674280.51602197,2148638.77654344,1341617.6906147138,187752136.51771462,2104201063.5071032
155,2024-08-01,34.211642247339675,1.7414133573695694,54.91769247673068,536.3116601734904,0.49100790098086655,126.19494278525544,59.495742833051935,4934.046390337177,1.020086941303299,0.6369604852123776,89.62041477862209,29.919040850098742,72060253.51431239,3667994.8565316666,115674280.51602197,2148638.77654344,1341617.6906147138,187752136.51771462,2104201063.5071032
156,2024-08-01,34.211642247339675,1.7414133573695694,54.91769247673068,536.3116601734904,0.49100790098086655,126.19494278525544,59.495742833051935,4934.046390337177,1.020086941303299,0.6369604852123776,89.62041477862209,29.919040850098742,72060253.51431239,3667994.8565316666,115674280.51602197,2148638.77654344,1341617.6906147138,187752136.51771462,2104201063.5070148
157,2024-08-01,34.211642247339675,1.7414133573695694,54.91769247673068,536.3116601734904,0.49100790098086655,126.19494278525544,59.495742833051935,4934.046390337177,1.020086941303299,0.6369604852123776,89.62041477862209,29.919040850098742,72060253.51431239,3667994.8565316666,115674280.51602197,2148638.77654344,1341617.6906147138,187752136.51771462,2104201063.5071032
158,2024-08-01,34.211642247339675,1.7414133573695694,54.91769247673068,536.3116601734904,0.49100790098086655,126.19494278525544,59.495742833051935,4934.046390337177,1.020086941303299,0.6369604852123776,89.62041477862209,29.919040850098742,72060253.51431239,3667994.8565316666,115674280.51602197,2148638.77654344,1341617.6906147138,187752136.51771462,2104201063.5071032
159,2024-08-01,34.211642247339675,1.7414133573695694,54.91769247673068,536.3116601734904,0.49100790098086655,126.19494278525544,59.495742833051935,4934.046390337177,1.020086941303299,0.6369604852123776,89.62041477862209,29.919040850098742,72060253.51431239,3667994.8565316666,115674280.51602197,2148638.77654344,1341617.6906147138,187752136.51771462,2104201063.5071032
160,2024-09-01,3.1341532107123844,0.8292444751476146,15.417416858171904,536.3116601734904,0.49100790098086655,126.19494278525544,59.495742833051935,4934.046390337177,0.4791540053928858,0.5495326142343875,87.56498922721481,29.169359952702973,6601536.622072871,1746664.257958509,32474545.419053447,1009254.4998599096,1157460.0960604895,183446096.37272155,2104201063.5071032
161,2024-09-01,3.1341532107123844,0.8292444751476146,15.417416858171904,536.3116601734904,0.49100790098086655,126.19494278525544,59.495742833051935,4934.046390337177,0.4791540053928858,0.5495326142343875,87.56498922721481,29.169359952702973,6601536.622072871,1746664.257958509,32474545.419053447,1009254.4998599096,1157460.0960604895,183446096.37272155,2104201063.5071032
162,2024-09-01,3.1341532107123844,0.8292444751476146,15.417416858171904,536.3116601734904,0.49100790098086655,126.19494278525544,59.495742833051935,4934.046390337177,0.4791540053928858,0.5495326142343875,87.56498922721481,29.169359952702973,6601536.622072871,1746664.257958509,32474545.419053447,1009254.4998599096,1157460.0960604895,183446096.37272155,2104201063.5071032
163,2024-09-01,3.1341532107123844,0.8292444751476146,15.417416858171904,536.3116601734904,0.49100790098086655,126.19494278525544,59.495742833051935,4934.046390337177,0.4791540053928858,0.5495326142343875,87.56498922721481,29.169359952702973,6601536.622072871,1746664.257958509,32474545.419053447,1009254.4998599096,1157460.0960604895,183446096.37272155,2104201063.5071032
164,2024-09-01,3.1341532107123844,0.8292444751476146,15.417416858171904,536.3116601734904,0.49100790098086655,126.19494278525544,59.495742833051935,4934.046390337177,0.4791540053928858,0.5495326142343875,87.56498922721481,29.169359952702973,6601536.622072871,1746664.257958509,32474545.419053447,1009254.4998599096,1157460.0960604895,183446096.37272155,2104201063.5071032
165,2024-09-01,3.1341532107123844,0.8292444751476146,15.417416858171904,536.3116601734904,0.49100790098086655,126.19494278525544,59.495742833051935,4934.046390337177,0.4791540053928858,0.5495326142343875,87.56498922721481,29.169359952702973,6601536.622072871,1746664.257958509,32474545.419053447,1009254.4998599096,1157460.0960604895,183446096.37272155,2104201063.5071032
166,2024-09-01,3.1341532107123844,0.8292444751476146,15.417416858171904,536.3116601734904,0.49100790098086655,126.19494278525544,59.495742833051935,4934.046390337177,0.4791540053928858,0.5495326142343875,87.56498922721481,29.169359952702973,6601536.622072871,1746664.257958509,32474545.419053447,1009254.4998599096,1157460.0960604895,183446096.37272155,2104201063.5071032
167,2024-09-01,3.1341532107123844,0.8292444751476146,15.417416858171904,536.3116601734904,0.49100790098086655,126.19494278525544,59.495742833051935,4934.046390337177,0.4791540053928858,0.5495326142343875,87.56498922721481,29.169359952702973,6601536.622072871,1746664.257958509,32474545.419053447,1009254.4998599096,1157460.0960604895,183446096.37272155,2104201063.5071032
168,2024-09-01,3.1341532107123844,0.8292444751476146,15.417416858171904,536.3116601734904,0.49100790098086655,126.19494278525544,59.495742833051935,4934.046390337177,0.4791540053928858,0.5495326142343875,87.56498922721481,29.169359952702973,6601536.622072871,1746664.257958509,32474545.419053447,1009254.4998599096,1157460.0960604895,183446096.37272155,2104201063.5070148
169,2024-09-01,3.1341532107123844,0.8292444751476146,15.417416858171904,536.3116601734904,0.49100790098086655,126.19494278525544,59.495742833051935,4934.046390337177,0.4791540053928858,0.5495326142343875,87.56498922721481,29.169359952702973,6601536.622072871,1746664.257958509,32474545.419053447,1009254.4998599096,1157460.0960604895,183446096.37272155,2104201063.5071032
170,2024-09-01,3.1341532107123844,0.8292444751476146,15.417416858171904,536.3116601734904,0.49100790098086655,126.19494278525544,59.495742833051935,4934.046390337177,0.4791540053928858,0.5495326142343875,87.56498922721481,29.169359952702973,6601536.622072871,1746664.257958509,32474545.419053447,1009254.4998599096,1157460.0960604895,183446096.37272155,2104201063.5070148
171,2024-09-01,3.1341532107123844,0.8292444751476146,15.417416858171904,536.3116601734904,0.49100790098086655,126.19494278525544,59.495742833051935,4934.046390337177,0.4791540053928858,0.5495326142343875,87.56498922721481,29.169359952702973,6601536.622072871,1746664.257958509,32474545.419053447,1009254.4998599096,1157460.0960604895,183446096.37272155,2104201063.5071032
172,2024-09-01,3.1341532107123844,0.8292444751476146,15.417416858171904,536.3116601734904,0.49100790098086655,126.19494278525544,59.495742833051935,4934.046390337177,0.4791540053928858,0.5495326142343875,87.56498922721481,29.169359952702973,6601536.622072871,1746664.257958509,32474545.419053447,1009254.4998599096,1157460.0960604895,183446096.37272155,2104201063.5070148
173,2024-09-01,3.1341532107123844,0.8292444751476146,15.417416858171904,536.3116601734904,0.49100790098086655,126.19494278525544,59.495742833051935,4934.046390337177,0.4791540053928858,0.5495326142343875,87.56498922721481,29.169359952702973,6601536.622072871,1746664.257958509,32474545.419053447,1009254.4998599096,1157460.0960604895,183446096.37272155,2104201063.5071032
174,2024-09-01,3.1341532107123844,0.8292444751476146,15.417416858171904,536.3116601734904,0.49100790098086655,126.19494278525544,59.495742833051935,4934.046390337177,0.4791540053928858,0.5495326142343875,87.56498922721481,29.169359952702973,6601536.622072871,1746664.257958509,32474545.419053447,1009254.4998599096,1157460.0960604895,183446096.37272155,2104201063.5071032
175,2024-09-01,3.1341532107123844,0.8292444751476146,15.417416858171904,536.3116601734904,0.49100790098086655,126.19494278525544,59.495742833051935,4934.046390337177,0.4791540053928858,0.5495326142343875,87.56498922721481,29.169359952702973,6601536.622072871,1746664.257958509,32474545.419053447,1009254.4998599096,1157460.0960604895,183446096.37272155,2104201063.5071032
176,2024-09-01,3.1341532107123844,0.8292444751476146,15.417416858171904,536.3116601734904,0.49100790098086655,126.19494278525544,59.495742833051935,4934.046390337177,0.4791540053928858,0.5495326142343875,87.56498922721481,29.169359952702973,6601536.622072871,1746664.257958509,32474545.419053447,1009254.4998599096,1157460.0960604895,183446096.37272155,2104201063.5071032
177,2024-09-01,3.1341532107123844,0.8292444751476146,15.417416858171904,536.3116601734904,0.49100790098086655,126.19494278525544,59.495742833051935,4934.046390337177,0.4791540053928858,0.5495326142343875,87.56498922721481,29.169359952702973,6601536.622072871,1746664.257958509,32474545.419053447,1009254.4998599096,1157460.0960604895,183446096.37272155,2104201063.5071032
178,2024-09-01,3.1341532107123844,0.8292444751476146,15.417416858171904,536.3116601734904,0.49100790098086655,126.19494278525544,59.495742833051935,4934.046390337177,0.4791540053928858,0.5495326142343875,87.56498922721481,29.169359952702973,6601536.622072871,1746664.257958509,32474545.419053447,1009254.4998599096,1157460.0960604895,183446096.37272155,2104201063.5071032
179,2024-09-01,3.1341532107123844,0.8292444751476146,15.417416858171904,536.3116601734904,0.49100790098086655,126.19494278525544,59.495742833051935,4934.046390337177,0.4791540053928858,0.5495326142343875,87.56498922721481,29.169359952702973,6601536.622072871,1746664.257958509,32474545.419053447,1009254.4998599096,1157460.0960604895,183446096.37272155,2104201063.5071032
180,2024-10-01,10.308423138396792,0.4146222375738073,19.881741015393647,536.3116601734904,0.49100790098086655,126.19494278525544,59.495742833051935,4934.046390337177,0.17107485372202208,0.5221006406807663,84.05200607237107,28.24748425966883,21713305.066889916,873332.1289792545,41877657.508521296,360339.0995090279,1099678.4751772902,176086568.46455574,2104201063.5071032
181,2024-10-01,10.308423138396792,0.4146222375738073,19.881741015393647,536.3116601734904,0.49100790098086655,126.19494278525544,59.495742833051935,4934.046390337177,0.17107485372202208,0.5221006406807663,84.05200607237107,28.24748425966883,21713305.066889916,873332.1289792545,41877657.508521296,360339.0995090279,1099678.4751772902,176086568.46455574,2104201063.5071032
182,2024-10-01,10.308423138396792,0.4146222375738073,19.881741015393647,536.3116601734904,0.49100790098086655,126.19494278525544,59.495742833051935,4934.046390337177,0.17107485372202208,0.5221006406807663,84.05200607237107,28.24748425966883,21713305.066889916,873332.1289792545,41877657.508521296,360339.0995090279,1099678.4751772902,176086568.46455574,2104201063.5071032
183,2024-10-01,10.308423138396792,0.4146222375738073,19.881741015393647,536.3116601734904,0.49100790098086655,126.19494278525544,59.495742833051935,4934.046390337177,0.17107485372202208,0.5221006406807663,84.05200607237107,28.24748425966883,21713305.066889916,873332.1289792545,41877657.508521296,360339.0995090279,1099678.4751772902,176086568.46455574,2104201063.5071032
184,2024-10-01,10.308423138396792,0.4146222375738073,19.881741015393647,536.3116601734904,0.49100790098086655,126.19494278525544,59.495742833051935,4934.046390337177,0.17107485372202208,0.5221006406807663,84.05200607237107,28.24748425966883,21713305.066889916,873332.1289792545,41877657.508521296,360339.0995090279,1099678.4751772902,176086568.46455574,2104201063.5071032
185,2024-10-01,10.308423138396792,0.4146222375738073,19.881741015393647,536.3116601734904,0.49100790098086655,126.19494278525544,59.495742833051935,4934.046390337177,0.17107485372202208,0.5221006406807663,84.05200607237107,28.24748425966883,21713305.066889916,873332.1289792545,41877657.508521296,360339.0995090279,1099678.4751772902,176086568.46455574,2104201063.5071032
186,2024-10-01,10.308423138396792,0.4146222375738073,19.881741015393647,536.3116601734904,0.49100790098086655,126.19494278525544,59.495742833051935,4934.046390337177,0.17107485372202208,0.5221006406807663,84.05200607237107,28.24748425966883,21713305.066889916,873332.1289792545,41877657.508521296,360339.0995090279,1099678.4751772902,176086568.46455574,2104201063.5070148
187,2024-10-01,10.308423138396792,0.4146222375738073,19.881741015393647,536.3116601734904,0.49100790098086655,126.19494278525544,59.495742833051935,4934.046390337177,0.17107485372202208,0.5221006406807663,84.05200607237107,28.24748425966883,21713305.066889916,873332.1289792545,41877657.508521296,360339.0995090279,1099678.4751772902,176086568.46455574,2104201063.5071032
188,2024-10-01,10.308423138396792,0.4146222375738073,19.881741015393647,536.3116601734904,0.49100790098086655,126.19494278525544,59.495742833051935,4934.046390337177,0.17107485372202208,0.5221006406807663,84.05200607237107,28.24748425966883,21713305.066889916,873332.1289792545,41877657.508521296,360339.0995090279,1099678.4751772902,176086568.46455574,2104201063.5071032
189,2024-10-01,10.308423138396792,0.4146222375738073,19.881741015393647,536.3116601734904,0.49100790098086655,126.19494278525544,59.495742833051935,4934.046390337177,0.17107485372202208,0.5221006406807663,84.05200607237107,28.24748425966883,21713305.066889916,873332.1289792545,41877657.508521296,360339.0995090279,1099678.4751772902,176086568.46455574,2104201063.5071032
190,2024-10-01,10.308423138396792,0.4146222375738073,19.881741015393647,536.3116601734904,0.49100790098086655,126.19494278525544,59.495742833051935,4934.046390337177,0.17107485372202208,0.5221006406807663,84.05200607237107,28.24748425966883,21713305.066889916,873332.1289792545,41877657.508521296,360339.0995090279,1099678.4751772902,176086568.46455574,2104201063.5070148
191,2024-10-01,10.308423138396792,0.4146222375738073,19.881741015393647,536.3116601734904,0.49100790098086655,126.19494278525544,59.495742833051935,4934.046390337177,0.17107485372202208,0.5221006406807663,84.05200607237107,28.24748425966883,21713305.066889916,873332.1289792545,41877657.508521296,360339.0995090279,1099678.4751772902,176086568.46455574,2104201063.5071032
192,2024-10-01,10.308423138396792,0.4146222375738073,19.881741015393647,536.3116601734904,0.49100790098086655,126.19494278525544,59.495742833051935,4934.046390337177,0.17107485372202208,0.5221006406807663,84.05200607237107,28.24748425966883,21713305.066889916,873332.1289792545,41877657.508521296,360339.0995090279,1099678.4751772902,176086568.46455574,2104201063.5071032
193,2024-10-01,10.308423138396792,0.4146222375738073,19.881741015393647,536.3116601734904,0.49100790098086655,126.19494278525544,59.495742833051935,4934.046390337177,0.17107485372202208,0.5221006406807663,84.05200607237107,28.24748425966883,21713305.066889916,873332.1289792545,41877657.508521296,360339.0995090279,1099678.4751772902,176086568.46455574,2104201063.5071032
194,2024-10-01,10.308423138396792,0.4146222375738073,19.881741015393647,536.3116601734904,0.49100790098086655,126.19494278525544,59.495742833051935,4934.046390337177,0.17107485372202208,0.5221006406807663,84.05200607237107,28.24748425966883,21713305.066889916,873332.1289792545,41877657.508521296,360339.0995090279,1099678.4751772902,176086568.46455574,2104201063.5071032
195,2024-10-01,10.308423138396792,0.4146222375738073,19.881741015393647,536.3116601734904,0.49100790098086655,126.19494278525544,59.495742833051935,4934.046390337177,0.17107485372202208,0.5221006406807663,84.05200607237107,28.24748425966883,21713305.066889916,873332.1289792545,41877657.508521296,360339.0995090279,1099678.4751772902,176086568.46455574,2104201063.5070148
196,2024-10-01,10.308423138396792,0.4146222375738073,19.881741015393647,536.3116601734904,0.49100790098086655,126.19494278525544,59.495742833051935,4934.046390337177,0.17107485372202208,0.5221006406807663,84.05200607237107,28.24748425966883,21713305.066889916,873332.1289792545,41877657.508521296,360339.0995090279,1099678.4751772902,176086568.46455574,2104201063.5071032
197,2024-10-01,10.308423138396792,0.4146222375738073,19.881741015393647,536.3116601734904,0.49100790098086655,126.19494278525544,59.495742833051935,4934.046390337177,0.17107485372202208,0.5221006406807663,84.05200607237107,28.24748425966883,21713305.066889916,873332.1289792545,41877657.508521296,360339.0995090279,1099678.4751772902,176086568.46455574,2104201063.5071032
198,2024-10-01,10.308423138396792,0.4146222375738073,19.881741015393647,536.3116601734904,0.49100790098086655,126.19494278525544,59.495742833051935,4934.046390337177,0.17107485372202208,0.5221006406807663,84.05200607237107,28.24748425966883,21713305.066889916,873332.1289792545,41877657.508521296,360339.0995090279,1099678.4751772902,176086568.46455574,2104201063.5071032
199,2024-10-01,10.308423138396792,0.4146222375738073,19.881741015393647,536.3116601734904,0.49100790098086655,126.19494278525544,59.495742833051935,4934.046390337177,0.17107485372202208,0.5221006406807663,84.05200607237107,28.24748425966883,21713305.066889916,873332.1289792545,41877657.508521296,360339.0995090279,1099678.4751772902,176086568.46455574,2104201063.5071032
200,2024-11-01,23.24826572732267,0.0,5.8015192541910805,536.3116601734904,0.49100790098086655,126.19494278525544,59.495742833051935,4934.046390337177,0.20825971715180122,1.765720542627213,99.620038260572,36.50985270822796,48968322.77016113,0.0,12220005.729666453,438660.8827077822,3719261.787915792,208701690.29094958,2104201063.5071032
201,2024-11-01,23.24826572732267,0.0,5.8015192541910805,536.3116601734904,0.49100790098086655,126.19494278525544,59.495742833051935,4934.046390337177,0.20825971715180122,1.765720542627213,99.620038260572,36.50985270822796,48968322.77016113,0.0,12220005.729666453,438660.8827077822,3719261.787915792,208701690.29094958,2104201063.5071032
202,2024-11-01,23.24826572732267,0.0,5.8015192541910805,536.3116601734904,0.49100790098086655,126.19494278525544,59.495742833051935,4934.046390337177,0.20825971715180122,1.765720542627213,99.620038260572,36.50985270822796,48968322.77016113,0.0,12220005.729666453,438660.8827077822,3719261.787915792,208701690.29094958,2104201063.5071032
203,2024-11-01,23.24826572732267,0.0,5.8015192541910805,536.3116601734904,0.49100790098086655,126.19494278525544,59.495742833051935,4934.046390337177,0.20825971715180122,1.765720542627213,99.620038260572,36.50985270822796,48968322.77016113,0.0,12220005.729666453,438660.8827077822,3719261.787915792,208701690.29094958,2104201063.5071032
204,2024-11-01,23.24826572732267,0.0,5.8015192541910805,536.3116601734904,0.49100790098086655,126.19494278525544,59.495742833051935,4934.046390337177,0.20825971715180122,1.765720542627213,99.620038260572,36.50985270822796,48968322.77016113,0.0,12220005.729666453,438660.8827077822,3719261.787915792,208701690.29094958,2104201063.5071032
205,2024-11-01,23.24826572732267,0.0,5.8015192541910805,536.3116601734904,0.49100790098086655,126.19494278525544,59.495742833051935,4934.046390337177,0.20825971715180122,1.765720542627213,99.620038260572,36.50985270822796,48968322.77016113,0.0,12220005.729666453,438660.8827077822,3719261.787915792,208701690.29094958,2104201063.5071032
206,2024-11-01,23.24826572732267,0.0,5.8015192541910805,536.3116601734904,0.49100790098086655,126.19494278525544,59.495742833051935,4934.046390337177,0.20825971715180122,1.765720542627213,99.620038260572,36.50985270822796,48968322.77016113,0.0,12220005.729666453,438660.8827077822,3719261.787915792,208701690.29094958,2104201063.5071032
207,2024-11-01,23.24826572732267,0.0,5.8015192541910805,536.3116601734904,0.49100790098086655,126.19494278525544,59.495742833051935,4934.046390337177,0.20825971715180122,1.765720542627213,99.620038260572,36.50985270822796,48968322.77016113,0.0,12220005.729666453,438660.8827077822,3719261.787915792,208701690.29094958,2104201063.5071032
208,2024-11-01,23.24826572732267,0.0,5.8015192541910805,536.3116601734904,0.49100790098086655,126.19494278525544,59.495742833051935,4934.046390337177,0.20825971715180122,1.765720542627213,99.620038260572,36.50985270822796,48968322.77016113,0.0,12220005.729666453,438660.8827077822,3719261.787915792,208701690.29094958,2104201063.5071032
209,2024-11-01,23.24826572732267,0.0,5.8015192541910805,536.3116601734904,0.49100790098086655,126.19494278525544,59.495742833051935,4934.046390337177,0.20825971715180122,1.765720542627213,99.620038260572,36.50985270822796,48968322.77016113,0.0,12220005.729666453,438660.8827077822,3719261.787915792,208701690.29094958,2104201063.5071032
210,2024-11-01,23.24826572732267,0.0,5.8015192541910805,536.3116601734904,0.49100790098086655,126.19494278525544,59.495742833051935,4934.046390337177,0.20825971715180122,1.765720542627213,99.620038260572,36.50985270822796,48968322.77016113,0.0,12220005.729666453,438660.8827077822,3719261.787915792,208701690.29094958,2104201063.5070148
211,2024-11-01,23.24826572732267,0.0,5.8015192541910805,536.3116601734904,0.49100790098086655,126.19494278525544,59.495742833051935,4934.046390337177,0.20825971715180122,1.765720542627213,99.620038260572,36.50985270822796,48968322.77016113,0.0,12220005.729666453,438660.8827077822,3719261.787915792,208701690.29094958,2104201063.5071032
212,2024-11-01,23.24826572732267,0.0,5.8015192541910805,536.3116601734904,0.49100790098086655,126.19494278525544,59.495742833051935,4934.046390337177,0.20825971715180122,1.765720542627213,99.620038260572,36.50985270822796,48968322.77016113,0.0,12220005.729666453,438660.8827077822,3719261.787915792,208701690.29094958,2104201063.5071032
213,2024-11-01,23.24826572732267,0.0,5.8015192541910805,536.3116601734904,0.49100790098086655,126.19494278525544,59.495742833051935,4934.046390337177,0.20825971715180122,1.765720542627213,99.620038260572,36.50985270822796,48968322.77016113,0.0,12220005.729666453,438660.8827077822,3719261.787915792,208701690.29094958,2104201063.5071032
214,2024-11-01,23.24826572732267,0.0,5.8015192541910805,536.3116601734904,0.49100790098086655,126.19494278525544,59.495742833051935,4934.046390337177,0.20825971715180122,1.765720542627213,99.620038260572,36.50985270822796,48968322.77016113,0.0,12220005.729666453,438660.8827077822,3719261.787915792,208701690.29094958,2104201063.5071032
215,2024-11-01,23.24826572732267,0.0,5.8015192541910805,536.3116601734904,0.49100790098086655,126.19494278525544,59.495742833051935,4934.046390337177,0.20825971715180122,1.765720542627213,99.620038260572,36.50985270822796,48968322.77016113,0.0,12220005.729666453,438660.8827077822,3719261.787915792,208701690.29094958,2104201063.5071032
216,2024-11-01,23.24826572732267,0.0,5.8015192541910805,536.3116601734904,0.49100790098086655,126.19494278525544,59.495742833051935,4934.046390337177,0.20825971715180122,1.765720542627213,99.620038260572,36.50985270822796,48968322.77016113,0.0,12220005.729666453,438660.8827077822,3719261.787915792,208701690.29094958,2104201063.5071032
217,2024-11-01,23.24826572732267,0.0,5.8015192541910805,536.3116601734904,0.49100790098086655,126.19494278525544,59.495742833051935,4934.046390337177,0.20825971715180122,1.765720542627213,99.620038260572,36.50985270822796,48968322.77016113,0.0,12220005.729666453,438660.8827077822,3719261.787915792,208701690.29094958,2104201063.5070148
218,2024-11-01,23.24826572732267,0.0,5.8015192541910805,536.3116601734904,0.49100790098086655,126.19494278525544,59.495742833051935,4934.046390337177,0.20825971715180122,1.765720542627213,99.620038260572,36.50985270822796,48968322.77016113,0.0,12220005.729666453,438660.8827077822,3719261.787915792,208701690.29094958,2104201063.5071032
219,2024-11-01,23.24826572732267,0.0,5.8015192541910805,536.3116601734904,0.49100790098086655,126.19494278525544,59.495742833051935,4934.046390337177,0.20825971715180122,1.765720542627213,99.620038260572,36.50985270822796,48968322.77016113,0.0,12220005.729666453,438660.8827077822,3719261.787915792,208701690.29094958,2104201063.5070148
220,2024-12-01,32.5355765307569,0.0,9.90031360922504,536.3116601734904,0.49100790098086655,126.19494278525544,59.495742833051935,4934.046390337177,1.5315135907397477,4.279934469388405,116.46053405429825,44.94533988793529,68529727.2469121,0.0,20853194.789717898,3225911.8583668116,9014841.613011762,243982280.8628686,2104201063.5071032
221,2024-12-01,32.5355765307569,0.0,9.90031360922504,536.3116601734904,0.49100790098086655,126.19494278525544,59.495742833051935,4934.046390337177,1.5315135907397477,4.279934469388405,116.46053405429825,44.94533988793529,68529727.2469121,0.0,20853194.789717898,3225911.8583668116,9014841.613011762,243982280.8628686,2104201063.5071032
222,2024-12-01,32.5355765307569,0.0,9.90031360922504,536.3116601734904,0.49100790098086655,126.19494278525544,59.495742833051935,4934.046390337177,1.5315135907397477,4.279934469388405,116.46053405429825,44.94533988793529,68529727.2469121,0.0,20853194.789717898,3225911.8583668116,9014841.613011762,243982280.8628686,2104201063.5071032
223,2024-12-01,32.5355765307569,0.0,9.90031360922504,536.3116601734904,0.49100790098086655,126.19494278525544,59.495742833051935,4934.046390337177,1.5315135907397477,4.279934469388405,116.46053405429825,44.94533988793529,68529727.2469121,0.0,20853194.789717898,3225911.8583668116,9014841.613011762,243982280.8628686,2104201063.5071032
224,2024-12-01,32.5355765307569,0.0,9.90031360922504,536.3116601734904,0.49100790098086655,126.19494278525544,59.495742833051935,4934.046390337177,1.5315135907397477,4.279934469388405,116.46053405429825,44.94533988793529,68529727.2469121,0.0,20853194.789717898,3225911.8583668116,9014841.613011762,243982280.8628686,2104201063.5071032
225,2024-12-01,32.5355765307569,0.0,9.90031360922504,536.3116601734904,0.49100790098086655,126.19494278525544,59.495742833051935,4934.046390337177,1.5315135907397477,4.279934469388405,116.46053405429825,44.94533988793529,68529727.2469121,0.0,20853194.789717898,3225911.8583668116,9014841.613011762,243982280.8628686,2104201063.5071032
226,2024-12-01,32.5355765307569,0.0,9.90031360922504,536.3116601734904,0.49100790098086655,126.19494278525544,59.495742833051935,4934.046390337177,1.5315135907397477,4.279934469388405,116.46053405429825,44.94533988793529,68529727.2469121,0.0,20853194.789717898,3225911.8583668116,9014841.613011762,243982280.8628686,2104201063.5071032
227,2024-12-01,32.5355765307569,0.0,9.90031360922504,536.3116601734904,0.49100790098086655,126.19494278525544,59.495742833051935,4934.046390337177,1.5315135907397477,4.279934469388405,116.46053405429825,44.94533988793529,68529727.2469121,0.0,20853194.789717898,3225911.8583668116,9014841.613011762,243982280.8628686,2104201063.5071032
228,2024-12-01,32.5355765307569,0.0,9.90031360922504,536.3116601734904,0.49100790098086655,126.19494278525544,59.495742833051935,4934.046390337177,1.5315135907397477,4.279934469388405,116.46053405429825,44.94533988793529,68529727.2469121,0.0,20853194.789717898,3225911.8583668116,9014841.613011762,243982280.8628686,2104201063.5071032
229,2024-12-01,32.5355765307569,0.0,9.90031360922504,536.3116601734904,0.49100790098086655,126.19494278525544,59.495742833051935,4934.046390337177,1.5315135907397477,4.279934469388405,116.46053405429825,44.94533988793529,68529727.2469121,0.0,20853194.789717898,3225911.8583668116,9014841.613011762,243982280.8628686,2104201063.5071032
230,2024-12-01,32.5355765307569,0.0,9.90031360922504,536.3116601734904,0.49100790098086655,126.19494278525544,59.495742833051935,4934.046390337177,1.5315135907397477,4.279934469388405,116.46053405429825,44.94533988793529,68529727.2469121,0.0,20853194.789717898,3225911.8583668116,9014841.613011762,243982280.8628686,2104201063.5071032
231,2024-12-01,32.5355765307569,0.0,9.90031360922504,536.3116601734904,0.49100790098086655,126.19494278525544,59.495742833051935,4934.046390337177,1.5315135907397477,4.279934469388405,116.46053405429825,44.94533988793529,68529727.2469121,0.0,20853194.789717898,3225911.8583668116,9014841.613011762,243982280.8628686,2104201063.5071032
232,2024-12-01,32.5355765307569,0.0,9.90031360922504,536.3116601734904,0.49100790098086655,126.19494278525544,59.495742833051935,4934.046390337177,1.5315135907397477,4.279934469388405,116.46053405429825,44.94533988793529,68529727.2469121,0.0,20853194.789717898,3225911.8583668116,9014841.613011762,243982280.8628686,2104201063.5071032
233,2024-12-01,32.5355765307569,0.0,9.90031360922504,536.3116601734904,0.49100790098086655,126.19494278525544,59.495742833051935,4934.046390337177,1.5315135907397477,4.279934469388405,116.46053405429825,44.94533988793529,68529727.2469121,0.0,20853194.789717898,3225911.8583668116,9014841.613011762,243982280.8628686,2104201063.5071032
234,2024-12-01,32.5355765307569,0.0,9.90031360922504,536.3116601734904,0.49100790098086655,126.19494278525544,59.495742833051935,4934.046390337177,1.5315135907397477,4.279934469388405,116.46053405429825,44.94533988793529,68529727.2469121,0.0,20853194.789717898,3225911.8583668116,9014841.613011762,243982280.8628686,2104201063.5070148
235,2024-12-01,32.5355765307569,0.0,9.90031360922504,536.3116601734904,0.49100790098086655,126.19494278525544,59.495742833051935,4934.046390337177,1.5315135907397477,4.279934469388405,116.46053405429825,44.94533988793529,68529727.2469121,0.0,20853194.789717898,3225911.8583668116,9014841.613011762,243982280.8628686,2104201063.5070148
236,2024-12-01,32.5355765307569,0.0,9.90031360922504,536.3116601734904,0.49100790098086655,126.19494278525544,59.495742833051935,4934.046390337177,1.5315135907397477,4.279934469388405,116.46053405429825,44.94533988793529,68529727.2469121,0.0,20853194.789717898,3225911.8583668116,9014841.613011762,243982280.8628686,2104201063.5070148
237,2024-12-01,32.5355765307569,0.0,9.90031360922504,536.3116601734904,0.49100790098086655,126.19494278525544,59.495742833051935,4934.046390337177,1.5315135907397477,4.279934469388405,116.46053405429825,44.94533988793529,68529727.2469121,0.0,20853194.789717898,3225911.8583668116,9014841.613011762,243982280.8628686,2104201063.5071032
238,2024-12-01,32.5355765307569,0.0,9.90031360922504,536.3116601734904,0.49100790098086655,126.19494278525544,59.495742833051935,4934.046390337177,1.5315135907397477,4.279934469388405,116.46053405429825,44.94533988793529,68529727.2469121,0.0,20853194.789717898,3225911.8583668116,9014841.613011762,243982280.8628686,2104201063.5071032
239,2024-12-01,32.5355765307569,0.0,9.90031360922504,536.3116601734904,0.49100790098086655,126.19494278525544,59.495742833051935,4934.046390337177,1.5315135907397477,4.279934469388405,116.46053405429825,44.94533988793529,68529727.2469121,0.0,20853194.789717898,3225911.8583668116,9014841.613011762,243982280.8628686,2104201063.5071032
