,Date,precip_and_snowmelt_input_San Pitch_mean,irrigation_San Pitch_mean,AET_San Pitch_mean,soil_thickness_San Pitch_mean,soil_porosity_San Pitch_mean,field_capacity_San Pitch_mean,wilting_point_San Pitch_mean,Geo_K_San Pitch_mean,Runoff_San Pitch_mean,Recharge_San Pitch_mean,Soil_Water_End_Of_Previous_Timestep_San Pitch_mean,Soil_Saturation_Percent_End_Of_Timestep_San Pitch_mean,precip_and_snowmelt_input_m3_San Pitch_sum,irrigation_m3_San Pitch_sum,AET_m3_San Pitch_sum,Runoff_m3_San Pitch_sum,Recharge_m3_San Pitch_sum,Soil_Water_End_Of_Previous_Timestep_m3_San Pitch_sum,San Pitch_area_m2
0,2024-01-01,53.78873864972161,0.0,7.667689975364793,468.630507449782,0.5266698599211845,110.75486627026388,65.32576035273178,11767.243643347565,1.098662285556632,29.14797381531658,114.00153648984698,46.05623402320001,119826638.30804527,0.0,17081266.453317657,2447449.9295754554,64934093.645063385,253962665.4272802,2227751045.987718
1,2024-01-01,53.78873864972161,0.0,7.667689975364793,468.630507449782,0.5266698599211845,110.75486627026388,65.32576035273178,11767.243643347565,1.098662285556632,29.14797381531658,114.00153648984698,46.05623402320001,119826638.30804527,0.0,17081266.453317657,2447449.9295754554,64934093.645063385,253962665.4272802,2227751045.987718
2,2024-01-01,53.78873864972161,0.0,7.667689975364793,468.630507449782,0.5266698599211845,110.75486627026388,65.32576035273178,11767.243643347565,1.098662285556632,29.14797381531658,114.00153648984698,46.05623402320001,119826638.30804527,0.0,17081266.453317657,2447449.9295754554,64934093.645063385,253962665.4272802,2227751045.987718
3,2024-01-01,53.78873864972161,0.0,7.667689975364793,468.630507449782,0.5266698599211845,110.75486627026388,65.32576035273178,11767.243643347565,1.098662285556632,29.14797381531658,114.00153648984698,46.05623402320001,119826638.30804527,0.0,17081266.453317657,2447449.9295754554,64934093.645063385,253962665.4272802,2227751045.987718
4,2024-01-01,53.78873864972161,0.0,7.667689975364793,468.630507449782,0.5266698599211845,110.75486627026388,65.32576035273178,11767.243643347565,1.098662285556632,29.14797381531658,114.00153648984698,46.05623402320001,119826638.30804527,0.0,17081266.453317657,2447449.9295754554,64934093.645063385,253962665.4272802,2227751045.987718
5,2024-01-01,53.78873864972161,0.0,7.667689975364793,468.630507449782,0.5266698599211845,110.75486627026388,65.32576035273178,11767.243643347565,1.098662285556632,29.14797381531658,114.00153648984698,46.05623402320001,119826638.30804527,0.0,17081266.453317657,2447449.9295754554,64934093.645063385,253962665.4272802,2227751045.986012
6,2024-01-01,53.78873864972161,0.0,7.667689975364793,468.630507449782,0.5266698599211845,110.75486627026388,65.32576035273178,11767.243643347565,1.098662285556632,29.14797381531658,114.00153648984698,46.05623402320001,119826638.30804527,0.0,17081266.453317657,2447449.9295754554,64934093.645063385,253962665.4272802,2227751045.987718
7,2024-01-01,53.78873864972161,0.0,7.667689975364793,468.630507449782,0.5266698599211845,110.75486627026388,65.32576035273178,11767.243643347565,1.098662285556632,29.14797381531658,114.00153648984698,46.05623402320001,119826638.30804527,0.0,17081266.453317657,2447449.9295754554,64934093.645063385,253962665.4272802,2227751045.987718
8,2024-01-01,53.78873864972161,0.0,7.667689975364793,468.630507449782,0.5266698599211845,110.75486627026388,65.32576035273178,11767.243643347565,1.098662285556632,29.14797381531658,114.00153648984698,46.05623402320001,119826638.30804527,0.0,17081266.453317657,2447449.9295754554,64934093.645063385,253962665.4272802,2227751045.987718
9,2024-01-01,53.78873864972161,0.0,7.667689975364793,468.630507449782,0.5266698599211845,110.75486627026388,65.32576035273178,11767.243643347565,1.098662285556632,29.14797381531658,114.00153648984698,46.05623402320001,119826638.30804527,0.0,17081266.453317657,2447449.9295754554,64934093.645063385,253962665.4272802,2227751045.987718
10,2024-01-01,53.78873864972161,0.0,7.667689975364793,468.630507449782,0.5266698599211845,110.75486627026388,65.32576035273178,11767.243643347565,1.098662285556632,29.14797381531658,114.00153648984698,46.05623402320001,119826638.30804527,0.0,17081266.453317657,2447449.9295754554,64934093.645063385,253962665.4272802,2227751045.987718
11,2024-01-01,53.78873864972161,0.0,7.667689975364793,468.630507449782,0.5266698599211845,110.75486627026388,65.32576035273178,11767.243643347565,1.098662285556632,29.14797381531658,114.00153648984698,46.05623402320001,119826638.30804527,0.0,17081266.453317657,2447449.9295754554,64934093.645063385,253962665.4272802,2227751045.987718
12,2024-01-01,53.78873864972161,0.0,7.667689975364793,468.630507449782,0.5266698599211845,110.75486627026388,65.32576035273178,11767.243643347565,1.098662285556632,29.14797381531658,114.00153648984698,46.05623402320001,119826638.30804527,0.0,17081266.453317657,2447449.9295754554,64934093.645063385,253962665.4272802,2227751045.987718
13,2024-01-01,53.78873864972161,0.0,7.667689975364793,468.630507449782,0.5266698599211845,110.75486627026388,65.32576035273178,11767.243643347565,1.098662285556632,29.14797381531658,114.00153648984698,46.05623402320001,119826638.30804527,0.0,17081266.453317657,2447449.9295754554,64934093.645063385,253962665.4272802,2227751045.986012
14,2024-01-01,53.78873864972161,0.0,7.667689975364793,468.630507449782,0.5266698599211845,110.75486627026388,65.32576035273178,11767.243643347565,1.098662285556632,29.14797381531658,114.00153648984698,46.05623402320001,119826638.30804527,0.0,17081266.453317657,2447449.9295754554,64934093.645063385,253962665.4272802,2227751045.987718
15,2024-01-01,53.78873864972161,0.0,7.667689975364793,468.630507449782,0.5266698599211845,110.75486627026388,65.32576035273178,11767.243643347565,1.098662285556632,29.14797381531658,114.00153648984698,46.05623402320001,119826638.30804527,0.0,17081266.453317657,2447449.9295754554,64934093.645063385,253962665.4272802,2227751045.987718
16,2024-01-01,53.78873864972161,0.0,7.667689975364793,468.630507449782,0.5266698599211845,110.75486627026388,65.32576035273178,11767.243643347565,1.098662285556632,29.14797381531658,114.00153648984698,46.05623402320001,119826638.30804527,0.0,17081266.453317657,2447449.9295754554,64934093.645063385,253962665.4272802,2227751045.987718
17,2024-01-01,53.78873864972161,0.0,7.667689975364793,468.630507449782,0.5266698599211845,110.75486627026388,65.32576035273178,11767.243643347565,1.098662285556632,29.14797381531658,114.00153648984698,46.05623402320001,119826638.30804527,0.0,17081266.453317657,2447449.9295754554,64934093.645063385,253962665.4272802,2227751045.987718
18,2024-01-01,53.78873864972161,0.0,7.667689975364793,468.630507449782,0.5266698599211845,110.75486627026388,65.32576035273178,11767.243643347565,1.098662285556632,29.14797381531658,114.00153648984698,46.05623402320001,119826638.30804527,0.0,17081266.453317657,2447449.9295754554,64934093.645063385,253962665.4272802,2227751045.987718
19,2024-01-01,53.78873864972161,0.0,7.667689975364793,468.630507449782,0.5266698599211845,110.75486627026388,65.32576035273178,11767.243643347565,1.098662285556632,29.14797381531658,114.00153648984698,46.05623402320001,119826638.30804527,0.0,17081266.453317657,2447449.9295754554,64934093.645063385,253962665.4272802,2227751045.986012
20,2024-02-01,76.14367245453433,0.0,14.976615501231763,468.630507449782,0.5266698599211845,110.75486627026388,65.32576035273178,11767.243643347565,3.38970106304948,44.7823220305778,126.99657034952232,51.81951771476745,169626506.4617418,0.0,33363327.621333327,7551234.570414471,99762554.37910171,282912055.3181725,2227751045.987718
21,2024-02-01,76.14367245453433,0.0,14.976615501231763,468.630507449782,0.5266698599211845,110.75486627026388,65.32576035273178,11767.243643347565,3.38970106304948,44.7823220305778,126.99657034952232,51.81951771476745,169626506.4617418,0.0,33363327.621333327,7551234.570414471,99762554.37910171,282912055.3181725,2227751045.987718
22,2024-02-01,76.14367245453433,0.0,14.976615501231763,468.630507449782,0.5266698599211845,110.75486627026388,65.32576035273178,11767.243643347565,3.38970106304948,44.7823220305778,126.99657034952232,51.81951771476745,169626506.4617418,0.0,33363327.621333327,7551234.570414471,99762554.37910171,282912055.3181725,2227751045.987718
23,2024-02-01,76.14367245453433,0.0,14.976615501231763,468.630507449782,0.5266698599211845,110.75486627026388,65.32576035273178,11767.243643347565,3.38970106304948,44.7823220305778,126.99657034952232,51.81951771476745,169626506.4617418,0.0,33363327.621333327,7551234.570414471,99762554.37910171,282912055.3181725,2227751045.987718
24,2024-02-01,76.14367245453433,0.0,14.976615501231763,468.630507449782,0.5266698599211845,110.75486627026388,65.32576035273178,11767.243643347565,3.38970106304948,44.7823220305778,126.99657034952232,51.81951771476745,169626506.4617418,0.0,33363327.621333327,7551234.570414471,99762554.37910171,282912055.3181725,2227751045.987718
25,2024-02-01,76.14367245453433,0.0,14.976615501231763,468.630507449782,0.5266698599211845,110.75486627026388,65.32576035273178,11767.243643347565,3.38970106304948,44.7823220305778,126.99657034952232,51.81951771476745,169626506.4617418,0.0,33363327.621333327,7551234.570414471,99762554.37910171,282912055.3181725,2227751045.987718
26,2024-02-01,76.14367245453433,0.0,14.976615501231763,468.630507449782,0.5266698599211845,110.75486627026388,65.32576035273178,11767.243643347565,3.38970106304948,44.7823220305778,126.99657034952232,51.81951771476745,169626506.4617418,0.0,33363327.621333327,7551234.570414471,99762554.37910171,282912055.3181725,2227751045.987718
27,2024-02-01,76.14367245453433,0.0,14.976615501231763,468.630507449782,0.5266698599211845,110.75486627026388,65.32576035273178,11767.243643347565,3.38970106304948,44.7823220305778,126.99657034952232,51.81951771476745,169626506.4617418,0.0,33363327.621333327,7551234.570414471,99762554.37910171,282912055.3181725,2227751045.986012
28,2024-02-01,76.14367245453433,0.0,14.976615501231763,468.630507449782,0.5266698599211845,110.75486627026388,65.32576035273178,11767.243643347565,3.38970106304948,44.7823220305778,126.99657034952232,51.81951771476745,169626506.4617418,0.0,33363327.621333327,7551234.570414471,99762554.37910171,282912055.3181725,2227751045.986012
29,2024-02-01,76.14367245453433,0.0,14.976615501231763,468.630507449782,0.5266698599211845,110.75486627026388,65.32576035273178,11767.243643347565,3.38970106304948,44.7823220305778,126.99657034952232,51.81951771476745,169626506.4617418,0.0,33363327.621333327,7551234.570414471,99762554.37910171,282912055.3181725,2227751045.986012
30,2024-02-01,76.14367245453433,0.0,14.976615501231763,468.630507449782,0.5266698599211845,110.75486627026388,65.32576035273178,11767.243643347565,3.38970106304948,44.7823220305778,126.99657034952232,51.81951771476745,169626506.4617418,0.0,33363327.621333327,7551234.570414471,99762554.37910171,282912055.3181725,2227751045.987718
31,2024-02-01,76.14367245453433,0.0,14.976615501231763,468.630507449782,0.5266698599211845,110.75486627026388,65.32576035273178,11767.243643347565,3.38970106304948,44.7823220305778,126.99657034952232,51.81951771476745,169626506.4617418,0.0,33363327.621333327,7551234.570414471,99762554.37910171,282912055.3181725,2227751045.987718
32,2024-02-01,76.14367245453433,0.0,14.976615501231763,468.630507449782,0.5266698599211845,110.75486627026388,65.32576035273178,11767.243643347565,3.38970106304948,44.7823220305778,126.99657034952232,51.81951771476745,169626506.4617418,0.0,33363327.621333327,7551234.570414471,99762554.37910171,282912055.3181725,2227751045.987718
33,2024-02-01,76.14367245453433,0.0,14.976615501231763,468.630507449782,0.5266698599211845,110.75486627026388,65.32576035273178,11767.243643347565,3.38970106304948,44.7823220305778,126.99657034952232,51.81951771476745,169626506.4617418,0.0,33363327.621333327,7551234.570414471,99762554.37910171,282912055.3181725,2227751045.987718
34,2024-02-01,76.14367245453433,0.0,14.976615501231763,468.630507449782,0.5266698599211845,110.75486627026388,65.32576035273178,11767.243643347565,3.38970106304948,44.7823220305778,126.99657034952232,51.81951771476745,169626506.4617418,0.0,33363327.621333327,7551234.570414471,99762554.37910171,282912055.3181725,2227751045.987718
35,2024-02-01,76.14367245453433,0.0,14.976615501231763,468.630507449782,0.5266698599211845,110.75486627026388,65.32576035273178,11767.243643347565,3.38970106304948,44.7823220305778,126.99657034952232,51.81951771476745,169626506.4617418,0.0,33363327.621333327,7551234.570414471,99762554.37910171,282912055.3181725,2227751045.987718
36,2024-02-01,76.14367245453433,0.0,14.976615501231763,468.630507449782,0.5266698599211845,110.75486627026388,65.32576035273178,11767.243643347565,3.38970106304948,44.7823220305778,126.99657034952232,51.81951771476745,169626506.4617418,0.0,33363327.621333327,7551234.570414471,99762554.37910171,282912055.3181725,2227751045.987718
37,2024-02-01,76.14367245453433,0.0,14.976615501231763,468.630507449782,0.5266698599211845,110.75486627026388,65.32576035273178,11767.243643347565,3.38970106304948,44.7823220305778,126.99657034952232,51.81951771476745,169626506.4617418,0.0,33363327.621333327,7551234.570414471,99762554.37910171,282912055.3181725,2227751045.987718
38,2024-02-01,76.14367245453433,0.0,14.976615501231763,468.630507449782,0.5266698599211845,110.75486627026388,65.32576035273178,11767.243643347565,3.38970106304948,44.7823220305778,126.99657034952232,51.81951771476745,169626506.4617418,0.0,33363327.621333327,7551234.570414471,99762554.37910171,282912055.3181725,2227751045.987718
39,2024-02-01,76.14367245453433,0.0,14.976615501231763,468.630507449782,0.5266698599211845,110.75486627026388,65.32576035273178,11767.243643347565,3.38970106304948,44.7823220305778,126.99657034952232,51.81951771476745,169626506.4617418,0.0,33363327.621333327,7551234.570414471,99762554.37910171,282912055.3181725,2227751045.987718
40,2024-03-01,111.84759253874378,0.0,24.269963994693953,468.630507449782,0.5266698599211845,110.75486627026388,65.32576035273178,11767.243643347565,8.756048371993572,58.227258069307545,147.590892452271,61.659893031645325,249163823.35882762,0.0,54066379.957850955,19505930.411362365,129713691.81518441,328789876.4926023,2227751045.987718
41,2024-03-01,111.84759253874378,0.0,24.269963994693953,468.630507449782,0.5266698599211845,110.75486627026388,65.32576035273178,11767.243643347565,8.756048371993572,58.227258069307545,147.590892452271,61.659893031645325,249163823.35882762,0.0,54066379.957850955,19505930.411362365,129713691.81518441,328789876.4926023,2227751045.987718
42,2024-03-01,111.84759253874378,0.0,24.269963994693953,468.630507449782,0.5266698599211845,110.75486627026388,65.32576035273178,11767.243643347565,8.756048371993572,58.227258069307545,147.590892452271,61.659893031645325,249163823.35882762,0.0,54066379.957850955,19505930.411362365,129713691.81518441,328789876.4926023,2227751045.987718
43,2024-03-01,111.84759253874378,0.0,24.269963994693953,468.630507449782,0.5266698599211845,110.75486627026388,65.32576035273178,11767.243643347565,8.756048371993572,58.227258069307545,147.590892452271,61.659893031645325,249163823.35882762,0.0,54066379.957850955,19505930.411362365,129713691.81518441,328789876.4926023,2227751045.987718
44,2024-03-01,111.84759253874378,0.0,24.269963994693953,468.630507449782,0.5266698599211845,110.75486627026388,65.32576035273178,11767.243643347565,8.756048371993572,58.227258069307545,147.590892452271,61.659893031645325,249163823.35882762,0.0,54066379.957850955,19505930.411362365,129713691.81518441,328789876.4926023,2227751045.987718
45,2024-03-01,111.84759253874378,0.0,24.269963994693953,468.630507449782,0.5266698599211845,110.75486627026388,65.32576035273178,11767.243643347565,8.756048371993572,58.227258069307545,147.590892452271,61.659893031645325,249163823.35882762,0.0,54066379.957850955,19505930.411362365,129713691.81518441,328789876.4926023,2227751045.987718
46,2024-03-01,111.84759253874378,0.0,24.269963994693953,468.630507449782,0.5266698599211845,110.75486627026388,65.32576035273178,11767.243643347565,8.756048371993572,58.227258069307545,147.590892452271,61.659893031645325,249163823.35882762,0.0,54066379.957850955,19505930.411362365,129713691.81518441,328789876.4926023,2227751045.987718
47,2024-03-01,111.84759253874378,0.0,24.269963994693953,468.630507449782,0.5266698599211845,110.75486627026388,65.32576035273178,11767.243643347565,8.756048371993572,58.227258069307545,147.590892452271,61.659893031645325,249163823.35882762,0.0,54066379.957850955,19505930.411362365,129713691.81518441,328789876.4926023,2227751045.987718
48,2024-03-01,111.84759253874378,0.0,24.269963994693953,468.630507449782,0.5266698599211845,110.75486627026388,65.32576035273178,11767.243643347565,8.756048371993572,58.227258069307545,147.590892452271,61.659893031645325,249163823.35882762,0.0,54066379.957850955,19505930.411362365,129713691.81518441,328789876.4926023,2227751045.987718
49,2024-03-01,111.84759253874378,0.0,24.269963994693953,468.630507449782,0.5266698599211845,110.75486627026388,65.32576035273178,11767.243643347565,8.756048371993572,58.227258069307545,147.590892452271,61.659893031645325,249163823.35882762,0.0,54066379.957850955,19505930.411362365,129713691.81518441,328789876.4926023,2227751045.987718
50,2024-03-01,111.84759253874378,0.0,24.269963994693953,468.630507449782,0.5266698599211845,110.75486627026388,65.32576035273178,11767.243643347565,8.756048371993572,58.227258069307545,147.590892452271,61.659893031645325,249163823.35882762,0.0,54066379.957850955,19505930.411362365,129713691.81518441,328789876.4926023,2227751045.986012
51,2024-03-01,111.84759253874378,0.0,24.269963994693953,468.630507449782,0.5266698599211845,110.75486627026388,65.32576035273178,11767.243643347565,8.756048371993572,58.227258069307545,147.590892452271,61.659893031645325,249163823.35882762,0.0,54066379.957850955,19505930.411362365,129713691.81518441,328789876.4926023,2227751045.987718
52,2024-03-01,111.84759253874378,0.0,24.269963994693953,468.630507449782,0.5266698599211845,110.75486627026388,65.32576035273178,11767.243643347565,8.756048371993572,58.227258069307545,147.590892452271,61.659893031645325,249163823.35882762,0.0,54066379.957850955,19505930.411362365,129713691.81518441,328789876.4926023,2227751045.986012
53,2024-03-01,111.84759253874378,0.0,24.269963994693953,468.630507449782,0.5266698599211845,110.75486627026388,65.32576035273178,11767.243643347565,8.756048371993572,58.227258069307545,147.590892452271,61.659893031645325,249163823.35882762,0.0,54066379.957850955,19505930.411362365,129713691.81518441,328789876.4926023,2227751045.987718
54,2024-03-01,111.84759253874378,0.0,24.269963994693953,468.630507449782,0.5266698599211845,110.75486627026388,65.32576035273178,11767.243643347565,8.756048371993572,58.227258069307545,147.590892452271,61.659893031645325,249163823.35882762,0.0,54066379.957850955,19505930.411362365,129713691.81518441,328789876.4926023,2227751045.987718
55,2024-03-01,111.84759253874378,0.0,24.269963994693953,468.630507449782,0.5266698599211845,110.75486627026388,65.32576035273178,11767.243643347565,8.756048371993572,58.227258069307545,147.590892452271,61.659893031645325,249163823.35882762,0.0,54066379.957850955,19505930.411362365,129713691.81518441,328789876.4926023,2227751045.987718
56,2024-03-01,111.84759253874378,0.0,24.269963994693953,468.630507449782,0.5266698599211845,110.75486627026388,65.32576035273178,11767.243643347565,8.756048371993572,58.227258069307545,147.590892452271,61.659893031645325,249163823.35882762,0.0,54066379.957850955,19505930.411362365,129713691.81518441,328789876.4926023,2227751045.986012
57,2024-03-01,111.84759253874378,0.0,24.269963994693953,468.630507449782,0.5266698599211845,110.75486627026388,65.32576035273178,11767.243643347565,8.756048371993572,58.227258069307545,147.590892452271,61.659893031645325,249163823.35882762,0.0,54066379.957850955,19505930.411362365,129713691.81518441,328789876.4926023,2227751045.987718
58,2024-03-01,111.84759253874378,0.0,24.269963994693953,468.630507449782,0.5266698599211845,110.75486627026388,65.32576035273178,11767.243643347565,8.756048371993572,58.227258069307545,147.590892452271,61.659893031645325,249163823.35882762,0.0,54066379.957850955,19505930.411362365,129713691.81518441,328789876.4926023,2227751045.987718
59,2024-03-01,111.84759253874378,0.0,24.269963994693953,468.630507449782,0.5266698599211845,110.75486627026388,65.32576035273178,11767.243643347565,8.756048371993572,58.227258069307545,147.590892452271,61.659893031645325,249163823.35882762,0.0,54066379.957850955,19505930.411362365,129713691.81518441,328789876.4926023,2227751045.987718
60,2024-04-01,54.34613396242601,4.664775751790065,56.31491377676712,468.630507449782,0.5266698599211845,110.75486627026388,65.32576035273178,11767.243643347565,0.24066783644505596,30.77134849863268,120.0020098484631,48.952094638341,121067521.66118765,10391705.090509482,125453024.98187451,536127.3022181072,68549862.85282432,267329896.9890895,2227751045.987718
61,2024-04-01,54.34613396242601,4.664775751790065,56.31491377676712,468.630507449782,0.5266698599211845,110.75486627026388,65.32576035273178,11767.243643347565,0.24066783644505596,30.77134849863268,120.0020098484631,48.952094638341,121067521.66118765,10391705.090509482,125453024.98187451,536127.3022181072,68549862.85282432,267329896.9890895,2227751045.986012
62,2024-04-01,54.34613396242601,4.664775751790065,56.31491377676712,468.630507449782,0.5266698599211845,110.75486627026388,65.32576035273178,11767.243643347565,0.24066783644505596,30.77134849863268,120.0020098484631,48.952094638341,121067521.66118765,10391705.090509482,125453024.98187451,536127.3022181072,68549862.85282432,267329896.9890895,2227751045.987718
63,2024-04-01,54.34613396242601,4.664775751790065,56.31491377676712,468.630507449782,0.5266698599211845,110.75486627026388,65.32576035273178,11767.243643347565,0.24066783644505596,30.77134849863268,120.0020098484631,48.952094638341,121067521.66118765,10391705.090509482,125453024.98187451,536127.3022181072,68549862.85282432,267329896.9890895,2227751045.987718
64,2024-04-01,54.34613396242601,4.664775751790065,56.31491377676712,468.630507449782,0.5266698599211845,110.75486627026388,65.32576035273178,11767.243643347565,0.24066783644505596,30.77134849863268,120.0020098484631,48.952094638341,121067521.66118765,10391705.090509482,125453024.98187451,536127.3022181072,68549862.85282432,267329896.9890895,2227751045.987718
65,2024-04-01,54.34613396242601,4.664775751790065,56.31491377676712,468.630507449782,0.5266698599211845,110.75486627026388,65.32576035273178,11767.243643347565,0.24066783644505596,30.77134849863268,120.0020098484631,48.952094638341,121067521.66118765,10391705.090509482,125453024.98187451,536127.3022181072,68549862.85282432,267329896.9890895,2227751045.987718
66,2024-04-01,54.34613396242601,4.664775751790065,56.31491377676712,468.630507449782,0.5266698599211845,110.75486627026388,65.32576035273178,11767.243643347565,0.24066783644505596,30.77134849863268,120.0020098484631,48.952094638341,121067521.66118765,10391705.090509482,125453024.98187451,536127.3022181072,68549862.85282432,267329896.9890895,2227751045.987718
67,2024-04-01,54.34613396242601,4.664775751790065,56.31491377676712,468.630507449782,0.5266698599211845,110.75486627026388,65.32576035273178,11767.243643347565,0.24066783644505596,30.77134849863268,120.0020098484631,48.952094638341,121067521.66118765,10391705.090509482,125453024.98187451,536127.3022181072,68549862.85282432,267329896.9890895,2227751045.987718
68,2024-04-01,54.34613396242601,4.664775751790065,56.31491377676712,468.630507449782,0.5266698599211845,110.75486627026388,65.32576035273178,11767.243643347565,0.24066783644505596,30.77134849863268,120.0020098484631,48.952094638341,121067521.66118765,10391705.090509482,125453024.98187451,536127.3022181072,68549862.85282432,267329896.9890895,2227751045.986012
69,2024-04-01,54.34613396242601,4.664775751790065,56.31491377676712,468.630507449782,0.5266698599211845,110.75486627026388,65.32576035273178,11767.243643347565,0.24066783644505596,30.77134849863268,120.0020098484631,48.952094638341,121067521.66118765,10391705.090509482,125453024.98187451,536127.3022181072,68549862.85282432,267329896.9890895,2227751045.987718
70,2024-04-01,54.34613396242601,4.664775751790065,56.31491377676712,468.630507449782,0.5266698599211845,110.75486627026388,65.32576035273178,11767.243643347565,0.24066783644505596,30.77134849863268,120.0020098484631,48.952094638341,121067521.66118765,10391705.090509482,125453024.98187451,536127.3022181072,68549862.85282432,267329896.9890895,2227751045.987718
71,2024-04-01,54.34613396242601,4.664775751790065,56.31491377676712,468.630507449782,0.5266698599211845,110.75486627026388,65.32576035273178,11767.243643347565,0.24066783644505596,30.77134849863268,120.0020098484631,48.952094638341,121067521.66118765,10391705.090509482,125453024.98187451,536127.3022181072,68549862.85282432,267329896.9890895,2227751045.987718
72,2024-04-01,54.34613396242601,4.664775751790065,56.31491377676712,468.630507449782,0.5266698599211845,110.75486627026388,65.32576035273178,11767.243643347565,0.24066783644505596,30.77134849863268,120.0020098484631,48.952094638341,121067521.66118765,10391705.090509482,125453024.98187451,536127.3022181072,68549862.85282432,267329896.9890895,2227751045.987718
73,2024-04-01,54.34613396242601,4.664775751790065,56.31491377676712,468.630507449782,0.5266698599211845,110.75486627026388,65.32576035273178,11767.243643347565,0.24066783644505596,30.77134849863268,120.0020098484631,48.952094638341,121067521.66118765,10391705.090509482,125453024.98187451,536127.3022181072,68549862.85282432,267329896.9890895,2227751045.987718
74,2024-04-01,54.34613396242601,4.664775751790065,56.31491377676712,468.630507449782,0.5266698599211845,110.75486627026388,65.32576035273178,11767.243643347565,0.24066783644505596,30.77134849863268,120.0020098484631,48.952094638341,121067521.66118765,10391705.090509482,125453024.98187451,536127.3022181072,68549862.85282432,267329896.9890895,2227751045.987718
75,2024-04-01,54.34613396242601,4.664775751790065,56.31491377676712,468.630507449782,0.5266698599211845,110.75486627026388,65.32576035273178,11767.243643347565,0.24066783644505596,30.77134849863268,120.0020098484631,48.952094638341,121067521.66118765,10391705.090509482,125453024.98187451,536127.3022181072,68549862.85282432,267329896.9890895,2227751045.987718
76,2024-04-01,54.34613396242601,4.664775751790065,56.31491377676712,468.630507449782,0.5266698599211845,110.75486627026388,65.32576035273178,11767.243643347565,0.24066783644505596,30.77134849863268,120.0020098484631,48.952094638341,121067521.66118765,10391705.090509482,125453024.98187451,536127.3022181072,68549862.85282432,267329896.9890895,2227751045.987718
77,2024-04-01,54.34613396242601,4.664775751790065,56.31491377676712,468.630507449782,0.5266698599211845,110.75486627026388,65.32576035273178,11767.243643347565,0.24066783644505596,30.77134849863268,120.0020098484631,48.952094638341,121067521.66118765,10391705.090509482,125453024.98187451,536127.3022181072,68549862.85282432,267329896.9890895,2227751045.987718
78,2024-04-01,54.34613396242601,4.664775751790065,56.31491377676712,468.630507449782,0.5266698599211845,110.75486627026388,65.32576035273178,11767.243643347565,0.24066783644505596,30.77134849863268,120.0020098484631,48.952094638341,121067521.66118765,10391705.090509482,125453024.98187451,536127.3022181072,68549862.85282432,267329896.9890895,2227751045.986012
79,2024-04-01,54.34613396242601,4.664775751790065,56.31491377676712,468.630507449782,0.5266698599211845,110.75486627026388,65.32576035273178,11767.243643347565,0.24066783644505596,30.77134849863268,120.0020098484631,48.952094638341,121067521.66118765,10391705.090509482,125453024.98187451,536127.3022181072,68549862.85282432,267329896.9890895,2227751045.987718
80,2024-05-01,39.58445095477063,12.128417383201286,82.00530604510139,468.630507449782,0.5266698599211845,110.75486627026388,65.32576035273178,11767.243643347565,0.179453657824152,7.581161052430441,86.39947476683122,31.739504892596752,88182928.94207841,27018434.190001436,182684338.95857245,399770.9544377308,16888775.93134776,192472720.51433262,2227751045.987718
81,2024-05-01,39.58445095477063,12.128417383201286,82.00530604510139,468.630507449782,0.5266698599211845,110.75486627026388,65.32576035273178,11767.243643347565,0.179453657824152,7.581161052430441,86.39947476683122,31.739504892596752,88182928.94207841,27018434.190001436,182684338.95857245,399770.9544377308,16888775.93134776,192472720.51433262,2227751045.987718
82,2024-05-01,39.58445095477063,12.128417383201286,82.00530604510139,468.630507449782,0.5266698599211845,110.75486627026388,65.32576035273178,11767.243643347565,0.179453657824152,7.581161052430441,86.39947476683122,31.739504892596752,88182928.94207841,27018434.190001436,182684338.95857245,399770.9544377308,16888775.93134776,192472720.51433262,2227751045.987718
83,2024-05-01,39.58445095477063,12.128417383201286,82.00530604510139,468.630507449782,0.5266698599211845,110.75486627026388,65.32576035273178,11767.243643347565,0.179453657824152,7.581161052430441,86.39947476683122,31.739504892596752,88182928.94207841,27018434.190001436,182684338.95857245,399770.9544377308,16888775.93134776,192472720.51433262,2227751045.987718
84,2024-05-01,39.58445095477063,12.128417383201286,82.00530604510139,468.630507449782,0.5266698599211845,110.75486627026388,65.32576035273178,11767.243643347565,0.179453657824152,7.581161052430441,86.39947476683122,31.739504892596752,88182928.94207841,27018434.190001436,182684338.95857245,399770.9544377308,16888775.93134776,192472720.51433262,2227751045.987718
85,2024-05-01,39.58445095477063,12.128417383201286,82.00530604510139,468.630507449782,0.5266698599211845,110.75486627026388,65.32576035273178,11767.243643347565,0.179453657824152,7.581161052430441,86.39947476683122,31.739504892596752,88182928.94207841,27018434.190001436,182684338.95857245,399770.9544377308,16888775.93134776,192472720.51433262,2227751045.987718
86,2024-05-01,39.58445095477063,12.128417383201286,82.00530604510139,468.630507449782,0.5266698599211845,110.75486627026388,65.32576035273178,11767.243643347565,0.179453657824152,7.581161052430441,86.39947476683122,31.739504892596752,88182928.94207841,27018434.190001436,182684338.95857245,399770.9544377308,16888775.93134776,192472720.51433262,2227751045.987718
87,2024-05-01,39.58445095477063,12.128417383201286,82.00530604510139,468.630507449782,0.5266698599211845,110.75486627026388,65.32576035273178,11767.243643347565,0.179453657824152,7.581161052430441,86.39947476683122,31.739504892596752,88182928.94207841,27018434.190001436,182684338.95857245,399770.9544377308,16888775.93134776,192472720.51433262,2227751045.986012
88,2024-05-01,39.58445095477063,12.128417383201286,82.00530604510139,468.630507449782,0.5266698599211845,110.75486627026388,65.32576035273178,11767.243643347565,0.179453657824152,7.581161052430441,86.39947476683122,31.739504892596752,88182928.94207841,27018434.190001436,182684338.95857245,399770.9544377308,16888775.93134776,192472720.51433262,2227751045.987718
89,2024-05-01,39.58445095477063,12.128417383201286,82.00530604510139,468.630507449782,0.5266698599211845,110.75486627026388,65.32576035273178,11767.243643347565,0.179453657824152,7.581161052430441,86.39947476683122,31.739504892596752,88182928.94207841,27018434.190001436,182684338.95857245,399770.9544377308,16888775.93134776,192472720.51433262,2227751045.986012
90,2024-05-01,39.58445095477063,12.128417383201286,82.00530604510139,468.630507449782,0.5266698599211845,110.75486627026388,65.32576035273178,11767.243643347565,0.179453657824152,7.581161052430441,86.39947476683122,31.739504892596752,88182928.94207841,27018434.190001436,182684338.95857245,399770.9544377308,16888775.93134776,192472720.51433262,2227751045.987718
91,2024-05-01,39.58445095477063,12.128417383201286,82.00530604510139,468.630507449782,0.5266698599211845,110.75486627026388,65.32576035273178,11767.243643347565,0.179453657824152,7.581161052430441,86.39947476683122,31.739504892596752,88182928.94207841,27018434.190001436,182684338.95857245,399770.9544377308,16888775.93134776,192472720.51433262,2227751045.987718
92,2024-05-01,39.58445095477063,12.128417383201286,82.00530604510139,468.630507449782,0.5266698599211845,110.75486627026388,65.32576035273178,11767.243643347565,0.179453657824152,7.581161052430441,86.39947476683122,31.739504892596752,88182928.94207841,27018434.190001436,182684338.95857245,399770.9544377308,16888775.93134776,192472720.51433262,2227751045.986012
93,2024-05-01,39.58445095477063,12.128417383201286,82.00530604510139,468.630507449782,0.5266698599211845,110.75486627026388,65.32576035273178,11767.243643347565,0.179453657824152,7.581161052430441,86.39947476683122,31.739504892596752,88182928.94207841,27018434.190001436,182684338.95857245,399770.9544377308,16888775.93134776,192472720.51433262,2227751045.987718
94,2024-05-01,39.58445095477063,12.128417383201286,82.00530604510139,468.630507449782,0.5266698599211845,110.75486627026388,65.32576035273178,11767.243643347565,0.179453657824152,7.581161052430441,86.39947476683122,31.739504892596752,88182928.94207841,27018434.190001436,182684338.95857245,399770.9544377308,16888775.93134776,192472720.51433262,2227751045.987718
95,2024-05-01,39.58445095477063,12.128417383201286,82.00530604510139,468.630507449782,0.5266698599211845,110.75486627026388,65.32576035273178,11767.243643347565,0.179453657824152,7.581161052430441,86.39947476683122,31.739504892596752,88182928.94207841,27018434.190001436,182684338.95857245,399770.9544377308,16888775.93134776,192472720.51433262,2227751045.987718
96,2024-05-01,39.58445095477063,12.128417383201286,82.00530604510139,468.630507449782,0.5266698599211845,110.75486627026388,65.32576035273178,11767.243643347565,0.179453657824152,7.581161052430441,86.39947476683122,31.739504892596752,88182928.94207841,27018434.190001436,182684338.95857245,399770.9544377308,16888775.93134776,192472720.51433262,2227751045.987718
97,2024-05-01,39.58445095477063,12.128417383201286,82.00530604510139,468.630507449782,0.5266698599211845,110.75486627026388,65.32576035273178,11767.243643347565,0.179453657824152,7.581161052430441,86.39947476683122,31.739504892596752,88182928.94207841,27018434.190001436,182684338.95857245,399770.9544377308,16888775.93134776,192472720.51433262,2227751045.987718
98,2024-05-01,39.58445095477063,12.128417383201286,82.00530604510139,468.630507449782,0.5266698599211845,110.75486627026388,65.32576035273178,11767.243643347565,0.179453657824152,7.581161052430441,86.39947476683122,31.739504892596752,88182928.94207841,27018434.190001436,182684338.95857245,399770.9544377308,16888775.93134776,192472720.51433262,2227751045.987718
99,2024-05-01,39.58445095477063,12.128417383201286,82.00530604510139,468.630507449782,0.5266698599211845,110.75486627026388,65.32576035273178,11767.243643347565,0.179453657824152,7.581161052430441,86.39947476683122,31.739504892596752,88182928.94207841,27018434.190001436,182684338.95857245,399770.9544377308,16888775.93134776,192472720.51433262,2227751045.987718
100,2024-06-01,18.31884466724848,18.65910300716026,115.57786621186274,468.630507449782,0.5266698599211845,110.75486627026388,65.32576035273178,11767.243643347565,0.4318243544217414,1.771086489487014,54.26908388387931,15.781027979865346,40808987.11510779,41566820.36203793,257474545.38745087,961979.4933742977,3945414.978190244,120895231.46995293,2227751045.987718
101,2024-06-01,18.31884466724848,18.65910300716026,115.57786621186274,468.630507449782,0.5266698599211845,110.75486627026388,65.32576035273178,11767.243643347565,0.4318243544217414,1.771086489487014,54.26908388387931,15.781027979865346,40808987.11510779,41566820.36203793,257474545.38745087,961979.4933742977,3945414.978190244,120895231.46995293,2227751045.987718
102,2024-06-01,18.31884466724848,18.65910300716026,115.57786621186274,468.630507449782,0.5266698599211845,110.75486627026388,65.32576035273178,11767.243643347565,0.4318243544217414,1.771086489487014,54.26908388387931,15.781027979865346,40808987.11510779,41566820.36203793,257474545.38745087,961979.4933742977,3945414.978190244,120895231.46995293,2227751045.987718
103,2024-06-01,18.31884466724848,18.65910300716026,115.57786621186274,468.630507449782,0.5266698599211845,110.75486627026388,65.32576035273178,11767.243643347565,0.4318243544217414,1.771086489487014,54.26908388387931,15.781027979865346,40808987.11510779,41566820.36203793,257474545.38745087,961979.4933742977,3945414.978190244,120895231.46995293,2227751045.987718
104,2024-06-01,18.31884466724848,18.65910300716026,115.57786621186274,468.630507449782,0.5266698599211845,110.75486627026388,65.32576035273178,11767.243643347565,0.4318243544217414,1.771086489487014,54.26908388387931,15.781027979865346,40808987.11510779,41566820.36203793,257474545.38745087,961979.4933742977,3945414.978190244,120895231.46995293,2227751045.987718
105,2024-06-01,18.31884466724848,18.65910300716026,115.57786621186274,468.630507449782,0.5266698599211845,110.75486627026388,65.32576035273178,11767.243643347565,0.4318243544217414,1.771086489487014,54.26908388387931,15.781027979865346,40808987.11510779,41566820.36203793,257474545.38745087,961979.4933742977,3945414.978190244,120895231.46995293,2227751045.987718
106,2024-06-01,18.31884466724848,18.65910300716026,115.57786621186274,468.630507449782,0.5266698599211845,110.75486627026388,65.32576035273178,11767.243643347565,0.4318243544217414,1.771086489487014,54.26908388387931,15.781027979865346,40808987.11510779,41566820.36203793,257474545.38745087,961979.4933742977,3945414.978190244,120895231.46995293,2227751045.986012
107,2024-06-01,18.31884466724848,18.65910300716026,115.57786621186274,468.630507449782,0.5266698599211845,110.75486627026388,65.32576035273178,11767.243643347565,0.4318243544217414,1.771086489487014,54.26908388387931,15.781027979865346,40808987.11510779,41566820.36203793,257474545.38745087,961979.4933742977,3945414.978190244,120895231.46995293,2227751045.987718
108,2024-06-01,18.31884466724848,18.65910300716026,115.57786621186274,468.630507449782,0.5266698599211845,110.75486627026388,65.32576035273178,11767.243643347565,0.4318243544217414,1.771086489487014,54.26908388387931,15.781027979865346,40808987.11510779,41566820.36203793,257474545.38745087,961979.4933742977,3945414.978190244,120895231.46995293,2227751045.987718
109,2024-06-01,18.31884466724848,18.65910300716026,115.57786621186274,468.630507449782,0.5266698599211845,110.75486627026388,65.32576035273178,11767.243643347565,0.4318243544217414,1.771086489487014,54.26908388387931,15.781027979865346,40808987.11510779,41566820.36203793,257474545.38745087,961979.4933742977,3945414.978190244,120895231.46995293,2227751045.987718
110,2024-06-01,18.31884466724848,18.65910300716026,115.57786621186274,468.630507449782,0.5266698599211845,110.75486627026388,65.32576035273178,11767.243643347565,0.4318243544217414,1.771086489487014,54.26908388387931,15.781027979865346,40808987.11510779,41566820.36203793,257474545.38745087,961979.4933742977,3945414.978190244,120895231.46995293,2227751045.987718
111,2024-06-01,18.31884466724848,18.65910300716026,115.57786621186274,468.630507449782,0.5266698599211845,110.75486627026388,65.32576035273178,11767.243643347565,0.4318243544217414,1.771086489487014,54.26908388387931,15.781027979865346,40808987.11510779,41566820.36203793,257474545.38745087,961979.4933742977,3945414.978190244,120895231.46995293,2227751045.986012
112,2024-06-01,18.31884466724848,18.65910300716026,115.57786621186274,468.630507449782,0.5266698599211845,110.75486627026388,65.32576035273178,11767.243643347565,0.4318243544217414,1.771086489487014,54.26908388387931,15.781027979865346,40808987.11510779,41566820.36203793,257474545.38745087,961979.4933742977,3945414.978190244,120895231.46995293,2227751045.987718
113,2024-06-01,18.31884466724848,18.65910300716026,115.57786621186274,468.630507449782,0.5266698599211845,110.75486627026388,65.32576035273178,11767.243643347565,0.4318243544217414,1.771086489487014,54.26908388387931,15.781027979865346,40808987.11510779,41566820.36203793,257474545.38745087,961979.4933742977,3945414.978190244,120895231.46995293,2227751045.987718
114,2024-06-01,18.31884466724848,18.65910300716026,115.57786621186274,468.630507449782,0.5266698599211845,110.75486627026388,65.32576035273178,11767.243643347565,0.4318243544217414,1.771086489487014,54.26908388387931,15.781027979865346,40808987.11510779,41566820.36203793,257474545.38745087,961979.4933742977,3945414.978190244,120895231.46995293,2227751045.987718
115,2024-06-01,18.31884466724848,18.65910300716026,115.57786621186274,468.630507449782,0.5266698599211845,110.75486627026388,65.32576035273178,11767.243643347565,0.4318243544217414,1.771086489487014,54.26908388387931,15.781027979865346,40808987.11510779,41566820.36203793,257474545.38745087,961979.4933742977,3945414.978190244,120895231.46995293,2227751045.987718
116,2024-06-01,18.31884466724848,18.65910300716026,115.57786621186274,468.630507449782,0.5266698599211845,110.75486627026388,65.32576035273178,11767.243643347565,0.4318243544217414,1.771086489487014,54.26908388387931,15.781027979865346,40808987.11510779,41566820.36203793,257474545.38745087,961979.4933742977,3945414.978190244,120895231.46995293,2227751045.987718
117,2024-06-01,18.31884466724848,18.65910300716026,115.57786621186274,468.630507449782,0.5266698599211845,110.75486627026388,65.32576035273178,11767.243643347565,0.4318243544217414,1.771086489487014,54.26908388387931,15.781027979865346,40808987.11510779,41566820.36203793,257474545.38745087,961979.4933742977,3945414.978190244,120895231.46995293,2227751045.987718
118,2024-06-01,18.31884466724848,18.65910300716026,115.57786621186274,468.630507449782,0.5266698599211845,110.75486627026388,65.32576035273178,11767.243643347565,0.4318243544217414,1.771086489487014,54.26908388387931,15.781027979865346,40808987.11510779,41566820.36203793,257474545.38745087,961979.4933742977,3945414.978190244,120895231.46995293,2227751045.986012
119,2024-06-01,18.31884466724848,18.65910300716026,115.57786621186274,468.630507449782,0.5266698599211845,110.75486627026388,65.32576035273178,11767.243643347565,0.4318243544217414,1.771086489487014,54.26908388387931,15.781027979865346,40808987.11510779,41566820.36203793,257474545.38745087,961979.4933742977,3945414.978190244,120895231.46995293,2227751045.987718
120,2024-07-01,11.88795147444514,24.256834766402573,112.90960773166569,468.630507449782,0.5266698599211845,110.75486627026388,65.32576035273178,11767.243643347565,3.0852313636950996,2.2369814025950574,53.102694761945685,14.96738525286526,26482858.65353753,54036868.38000287,251530776.6251765,6872982.24050123,4983268.400392586,118296938.84056994,2227751045.987718
121,2024-07-01,11.88795147444514,24.256834766402573,112.90960773166569,468.630507449782,0.5266698599211845,110.75486627026388,65.32576035273178,11767.243643347565,3.0852313636950996,2.2369814025950574,53.102694761945685,14.96738525286526,26482858.65353753,54036868.38000287,251530776.6251765,6872982.24050123,4983268.400392586,118296938.84056994,2227751045.987718
122,2024-07-01,11.88795147444514,24.256834766402573,112.90960773166569,468.630507449782,0.5266698599211845,110.75486627026388,65.32576035273178,11767.243643347565,3.0852313636950996,2.2369814025950574,53.102694761945685,14.96738525286526,26482858.65353753,54036868.38000287,251530776.6251765,6872982.24050123,4983268.400392586,118296938.84056994,2227751045.987718
123,2024-07-01,11.88795147444514,24.256834766402573,112.90960773166569,468.630507449782,0.5266698599211845,110.75486627026388,65.32576035273178,11767.243643347565,3.0852313636950996,2.2369814025950574,53.102694761945685,14.96738525286526,26482858.65353753,54036868.38000287,251530776.6251765,6872982.24050123,4983268.400392586,118296938.84056994,2227751045.986012
124,2024-07-01,11.88795147444514,24.256834766402573,112.90960773166569,468.630507449782,0.5266698599211845,110.75486627026388,65.32576035273178,11767.243643347565,3.0852313636950996,2.2369814025950574,53.102694761945685,14.96738525286526,26482858.65353753,54036868.38000287,251530776.6251765,6872982.24050123,4983268.400392586,118296938.84056994,2227751045.987718
125,2024-07-01,11.88795147444514,24.256834766402573,112.90960773166569,468.630507449782,0.5266698599211845,110.75486627026388,65.32576035273178,11767.243643347565,3.0852313636950996,2.2369814025950574,53.102694761945685,14.96738525286526,26482858.65353753,54036868.38000287,251530776.6251765,6872982.24050123,4983268.400392586,118296938.84056994,2227751045.987718
126,2024-07-01,11.88795147444514,24.256834766402573,112.90960773166569,468.630507449782,0.5266698599211845,110.75486627026388,65.32576035273178,11767.243643347565,3.0852313636950996,2.2369814025950574,53.102694761945685,14.96738525286526,26482858.65353753,54036868.38000287,251530776.6251765,6872982.24050123,4983268.400392586,118296938.84056994,2227751045.987718
127,2024-07-01,11.88795147444514,24.256834766402573,112.90960773166569,468.630507449782,0.5266698599211845,110.75486627026388,65.32576035273178,11767.243643347565,3.0852313636950996,2.2369814025950574,53.102694761945685,14.96738525286526,26482858.65353753,54036868.38000287,251530776.6251765,6872982.24050123,4983268.400392586,118296938.84056994,2227751045.986012
128,2024-07-01,11.88795147444514,24.256834766402573,112.90960773166569,468.630507449782,0.5266698599211845,110.75486627026388,65.32576035273178,11767.243643347565,3.0852313636950996,2.2369814025950574,53.102694761945685,14.96738525286526,26482858.65353753,54036868.38000287,251530776.6251765,6872982.24050123,4983268.400392586,118296938.84056994,2227751045.987718
129,2024-07-01,11.88795147444514,24.256834766402573,112.90960773166569,468.630507449782,0.5266698599211845,110.75486627026388,65.32576035273178,11767.243643347565,3.0852313636950996,2.2369814025950574,53.102694761945685,14.96738525286526,26482858.65353753,54036868.38000287,251530776.6251765,6872982.24050123,4983268.400392586,118296938.84056994,2227751045.987718
130,2024-07-01,11.88795147444514,24.256834766402573,112.90960773166569,468.630507449782,0.5266698599211845,110.75486627026388,65.32576035273178,11767.243643347565,3.0852313636950996,2.2369814025950574,53.102694761945685,14.96738525286526,26482858.65353753,54036868.38000287,251530776.6251765,6872982.24050123,4983268.400392586,118296938.84056994,2227751045.987718
131,2024-07-01,11.88795147444514,24.256834766402573,112.90960773166569,468.630507449782,0.5266698599211845,110.75486627026388,65.32576035273178,11767.243643347565,3.0852313636950996,2.2369814025950574,53.102694761945685,14.96738525286526,26482858.65353753,54036868.38000287,251530776.6251765,6872982.24050123,4983268.400392586,118296938.84056994,2227751045.987718
132,2024-07-01,11.88795147444514,24.256834766402573,112.90960773166569,468.630507449782,0.5266698599211845,110.75486627026388,65.32576035273178,11767.243643347565,3.0852313636950996,2.2369814025950574,53.102694761945685,14.96738525286526,26482858.65353753,54036868.38000287,251530776.6251765,6872982.24050123,4983268.400392586,118296938.84056994,2227751045.987718
133,2024-07-01,11.88795147444514,24.256834766402573,112.90960773166569,468.630507449782,0.5266698599211845,110.75486627026388,65.32576035273178,11767.243643347565,3.0852313636950996,2.2369814025950574,53.102694761945685,14.96738525286526,26482858.65353753,54036868.38000287,251530776.6251765,6872982.24050123,4983268.400392586,118296938.84056994,2227751045.987718
134,2024-07-01,11.88795147444514,24.256834766402573,112.90960773166569,468.630507449782,0.5266698599211845,110.75486627026388,65.32576035273178,11767.243643347565,3.0852313636950996,2.2369814025950574,53.102694761945685,14.96738525286526,26482858.65353753,54036868.38000287,251530776.6251765,6872982.24050123,4983268.400392586,118296938.84056994,2227751045.987718
135,2024-07-01,11.88795147444514,24.256834766402573,112.90960773166569,468.630507449782,0.5266698599211845,110.75486627026388,65.32576035273178,11767.243643347565,3.0852313636950996,2.2369814025950574,53.102694761945685,14.96738525286526,26482858.65353753,54036868.38000287,251530776.6251765,6872982.24050123,4983268.400392586,118296938.84056994,2227751045.987718
136,2024-07-01,11.88795147444514,24.256834766402573,112.90960773166569,468.630507449782,0.5266698599211845,110.75486627026388,65.32576035273178,11767.243643347565,3.0852313636950996,2.2369814025950574,53.102694761945685,14.96738525286526,26482858.65353753,54036868.38000287,251530776.6251765,6872982.24050123,4983268.400392586,118296938.84056994,2227751045.986012
137,2024-07-01,11.88795147444514,24.256834766402573,112.90960773166569,468.630507449782,0.5266698599211845,110.75486627026388,65.32576035273178,11767.243643347565,3.0852313636950996,2.2369814025950574,53.102694761945685,14.96738525286526,26482858.65353753,54036868.38000287,251530776.6251765,6872982.24050123,4983268.400392586,118296938.84056994,2227751045.987718
138,2024-07-01,11.88795147444514,24.256834766402573,112.90960773166569,468.630507449782,0.5266698599211845,110.75486627026388,65.32576035273178,11767.243643347565,3.0852313636950996,2.2369814025950574,53.102694761945685,14.96738525286526,26482858.65353753,54036868.38000287,251530776.6251765,6872982.24050123,4983268.400392586,118296938.84056994,2227751045.987718
139,2024-07-01,11.88795147444514,24.256834766402573,112.90960773166569,468.630507449782,0.5266698599211845,110.75486627026388,65.32576035273178,11767.243643347565,3.0852313636950996,2.2369814025950574,53.102694761945685,14.96738525286526,26482858.65353753,54036868.38000287,251530776.6251765,6872982.24050123,4983268.400392586,118296938.84056994,2227751045.987718
140,2024-08-01,64.27017290138127,19.592057700027947,79.97741140799697,468.630507449782,0.5266698599211845,110.75486627026388,65.32576035273178,11767.243643347565,7.64686083448334,4.151632330091556,64.93375062086731,19.761073076227994,143175314.9491657,43645160.36099697,178167002.08769414,17034938.354075383,9248519.399369068,144652975.7799762,2227751045.986012
141,2024-08-01,64.27017290138127,19.592057700027947,79.97741140799697,468.630507449782,0.5266698599211845,110.75486627026388,65.32576035273178,11767.243643347565,7.64686083448334,4.151632330091556,64.93375062086731,19.761073076227994,143175314.9491657,43645160.36099697,178167002.08769414,17034938.354075383,9248519.399369068,144652975.7799762,2227751045.987718
142,2024-08-01,64.27017290138127,19.592057700027947,79.97741140799697,468.630507449782,0.5266698599211845,110.75486627026388,65.32576035273178,11767.243643347565,7.64686083448334,4.151632330091556,64.93375062086731,19.761073076227994,143175314.9491657,43645160.36099697,178167002.08769414,17034938.354075383,9248519.399369068,144652975.7799762,2227751045.987718
143,2024-08-01,64.27017290138127,19.592057700027947,79.97741140799697,468.630507449782,0.5266698599211845,110.75486627026388,65.32576035273178,11767.243643347565,7.64686083448334,4.151632330091556,64.93375062086731,19.761073076227994,143175314.9491657,43645160.36099697,178167002.08769414,17034938.354075383,9248519.399369068,144652975.7799762,2227751045.987718
144,2024-08-01,64.27017290138127,19.592057700027947,79.97741140799697,468.630507449782,0.5266698599211845,110.75486627026388,65.32576035273178,11767.243643347565,7.64686083448334,4.151632330091556,64.93375062086731,19.761073076227994,143175314.9491657,43645160.36099697,178167002.08769414,17034938.354075383,9248519.399369068,144652975.7799762,2227751045.986012
145,2024-08-01,64.27017290138127,19.592057700027947,79.97741140799697,468.630507449782,0.5266698599211845,110.75486627026388,65.32576035273178,11767.243643347565,7.64686083448334,4.151632330091556,64.93375062086731,19.761073076227994,143175314.9491657,43645160.36099697,178167002.08769414,17034938.354075383,9248519.399369068,144652975.7799762,2227751045.987718
146,2024-08-01,64.27017290138127,19.592057700027947,79.97741140799697,468.630507449782,0.5266698599211845,110.75486627026388,65.32576035273178,11767.243643347565,7.64686083448334,4.151632330091556,64.93375062086731,19.761073076227994,143175314.9491657,43645160.36099697,178167002.08769414,17034938.354075383,9248519.399369068,144652975.7799762,2227751045.987718
147,2024-08-01,64.27017290138127,19.592057700027947,79.97741140799697,468.630507449782,0.5266698599211845,110.75486627026388,65.32576035273178,11767.243643347565,7.64686083448334,4.151632330091556,64.93375062086731,19.761073076227994,143175314.9491657,43645160.36099697,178167002.08769414,17034938.354075383,9248519.399369068,144652975.7799762,2227751045.987718
148,2024-08-01,64.27017290138127,19.592057700027947,79.97741140799697,468.630507449782,0.5266698599211845,110.75486627026388,65.32576035273178,11767.243643347565,7.64686083448334,4.151632330091556,64.93375062086731,19.761073076227994,143175314.9491657,43645160.36099697,178167002.08769414,17034938.354075383,9248519.399369068,144652975.7799762,2227751045.987718
149,2024-08-01,64.27017290138127,19.592057700027947,79.97741140799697,468.630507449782,0.5266698599211845,110.75486627026388,65.32576035273178,11767.243643347565,7.64686083448334,4.151632330091556,64.93375062086731,19.761073076227994,143175314.9491657,43645160.36099697,178167002.08769414,17034938.354075383,9248519.399369068,144652975.7799762,2227751045.986012
150,2024-08-01,64.27017290138127,19.592057700027947,79.97741140799697,468.630507449782,0.5266698599211845,110.75486627026388,65.32576035273178,11767.243643347565,7.64686083448334,4.151632330091556,64.93375062086731,19.761073076227994,143175314.9491657,43645160.36099697,178167002.08769414,17034938.354075383,9248519.399369068,144652975.7799762,2227751045.987718
151,2024-08-01,64.27017290138127,19.592057700027947,79.97741140799697,468.630507449782,0.5266698599211845,110.75486627026388,65.32576035273178,11767.243643347565,7.64686083448334,4.151632330091556,64.93375062086731,19.761073076227994,143175314.9491657,43645160.36099697,178167002.08769414,17034938.354075383,9248519.399369068,144652975.7799762,2227751045.987718
152,2024-08-01,64.27017290138127,19.592057700027947,79.97741140799697,468.630507449782,0.5266698599211845,110.75486627026388,65.32576035273178,11767.243643347565,7.64686083448334,4.151632330091556,64.93375062086731,19.761073076227994,143175314.9491657,43645160.36099697,178167002.08769414,17034938.354075383,9248519.399369068,144652975.7799762,2227751045.987718
153,2024-08-01,64.27017290138127,19.592057700027947,79.97741140799697,468.630507449782,0.5266698599211845,110.75486627026388,65.32576035273178,11767.243643347565,7.64686083448334,4.151632330091556,64.93375062086731,19.761073076227994,143175314.9491657,43645160.36099697,178167002.08769414,17034938.354075383,9248519.399369068,144652975.7799762,2227751045.987718
154,2024-08-01,64.27017290138127,19.592057700027947,79.97741140799697,468.630507449782,0.5266698599211845,110.75486627026388,65.32576035273178,11767.243643347565,7.64686083448334,4.151632330091556,64.93375062086731,19.761073076227994,143175314.9491657,43645160.36099697,178167002.08769414,17034938.354075383,9248519.399369068,144652975.7799762,2227751045.987718
155,2024-08-01,64.27017290138127,19.592057700027947,79.97741140799697,468.630507449782,0.5266698599211845,110.75486627026388,65.32576035273178,11767.243643347565,7.64686083448334,4.151632330091556,64.93375062086731,19.761073076227994,143175314.9491657,43645160.36099697,178167002.08769414,17034938.354075383,9248519.399369068,144652975.7799762,2227751045.987718
156,2024-08-01,64.27017290138127,19.592057700027947,79.97741140799697,468.630507449782,0.5266698599211845,110.75486627026388,65.32576035273178,11767.243643347565,7.64686083448334,4.151632330091556,64.93375062086731,19.761073076227994,143175314.9491657,43645160.36099697,178167002.08769414,17034938.354075383,9248519.399369068,144652975.7799762,2227751045.987718
157,2024-08-01,64.27017290138127,19.592057700027947,79.97741140799697,468.630507449782,0.5266698599211845,110.75486627026388,65.32576035273178,11767.243643347565,7.64686083448334,4.151632330091556,64.93375062086731,19.761073076227994,143175314.9491657,43645160.36099697,178167002.08769414,17034938.354075383,9248519.399369068,144652975.7799762,2227751045.987718
158,2024-08-01,64.27017290138127,19.592057700027947,79.97741140799697,468.630507449782,0.5266698599211845,110.75486627026388,65.32576035273178,11767.243643347565,7.64686083448334,4.151632330091556,64.93375062086731,19.761073076227994,143175314.9491657,43645160.36099697,178167002.08769414,17034938.354075383,9248519.399369068,144652975.7799762,2227751045.987718
159,2024-08-01,64.27017290138127,19.592057700027947,79.97741140799697,468.630507449782,0.5266698599211845,110.75486627026388,65.32576035273178,11767.243643347565,7.64686083448334,4.151632330091556,64.93375062086731,19.761073076227994,143175314.9491657,43645160.36099697,178167002.08769414,17034938.354075383,9248519.399369068,144652975.7799762,2227751045.987718
160,2024-09-01,7.702913621130855,9.32955150358013,58.15698313435663,468.630507449782,0.5266698599211845,110.75486627026388,65.32576035273178,11767.243643347565,0.6043145511824828,0.6718408955916275,57.90218845937574,16.844630394241285,17159973.943500593,20783410.181018963,129556943.9654039,1346233.309168443,1496653.3658586193,128988823.0335708,2227751045.987718
161,2024-09-01,7.702913621130855,9.32955150358013,58.15698313435663,468.630507449782,0.5266698599211845,110.75486627026388,65.32576035273178,11767.243643347565,0.6043145511824828,0.6718408955916275,57.90218845937574,16.844630394241285,17159973.943500593,20783410.181018963,129556943.9654039,1346233.309168443,1496653.3658586193,128988823.0335708,2227751045.986012
162,2024-09-01,7.702913621130855,9.32955150358013,58.15698313435663,468.630507449782,0.5266698599211845,110.75486627026388,65.32576035273178,11767.243643347565,0.6043145511824828,0.6718408955916275,57.90218845937574,16.844630394241285,17159973.943500593,20783410.181018963,129556943.9654039,1346233.309168443,1496653.3658586193,128988823.0335708,2227751045.987718
163,2024-09-01,7.702913621130855,9.32955150358013,58.15698313435663,468.630507449782,0.5266698599211845,110.75486627026388,65.32576035273178,11767.243643347565,0.6043145511824828,0.6718408955916275,57.90218845937574,16.844630394241285,17159973.943500593,20783410.181018963,129556943.9654039,1346233.309168443,1496653.3658586193,128988823.0335708,2227751045.986012
164,2024-09-01,7.702913621130855,9.32955150358013,58.15698313435663,468.630507449782,0.5266698599211845,110.75486627026388,65.32576035273178,11767.243643347565,0.6043145511824828,0.6718408955916275,57.90218845937574,16.844630394241285,17159973.943500593,20783410.181018963,129556943.9654039,1346233.309168443,1496653.3658586193,128988823.0335708,2227751045.987718
165,2024-09-01,7.702913621130855,9.32955150358013,58.15698313435663,468.630507449782,0.5266698599211845,110.75486627026388,65.32576035273178,11767.243643347565,0.6043145511824828,0.6718408955916275,57.90218845937574,16.844630394241285,17159973.943500593,20783410.181018963,129556943.9654039,1346233.309168443,1496653.3658586193,128988823.0335708,2227751045.987718
166,2024-09-01,7.702913621130855,9.32955150358013,58.15698313435663,468.630507449782,0.5266698599211845,110.75486627026388,65.32576035273178,11767.243643347565,0.6043145511824828,0.6718408955916275,57.90218845937574,16.844630394241285,17159973.943500593,20783410.181018963,129556943.9654039,1346233.309168443,1496653.3658586193,128988823.0335708,2227751045.987718
167,2024-09-01,7.702913621130855,9.32955150358013,58.15698313435663,468.630507449782,0.5266698599211845,110.75486627026388,65.32576035273178,11767.243643347565,0.6043145511824828,0.6718408955916275,57.90218845937574,16.844630394241285,17159973.943500593,20783410.181018963,129556943.9654039,1346233.309168443,1496653.3658586193,128988823.0335708,2227751045.986012
168,2024-09-01,7.702913621130855,9.32955150358013,58.15698313435663,468.630507449782,0.5266698599211845,110.75486627026388,65.32576035273178,11767.243643347565,0.6043145511824828,0.6718408955916275,57.90218845937574,16.844630394241285,17159973.943500593,20783410.181018963,129556943.9654039,1346233.309168443,1496653.3658586193,128988823.0335708,2227751045.987718
169,2024-09-01,7.702913621130855,9.32955150358013,58.15698313435663,468.630507449782,0.5266698599211845,110.75486627026388,65.32576035273178,11767.243643347565,0.6043145511824828,0.6718408955916275,57.90218845937574,16.844630394241285,17159973.943500593,20783410.181018963,129556943.9654039,1346233.309168443,1496653.3658586193,128988823.0335708,2227751045.987718
170,2024-09-01,7.702913621130855,9.32955150358013,58.15698313435663,468.630507449782,0.5266698599211845,110.75486627026388,65.32576035273178,11767.243643347565,0.6043145511824828,0.6718408955916275,57.90218845937574,16.844630394241285,17159973.943500593,20783410.181018963,129556943.9654039,1346233.309168443,1496653.3658586193,128988823.0335708,2227751045.987718
171,2024-09-01,7.702913621130855,9.32955150358013,58.15698313435663,468.630507449782,0.5266698599211845,110.75486627026388,65.32576035273178,11767.243643347565,0.6043145511824828,0.6718408955916275,57.90218845937574,16.844630394241285,17159973.943500593,20783410.181018963,129556943.9654039,1346233.309168443,1496653.3658586193,128988823.0335708,2227751045.987718
172,2024-09-01,7.702913621130855,9.32955150358013,58.15698313435663,468.630507449782,0.5266698599211845,110.75486627026388,65.32576035273178,11767.243643347565,0.6043145511824828,0.6718408955916275,57.90218845937574,16.844630394241285,17159973.943500593,20783410.181018963,129556943.9654039,1346233.309168443,1496653.3658586193,128988823.0335708,2227751045.987718
173,2024-09-01,7.702913621130855,9.32955150358013,58.15698313435663,468.630507449782,0.5266698599211845,110.75486627026388,65.32576035273178,11767.243643347565,0.6043145511824828,0.6718408955916275,57.90218845937574,16.844630394241285,17159973.943500593,20783410.181018963,129556943.9654039,1346233.309168443,1496653.3658586193,128988823.0335708,2227751045.987718
174,2024-09-01,7.702913621130855,9.32955150358013,58.15698313435663,468.630507449782,0.5266698599211845,110.75486627026388,65.32576035273178,11767.243643347565,0.6043145511824828,0.6718408955916275,57.90218845937574,16.844630394241285,17159973.943500593,20783410.181018963,129556943.9654039,1346233.309168443,1496653.3658586193,128988823.0335708,2227751045.987718
175,2024-09-01,7.702913621130855,9.32955150358013,58.15698313435663,468.630507449782,0.5266698599211845,110.75486627026388,65.32576035273178,11767.243643347565,0.6043145511824828,0.6718408955916275,57.90218845937574,16.844630394241285,17159973.943500593,20783410.181018963,129556943.9654039,1346233.309168443,1496653.3658586193,128988823.0335708,2227751045.987718
176,2024-09-01,7.702913621130855,9.32955150358013,58.15698313435663,468.630507449782,0.5266698599211845,110.75486627026388,65.32576035273178,11767.243643347565,0.6043145511824828,0.6718408955916275,57.90218845937574,16.844630394241285,17159973.943500593,20783410.181018963,129556943.9654039,1346233.309168443,1496653.3658586193,128988823.0335708,2227751045.987718
177,2024-09-01,7.702913621130855,9.32955150358013,58.15698313435663,468.630507449782,0.5266698599211845,110.75486627026388,65.32576035273178,11767.243643347565,0.6043145511824828,0.6718408955916275,57.90218845937574,16.844630394241285,17159973.943500593,20783410.181018963,129556943.9654039,1346233.309168443,1496653.3658586193,128988823.0335708,2227751045.987718
178,2024-09-01,7.702913621130855,9.32955150358013,58.15698313435663,468.630507449782,0.5266698599211845,110.75486627026388,65.32576035273178,11767.243643347565,0.6043145511824828,0.6718408955916275,57.90218845937574,16.844630394241285,17159973.943500593,20783410.181018963,129556943.9654039,1346233.309168443,1496653.3658586193,128988823.0335708,2227751045.987718
179,2024-09-01,7.702913621130855,9.32955150358013,58.15698313435663,468.630507449782,0.5266698599211845,110.75486627026388,65.32576035273178,11767.243643347565,0.6043145511824828,0.6718408955916275,57.90218845937574,16.844630394241285,17159973.943500593,20783410.181018963,129556943.9654039,1346233.309168443,1496653.3658586193,128988823.0335708,2227751045.987718
180,2024-10-01,52.51422888185656,4.664775751790065,22.191965131703622,468.630507449782,0.5266698599211845,110.75486627026388,65.32576035273178,11767.243643347565,2.1991582018775677,3.2739447859069775,87.41612497353421,31.68258712950892,116986949.56766717,10391705.090509482,49437304.29271373,4899076.895499194,7293388.116636407,194737708.386898,2227751045.987718
181,2024-10-01,52.51422888185656,4.664775751790065,22.191965131703622,468.630507449782,0.5266698599211845,110.75486627026388,65.32576035273178,11767.243643347565,2.1991582018775677,3.2739447859069775,87.41612497353421,31.68258712950892,116986949.56766717,10391705.090509482,49437304.29271373,4899076.895499194,7293388.116636407,194737708.386898,2227751045.987718
182,2024-10-01,52.51422888185656,4.664775751790065,22.191965131703622,468.630507449782,0.5266698599211845,110.75486627026388,65.32576035273178,11767.243643347565,2.1991582018775677,3.2739447859069775,87.41612497353421,31.68258712950892,116986949.56766717,10391705.090509482,49437304.29271373,4899076.895499194,7293388.116636407,194737708.386898,2227751045.987718
183,2024-10-01,52.51422888185656,4.664775751790065,22.191965131703622,468.630507449782,0.5266698599211845,110.75486627026388,65.32576035273178,11767.243643347565,2.1991582018775677,3.2739447859069775,87.41612497353421,31.68258712950892,116986949.56766717,10391705.090509482,49437304.29271373,4899076.895499194,7293388.116636407,194737708.386898,2227751045.986012
184,2024-10-01,52.51422888185656,4.664775751790065,22.191965131703622,468.630507449782,0.5266698599211845,110.75486627026388,65.32576035273178,11767.243643347565,2.1991582018775677,3.2739447859069775,87.41612497353421,31.68258712950892,116986949.56766717,10391705.090509482,49437304.29271373,4899076.895499194,7293388.116636407,194737708.386898,2227751045.987718
185,2024-10-01,52.51422888185656,4.664775751790065,22.191965131703622,468.630507449782,0.5266698599211845,110.75486627026388,65.32576035273178,11767.243643347565,2.1991582018775677,3.2739447859069775,87.41612497353421,31.68258712950892,116986949.56766717,10391705.090509482,49437304.29271373,4899076.895499194,7293388.116636407,194737708.386898,2227751045.987718
186,2024-10-01,52.51422888185656,4.664775751790065,22.191965131703622,468.630507449782,0.5266698599211845,110.75486627026388,65.32576035273178,11767.243643347565,2.1991582018775677,3.2739447859069775,87.41612497353421,31.68258712950892,116986949.56766717,10391705.090509482,49437304.29271373,4899076.895499194,7293388.116636407,194737708.386898,2227751045.987718
187,2024-10-01,52.51422888185656,4.664775751790065,22.191965131703622,468.630507449782,0.5266698599211845,110.75486627026388,65.32576035273178,11767.243643347565,2.1991582018775677,3.2739447859069775,87.41612497353421,31.68258712950892,116986949.56766717,10391705.090509482,49437304.29271373,4899076.895499194,7293388.116636407,194737708.386898,2227751045.987718
188,2024-10-01,52.51422888185656,4.664775751790065,22.191965131703622,468.630507449782,0.5266698599211845,110.75486627026388,65.32576035273178,11767.243643347565,2.1991582018775677,3.2739447859069775,87.41612497353421,31.68258712950892,116986949.56766717,10391705.090509482,49437304.29271373,4899076.895499194,7293388.116636407,194737708.386898,2227751045.987718
189,2024-10-01,52.51422888185656,4.664775751790065,22.191965131703622,468.630507449782,0.5266698599211845,110.75486627026388,65.32576035273178,11767.243643347565,2.1991582018775677,3.2739447859069775,87.41612497353421,31.68258712950892,116986949.56766717,10391705.090509482,49437304.29271373,4899076.895499194,7293388.116636407,194737708.386898,2227751045.987718
190,2024-10-01,52.51422888185656,4.664775751790065,22.191965131703622,468.630507449782,0.5266698599211845,110.75486627026388,65.32576035273178,11767.243643347565,2.1991582018775677,3.2739447859069775,87.41612497353421,31.68258712950892,116986949.56766717,10391705.090509482,49437304.29271373,4899076.895499194,7293388.116636407,194737708.386898,2227751045.987718
191,2024-10-01,52.51422888185656,4.664775751790065,22.191965131703622,468.630507449782,0.5266698599211845,110.75486627026388,65.32576035273178,11767.243643347565,2.1991582018775677,3.2739447859069775,87.41612497353421,31.68258712950892,116986949.56766717,10391705.090509482,49437304.29271373,4899076.895499194,7293388.116636407,194737708.386898,2227751045.987718
192,2024-10-01,52.51422888185656,4.664775751790065,22.191965131703622,468.630507449782,0.5266698599211845,110.75486627026388,65.32576035273178,11767.243643347565,2.1991582018775677,3.2739447859069775,87.41612497353421,31.68258712950892,116986949.56766717,10391705.090509482,49437304.29271373,4899076.895499194,7293388.116636407,194737708.386898,2227751045.986012
193,2024-10-01,52.51422888185656,4.664775751790065,22.191965131703622,468.630507449782,0.5266698599211845,110.75486627026388,65.32576035273178,11767.243643347565,2.1991582018775677,3.2739447859069775,87.41612497353421,31.68258712950892,116986949.56766717,10391705.090509482,49437304.29271373,4899076.895499194,7293388.116636407,194737708.386898,2227751045.986012
194,2024-10-01,52.51422888185656,4.664775751790065,22.191965131703622,468.630507449782,0.5266698599211845,110.75486627026388,65.32576035273178,11767.243643347565,2.1991582018775677,3.2739447859069775,87.41612497353421,31.68258712950892,116986949.56766717,10391705.090509482,49437304.29271373,4899076.895499194,7293388.116636407,194737708.386898,2227751045.987718
195,2024-10-01,52.51422888185656,4.664775751790065,22.191965131703622,468.630507449782,0.5266698599211845,110.75486627026388,65.32576035273178,11767.243643347565,2.1991582018775677,3.2739447859069775,87.41612497353421,31.68258712950892,116986949.56766717,10391705.090509482,49437304.29271373,4899076.895499194,7293388.116636407,194737708.386898,2227751045.987718
196,2024-10-01,52.51422888185656,4.664775751790065,22.191965131703622,468.630507449782,0.5266698599211845,110.75486627026388,65.32576035273178,11767.243643347565,2.1991582018775677,3.2739447859069775,87.41612497353421,31.68258712950892,116986949.56766717,10391705.090509482,49437304.29271373,4899076.895499194,7293388.116636407,194737708.386898,2227751045.987718
197,2024-10-01,52.51422888185656,4.664775751790065,22.191965131703622,468.630507449782,0.5266698599211845,110.75486627026388,65.32576035273178,11767.243643347565,2.1991582018775677,3.2739447859069775,87.41612497353421,31.68258712950892,116986949.56766717,10391705.090509482,49437304.29271373,4899076.895499194,7293388.116636407,194737708.386898,2227751045.987718
198,2024-10-01,52.51422888185656,4.664775751790065,22.191965131703622,468.630507449782,0.5266698599211845,110.75486627026388,65.32576035273178,11767.243643347565,2.1991582018775677,3.2739447859069775,87.41612497353421,31.68258712950892,116986949.56766717,10391705.090509482,49437304.29271373,4899076.895499194,7293388.116636407,194737708.386898,2227751045.987718
199,2024-10-01,52.51422888185656,4.664775751790065,22.191965131703622,468.630507449782,0.5266698599211845,110.75486627026388,65.32576035273178,11767.243643347565,2.1991582018775677,3.2739447859069775,87.41612497353421,31.68258712950892,116986949.56766717,10391705.090509482,49437304.29271373,4899076.895499194,7293388.116636407,194737708.386898,2227751045.987718
200,2024-11-01,50.6761368739469,0.0,8.748455561872277,468.630507449782,0.5266698599211845,110.75486627026388,65.32576035273178,11767.243643347565,0.4459984522832398,17.22062675859941,111.74297113521708,44.683067646125956,112892296.75034897,0.0,19488922.491082355,993532.5375801364,38363086.20525597,248931015.59519336,2227751045.987718
201,2024-11-01,50.6761368739469,0.0,8.748455561872277,468.630507449782,0.5266698599211845,110.75486627026388,65.32576035273178,11767.243643347565,0.4459984522832398,17.22062675859941,111.74297113521708,44.683067646125956,112892296.75034897,0.0,19488922.491082355,993532.5375801364,38363086.20525597,248931015.59519336,2227751045.986012
202,2024-11-01,50.6761368739469,0.0,8.748455561872277,468.630507449782,0.5266698599211845,110.75486627026388,65.32576035273178,11767.243643347565,0.4459984522832398,17.22062675859941,111.74297113521708,44.683067646125956,112892296.75034897,0.0,19488922.491082355,993532.5375801364,38363086.20525597,248931015.59519336,2227751045.987718
203,2024-11-01,50.6761368739469,0.0,8.748455561872277,468.630507449782,0.5266698599211845,110.75486627026388,65.32576035273178,11767.243643347565,0.4459984522832398,17.22062675859941,111.74297113521708,44.683067646125956,112892296.75034897,0.0,19488922.491082355,993532.5375801364,38363086.20525597,248931015.59519336,2227751045.987718
204,2024-11-01,50.6761368739469,0.0,8.748455561872277,468.630507449782,0.5266698599211845,110.75486627026388,65.32576035273178,11767.243643347565,0.4459984522832398,17.22062675859941,111.74297113521708,44.683067646125956,112892296.75034897,0.0,19488922.491082355,993532.5375801364,38363086.20525597,248931015.59519336,2227751045.987718
205,2024-11-01,50.6761368739469,0.0,8.748455561872277,468.630507449782,0.5266698599211845,110.75486627026388,65.32576035273178,11767.243643347565,0.4459984522832398,17.22062675859941,111.74297113521708,44.683067646125956,112892296.75034897,0.0,19488922.491082355,993532.5375801364,38363086.20525597,248931015.59519336,2227751045.987718
206,2024-11-01,50.6761368739469,0.0,8.748455561872277,468.630507449782,0.5266698599211845,110.75486627026388,65.32576035273178,11767.243643347565,0.4459984522832398,17.22062675859941,111.74297113521708,44.683067646125956,112892296.75034897,0.0,19488922.491082355,993532.5375801364,38363086.20525597,248931015.59519336,2227751045.987718
207,2024-11-01,50.6761368739469,0.0,8.748455561872277,468.630507449782,0.5266698599211845,110.75486627026388,65.32576035273178,11767.243643347565,0.4459984522832398,17.22062675859941,111.74297113521708,44.683067646125956,112892296.75034897,0.0,19488922.491082355,993532.5375801364,38363086.20525597,248931015.59519336,2227751045.987718
208,2024-11-01,50.6761368739469,0.0,8.748455561872277,468.630507449782,0.5266698599211845,110.75486627026388,65.32576035273178,11767.243643347565,0.4459984522832398,17.22062675859941,111.74297113521708,44.683067646125956,112892296.75034897,0.0,19488922.491082355,993532.5375801364,38363086.20525597,248931015.59519336,2227751045.986012
209,2024-11-01,50.6761368739469,0.0,8.748455561872277,468.630507449782,0.5266698599211845,110.75486627026388,65.32576035273178,11767.243643347565,0.4459984522832398,17.22062675859941,111.74297113521708,44.683067646125956,112892296.75034897,0.0,19488922.491082355,993532.5375801364,38363086.20525597,248931015.59519336,2227751045.986012
210,2024-11-01,50.6761368739469,0.0,8.748455561872277,468.630507449782,0.5266698599211845,110.75486627026388,65.32576035273178,11767.243643347565,0.4459984522832398,17.22062675859941,111.74297113521708,44.683067646125956,112892296.75034897,0.0,19488922.491082355,993532.5375801364,38363086.20525597,248931015.59519336,2227751045.987718
211,2024-11-01,50.6761368739469,0.0,8.748455561872277,468.630507449782,0.5266698599211845,110.75486627026388,65.32576035273178,11767.243643347565,0.4459984522832398,17.22062675859941,111.74297113521708,44.683067646125956,112892296.75034897,0.0,19488922.491082355,993532.5375801364,38363086.20525597,248931015.59519336,2227751045.987718
212,2024-11-01,50.6761368739469,0.0,8.748455561872277,468.630507449782,0.5266698599211845,110.75486627026388,65.32576035273178,11767.243643347565,0.4459984522832398,17.22062675859941,111.74297113521708,44.683067646125956,112892296.75034897,0.0,19488922.491082355,993532.5375801364,38363086.20525597,248931015.59519336,2227751045.987718
213,2024-11-01,50.6761368739469,0.0,8.748455561872277,468.630507449782,0.5266698599211845,110.75486627026388,65.32576035273178,11767.243643347565,0.4459984522832398,17.22062675859941,111.74297113521708,44.683067646125956,112892296.75034897,0.0,19488922.491082355,993532.5375801364,38363086.20525597,248931015.59519336,2227751045.987718
214,2024-11-01,50.6761368739469,0.0,8.748455561872277,468.630507449782,0.5266698599211845,110.75486627026388,65.32576035273178,11767.243643347565,0.4459984522832398,17.22062675859941,111.74297113521708,44.683067646125956,112892296.75034897,0.0,19488922.491082355,993532.5375801364,38363086.20525597,248931015.59519336,2227751045.987718
215,2024-11-01,50.6761368739469,0.0,8.748455561872277,468.630507449782,0.5266698599211845,110.75486627026388,65.32576035273178,11767.243643347565,0.4459984522832398,17.22062675859941,111.74297113521708,44.683067646125956,112892296.75034897,0.0,19488922.491082355,993532.5375801364,38363086.20525597,248931015.59519336,2227751045.987718
216,2024-11-01,50.6761368739469,0.0,8.748455561872277,468.630507449782,0.5266698599211845,110.75486627026388,65.32576035273178,11767.243643347565,0.4459984522832398,17.22062675859941,111.74297113521708,44.683067646125956,112892296.75034897,0.0,19488922.491082355,993532.5375801364,38363086.20525597,248931015.59519336,2227751045.987718
217,2024-11-01,50.6761368739469,0.0,8.748455561872277,468.630507449782,0.5266698599211845,110.75486627026388,65.32576035273178,11767.243643347565,0.4459984522832398,17.22062675859941,111.74297113521708,44.683067646125956,112892296.75034897,0.0,19488922.491082355,993532.5375801364,38363086.20525597,248931015.59519336,2227751045.987718
218,2024-11-01,50.6761368739469,0.0,8.748455561872277,468.630507449782,0.5266698599211845,110.75486627026388,65.32576035273178,11767.243643347565,0.4459984522832398,17.22062675859941,111.74297113521708,44.683067646125956,112892296.75034897,0.0,19488922.491082355,993532.5375801364,38363086.20525597,248931015.59519336,2227751045.987718
219,2024-11-01,50.6761368739469,0.0,8.748455561872277,468.630507449782,0.5266698599211845,110.75486627026388,65.32576035273178,11767.243643347565,0.4459984522832398,17.22062675859941,111.74297113521708,44.683067646125956,112892296.75034897,0.0,19488922.491082355,993532.5375801364,38363086.20525597,248931015.59519336,2227751045.987718
220,2024-12-01,47.40351965064468,0.0,8.07170740951298,468.630507449782,0.5266698599211845,110.75486627026388,65.32576035273178,11767.243643347565,0.8755371480705527,32.396330890738724,117.88249577088507,47.089978274372235,105601916.21467951,0.0,17981305.841639213,1950404.7715351155,72170242.69512396,262608253.03983727,2227751045.987718
221,2024-12-01,47.40351965064468,0.0,8.07170740951298,468.630507449782,0.5266698599211845,110.75486627026388,65.32576035273178,11767.243643347565,0.8755371480705527,32.396330890738724,117.88249577088507,47.089978274372235,105601916.21467951,0.0,17981305.841639213,1950404.7715351155,72170242.69512396,262608253.03983727,2227751045.987718
222,2024-12-01,47.40351965064468,0.0,8.07170740951298,468.630507449782,0.5266698599211845,110.75486627026388,65.32576035273178,11767.243643347565,0.8755371480705527,32.396330890738724,117.88249577088507,47.089978274372235,105601916.21467951,0.0,17981305.841639213,1950404.7715351155,72170242.69512396,262608253.03983727,2227751045.987718
223,2024-12-01,47.40351965064468,0.0,8.07170740951298,468.630507449782,0.5266698599211845,110.75486627026388,65.32576035273178,11767.243643347565,0.8755371480705527,32.396330890738724,117.88249577088507,47.089978274372235,105601916.21467951,0.0,17981305.841639213,1950404.7715351155,72170242.69512396,262608253.03983727,2227751045.987718
224,2024-12-01,47.40351965064468,0.0,8.07170740951298,468.630507449782,0.5266698599211845,110.75486627026388,65.32576035273178,11767.243643347565,0.8755371480705527,32.396330890738724,117.88249577088507,47.089978274372235,105601916.21467951,0.0,17981305.841639213,1950404.7715351155,72170242.69512396,262608253.03983727,2227751045.987718
225,2024-12-01,47.40351965064468,0.0,8.07170740951298,468.630507449782,0.5266698599211845,110.75486627026388,65.32576035273178,11767.243643347565,0.8755371480705527,32.396330890738724,117.88249577088507,47.089978274372235,105601916.21467951,0.0,17981305.841639213,1950404.7715351155,72170242.69512396,262608253.03983727,2227751045.987718
226,2024-12-01,47.40351965064468,0.0,8.07170740951298,468.630507449782,0.5266698599211845,110.75486627026388,65.32576035273178,11767.243643347565,0.8755371480705527,32.396330890738724,117.88249577088507,47.089978274372235,105601916.21467951,0.0,17981305.841639213,1950404.7715351155,72170242.69512396,262608253.03983727,2227751045.986012
227,2024-12-01,47.40351965064468,0.0,8.07170740951298,468.630507449782,0.5266698599211845,110.75486627026388,65.32576035273178,11767.243643347565,0.8755371480705527,32.396330890738724,117.88249577088507,47.089978274372235,105601916.21467951,0.0,17981305.841639213,1950404.7715351155,72170242.69512396,262608253.03983727,2227751045.987718
228,2024-12-01,47.40351965064468,0.0,8.07170740951298,468.630507449782,0.5266698599211845,110.75486627026388,65.32576035273178,11767.243643347565,0.8755371480705527,32.396330890738724,117.88249577088507,47.089978274372235,105601916.21467951,0.0,17981305.841639213,1950404.7715351155,72170242.69512396,262608253.03983727,2227751045.987718
229,2024-12-01,47.40351965064468,0.0,8.07170740951298,468.630507449782,0.5266698599211845,110.75486627026388,65.32576035273178,11767.243643347565,0.8755371480705527,32.396330890738724,117.88249577088507,47.089978274372235,105601916.21467951,0.0,17981305.841639213,1950404.7715351155,72170242.69512396,262608253.03983727,2227751045.987718
230,2024-12-01,47.40351965064468,0.0,8.07170740951298,468.630507449782,0.5266698599211845,110.75486627026388,65.32576035273178,11767.243643347565,0.8755371480705527,32.396330890738724,117.88249577088507,47.089978274372235,105601916.21467951,0.0,17981305.841639213,1950404.7715351155,72170242.69512396,262608253.03983727,2227751045.987718
231,2024-12-01,47.40351965064468,0.0,8.07170740951298,468.630507449782,0.5266698599211845,110.75486627026388,65.32576035273178,11767.243643347565,0.8755371480705527,32.396330890738724,117.88249577088507,47.089978274372235,105601916.21467951,0.0,17981305.841639213,1950404.7715351155,72170242.69512396,262608253.03983727,2227751045.987718
232,2024-12-01,47.40351965064468,0.0,8.07170740951298,468.630507449782,0.5266698599211845,110.75486627026388,65.32576035273178,11767.243643347565,0.8755371480705527,32.396330890738724,117.88249577088507,47.089978274372235,105601916.21467951,0.0,17981305.841639213,1950404.7715351155,72170242.69512396,262608253.03983727,2227751045.987718
233,2024-12-01,47.40351965064468,0.0,8.07170740951298,468.630507449782,0.5266698599211845,110.75486627026388,65.32576035273178,11767.243643347565,0.8755371480705527,32.396330890738724,117.88249577088507,47.089978274372235,105601916.21467951,0.0,17981305.841639213,1950404.7715351155,72170242.69512396,262608253.03983727,2227751045.987718
234,2024-12-01,47.40351965064468,0.0,8.07170740951298,468.630507449782,0.5266698599211845,110.75486627026388,65.32576035273178,11767.243643347565,0.8755371480705527,32.396330890738724,117.88249577088507,47.089978274372235,105601916.21467951,0.0,17981305.841639213,1950404.7715351155,72170242.69512396,262608253.03983727,2227751045.987718
235,2024-12-01,47.40351965064468,0.0,8.07170740951298,468.630507449782,0.5266698599211845,110.75486627026388,65.32576035273178,11767.243643347565,0.8755371480705527,32.396330890738724,117.88249577088507,47.089978274372235,105601916.21467951,0.0,17981305.841639213,1950404.7715351155,72170242.69512396,262608253.03983727,2227751045.987718
236,2024-12-01,47.40351965064468,0.0,8.07170740951298,468.630507449782,0.5266698599211845,110.75486627026388,65.32576035273178,11767.243643347565,0.8755371480705527,32.396330890738724,117.88249577088507,47.089978274372235,105601916.21467951,0.0,17981305.841639213,1950404.7715351155,72170242.69512396,262608253.03983727,2227751045.987718
237,2024-12-01,47.40351965064468,0.0,8.07170740951298,468.630507449782,0.5266698599211845,110.75486627026388,65.32576035273178,11767.243643347565,0.8755371480705527,32.396330890738724,117.88249577088507,47.089978274372235,105601916.21467951,0.0,17981305.841639213,1950404.7715351155,72170242.69512396,262608253.03983727,2227751045.986012
238,2024-12-01,47.40351965064468,0.0,8.07170740951298,468.630507449782,0.5266698599211845,110.75486627026388,65.32576035273178,11767.243643347565,0.8755371480705527,32.396330890738724,117.88249577088507,47.089978274372235,105601916.21467951,0.0,17981305.841639213,1950404.7715351155,72170242.69512396,262608253.03983727,2227751045.986012
239,2024-12-01,47.40351965064468,0.0,8.07170740951298,468.630507449782,0.5266698599211845,110.75486627026388,65.32576035273178,11767.243643347565,0.8755371480705527,32.396330890738724,117.88249577088507,47.089978274372235,105601916.21467951,0.0,17981305.841639213,1950404.7715351155,72170242.69512396,262608253.03983727,2227751045.987718
