,Date,precip_and_snowmelt_input_Lower White_mean,irrigation_Lower White_mean,AET_Lower White_mean,soil_thickness_Lower White_mean,soil_porosity_Lower White_mean,field_capacity_Lower White_mean,wilting_point_Lower White_mean,Geo_K_Lower White_mean,Runoff_Lower White_mean,Recharge_Lower White_mean,Soil_Water_End_Of_Previous_Timestep_Lower White_mean,Soil_Saturation_Percent_End_Of_Timestep_Lower White_mean,precip_and_snowmelt_input_m3_Lower White_sum,irrigation_m3_Lower White_sum,AET_m3_Lower White_sum,Runoff_m3_Lower White_sum,Recharge_m3_Lower White_sum,Soil_Water_End_Of_Previous_Timestep_m3_Lower White_sum,Lower White_area_m2
0,2024-01-01,3.102088992833302,0.0,6.591787743441601,365.5275024831733,0.47748913836485424,78.06591991287792,40.86758995135025,8647.582540477979,0.0005521430835106859,0.171617755280955,42.05838384212555,21.892933583548906,11414310.755165137,0.0,24256199.940773666,2031.8088050526017,631472.2314029774,154304948.69865468,3726250605.1066275
1,2024-01-01,3.102088992833302,0.0,6.591787743441601,365.5275024831733,0.47748913836485424,78.06591991287792,40.86758995135025,8647.582540477979,0.0005521430835106859,0.171617755280955,42.05838384212555,21.892933583548906,11414310.755165137,0.0,24256199.940773666,2031.8088050526017,631472.2314029774,154304948.69865468,3726250605.1066275
2,2024-01-01,3.102088992833302,0.0,6.591787743441601,365.5275024831733,0.47748913836485424,78.06591991287792,40.86758995135025,8647.582540477979,0.0005521430835106859,0.171617755280955,42.05838384212555,21.892933583548906,11414310.755165137,0.0,24256199.940773666,2031.8088050526017,631472.2314029774,154304948.69865468,3726250605.1066275
3,2024-01-01,3.102088992833302,0.0,6.591787743441601,365.5275024831733,0.47748913836485424,78.06591991287792,40.86758995135025,8647.582540477979,0.0005521430835106859,0.171617755280955,42.05838384212555,21.892933583548906,11414310.755165137,0.0,24256199.940773666,2031.8088050526017,631472.2314029774,154304948.69865468,3726250605.1066275
4,2024-01-01,3.102088992833302,0.0,6.591787743441601,365.5275024831733,0.47748913836485424,78.06591991287792,40.86758995135025,8647.582540477979,0.0005521430835106859,0.171617755280955,42.05838384212555,21.892933583548906,11414310.755165137,0.0,24256199.940773666,2031.8088050526017,631472.2314029774,154304948.69865468,3726250605.1066275
5,2024-01-01,3.102088992833302,0.0,6.591787743441601,365.5275024831733,0.47748913836485424,78.06591991287792,40.86758995135025,8647.582540477979,0.0005521430835106859,0.171617755280955,42.05838384212555,21.892933583548906,11414310.755165137,0.0,24256199.940773666,2031.8088050526017,631472.2314029774,154304948.69865468,3726250605.1062098
6,2024-01-01,3.102088992833302,0.0,6.591787743441601,365.5275024831733,0.47748913836485424,78.06591991287792,40.86758995135025,8647.582540477979,0.0005521430835106859,0.171617755280955,42.05838384212555,21.892933583548906,11414310.755165137,0.0,24256199.940773666,2031.8088050526017,631472.2314029774,154304948.69865468,3726250605.1066275
7,2024-01-01,3.102088992833302,0.0,6.591787743441601,365.5275024831733,0.47748913836485424,78.06591991287792,40.86758995135025,8647.582540477979,0.0005521430835106859,0.171617755280955,42.05838384212555,21.892933583548906,11414310.755165137,0.0,24256199.940773666,2031.8088050526017,631472.2314029774,154304948.69865468,3726250605.1066275
8,2024-01-01,3.102088992833302,0.0,6.591787743441601,365.5275024831733,0.47748913836485424,78.06591991287792,40.86758995135025,8647.582540477979,0.0005521430835106859,0.171617755280955,42.05838384212555,21.892933583548906,11414310.755165137,0.0,24256199.940773666,2031.8088050526017,631472.2314029774,154304948.69865468,3726250605.1066275
9,2024-01-01,3.102088992833302,0.0,6.591787743441601,365.5275024831733,0.47748913836485424,78.06591991287792,40.86758995135025,8647.582540477979,0.0005521430835106859,0.171617755280955,42.05838384212555,21.892933583548906,11414310.755165137,0.0,24256199.940773666,2031.8088050526017,631472.2314029774,154304948.69865468,3726250605.1062098
10,2024-01-01,3.102088992833302,0.0,6.591787743441601,365.5275024831733,0.47748913836485424,78.06591991287792,40.86758995135025,8647.582540477979,0.0005521430835106859,0.171617755280955,42.05838384212555,21.892933583548906,11414310.755165137,0.0,24256199.940773666,2031.8088050526017,631472.2314029774,154304948.69865468,3726250605.1066275
11,2024-01-01,3.102088992833302,0.0,6.591787743441601,365.5275024831733,0.47748913836485424,78.06591991287792,40.86758995135025,8647.582540477979,0.0005521430835106859,0.171617755280955,42.05838384212555,21.892933583548906,11414310.755165137,0.0,24256199.940773666,2031.8088050526017,631472.2314029774,154304948.69865468,3726250605.1066275
12,2024-01-01,3.102088992833302,0.0,6.591787743441601,365.5275024831733,0.47748913836485424,78.06591991287792,40.86758995135025,8647.582540477979,0.0005521430835106859,0.171617755280955,42.05838384212555,21.892933583548906,11414310.755165137,0.0,24256199.940773666,2031.8088050526017,631472.2314029774,154304948.69865468,3726250605.1066275
13,2024-01-01,3.102088992833302,0.0,6.591787743441601,365.5275024831733,0.47748913836485424,78.06591991287792,40.86758995135025,8647.582540477979,0.0005521430835106859,0.171617755280955,42.05838384212555,21.892933583548906,11414310.755165137,0.0,24256199.940773666,2031.8088050526017,631472.2314029774,154304948.69865468,3726250605.1066275
14,2024-01-01,3.102088992833302,0.0,6.591787743441601,365.5275024831733,0.47748913836485424,78.06591991287792,40.86758995135025,8647.582540477979,0.0005521430835106859,0.171617755280955,42.05838384212555,21.892933583548906,11414310.755165137,0.0,24256199.940773666,2031.8088050526017,631472.2314029774,154304948.69865468,3726250605.1066275
15,2024-01-01,3.102088992833302,0.0,6.591787743441601,365.5275024831733,0.47748913836485424,78.06591991287792,40.86758995135025,8647.582540477979,0.0005521430835106859,0.171617755280955,42.05838384212555,21.892933583548906,11414310.755165137,0.0,24256199.940773666,2031.8088050526017,631472.2314029774,154304948.69865468,3726250605.1066275
16,2024-01-01,3.102088992833302,0.0,6.591787743441601,365.5275024831733,0.47748913836485424,78.06591991287792,40.86758995135025,8647.582540477979,0.0005521430835106859,0.171617755280955,42.05838384212555,21.892933583548906,11414310.755165137,0.0,24256199.940773666,2031.8088050526017,631472.2314029774,154304948.69865468,3726250605.1062098
17,2024-01-01,3.102088992833302,0.0,6.591787743441601,365.5275024831733,0.47748913836485424,78.06591991287792,40.86758995135025,8647.582540477979,0.0005521430835106859,0.171617755280955,42.05838384212555,21.892933583548906,11414310.755165137,0.0,24256199.940773666,2031.8088050526017,631472.2314029774,154304948.69865468,3726250605.1066275
18,2024-01-01,3.102088992833302,0.0,6.591787743441601,365.5275024831733,0.47748913836485424,78.06591991287792,40.86758995135025,8647.582540477979,0.0005521430835106859,0.171617755280955,42.05838384212555,21.892933583548906,11414310.755165137,0.0,24256199.940773666,2031.8088050526017,631472.2314029774,154304948.69865468,3726250605.1066275
19,2024-01-01,3.102088992833302,0.0,6.591787743441601,365.5275024831733,0.47748913836485424,78.06591991287792,40.86758995135025,8647.582540477979,0.0005521430835106859,0.171617755280955,42.05838384212555,21.892933583548906,11414310.755165137,0.0,24256199.940773666,2031.8088050526017,631472.2314029774,154304948.69865468,3726250605.1062098
20,2024-02-01,22.02971930294745,0.0,9.578366076472902,365.5275024831733,0.47748913836485424,78.06591991287792,40.86758995135025,8647.582540477979,0.24061400638397049,2.2321966937127096,52.38593050898528,28.031619951608675,81063422.17016779,0.0,35245216.514769055,885474.169872014,8213897.352468634,192193947.8453742,3726250605.1066275
21,2024-02-01,22.02971930294745,0.0,9.578366076472902,365.5275024831733,0.47748913836485424,78.06591991287792,40.86758995135025,8647.582540477979,0.24061400638397049,2.2321966937127096,52.38593050898528,28.031619951608675,81063422.17016779,0.0,35245216.514769055,885474.169872014,8213897.352468634,192193947.8453742,3726250605.1066275
22,2024-02-01,22.02971930294745,0.0,9.578366076472902,365.5275024831733,0.47748913836485424,78.06591991287792,40.86758995135025,8647.582540477979,0.24061400638397049,2.2321966937127096,52.38593050898528,28.031619951608675,81063422.17016779,0.0,35245216.514769055,885474.169872014,8213897.352468634,192193947.8453742,3726250605.1066275
23,2024-02-01,22.02971930294745,0.0,9.578366076472902,365.5275024831733,0.47748913836485424,78.06591991287792,40.86758995135025,8647.582540477979,0.24061400638397049,2.2321966937127096,52.38593050898528,28.031619951608675,81063422.17016779,0.0,35245216.514769055,885474.169872014,8213897.352468634,192193947.8453742,3726250605.1066275
24,2024-02-01,22.02971930294745,0.0,9.578366076472902,365.5275024831733,0.47748913836485424,78.06591991287792,40.86758995135025,8647.582540477979,0.24061400638397049,2.2321966937127096,52.38593050898528,28.031619951608675,81063422.17016779,0.0,35245216.514769055,885474.169872014,8213897.352468634,192193947.8453742,3726250605.1066275
25,2024-02-01,22.02971930294745,0.0,9.578366076472902,365.5275024831733,0.47748913836485424,78.06591991287792,40.86758995135025,8647.582540477979,0.24061400638397049,2.2321966937127096,52.38593050898528,28.031619951608675,81063422.17016779,0.0,35245216.514769055,885474.169872014,8213897.352468634,192193947.8453742,3726250605.1066275
26,2024-02-01,22.02971930294745,0.0,9.578366076472902,365.5275024831733,0.47748913836485424,78.06591991287792,40.86758995135025,8647.582540477979,0.24061400638397049,2.2321966937127096,52.38593050898528,28.031619951608675,81063422.17016779,0.0,35245216.514769055,885474.169872014,8213897.352468634,192193947.8453742,3726250605.1066275
27,2024-02-01,22.02971930294745,0.0,9.578366076472902,365.5275024831733,0.47748913836485424,78.06591991287792,40.86758995135025,8647.582540477979,0.24061400638397049,2.2321966937127096,52.38593050898528,28.031619951608675,81063422.17016779,0.0,35245216.514769055,885474.169872014,8213897.352468634,192193947.8453742,3726250605.1062098
28,2024-02-01,22.02971930294745,0.0,9.578366076472902,365.5275024831733,0.47748913836485424,78.06591991287792,40.86758995135025,8647.582540477979,0.24061400638397049,2.2321966937127096,52.38593050898528,28.031619951608675,81063422.17016779,0.0,35245216.514769055,885474.169872014,8213897.352468634,192193947.8453742,3726250605.1062098
29,2024-02-01,22.02971930294745,0.0,9.578366076472902,365.5275024831733,0.47748913836485424,78.06591991287792,40.86758995135025,8647.582540477979,0.24061400638397049,2.2321966937127096,52.38593050898528,28.031619951608675,81063422.17016779,0.0,35245216.514769055,885474.169872014,8213897.352468634,192193947.8453742,3726250605.1066275
30,2024-02-01,22.02971930294745,0.0,9.578366076472902,365.5275024831733,0.47748913836485424,78.06591991287792,40.86758995135025,8647.582540477979,0.24061400638397049,2.2321966937127096,52.38593050898528,28.031619951608675,81063422.17016779,0.0,35245216.514769055,885474.169872014,8213897.352468634,192193947.8453742,3726250605.1066275
31,2024-02-01,22.02971930294745,0.0,9.578366076472902,365.5275024831733,0.47748913836485424,78.06591991287792,40.86758995135025,8647.582540477979,0.24061400638397049,2.2321966937127096,52.38593050898528,28.031619951608675,81063422.17016779,0.0,35245216.514769055,885474.169872014,8213897.352468634,192193947.8453742,3726250605.1062098
32,2024-02-01,22.02971930294745,0.0,9.578366076472902,365.5275024831733,0.47748913836485424,78.06591991287792,40.86758995135025,8647.582540477979,0.24061400638397049,2.2321966937127096,52.38593050898528,28.031619951608675,81063422.17016779,0.0,35245216.514769055,885474.169872014,8213897.352468634,192193947.8453742,3726250605.1066275
33,2024-02-01,22.02971930294745,0.0,9.578366076472902,365.5275024831733,0.47748913836485424,78.06591991287792,40.86758995135025,8647.582540477979,0.24061400638397049,2.2321966937127096,52.38593050898528,28.031619951608675,81063422.17016779,0.0,35245216.514769055,885474.169872014,8213897.352468634,192193947.8453742,3726250605.1066275
34,2024-02-01,22.02971930294745,0.0,9.578366076472902,365.5275024831733,0.47748913836485424,78.06591991287792,40.86758995135025,8647.582540477979,0.24061400638397049,2.2321966937127096,52.38593050898528,28.031619951608675,81063422.17016779,0.0,35245216.514769055,885474.169872014,8213897.352468634,192193947.8453742,3726250605.1062098
35,2024-02-01,22.02971930294745,0.0,9.578366076472902,365.5275024831733,0.47748913836485424,78.06591991287792,40.86758995135025,8647.582540477979,0.24061400638397049,2.2321966937127096,52.38593050898528,28.031619951608675,81063422.17016779,0.0,35245216.514769055,885474.169872014,8213897.352468634,192193947.8453742,3726250605.1066275
36,2024-02-01,22.02971930294745,0.0,9.578366076472902,365.5275024831733,0.47748913836485424,78.06591991287792,40.86758995135025,8647.582540477979,0.24061400638397049,2.2321966937127096,52.38593050898528,28.031619951608675,81063422.17016779,0.0,35245216.514769055,885474.169872014,8213897.352468634,192193947.8453742,3726250605.1066275
37,2024-02-01,22.02971930294745,0.0,9.578366076472902,365.5275024831733,0.47748913836485424,78.06591991287792,40.86758995135025,8647.582540477979,0.24061400638397049,2.2321966937127096,52.38593050898528,28.031619951608675,81063422.17016779,0.0,35245216.514769055,885474.169872014,8213897.352468634,192193947.8453742,3726250605.1066275
38,2024-02-01,22.02971930294745,0.0,9.578366076472902,365.5275024831733,0.47748913836485424,78.06591991287792,40.86758995135025,8647.582540477979,0.24061400638397049,2.2321966937127096,52.38593050898528,28.031619951608675,81063422.17016779,0.0,35245216.514769055,885474.169872014,8213897.352468634,192193947.8453742,3726250605.1066275
39,2024-02-01,22.02971930294745,0.0,9.578366076472902,365.5275024831733,0.47748913836485424,78.06591991287792,40.86758995135025,8647.582540477979,0.24061400638397049,2.2321966937127096,52.38593050898528,28.031619951608675,81063422.17016779,0.0,35245216.514769055,885474.169872014,8213897.352468634,192193947.8453742,3726250605.1066275
40,2024-03-01,41.34748055953194,0.0,12.964709895428037,365.5275024831733,0.47748913836485424,78.06591991287792,40.86758995135025,8647.582540477979,0.8965229053411659,11.262630610361883,68.69370998715587,38.89094997781946,152147543.4485953,0.0,47705597.58710706,3299157.9362057974,41444895.59783809,252021527.49325013,3726250605.1066275
41,2024-03-01,41.34748055953194,0.0,12.964709895428037,365.5275024831733,0.47748913836485424,78.06591991287792,40.86758995135025,8647.582540477979,0.8965229053411659,11.262630610361883,68.69370998715587,38.89094997781946,152147543.4485953,0.0,47705597.58710706,3299157.9362057974,41444895.59783809,252021527.49325013,3726250605.1066275
42,2024-03-01,41.34748055953194,0.0,12.964709895428037,365.5275024831733,0.47748913836485424,78.06591991287792,40.86758995135025,8647.582540477979,0.8965229053411659,11.262630610361883,68.69370998715587,38.89094997781946,152147543.4485953,0.0,47705597.58710706,3299157.9362057974,41444895.59783809,252021527.49325013,3726250605.1066275
43,2024-03-01,41.34748055953194,0.0,12.964709895428037,365.5275024831733,0.47748913836485424,78.06591991287792,40.86758995135025,8647.582540477979,0.8965229053411659,11.262630610361883,68.69370998715587,38.89094997781946,152147543.4485953,0.0,47705597.58710706,3299157.9362057974,41444895.59783809,252021527.49325013,3726250605.1066275
44,2024-03-01,41.34748055953194,0.0,12.964709895428037,365.5275024831733,0.47748913836485424,78.06591991287792,40.86758995135025,8647.582540477979,0.8965229053411659,11.262630610361883,68.69370998715587,38.89094997781946,152147543.4485953,0.0,47705597.58710706,3299157.9362057974,41444895.59783809,252021527.49325013,3726250605.1066275
45,2024-03-01,41.34748055953194,0.0,12.964709895428037,365.5275024831733,0.47748913836485424,78.06591991287792,40.86758995135025,8647.582540477979,0.8965229053411659,11.262630610361883,68.69370998715587,38.89094997781946,152147543.4485953,0.0,47705597.58710706,3299157.9362057974,41444895.59783809,252021527.49325013,3726250605.1066275
46,2024-03-01,41.34748055953194,0.0,12.964709895428037,365.5275024831733,0.47748913836485424,78.06591991287792,40.86758995135025,8647.582540477979,0.8965229053411659,11.262630610361883,68.69370998715587,38.89094997781946,152147543.4485953,0.0,47705597.58710706,3299157.9362057974,41444895.59783809,252021527.49325013,3726250605.1066275
47,2024-03-01,41.34748055953194,0.0,12.964709895428037,365.5275024831733,0.47748913836485424,78.06591991287792,40.86758995135025,8647.582540477979,0.8965229053411659,11.262630610361883,68.69370998715587,38.89094997781946,152147543.4485953,0.0,47705597.58710706,3299157.9362057974,41444895.59783809,252021527.49325013,3726250605.1066275
48,2024-03-01,41.34748055953194,0.0,12.964709895428037,365.5275024831733,0.47748913836485424,78.06591991287792,40.86758995135025,8647.582540477979,0.8965229053411659,11.262630610361883,68.69370998715587,38.89094997781946,152147543.4485953,0.0,47705597.58710706,3299157.9362057974,41444895.59783809,252021527.49325013,3726250605.1066275
49,2024-03-01,41.34748055953194,0.0,12.964709895428037,365.5275024831733,0.47748913836485424,78.06591991287792,40.86758995135025,8647.582540477979,0.8965229053411659,11.262630610361883,68.69370998715587,38.89094997781946,152147543.4485953,0.0,47705597.58710706,3299157.9362057974,41444895.59783809,252021527.49325013,3726250605.1066275
50,2024-03-01,41.34748055953194,0.0,12.964709895428037,365.5275024831733,0.47748913836485424,78.06591991287792,40.86758995135025,8647.582540477979,0.8965229053411659,11.262630610361883,68.69370998715587,38.89094997781946,152147543.4485953,0.0,47705597.58710706,3299157.9362057974,41444895.59783809,252021527.49325013,3726250605.1062098
51,2024-03-01,41.34748055953194,0.0,12.964709895428037,365.5275024831733,0.47748913836485424,78.06591991287792,40.86758995135025,8647.582540477979,0.8965229053411659,11.262630610361883,68.69370998715587,38.89094997781946,152147543.4485953,0.0,47705597.58710706,3299157.9362057974,41444895.59783809,252021527.49325013,3726250605.1062098
52,2024-03-01,41.34748055953194,0.0,12.964709895428037,365.5275024831733,0.47748913836485424,78.06591991287792,40.86758995135025,8647.582540477979,0.8965229053411659,11.262630610361883,68.69370998715587,38.89094997781946,152147543.4485953,0.0,47705597.58710706,3299157.9362057974,41444895.59783809,252021527.49325013,3726250605.1066275
53,2024-03-01,41.34748055953194,0.0,12.964709895428037,365.5275024831733,0.47748913836485424,78.06591991287792,40.86758995135025,8647.582540477979,0.8965229053411659,11.262630610361883,68.69370998715587,38.89094997781946,152147543.4485953,0.0,47705597.58710706,3299157.9362057974,41444895.59783809,252021527.49325013,3726250605.1066275
54,2024-03-01,41.34748055953194,0.0,12.964709895428037,365.5275024831733,0.47748913836485424,78.06591991287792,40.86758995135025,8647.582540477979,0.8965229053411659,11.262630610361883,68.69370998715587,38.89094997781946,152147543.4485953,0.0,47705597.58710706,3299157.9362057974,41444895.59783809,252021527.49325013,3726250605.1066275
55,2024-03-01,41.34748055953194,0.0,12.964709895428037,365.5275024831733,0.47748913836485424,78.06591991287792,40.86758995135025,8647.582540477979,0.8965229053411659,11.262630610361883,68.69370998715587,38.89094997781946,152147543.4485953,0.0,47705597.58710706,3299157.9362057974,41444895.59783809,252021527.49325013,3726250605.1066275
56,2024-03-01,41.34748055953194,0.0,12.964709895428037,365.5275024831733,0.47748913836485424,78.06591991287792,40.86758995135025,8647.582540477979,0.8965229053411659,11.262630610361883,68.69370998715587,38.89094997781946,152147543.4485953,0.0,47705597.58710706,3299157.9362057974,41444895.59783809,252021527.49325013,3726250605.1062098
57,2024-03-01,41.34748055953194,0.0,12.964709895428037,365.5275024831733,0.47748913836485424,78.06591991287792,40.86758995135025,8647.582540477979,0.8965229053411659,11.262630610361883,68.69370998715587,38.89094997781946,152147543.4485953,0.0,47705597.58710706,3299157.9362057974,41444895.59783809,252021527.49325013,3726250605.1062098
58,2024-03-01,41.34748055953194,0.0,12.964709895428037,365.5275024831733,0.47748913836485424,78.06591991287792,40.86758995135025,8647.582540477979,0.8965229053411659,11.262630610361883,68.69370998715587,38.89094997781946,152147543.4485953,0.0,47705597.58710706,3299157.9362057974,41444895.59783809,252021527.49325013,3726250605.1066275
59,2024-03-01,41.34748055953194,0.0,12.964709895428037,365.5275024831733,0.47748913836485424,78.06591991287792,40.86758995135025,8647.582540477979,0.8965229053411659,11.262630610361883,68.69370998715587,38.89094997781946,152147543.4485953,0.0,47705597.58710706,3299157.9362057974,41444895.59783809,252021527.49325013,3726250605.1066275
60,2024-04-01,22.101292914753948,0.019178500114343983,22.749489931884284,365.5275024831733,0.47748913836485424,78.06591991287792,40.86758995135025,8647.582540477979,0.4537806014787984,4.906060595206,64.58333151630342,35.086934531154355,81328256.41511473,70570.74570990757,83710037.42750365,1669943.9258134738,18054468.33894457,236943353.02320957,3726250605.1066275
61,2024-04-01,22.101292914753948,0.019178500114343983,22.749489931884284,365.5275024831733,0.47748913836485424,78.06591991287792,40.86758995135025,8647.582540477979,0.4537806014787984,4.906060595206,64.58333151630342,35.086934531154355,81328256.41511473,70570.74570990757,83710037.42750365,1669943.9258134738,18054468.33894457,236943353.02320957,3726250605.1066275
62,2024-04-01,22.101292914753948,0.019178500114343983,22.749489931884284,365.5275024831733,0.47748913836485424,78.06591991287792,40.86758995135025,8647.582540477979,0.4537806014787984,4.906060595206,64.58333151630342,35.086934531154355,81328256.41511473,70570.74570990757,83710037.42750365,1669943.9258134738,18054468.33894457,236943353.02320957,3726250605.1062098
63,2024-04-01,22.101292914753948,0.019178500114343983,22.749489931884284,365.5275024831733,0.47748913836485424,78.06591991287792,40.86758995135025,8647.582540477979,0.4537806014787984,4.906060595206,64.58333151630342,35.086934531154355,81328256.41511473,70570.74570990757,83710037.42750365,1669943.9258134738,18054468.33894457,236943353.02320957,3726250605.1066275
64,2024-04-01,22.101292914753948,0.019178500114343983,22.749489931884284,365.5275024831733,0.47748913836485424,78.06591991287792,40.86758995135025,8647.582540477979,0.4537806014787984,4.906060595206,64.58333151630342,35.086934531154355,81328256.41511473,70570.74570990757,83710037.42750365,1669943.9258134738,18054468.33894457,236943353.02320957,3726250605.1066275
65,2024-04-01,22.101292914753948,0.019178500114343983,22.749489931884284,365.5275024831733,0.47748913836485424,78.06591991287792,40.86758995135025,8647.582540477979,0.4537806014787984,4.906060595206,64.58333151630342,35.086934531154355,81328256.41511473,70570.74570990757,83710037.42750365,1669943.9258134738,18054468.33894457,236943353.02320957,3726250605.1066275
66,2024-04-01,22.101292914753948,0.019178500114343983,22.749489931884284,365.5275024831733,0.47748913836485424,78.06591991287792,40.86758995135025,8647.582540477979,0.4537806014787984,4.906060595206,64.58333151630342,35.086934531154355,81328256.41511473,70570.74570990757,83710037.42750365,1669943.9258134738,18054468.33894457,236943353.02320957,3726250605.1066275
67,2024-04-01,22.101292914753948,0.019178500114343983,22.749489931884284,365.5275024831733,0.47748913836485424,78.06591991287792,40.86758995135025,8647.582540477979,0.4537806014787984,4.906060595206,64.58333151630342,35.086934531154355,81328256.41511473,70570.74570990757,83710037.42750365,1669943.9258134738,18054468.33894457,236943353.02320957,3726250605.1062098
68,2024-04-01,22.101292914753948,0.019178500114343983,22.749489931884284,365.5275024831733,0.47748913836485424,78.06591991287792,40.86758995135025,8647.582540477979,0.4537806014787984,4.906060595206,64.58333151630342,35.086934531154355,81328256.41511473,70570.74570990757,83710037.42750365,1669943.9258134738,18054468.33894457,236943353.02320957,3726250605.1062098
69,2024-04-01,22.101292914753948,0.019178500114343983,22.749489931884284,365.5275024831733,0.47748913836485424,78.06591991287792,40.86758995135025,8647.582540477979,0.4537806014787984,4.906060595206,64.58333151630342,35.086934531154355,81328256.41511473,70570.74570990757,83710037.42750365,1669943.9258134738,18054468.33894457,236943353.02320957,3726250605.1066275
70,2024-04-01,22.101292914753948,0.019178500114343983,22.749489931884284,365.5275024831733,0.47748913836485424,78.06591991287792,40.86758995135025,8647.582540477979,0.4537806014787984,4.906060595206,64.58333151630342,35.086934531154355,81328256.41511473,70570.74570990757,83710037.42750365,1669943.9258134738,18054468.33894457,236943353.02320957,3726250605.1066275
71,2024-04-01,22.101292914753948,0.019178500114343983,22.749489931884284,365.5275024831733,0.47748913836485424,78.06591991287792,40.86758995135025,8647.582540477979,0.4537806014787984,4.906060595206,64.58333151630342,35.086934531154355,81328256.41511473,70570.74570990757,83710037.42750365,1669943.9258134738,18054468.33894457,236943353.02320957,3726250605.1066275
72,2024-04-01,22.101292914753948,0.019178500114343983,22.749489931884284,365.5275024831733,0.47748913836485424,78.06591991287792,40.86758995135025,8647.582540477979,0.4537806014787984,4.906060595206,64.58333151630342,35.086934531154355,81328256.41511473,70570.74570990757,83710037.42750365,1669943.9258134738,18054468.33894457,236943353.02320957,3726250605.1066275
73,2024-04-01,22.101292914753948,0.019178500114343983,22.749489931884284,365.5275024831733,0.47748913836485424,78.06591991287792,40.86758995135025,8647.582540477979,0.4537806014787984,4.906060595206,64.58333151630342,35.086934531154355,81328256.41511473,70570.74570990757,83710037.42750365,1669943.9258134738,18054468.33894457,236943353.02320957,3726250605.1066275
74,2024-04-01,22.101292914753948,0.019178500114343983,22.749489931884284,365.5275024831733,0.47748913836485424,78.06591991287792,40.86758995135025,8647.582540477979,0.4537806014787984,4.906060595206,64.58333151630342,35.086934531154355,81328256.41511473,70570.74570990757,83710037.42750365,1669943.9258134738,18054468.33894457,236943353.02320957,3726250605.1066275
75,2024-04-01,22.101292914753948,0.019178500114343983,22.749489931884284,365.5275024831733,0.47748913836485424,78.06591991287792,40.86758995135025,8647.582540477979,0.4537806014787984,4.906060595206,64.58333151630342,35.086934531154355,81328256.41511473,70570.74570990757,83710037.42750365,1669943.9258134738,18054468.33894457,236943353.02320957,3726250605.1066275
76,2024-04-01,22.101292914753948,0.019178500114343983,22.749489931884284,365.5275024831733,0.47748913836485424,78.06591991287792,40.86758995135025,8647.582540477979,0.4537806014787984,4.906060595206,64.58333151630342,35.086934531154355,81328256.41511473,70570.74570990757,83710037.42750365,1669943.9258134738,18054468.33894457,236943353.02320957,3726250605.1066275
77,2024-04-01,22.101292914753948,0.019178500114343983,22.749489931884284,365.5275024831733,0.47748913836485424,78.06591991287792,40.86758995135025,8647.582540477979,0.4537806014787984,4.906060595206,64.58333151630342,35.086934531154355,81328256.41511473,70570.74570990757,83710037.42750365,1669943.9258134738,18054468.33894457,236943353.02320957,3726250605.1066275
78,2024-04-01,22.101292914753948,0.019178500114343983,22.749489931884284,365.5275024831733,0.47748913836485424,78.06591991287792,40.86758995135025,8647.582540477979,0.4537806014787984,4.906060595206,64.58333151630342,35.086934531154355,81328256.41511473,70570.74570990757,83710037.42750365,1669943.9258134738,18054468.33894457,236943353.02320957,3726250605.1062098
79,2024-04-01,22.101292914753948,0.019178500114343983,22.749489931884284,365.5275024831733,0.47748913836485424,78.06591991287792,40.86758995135025,8647.582540477979,0.4537806014787984,4.906060595206,64.58333151630342,35.086934531154355,81328256.41511473,70570.74570990757,83710037.42750365,1669943.9258134738,18054468.33894457,236943353.02320957,3726250605.1066275
80,2024-05-01,29.41852477969982,0.04986410186401062,28.18861114368249,365.5275024831733,0.47748913836485424,78.06591991287792,40.86758995135025,8647.582540477979,0.74980092322572,6.485040585250567,63.28841199727826,34.6484930757322,108250653.64493085,183483.9446109793,103724095.62940906,2759196.8150162417,23863594.864836626,232192509.15614215,3726250605.1066275
81,2024-05-01,29.41852477969982,0.04986410186401062,28.18861114368249,365.5275024831733,0.47748913836485424,78.06591991287792,40.86758995135025,8647.582540477979,0.74980092322572,6.485040585250567,63.28841199727826,34.6484930757322,108250653.64493085,183483.9446109793,103724095.62940906,2759196.8150162417,23863594.864836626,232192509.15614215,3726250605.1066275
82,2024-05-01,29.41852477969982,0.04986410186401062,28.18861114368249,365.5275024831733,0.47748913836485424,78.06591991287792,40.86758995135025,8647.582540477979,0.74980092322572,6.485040585250567,63.28841199727826,34.6484930757322,108250653.64493085,183483.9446109793,103724095.62940906,2759196.8150162417,23863594.864836626,232192509.15614215,3726250605.1066275
83,2024-05-01,29.41852477969982,0.04986410186401062,28.18861114368249,365.5275024831733,0.47748913836485424,78.06591991287792,40.86758995135025,8647.582540477979,0.74980092322572,6.485040585250567,63.28841199727826,34.6484930757322,108250653.64493085,183483.9446109793,103724095.62940906,2759196.8150162417,23863594.864836626,232192509.15614215,3726250605.1066275
84,2024-05-01,29.41852477969982,0.04986410186401062,28.18861114368249,365.5275024831733,0.47748913836485424,78.06591991287792,40.86758995135025,8647.582540477979,0.74980092322572,6.485040585250567,63.28841199727826,34.6484930757322,108250653.64493085,183483.9446109793,103724095.62940906,2759196.8150162417,23863594.864836626,232192509.15614215,3726250605.1066275
85,2024-05-01,29.41852477969982,0.04986410186401062,28.18861114368249,365.5275024831733,0.47748913836485424,78.06591991287792,40.86758995135025,8647.582540477979,0.74980092322572,6.485040585250567,63.28841199727826,34.6484930757322,108250653.64493085,183483.9446109793,103724095.62940906,2759196.8150162417,23863594.864836626,232192509.15614215,3726250605.1066275
86,2024-05-01,29.41852477969982,0.04986410186401062,28.18861114368249,365.5275024831733,0.47748913836485424,78.06591991287792,40.86758995135025,8647.582540477979,0.74980092322572,6.485040585250567,63.28841199727826,34.6484930757322,108250653.64493085,183483.9446109793,103724095.62940906,2759196.8150162417,23863594.864836626,232192509.15614215,3726250605.1066275
87,2024-05-01,29.41852477969982,0.04986410186401062,28.18861114368249,365.5275024831733,0.47748913836485424,78.06591991287792,40.86758995135025,8647.582540477979,0.74980092322572,6.485040585250567,63.28841199727826,34.6484930757322,108250653.64493085,183483.9446109793,103724095.62940906,2759196.8150162417,23863594.864836626,232192509.15614215,3726250605.1062098
88,2024-05-01,29.41852477969982,0.04986410186401062,28.18861114368249,365.5275024831733,0.47748913836485424,78.06591991287792,40.86758995135025,8647.582540477979,0.74980092322572,6.485040585250567,63.28841199727826,34.6484930757322,108250653.64493085,183483.9446109793,103724095.62940906,2759196.8150162417,23863594.864836626,232192509.15614215,3726250605.1062098
89,2024-05-01,29.41852477969982,0.04986410186401062,28.18861114368249,365.5275024831733,0.47748913836485424,78.06591991287792,40.86758995135025,8647.582540477979,0.74980092322572,6.485040585250567,63.28841199727826,34.6484930757322,108250653.64493085,183483.9446109793,103724095.62940906,2759196.8150162417,23863594.864836626,232192509.15614215,3726250605.1066275
90,2024-05-01,29.41852477969982,0.04986410186401062,28.18861114368249,365.5275024831733,0.47748913836485424,78.06591991287792,40.86758995135025,8647.582540477979,0.74980092322572,6.485040585250567,63.28841199727826,34.6484930757322,108250653.64493085,183483.9446109793,103724095.62940906,2759196.8150162417,23863594.864836626,232192509.15614215,3726250605.1066275
91,2024-05-01,29.41852477969982,0.04986410186401062,28.18861114368249,365.5275024831733,0.47748913836485424,78.06591991287792,40.86758995135025,8647.582540477979,0.74980092322572,6.485040585250567,63.28841199727826,34.6484930757322,108250653.64493085,183483.9446109793,103724095.62940906,2759196.8150162417,23863594.864836626,232192509.15614215,3726250605.1066275
92,2024-05-01,29.41852477969982,0.04986410186401062,28.18861114368249,365.5275024831733,0.47748913836485424,78.06591991287792,40.86758995135025,8647.582540477979,0.74980092322572,6.485040585250567,63.28841199727826,34.6484930757322,108250653.64493085,183483.9446109793,103724095.62940906,2759196.8150162417,23863594.864836626,232192509.15614215,3726250605.1062098
93,2024-05-01,29.41852477969982,0.04986410186401062,28.18861114368249,365.5275024831733,0.47748913836485424,78.06591991287792,40.86758995135025,8647.582540477979,0.74980092322572,6.485040585250567,63.28841199727826,34.6484930757322,108250653.64493085,183483.9446109793,103724095.62940906,2759196.8150162417,23863594.864836626,232192509.15614215,3726250605.1066275
94,2024-05-01,29.41852477969982,0.04986410186401062,28.18861114368249,365.5275024831733,0.47748913836485424,78.06591991287792,40.86758995135025,8647.582540477979,0.74980092322572,6.485040585250567,63.28841199727826,34.6484930757322,108250653.64493085,183483.9446109793,103724095.62940906,2759196.8150162417,23863594.864836626,232192509.15614215,3726250605.1066275
95,2024-05-01,29.41852477969982,0.04986410186401062,28.18861114368249,365.5275024831733,0.47748913836485424,78.06591991287792,40.86758995135025,8647.582540477979,0.74980092322572,6.485040585250567,63.28841199727826,34.6484930757322,108250653.64493085,183483.9446109793,103724095.62940906,2759196.8150162417,23863594.864836626,232192509.15614215,3726250605.1066275
96,2024-05-01,29.41852477969982,0.04986410186401062,28.18861114368249,365.5275024831733,0.47748913836485424,78.06591991287792,40.86758995135025,8647.582540477979,0.74980092322572,6.485040585250567,63.28841199727826,34.6484930757322,108250653.64493085,183483.9446109793,103724095.62940906,2759196.8150162417,23863594.864836626,232192509.15614215,3726250605.1062098
97,2024-05-01,29.41852477969982,0.04986410186401062,28.18861114368249,365.5275024831733,0.47748913836485424,78.06591991287792,40.86758995135025,8647.582540477979,0.74980092322572,6.485040585250567,63.28841199727826,34.6484930757322,108250653.64493085,183483.9446109793,103724095.62940906,2759196.8150162417,23863594.864836626,232192509.15614215,3726250605.1066275
98,2024-05-01,29.41852477969982,0.04986410186401062,28.18861114368249,365.5275024831733,0.47748913836485424,78.06591991287792,40.86758995135025,8647.582540477979,0.74980092322572,6.485040585250567,63.28841199727826,34.6484930757322,108250653.64493085,183483.9446109793,103724095.62940906,2759196.8150162417,23863594.864836626,232192509.15614215,3726250605.1066275
99,2024-05-01,29.41852477969982,0.04986410186401062,28.18861114368249,365.5275024831733,0.47748913836485424,78.06591991287792,40.86758995135025,8647.582540477979,0.74980092322572,6.485040585250567,63.28841199727826,34.6484930757322,108250653.64493085,183483.9446109793,103724095.62940906,2759196.8150162417,23863594.864836626,232192509.15614215,3726250605.1066275
100,2024-06-01,27.733960931265795,0.07671400045737593,42.24062423383182,365.5275024831733,0.47748913836485424,78.06591991287792,40.86758995135025,8647.582540477979,0.25670828778543664,3.1283451010801206,58.7344418805098,31.732306672195303,102051314.08389795,282282.9828396303,155429686.03408173,944651.6685363636,11511373.677855583,215485752.9222517,3726250605.1066275
101,2024-06-01,27.733960931265795,0.07671400045737593,42.24062423383182,365.5275024831733,0.47748913836485424,78.06591991287792,40.86758995135025,8647.582540477979,0.25670828778543664,3.1283451010801206,58.7344418805098,31.732306672195303,102051314.08389795,282282.9828396303,155429686.03408173,944651.6685363636,11511373.677855583,215485752.9222517,3726250605.1066275
102,2024-06-01,27.733960931265795,0.07671400045737593,42.24062423383182,365.5275024831733,0.47748913836485424,78.06591991287792,40.86758995135025,8647.582540477979,0.25670828778543664,3.1283451010801206,58.7344418805098,31.732306672195303,102051314.08389795,282282.9828396303,155429686.03408173,944651.6685363636,11511373.677855583,215485752.9222517,3726250605.1066275
103,2024-06-01,27.733960931265795,0.07671400045737593,42.24062423383182,365.5275024831733,0.47748913836485424,78.06591991287792,40.86758995135025,8647.582540477979,0.25670828778543664,3.1283451010801206,58.7344418805098,31.732306672195303,102051314.08389795,282282.9828396303,155429686.03408173,944651.6685363636,11511373.677855583,215485752.9222517,3726250605.1066275
104,2024-06-01,27.733960931265795,0.07671400045737593,42.24062423383182,365.5275024831733,0.47748913836485424,78.06591991287792,40.86758995135025,8647.582540477979,0.25670828778543664,3.1283451010801206,58.7344418805098,31.732306672195303,102051314.08389795,282282.9828396303,155429686.03408173,944651.6685363636,11511373.677855583,215485752.9222517,3726250605.1066275
105,2024-06-01,27.733960931265795,0.07671400045737593,42.24062423383182,365.5275024831733,0.47748913836485424,78.06591991287792,40.86758995135025,8647.582540477979,0.25670828778543664,3.1283451010801206,58.7344418805098,31.732306672195303,102051314.08389795,282282.9828396303,155429686.03408173,944651.6685363636,11511373.677855583,215485752.9222517,3726250605.1066275
106,2024-06-01,27.733960931265795,0.07671400045737593,42.24062423383182,365.5275024831733,0.47748913836485424,78.06591991287792,40.86758995135025,8647.582540477979,0.25670828778543664,3.1283451010801206,58.7344418805098,31.732306672195303,102051314.08389795,282282.9828396303,155429686.03408173,944651.6685363636,11511373.677855583,215485752.9222517,3726250605.1062098
107,2024-06-01,27.733960931265795,0.07671400045737593,42.24062423383182,365.5275024831733,0.47748913836485424,78.06591991287792,40.86758995135025,8647.582540477979,0.25670828778543664,3.1283451010801206,58.7344418805098,31.732306672195303,102051314.08389795,282282.9828396303,155429686.03408173,944651.6685363636,11511373.677855583,215485752.9222517,3726250605.1066275
108,2024-06-01,27.733960931265795,0.07671400045737593,42.24062423383182,365.5275024831733,0.47748913836485424,78.06591991287792,40.86758995135025,8647.582540477979,0.25670828778543664,3.1283451010801206,58.7344418805098,31.732306672195303,102051314.08389795,282282.9828396303,155429686.03408173,944651.6685363636,11511373.677855583,215485752.9222517,3726250605.1062098
109,2024-06-01,27.733960931265795,0.07671400045737593,42.24062423383182,365.5275024831733,0.47748913836485424,78.06591991287792,40.86758995135025,8647.582540477979,0.25670828778543664,3.1283451010801206,58.7344418805098,31.732306672195303,102051314.08389795,282282.9828396303,155429686.03408173,944651.6685363636,11511373.677855583,215485752.9222517,3726250605.1066275
110,2024-06-01,27.733960931265795,0.07671400045737593,42.24062423383182,365.5275024831733,0.47748913836485424,78.06591991287792,40.86758995135025,8647.582540477979,0.25670828778543664,3.1283451010801206,58.7344418805098,31.732306672195303,102051314.08389795,282282.9828396303,155429686.03408173,944651.6685363636,11511373.677855583,215485752.9222517,3726250605.1066275
111,2024-06-01,27.733960931265795,0.07671400045737593,42.24062423383182,365.5275024831733,0.47748913836485424,78.06591991287792,40.86758995135025,8647.582540477979,0.25670828778543664,3.1283451010801206,58.7344418805098,31.732306672195303,102051314.08389795,282282.9828396303,155429686.03408173,944651.6685363636,11511373.677855583,215485752.9222517,3726250605.1066275
112,2024-06-01,27.733960931265795,0.07671400045737593,42.24062423383182,365.5275024831733,0.47748913836485424,78.06591991287792,40.86758995135025,8647.582540477979,0.25670828778543664,3.1283451010801206,58.7344418805098,31.732306672195303,102051314.08389795,282282.9828396303,155429686.03408173,944651.6685363636,11511373.677855583,215485752.9222517,3726250605.1062098
113,2024-06-01,27.733960931265795,0.07671400045737593,42.24062423383182,365.5275024831733,0.47748913836485424,78.06591991287792,40.86758995135025,8647.582540477979,0.25670828778543664,3.1283451010801206,58.7344418805098,31.732306672195303,102051314.08389795,282282.9828396303,155429686.03408173,944651.6685363636,11511373.677855583,215485752.9222517,3726250605.1066275
114,2024-06-01,27.733960931265795,0.07671400045737593,42.24062423383182,365.5275024831733,0.47748913836485424,78.06591991287792,40.86758995135025,8647.582540477979,0.25670828778543664,3.1283451010801206,58.7344418805098,31.732306672195303,102051314.08389795,282282.9828396303,155429686.03408173,944651.6685363636,11511373.677855583,215485752.9222517,3726250605.1066275
115,2024-06-01,27.733960931265795,0.07671400045737593,42.24062423383182,365.5275024831733,0.47748913836485424,78.06591991287792,40.86758995135025,8647.582540477979,0.25670828778543664,3.1283451010801206,58.7344418805098,31.732306672195303,102051314.08389795,282282.9828396303,155429686.03408173,944651.6685363636,11511373.677855583,215485752.9222517,3726250605.1066275
116,2024-06-01,27.733960931265795,0.07671400045737593,42.24062423383182,365.5275024831733,0.47748913836485424,78.06591991287792,40.86758995135025,8647.582540477979,0.25670828778543664,3.1283451010801206,58.7344418805098,31.732306672195303,102051314.08389795,282282.9828396303,155429686.03408173,944651.6685363636,11511373.677855583,215485752.9222517,3726250605.1066275
117,2024-06-01,27.733960931265795,0.07671400045737593,42.24062423383182,365.5275024831733,0.47748913836485424,78.06591991287792,40.86758995135025,8647.582540477979,0.25670828778543664,3.1283451010801206,58.7344418805098,31.732306672195303,102051314.08389795,282282.9828396303,155429686.03408173,944651.6685363636,11511373.677855583,215485752.9222517,3726250605.1066275
118,2024-06-01,27.733960931265795,0.07671400045737593,42.24062423383182,365.5275024831733,0.47748913836485424,78.06591991287792,40.86758995135025,8647.582540477979,0.25670828778543664,3.1283451010801206,58.7344418805098,31.732306672195303,102051314.08389795,282282.9828396303,155429686.03408173,944651.6685363636,11511373.677855583,215485752.9222517,3726250605.1062098
119,2024-06-01,27.733960931265795,0.07671400045737593,42.24062423383182,365.5275024831733,0.47748913836485424,78.06591991287792,40.86758995135025,8647.582540477979,0.25670828778543664,3.1283451010801206,58.7344418805098,31.732306672195303,102051314.08389795,282282.9828396303,155429686.03408173,944651.6685363636,11511373.677855583,215485752.9222517,3726250605.1066275
120,2024-07-01,4.070255317229744,0.09972820372802124,40.8931596507872,365.5275024831733,0.47748913836485424,78.06591991287792,40.86758995135025,8647.582540477979,0.0011922865445026416,0.22501515690876894,47.59965238007564,23.803503208212103,14978382.14340227,366967.8892219586,150471382.3500959,4387.586986669149,828051.7463235175,174636244.36480343,3726250605.1066275
121,2024-07-01,4.070255317229744,0.09972820372802124,40.8931596507872,365.5275024831733,0.47748913836485424,78.06591991287792,40.86758995135025,8647.582540477979,0.0011922865445026416,0.22501515690876894,47.59965238007564,23.803503208212103,14978382.14340227,366967.8892219586,150471382.3500959,4387.586986669149,828051.7463235175,174636244.36480343,3726250605.1062098
122,2024-07-01,4.070255317229744,0.09972820372802124,40.8931596507872,365.5275024831733,0.47748913836485424,78.06591991287792,40.86758995135025,8647.582540477979,0.0011922865445026416,0.22501515690876894,47.59965238007564,23.803503208212103,14978382.14340227,366967.8892219586,150471382.3500959,4387.586986669149,828051.7463235175,174636244.36480343,3726250605.1066275
123,2024-07-01,4.070255317229744,0.09972820372802124,40.8931596507872,365.5275024831733,0.47748913836485424,78.06591991287792,40.86758995135025,8647.582540477979,0.0011922865445026416,0.22501515690876894,47.59965238007564,23.803503208212103,14978382.14340227,366967.8892219586,150471382.3500959,4387.586986669149,828051.7463235175,174636244.36480343,3726250605.1062098
124,2024-07-01,4.070255317229744,0.09972820372802124,40.8931596507872,365.5275024831733,0.47748913836485424,78.06591991287792,40.86758995135025,8647.582540477979,0.0011922865445026416,0.22501515690876894,47.59965238007564,23.803503208212103,14978382.14340227,366967.8892219586,150471382.3500959,4387.586986669149,828051.7463235175,174636244.36480343,3726250605.1066275
125,2024-07-01,4.070255317229744,0.09972820372802124,40.8931596507872,365.5275024831733,0.47748913836485424,78.06591991287792,40.86758995135025,8647.582540477979,0.0011922865445026416,0.22501515690876894,47.59965238007564,23.803503208212103,14978382.14340227,366967.8892219586,150471382.3500959,4387.586986669149,828051.7463235175,174636244.36480343,3726250605.1066275
126,2024-07-01,4.070255317229744,0.09972820372802124,40.8931596507872,365.5275024831733,0.47748913836485424,78.06591991287792,40.86758995135025,8647.582540477979,0.0011922865445026416,0.22501515690876894,47.59965238007564,23.803503208212103,14978382.14340227,366967.8892219586,150471382.3500959,4387.586986669149,828051.7463235175,174636244.36480343,3726250605.1066275
127,2024-07-01,4.070255317229744,0.09972820372802124,40.8931596507872,365.5275024831733,0.47748913836485424,78.06591991287792,40.86758995135025,8647.582540477979,0.0011922865445026416,0.22501515690876894,47.59965238007564,23.803503208212103,14978382.14340227,366967.8892219586,150471382.3500959,4387.586986669149,828051.7463235175,174636244.36480343,3726250605.1066275
128,2024-07-01,4.070255317229744,0.09972820372802124,40.8931596507872,365.5275024831733,0.47748913836485424,78.06591991287792,40.86758995135025,8647.582540477979,0.0011922865445026416,0.22501515690876894,47.59965238007564,23.803503208212103,14978382.14340227,366967.8892219586,150471382.3500959,4387.586986669149,828051.7463235175,174636244.36480343,3726250605.1062098
129,2024-07-01,4.070255317229744,0.09972820372802124,40.8931596507872,365.5275024831733,0.47748913836485424,78.06591991287792,40.86758995135025,8647.582540477979,0.0011922865445026416,0.22501515690876894,47.59965238007564,23.803503208212103,14978382.14340227,366967.8892219586,150471382.3500959,4387.586986669149,828051.7463235175,174636244.36480343,3726250605.1066275
130,2024-07-01,4.070255317229744,0.09972820372802124,40.8931596507872,365.5275024831733,0.47748913836485424,78.06591991287792,40.86758995135025,8647.582540477979,0.0011922865445026416,0.22501515690876894,47.59965238007564,23.803503208212103,14978382.14340227,366967.8892219586,150471382.3500959,4387.586986669149,828051.7463235175,174636244.36480343,3726250605.1066275
131,2024-07-01,4.070255317229744,0.09972820372802124,40.8931596507872,365.5275024831733,0.47748913836485424,78.06591991287792,40.86758995135025,8647.582540477979,0.0011922865445026416,0.22501515690876894,47.59965238007564,23.803503208212103,14978382.14340227,366967.8892219586,150471382.3500959,4387.586986669149,828051.7463235175,174636244.36480343,3726250605.1066275
132,2024-07-01,4.070255317229744,0.09972820372802124,40.8931596507872,365.5275024831733,0.47748913836485424,78.06591991287792,40.86758995135025,8647.582540477979,0.0011922865445026416,0.22501515690876894,47.59965238007564,23.803503208212103,14978382.14340227,366967.8892219586,150471382.3500959,4387.586986669149,828051.7463235175,174636244.36480343,3726250605.1066275
133,2024-07-01,4.070255317229744,0.09972820372802124,40.8931596507872,365.5275024831733,0.47748913836485424,78.06591991287792,40.86758995135025,8647.582540477979,0.0011922865445026416,0.22501515690876894,47.59965238007564,23.803503208212103,14978382.14340227,366967.8892219586,150471382.3500959,4387.586986669149,828051.7463235175,174636244.36480343,3726250605.1066275
134,2024-07-01,4.070255317229744,0.09972820372802124,40.8931596507872,365.5275024831733,0.47748913836485424,78.06591991287792,40.86758995135025,8647.582540477979,0.0011922865445026416,0.22501515690876894,47.59965238007564,23.803503208212103,14978382.14340227,366967.8892219586,150471382.3500959,4387.586986669149,828051.7463235175,174636244.36480343,3726250605.1066275
135,2024-07-01,4.070255317229744,0.09972820372802124,40.8931596507872,365.5275024831733,0.47748913836485424,78.06591991287792,40.86758995135025,8647.582540477979,0.0011922865445026416,0.22501515690876894,47.59965238007564,23.803503208212103,14978382.14340227,366967.8892219586,150471382.3500959,4387.586986669149,828051.7463235175,174636244.36480343,3726250605.1066275
136,2024-07-01,4.070255317229744,0.09972820372802124,40.8931596507872,365.5275024831733,0.47748913836485424,78.06591991287792,40.86758995135025,8647.582540477979,0.0011922865445026416,0.22501515690876894,47.59965238007564,23.803503208212103,14978382.14340227,366967.8892219586,150471382.3500959,4387.586986669149,828051.7463235175,174636244.36480343,3726250605.1062098
137,2024-07-01,4.070255317229744,0.09972820372802124,40.8931596507872,365.5275024831733,0.47748913836485424,78.06591991287792,40.86758995135025,8647.582540477979,0.0011922865445026416,0.22501515690876894,47.59965238007564,23.803503208212103,14978382.14340227,366967.8892219586,150471382.3500959,4387.586986669149,828051.7463235175,174636244.36480343,3726250605.1066275
138,2024-07-01,4.070255317229744,0.09972820372802124,40.8931596507872,365.5275024831733,0.47748913836485424,78.06591991287792,40.86758995135025,8647.582540477979,0.0011922865445026416,0.22501515690876894,47.59965238007564,23.803503208212103,14978382.14340227,366967.8892219586,150471382.3500959,4387.586986669149,828051.7463235175,174636244.36480343,3726250605.1066275
139,2024-07-01,4.070255317229744,0.09972820372802124,40.8931596507872,365.5275024831733,0.47748913836485424,78.06591991287792,40.86758995135025,8647.582540477979,0.0011922865445026416,0.22501515690876894,47.59965238007564,23.803503208212103,14978382.14340227,366967.8892219586,150471382.3500959,4387.586986669149,828051.7463235175,174636244.36480343,3726250605.1066275
140,2024-08-01,57.72949747345688,0.08054970145095902,34.206828623508926,365.5275024831733,0.47748913836485424,78.06591991287792,40.86758995135025,8647.582540477979,0.864396158365485,10.122810423456071,61.60772137704692,34.18470988568627,212427387.11813378,296397.13555378356,125868827.30725634,3180871.3361834516,37251392.268104464,226026838.12191802,3726250605.1062098
141,2024-08-01,57.72949747345688,0.08054970145095902,34.206828623508926,365.5275024831733,0.47748913836485424,78.06591991287792,40.86758995135025,8647.582540477979,0.864396158365485,10.122810423456071,61.60772137704692,34.18470988568627,212427387.11813378,296397.13555378356,125868827.30725634,3180871.3361834516,37251392.268104464,226026838.12191802,3726250605.1066275
142,2024-08-01,57.72949747345688,0.08054970145095902,34.206828623508926,365.5275024831733,0.47748913836485424,78.06591991287792,40.86758995135025,8647.582540477979,0.864396158365485,10.122810423456071,61.60772137704692,34.18470988568627,212427387.11813378,296397.13555378356,125868827.30725634,3180871.3361834516,37251392.268104464,226026838.12191802,3726250605.1066275
143,2024-08-01,57.72949747345688,0.08054970145095902,34.206828623508926,365.5275024831733,0.47748913836485424,78.06591991287792,40.86758995135025,8647.582540477979,0.864396158365485,10.122810423456071,61.60772137704692,34.18470988568627,212427387.11813378,296397.13555378356,125868827.30725634,3180871.3361834516,37251392.268104464,226026838.12191802,3726250605.1066275
144,2024-08-01,57.72949747345688,0.08054970145095902,34.206828623508926,365.5275024831733,0.47748913836485424,78.06591991287792,40.86758995135025,8647.582540477979,0.864396158365485,10.122810423456071,61.60772137704692,34.18470988568627,212427387.11813378,296397.13555378356,125868827.30725634,3180871.3361834516,37251392.268104464,226026838.12191802,3726250605.1066275
145,2024-08-01,57.72949747345688,0.08054970145095902,34.206828623508926,365.5275024831733,0.47748913836485424,78.06591991287792,40.86758995135025,8647.582540477979,0.864396158365485,10.122810423456071,61.60772137704692,34.18470988568627,212427387.11813378,296397.13555378356,125868827.30725634,3180871.3361834516,37251392.268104464,226026838.12191802,3726250605.1066275
146,2024-08-01,57.72949747345688,0.08054970145095902,34.206828623508926,365.5275024831733,0.47748913836485424,78.06591991287792,40.86758995135025,8647.582540477979,0.864396158365485,10.122810423456071,61.60772137704692,34.18470988568627,212427387.11813378,296397.13555378356,125868827.30725634,3180871.3361834516,37251392.268104464,226026838.12191802,3726250605.1066275
147,2024-08-01,57.72949747345688,0.08054970145095902,34.206828623508926,365.5275024831733,0.47748913836485424,78.06591991287792,40.86758995135025,8647.582540477979,0.864396158365485,10.122810423456071,61.60772137704692,34.18470988568627,212427387.11813378,296397.13555378356,125868827.30725634,3180871.3361834516,37251392.268104464,226026838.12191802,3726250605.1066275
148,2024-08-01,57.72949747345688,0.08054970145095902,34.206828623508926,365.5275024831733,0.47748913836485424,78.06591991287792,40.86758995135025,8647.582540477979,0.864396158365485,10.122810423456071,61.60772137704692,34.18470988568627,212427387.11813378,296397.13555378356,125868827.30725634,3180871.3361834516,37251392.268104464,226026838.12191802,3726250605.1066275
149,2024-08-01,57.72949747345688,0.08054970145095902,34.206828623508926,365.5275024831733,0.47748913836485424,78.06591991287792,40.86758995135025,8647.582540477979,0.864396158365485,10.122810423456071,61.60772137704692,34.18470988568627,212427387.11813378,296397.13555378356,125868827.30725634,3180871.3361834516,37251392.268104464,226026838.12191802,3726250605.1062098
150,2024-08-01,57.72949747345688,0.08054970145095902,34.206828623508926,365.5275024831733,0.47748913836485424,78.06591991287792,40.86758995135025,8647.582540477979,0.864396158365485,10.122810423456071,61.60772137704692,34.18470988568627,212427387.11813378,296397.13555378356,125868827.30725634,3180871.3361834516,37251392.268104464,226026838.12191802,3726250605.1066275
151,2024-08-01,57.72949747345688,0.08054970145095902,34.206828623508926,365.5275024831733,0.47748913836485424,78.06591991287792,40.86758995135025,8647.582540477979,0.864396158365485,10.122810423456071,61.60772137704692,34.18470988568627,212427387.11813378,296397.13555378356,125868827.30725634,3180871.3361834516,37251392.268104464,226026838.12191802,3726250605.1062098
152,2024-08-01,57.72949747345688,0.08054970145095902,34.206828623508926,365.5275024831733,0.47748913836485424,78.06591991287792,40.86758995135025,8647.582540477979,0.864396158365485,10.122810423456071,61.60772137704692,34.18470988568627,212427387.11813378,296397.13555378356,125868827.30725634,3180871.3361834516,37251392.268104464,226026838.12191802,3726250605.1066275
153,2024-08-01,57.72949747345688,0.08054970145095902,34.206828623508926,365.5275024831733,0.47748913836485424,78.06591991287792,40.86758995135025,8647.582540477979,0.864396158365485,10.122810423456071,61.60772137704692,34.18470988568627,212427387.11813378,296397.13555378356,125868827.30725634,3180871.3361834516,37251392.268104464,226026838.12191802,3726250605.1066275
154,2024-08-01,57.72949747345688,0.08054970145095902,34.206828623508926,365.5275024831733,0.47748913836485424,78.06591991287792,40.86758995135025,8647.582540477979,0.864396158365485,10.122810423456071,61.60772137704692,34.18470988568627,212427387.11813378,296397.13555378356,125868827.30725634,3180871.3361834516,37251392.268104464,226026838.12191802,3726250605.1062098
155,2024-08-01,57.72949747345688,0.08054970145095902,34.206828623508926,365.5275024831733,0.47748913836485424,78.06591991287792,40.86758995135025,8647.582540477979,0.864396158365485,10.122810423456071,61.60772137704692,34.18470988568627,212427387.11813378,296397.13555378356,125868827.30725634,3180871.3361834516,37251392.268104464,226026838.12191802,3726250605.1066275
156,2024-08-01,57.72949747345688,0.08054970145095902,34.206828623508926,365.5275024831733,0.47748913836485424,78.06591991287792,40.86758995135025,8647.582540477979,0.864396158365485,10.122810423456071,61.60772137704692,34.18470988568627,212427387.11813378,296397.13555378356,125868827.30725634,3180871.3361834516,37251392.268104464,226026838.12191802,3726250605.1066275
157,2024-08-01,57.72949747345688,0.08054970145095902,34.206828623508926,365.5275024831733,0.47748913836485424,78.06591991287792,40.86758995135025,8647.582540477979,0.864396158365485,10.122810423456071,61.60772137704692,34.18470988568627,212427387.11813378,296397.13555378356,125868827.30725634,3180871.3361834516,37251392.268104464,226026838.12191802,3726250605.1066275
158,2024-08-01,57.72949747345688,0.08054970145095902,34.206828623508926,365.5275024831733,0.47748913836485424,78.06591991287792,40.86758995135025,8647.582540477979,0.864396158365485,10.122810423456071,61.60772137704692,34.18470988568627,212427387.11813378,296397.13555378356,125868827.30725634,3180871.3361834516,37251392.268104464,226026838.12191802,3726250605.1066275
159,2024-08-01,57.72949747345688,0.08054970145095902,34.206828623508926,365.5275024831733,0.47748913836485424,78.06591991287792,40.86758995135025,8647.582540477979,0.864396158365485,10.122810423456071,61.60772137704692,34.18470988568627,212427387.11813378,296397.13555378356,125868827.30725634,3180871.3361834516,37251392.268104464,226026838.12191802,3726250605.1066275
160,2024-09-01,2.322653553157042,0.03835700022868797,25.67409365639422,365.5275024831733,0.47748913836485424,78.06591991287792,40.86758995135025,8647.582540477979,0.0051050296901315,0.1556670297947592,50.71547875231874,25.857966124261143,8546374.183783513,141141.49141981514,94471330.15143825,18785.292969793907,572790.1820392048,186066753.19094867,3726250605.1066275
161,2024-09-01,2.322653553157042,0.03835700022868797,25.67409365639422,365.5275024831733,0.47748913836485424,78.06591991287792,40.86758995135025,8647.582540477979,0.0051050296901315,0.1556670297947592,50.71547875231874,25.857966124261143,8546374.183783513,141141.49141981514,94471330.15143825,18785.292969793907,572790.1820392048,186066753.19094867,3726250605.1062098
162,2024-09-01,2.322653553157042,0.03835700022868797,25.67409365639422,365.5275024831733,0.47748913836485424,78.06591991287792,40.86758995135025,8647.582540477979,0.0051050296901315,0.1556670297947592,50.71547875231874,25.857966124261143,8546374.183783513,141141.49141981514,94471330.15143825,18785.292969793907,572790.1820392048,186066753.19094867,3726250605.1066275
163,2024-09-01,2.322653553157042,0.03835700022868797,25.67409365639422,365.5275024831733,0.47748913836485424,78.06591991287792,40.86758995135025,8647.582540477979,0.0051050296901315,0.1556670297947592,50.71547875231874,25.857966124261143,8546374.183783513,141141.49141981514,94471330.15143825,18785.292969793907,572790.1820392048,186066753.19094867,3726250605.1062098
164,2024-09-01,2.322653553157042,0.03835700022868797,25.67409365639422,365.5275024831733,0.47748913836485424,78.06591991287792,40.86758995135025,8647.582540477979,0.0051050296901315,0.1556670297947592,50.71547875231874,25.857966124261143,8546374.183783513,141141.49141981514,94471330.15143825,18785.292969793907,572790.1820392048,186066753.19094867,3726250605.1066275
165,2024-09-01,2.322653553157042,0.03835700022868797,25.67409365639422,365.5275024831733,0.47748913836485424,78.06591991287792,40.86758995135025,8647.582540477979,0.0051050296901315,0.1556670297947592,50.71547875231874,25.857966124261143,8546374.183783513,141141.49141981514,94471330.15143825,18785.292969793907,572790.1820392048,186066753.19094867,3726250605.1066275
166,2024-09-01,2.322653553157042,0.03835700022868797,25.67409365639422,365.5275024831733,0.47748913836485424,78.06591991287792,40.86758995135025,8647.582540477979,0.0051050296901315,0.1556670297947592,50.71547875231874,25.857966124261143,8546374.183783513,141141.49141981514,94471330.15143825,18785.292969793907,572790.1820392048,186066753.19094867,3726250605.1062098
167,2024-09-01,2.322653553157042,0.03835700022868797,25.67409365639422,365.5275024831733,0.47748913836485424,78.06591991287792,40.86758995135025,8647.582540477979,0.0051050296901315,0.1556670297947592,50.71547875231874,25.857966124261143,8546374.183783513,141141.49141981514,94471330.15143825,18785.292969793907,572790.1820392048,186066753.19094867,3726250605.1066275
168,2024-09-01,2.322653553157042,0.03835700022868797,25.67409365639422,365.5275024831733,0.47748913836485424,78.06591991287792,40.86758995135025,8647.582540477979,0.0051050296901315,0.1556670297947592,50.71547875231874,25.857966124261143,8546374.183783513,141141.49141981514,94471330.15143825,18785.292969793907,572790.1820392048,186066753.19094867,3726250605.1066275
169,2024-09-01,2.322653553157042,0.03835700022868797,25.67409365639422,365.5275024831733,0.47748913836485424,78.06591991287792,40.86758995135025,8647.582540477979,0.0051050296901315,0.1556670297947592,50.71547875231874,25.857966124261143,8546374.183783513,141141.49141981514,94471330.15143825,18785.292969793907,572790.1820392048,186066753.19094867,3726250605.1066275
170,2024-09-01,2.322653553157042,0.03835700022868797,25.67409365639422,365.5275024831733,0.47748913836485424,78.06591991287792,40.86758995135025,8647.582540477979,0.0051050296901315,0.1556670297947592,50.71547875231874,25.857966124261143,8546374.183783513,141141.49141981514,94471330.15143825,18785.292969793907,572790.1820392048,186066753.19094867,3726250605.1066275
171,2024-09-01,2.322653553157042,0.03835700022868797,25.67409365639422,365.5275024831733,0.47748913836485424,78.06591991287792,40.86758995135025,8647.582540477979,0.0051050296901315,0.1556670297947592,50.71547875231874,25.857966124261143,8546374.183783513,141141.49141981514,94471330.15143825,18785.292969793907,572790.1820392048,186066753.19094867,3726250605.1066275
172,2024-09-01,2.322653553157042,0.03835700022868797,25.67409365639422,365.5275024831733,0.47748913836485424,78.06591991287792,40.86758995135025,8647.582540477979,0.0051050296901315,0.1556670297947592,50.71547875231874,25.857966124261143,8546374.183783513,141141.49141981514,94471330.15143825,18785.292969793907,572790.1820392048,186066753.19094867,3726250605.1066275
173,2024-09-01,2.322653553157042,0.03835700022868797,25.67409365639422,365.5275024831733,0.47748913836485424,78.06591991287792,40.86758995135025,8647.582540477979,0.0051050296901315,0.1556670297947592,50.71547875231874,25.857966124261143,8546374.183783513,141141.49141981514,94471330.15143825,18785.292969793907,572790.1820392048,186066753.19094867,3726250605.1066275
174,2024-09-01,2.322653553157042,0.03835700022868797,25.67409365639422,365.5275024831733,0.47748913836485424,78.06591991287792,40.86758995135025,8647.582540477979,0.0051050296901315,0.1556670297947592,50.71547875231874,25.857966124261143,8546374.183783513,141141.49141981514,94471330.15143825,18785.292969793907,572790.1820392048,186066753.19094867,3726250605.1066275
175,2024-09-01,2.322653553157042,0.03835700022868797,25.67409365639422,365.5275024831733,0.47748913836485424,78.06591991287792,40.86758995135025,8647.582540477979,0.0051050296901315,0.1556670297947592,50.71547875231874,25.857966124261143,8546374.183783513,141141.49141981514,94471330.15143825,18785.292969793907,572790.1820392048,186066753.19094867,3726250605.1066275
176,2024-09-01,2.322653553157042,0.03835700022868797,25.67409365639422,365.5275024831733,0.47748913836485424,78.06591991287792,40.86758995135025,8647.582540477979,0.0051050296901315,0.1556670297947592,50.71547875231874,25.857966124261143,8546374.183783513,141141.49141981514,94471330.15143825,18785.292969793907,572790.1820392048,186066753.19094867,3726250605.1062098
177,2024-09-01,2.322653553157042,0.03835700022868797,25.67409365639422,365.5275024831733,0.47748913836485424,78.06591991287792,40.86758995135025,8647.582540477979,0.0051050296901315,0.1556670297947592,50.71547875231874,25.857966124261143,8546374.183783513,141141.49141981514,94471330.15143825,18785.292969793907,572790.1820392048,186066753.19094867,3726250605.1066275
178,2024-09-01,2.322653553157042,0.03835700022868797,25.67409365639422,365.5275024831733,0.47748913836485424,78.06591991287792,40.86758995135025,8647.582540477979,0.0051050296901315,0.1556670297947592,50.71547875231874,25.857966124261143,8546374.183783513,141141.49141981514,94471330.15143825,18785.292969793907,572790.1820392048,186066753.19094867,3726250605.1066275
179,2024-09-01,2.322653553157042,0.03835700022868797,25.67409365639422,365.5275024831733,0.47748913836485424,78.06591991287792,40.86758995135025,8647.582540477979,0.0051050296901315,0.1556670297947592,50.71547875231874,25.857966124261143,8546374.183783513,141141.49141981514,94471330.15143825,18785.292969793907,572790.1820392048,186066753.19094867,3726250605.1066275
180,2024-10-01,36.09910447189429,0.019178500114343983,17.179582351749787,365.5275024831733,0.47748913836485424,78.06591991287792,40.86758995135025,8647.582540477979,1.0777037190441776,8.387018377594373,60.99437936784471,33.26902975084128,132835861.08635288,70570.74570990757,63214896.384434514,3965842.70103552,30863761.014426004,223777088.47413424,3726250605.1066275
181,2024-10-01,36.09910447189429,0.019178500114343983,17.179582351749787,365.5275024831733,0.47748913836485424,78.06591991287792,40.86758995135025,8647.582540477979,1.0777037190441776,8.387018377594373,60.99437936784471,33.26902975084128,132835861.08635288,70570.74570990757,63214896.384434514,3965842.70103552,30863761.014426004,223777088.47413424,3726250605.1066275
182,2024-10-01,36.09910447189429,0.019178500114343983,17.179582351749787,365.5275024831733,0.47748913836485424,78.06591991287792,40.86758995135025,8647.582540477979,1.0777037190441776,8.387018377594373,60.99437936784471,33.26902975084128,132835861.08635288,70570.74570990757,63214896.384434514,3965842.70103552,30863761.014426004,223777088.47413424,3726250605.1066275
183,2024-10-01,36.09910447189429,0.019178500114343983,17.179582351749787,365.5275024831733,0.47748913836485424,78.06591991287792,40.86758995135025,8647.582540477979,1.0777037190441776,8.387018377594373,60.99437936784471,33.26902975084128,132835861.08635288,70570.74570990757,63214896.384434514,3965842.70103552,30863761.014426004,223777088.47413424,3726250605.1066275
184,2024-10-01,36.09910447189429,0.019178500114343983,17.179582351749787,365.5275024831733,0.47748913836485424,78.06591991287792,40.86758995135025,8647.582540477979,1.0777037190441776,8.387018377594373,60.99437936784471,33.26902975084128,132835861.08635288,70570.74570990757,63214896.384434514,3965842.70103552,30863761.014426004,223777088.47413424,3726250605.1066275
185,2024-10-01,36.09910447189429,0.019178500114343983,17.179582351749787,365.5275024831733,0.47748913836485424,78.06591991287792,40.86758995135025,8647.582540477979,1.0777037190441776,8.387018377594373,60.99437936784471,33.26902975084128,132835861.08635288,70570.74570990757,63214896.384434514,3965842.70103552,30863761.014426004,223777088.47413424,3726250605.1066275
186,2024-10-01,36.09910447189429,0.019178500114343983,17.179582351749787,365.5275024831733,0.47748913836485424,78.06591991287792,40.86758995135025,8647.582540477979,1.0777037190441776,8.387018377594373,60.99437936784471,33.26902975084128,132835861.08635288,70570.74570990757,63214896.384434514,3965842.70103552,30863761.014426004,223777088.47413424,3726250605.1066275
187,2024-10-01,36.09910447189429,0.019178500114343983,17.179582351749787,365.5275024831733,0.47748913836485424,78.06591991287792,40.86758995135025,8647.582540477979,1.0777037190441776,8.387018377594373,60.99437936784471,33.26902975084128,132835861.08635288,70570.74570990757,63214896.384434514,3965842.70103552,30863761.014426004,223777088.47413424,3726250605.1066275
188,2024-10-01,36.09910447189429,0.019178500114343983,17.179582351749787,365.5275024831733,0.47748913836485424,78.06591991287792,40.86758995135025,8647.582540477979,1.0777037190441776,8.387018377594373,60.99437936784471,33.26902975084128,132835861.08635288,70570.74570990757,63214896.384434514,3965842.70103552,30863761.014426004,223777088.47413424,3726250605.1066275
189,2024-10-01,36.09910447189429,0.019178500114343983,17.179582351749787,365.5275024831733,0.47748913836485424,78.06591991287792,40.86758995135025,8647.582540477979,1.0777037190441776,8.387018377594373,60.99437936784471,33.26902975084128,132835861.08635288,70570.74570990757,63214896.384434514,3965842.70103552,30863761.014426004,223777088.47413424,3726250605.1062098
190,2024-10-01,36.09910447189429,0.019178500114343983,17.179582351749787,365.5275024831733,0.47748913836485424,78.06591991287792,40.86758995135025,8647.582540477979,1.0777037190441776,8.387018377594373,60.99437936784471,33.26902975084128,132835861.08635288,70570.74570990757,63214896.384434514,3965842.70103552,30863761.014426004,223777088.47413424,3726250605.1066275
191,2024-10-01,36.09910447189429,0.019178500114343983,17.179582351749787,365.5275024831733,0.47748913836485424,78.06591991287792,40.86758995135025,8647.582540477979,1.0777037190441776,8.387018377594373,60.99437936784471,33.26902975084128,132835861.08635288,70570.74570990757,63214896.384434514,3965842.70103552,30863761.014426004,223777088.47413424,3726250605.1066275
192,2024-10-01,36.09910447189429,0.019178500114343983,17.179582351749787,365.5275024831733,0.47748913836485424,78.06591991287792,40.86758995135025,8647.582540477979,1.0777037190441776,8.387018377594373,60.99437936784471,33.26902975084128,132835861.08635288,70570.74570990757,63214896.384434514,3965842.70103552,30863761.014426004,223777088.47413424,3726250605.1062098
193,2024-10-01,36.09910447189429,0.019178500114343983,17.179582351749787,365.5275024831733,0.47748913836485424,78.06591991287792,40.86758995135025,8647.582540477979,1.0777037190441776,8.387018377594373,60.99437936784471,33.26902975084128,132835861.08635288,70570.74570990757,63214896.384434514,3965842.70103552,30863761.014426004,223777088.47413424,3726250605.1062098
194,2024-10-01,36.09910447189429,0.019178500114343983,17.179582351749787,365.5275024831733,0.47748913836485424,78.06591991287792,40.86758995135025,8647.582540477979,1.0777037190441776,8.387018377594373,60.99437936784471,33.26902975084128,132835861.08635288,70570.74570990757,63214896.384434514,3965842.70103552,30863761.014426004,223777088.47413424,3726250605.1066275
195,2024-10-01,36.09910447189429,0.019178500114343983,17.179582351749787,365.5275024831733,0.47748913836485424,78.06591991287792,40.86758995135025,8647.582540477979,1.0777037190441776,8.387018377594373,60.99437936784471,33.26902975084128,132835861.08635288,70570.74570990757,63214896.384434514,3965842.70103552,30863761.014426004,223777088.47413424,3726250605.1066275
196,2024-10-01,36.09910447189429,0.019178500114343983,17.179582351749787,365.5275024831733,0.47748913836485424,78.06591991287792,40.86758995135025,8647.582540477979,1.0777037190441776,8.387018377594373,60.99437936784471,33.26902975084128,132835861.08635288,70570.74570990757,63214896.384434514,3965842.70103552,30863761.014426004,223777088.47413424,3726250605.1066275
197,2024-10-01,36.09910447189429,0.019178500114343983,17.179582351749787,365.5275024831733,0.47748913836485424,78.06591991287792,40.86758995135025,8647.582540477979,1.0777037190441776,8.387018377594373,60.99437936784471,33.26902975084128,132835861.08635288,70570.74570990757,63214896.384434514,3965842.70103552,30863761.014426004,223777088.47413424,3726250605.1062098
198,2024-10-01,36.09910447189429,0.019178500114343983,17.179582351749787,365.5275024831733,0.47748913836485424,78.06591991287792,40.86758995135025,8647.582540477979,1.0777037190441776,8.387018377594373,60.99437936784471,33.26902975084128,132835861.08635288,70570.74570990757,63214896.384434514,3965842.70103552,30863761.014426004,223777088.47413424,3726250605.1066275
199,2024-10-01,36.09910447189429,0.019178500114343983,17.179582351749787,365.5275024831733,0.47748913836485424,78.06591991287792,40.86758995135025,8647.582540477979,1.0777037190441776,8.387018377594373,60.99437936784471,33.26902975084128,132835861.08635288,70570.74570990757,63214896.384434514,3965842.70103552,30863761.014426004,223777088.47413424,3726250605.1066275
200,2024-11-01,9.607141639207406,0.0,11.540860879854167,365.5275024831733,0.47748913836485424,78.06591991287792,40.86758995135025,8647.582540477979,0.17506748991104162,1.3494448451290437,59.54399176536339,31.834495770916032,35351349.08003337,0.0,42466400.40977819,644222.5089473503,4965771.821562699,218456198.29665896,3726250605.1066275
201,2024-11-01,9.607141639207406,0.0,11.540860879854167,365.5275024831733,0.47748913836485424,78.06591991287792,40.86758995135025,8647.582540477979,0.17506748991104162,1.3494448451290437,59.54399176536339,31.834495770916032,35351349.08003337,0.0,42466400.40977819,644222.5089473503,4965771.821562699,218456198.29665896,3726250605.1062098
202,2024-11-01,9.607141639207406,0.0,11.540860879854167,365.5275024831733,0.47748913836485424,78.06591991287792,40.86758995135025,8647.582540477979,0.17506748991104162,1.3494448451290437,59.54399176536339,31.834495770916032,35351349.08003337,0.0,42466400.40977819,644222.5089473503,4965771.821562699,218456198.29665896,3726250605.1066275
203,2024-11-01,9.607141639207406,0.0,11.540860879854167,365.5275024831733,0.47748913836485424,78.06591991287792,40.86758995135025,8647.582540477979,0.17506748991104162,1.3494448451290437,59.54399176536339,31.834495770916032,35351349.08003337,0.0,42466400.40977819,644222.5089473503,4965771.821562699,218456198.29665896,3726250605.1066275
204,2024-11-01,9.607141639207406,0.0,11.540860879854167,365.5275024831733,0.47748913836485424,78.06591991287792,40.86758995135025,8647.582540477979,0.17506748991104162,1.3494448451290437,59.54399176536339,31.834495770916032,35351349.08003337,0.0,42466400.40977819,644222.5089473503,4965771.821562699,218456198.29665896,3726250605.1066275
205,2024-11-01,9.607141639207406,0.0,11.540860879854167,365.5275024831733,0.47748913836485424,78.06591991287792,40.86758995135025,8647.582540477979,0.17506748991104162,1.3494448451290437,59.54399176536339,31.834495770916032,35351349.08003337,0.0,42466400.40977819,644222.5089473503,4965771.821562699,218456198.29665896,3726250605.1066275
206,2024-11-01,9.607141639207406,0.0,11.540860879854167,365.5275024831733,0.47748913836485424,78.06591991287792,40.86758995135025,8647.582540477979,0.17506748991104162,1.3494448451290437,59.54399176536339,31.834495770916032,35351349.08003337,0.0,42466400.40977819,644222.5089473503,4965771.821562699,218456198.29665896,3726250605.1066275
207,2024-11-01,9.607141639207406,0.0,11.540860879854167,365.5275024831733,0.47748913836485424,78.06591991287792,40.86758995135025,8647.582540477979,0.17506748991104162,1.3494448451290437,59.54399176536339,31.834495770916032,35351349.08003337,0.0,42466400.40977819,644222.5089473503,4965771.821562699,218456198.29665896,3726250605.1066275
208,2024-11-01,9.607141639207406,0.0,11.540860879854167,365.5275024831733,0.47748913836485424,78.06591991287792,40.86758995135025,8647.582540477979,0.17506748991104162,1.3494448451290437,59.54399176536339,31.834495770916032,35351349.08003337,0.0,42466400.40977819,644222.5089473503,4965771.821562699,218456198.29665896,3726250605.1066275
209,2024-11-01,9.607141639207406,0.0,11.540860879854167,365.5275024831733,0.47748913836485424,78.06591991287792,40.86758995135025,8647.582540477979,0.17506748991104162,1.3494448451290437,59.54399176536339,31.834495770916032,35351349.08003337,0.0,42466400.40977819,644222.5089473503,4965771.821562699,218456198.29665896,3726250605.1062098
210,2024-11-01,9.607141639207406,0.0,11.540860879854167,365.5275024831733,0.47748913836485424,78.06591991287792,40.86758995135025,8647.582540477979,0.17506748991104162,1.3494448451290437,59.54399176536339,31.834495770916032,35351349.08003337,0.0,42466400.40977819,644222.5089473503,4965771.821562699,218456198.29665896,3726250605.1066275
211,2024-11-01,9.607141639207406,0.0,11.540860879854167,365.5275024831733,0.47748913836485424,78.06591991287792,40.86758995135025,8647.582540477979,0.17506748991104162,1.3494448451290437,59.54399176536339,31.834495770916032,35351349.08003337,0.0,42466400.40977819,644222.5089473503,4965771.821562699,218456198.29665896,3726250605.1062098
212,2024-11-01,9.607141639207406,0.0,11.540860879854167,365.5275024831733,0.47748913836485424,78.06591991287792,40.86758995135025,8647.582540477979,0.17506748991104162,1.3494448451290437,59.54399176536339,31.834495770916032,35351349.08003337,0.0,42466400.40977819,644222.5089473503,4965771.821562699,218456198.29665896,3726250605.1066275
213,2024-11-01,9.607141639207406,0.0,11.540860879854167,365.5275024831733,0.47748913836485424,78.06591991287792,40.86758995135025,8647.582540477979,0.17506748991104162,1.3494448451290437,59.54399176536339,31.834495770916032,35351349.08003337,0.0,42466400.40977819,644222.5089473503,4965771.821562699,218456198.29665896,3726250605.1066275
214,2024-11-01,9.607141639207406,0.0,11.540860879854167,365.5275024831733,0.47748913836485424,78.06591991287792,40.86758995135025,8647.582540477979,0.17506748991104162,1.3494448451290437,59.54399176536339,31.834495770916032,35351349.08003337,0.0,42466400.40977819,644222.5089473503,4965771.821562699,218456198.29665896,3726250605.1066275
215,2024-11-01,9.607141639207406,0.0,11.540860879854167,365.5275024831733,0.47748913836485424,78.06591991287792,40.86758995135025,8647.582540477979,0.17506748991104162,1.3494448451290437,59.54399176536339,31.834495770916032,35351349.08003337,0.0,42466400.40977819,644222.5089473503,4965771.821562699,218456198.29665896,3726250605.1062098
216,2024-11-01,9.607141639207406,0.0,11.540860879854167,365.5275024831733,0.47748913836485424,78.06591991287792,40.86758995135025,8647.582540477979,0.17506748991104162,1.3494448451290437,59.54399176536339,31.834495770916032,35351349.08003337,0.0,42466400.40977819,644222.5089473503,4965771.821562699,218456198.29665896,3726250605.1066275
217,2024-11-01,9.607141639207406,0.0,11.540860879854167,365.5275024831733,0.47748913836485424,78.06591991287792,40.86758995135025,8647.582540477979,0.17506748991104162,1.3494448451290437,59.54399176536339,31.834495770916032,35351349.08003337,0.0,42466400.40977819,644222.5089473503,4965771.821562699,218456198.29665896,3726250605.1066275
218,2024-11-01,9.607141639207406,0.0,11.540860879854167,365.5275024831733,0.47748913836485424,78.06591991287792,40.86758995135025,8647.582540477979,0.17506748991104162,1.3494448451290437,59.54399176536339,31.834495770916032,35351349.08003337,0.0,42466400.40977819,644222.5089473503,4965771.821562699,218456198.29665896,3726250605.1066275
219,2024-11-01,9.607141639207406,0.0,11.540860879854167,365.5275024831733,0.47748913836485424,78.06591991287792,40.86758995135025,8647.582540477979,0.17506748991104162,1.3494448451290437,59.54399176536339,31.834495770916032,35351349.08003337,0.0,42466400.40977819,644222.5089473503,4965771.821562699,218456198.29665896,3726250605.1066275
220,2024-12-01,4.241683799925711,0.0,8.740581594908909,365.5275024831733,0.47748913836485424,78.06591991287792,40.86758995135025,8647.582540477979,0.14323001852364245,0.5306850571768579,57.16288599289086,29.9075879154772,15608338.557026198,0.0,32162455.659920797,527062.1866776239,1952901.358378385,209720714.45096207,3726250605.1066275
221,2024-12-01,4.241683799925711,0.0,8.740581594908909,365.5275024831733,0.47748913836485424,78.06591991287792,40.86758995135025,8647.582540477979,0.14323001852364245,0.5306850571768579,57.16288599289086,29.9075879154772,15608338.557026198,0.0,32162455.659920797,527062.1866776239,1952901.358378385,209720714.45096207,3726250605.1066275
222,2024-12-01,4.241683799925711,0.0,8.740581594908909,365.5275024831733,0.47748913836485424,78.06591991287792,40.86758995135025,8647.582540477979,0.14323001852364245,0.5306850571768579,57.16288599289086,29.9075879154772,15608338.557026198,0.0,32162455.659920797,527062.1866776239,1952901.358378385,209720714.45096207,3726250605.1066275
223,2024-12-01,4.241683799925711,0.0,8.740581594908909,365.5275024831733,0.47748913836485424,78.06591991287792,40.86758995135025,8647.582540477979,0.14323001852364245,0.5306850571768579,57.16288599289086,29.9075879154772,15608338.557026198,0.0,32162455.659920797,527062.1866776239,1952901.358378385,209720714.45096207,3726250605.1066275
224,2024-12-01,4.241683799925711,0.0,8.740581594908909,365.5275024831733,0.47748913836485424,78.06591991287792,40.86758995135025,8647.582540477979,0.14323001852364245,0.5306850571768579,57.16288599289086,29.9075879154772,15608338.557026198,0.0,32162455.659920797,527062.1866776239,1952901.358378385,209720714.45096207,3726250605.1062098
225,2024-12-01,4.241683799925711,0.0,8.740581594908909,365.5275024831733,0.47748913836485424,78.06591991287792,40.86758995135025,8647.582540477979,0.14323001852364245,0.5306850571768579,57.16288599289086,29.9075879154772,15608338.557026198,0.0,32162455.659920797,527062.1866776239,1952901.358378385,209720714.45096207,3726250605.1066275
226,2024-12-01,4.241683799925711,0.0,8.740581594908909,365.5275024831733,0.47748913836485424,78.06591991287792,40.86758995135025,8647.582540477979,0.14323001852364245,0.5306850571768579,57.16288599289086,29.9075879154772,15608338.557026198,0.0,32162455.659920797,527062.1866776239,1952901.358378385,209720714.45096207,3726250605.1062098
227,2024-12-01,4.241683799925711,0.0,8.740581594908909,365.5275024831733,0.47748913836485424,78.06591991287792,40.86758995135025,8647.582540477979,0.14323001852364245,0.5306850571768579,57.16288599289086,29.9075879154772,15608338.557026198,0.0,32162455.659920797,527062.1866776239,1952901.358378385,209720714.45096207,3726250605.1066275
228,2024-12-01,4.241683799925711,0.0,8.740581594908909,365.5275024831733,0.47748913836485424,78.06591991287792,40.86758995135025,8647.582540477979,0.14323001852364245,0.5306850571768579,57.16288599289086,29.9075879154772,15608338.557026198,0.0,32162455.659920797,527062.1866776239,1952901.358378385,209720714.45096207,3726250605.1066275
229,2024-12-01,4.241683799925711,0.0,8.740581594908909,365.5275024831733,0.47748913836485424,78.06591991287792,40.86758995135025,8647.582540477979,0.14323001852364245,0.5306850571768579,57.16288599289086,29.9075879154772,15608338.557026198,0.0,32162455.659920797,527062.1866776239,1952901.358378385,209720714.45096207,3726250605.1066275
230,2024-12-01,4.241683799925711,0.0,8.740581594908909,365.5275024831733,0.47748913836485424,78.06591991287792,40.86758995135025,8647.582540477979,0.14323001852364245,0.5306850571768579,57.16288599289086,29.9075879154772,15608338.557026198,0.0,32162455.659920797,527062.1866776239,1952901.358378385,209720714.45096207,3726250605.1066275
231,2024-12-01,4.241683799925711,0.0,8.740581594908909,365.5275024831733,0.47748913836485424,78.06591991287792,40.86758995135025,8647.582540477979,0.14323001852364245,0.5306850571768579,57.16288599289086,29.9075879154772,15608338.557026198,0.0,32162455.659920797,527062.1866776239,1952901.358378385,209720714.45096207,3726250605.1066275
232,2024-12-01,4.241683799925711,0.0,8.740581594908909,365.5275024831733,0.47748913836485424,78.06591991287792,40.86758995135025,8647.582540477979,0.14323001852364245,0.5306850571768579,57.16288599289086,29.9075879154772,15608338.557026198,0.0,32162455.659920797,527062.1866776239,1952901.358378385,209720714.45096207,3726250605.1066275
233,2024-12-01,4.241683799925711,0.0,8.740581594908909,365.5275024831733,0.47748913836485424,78.06591991287792,40.86758995135025,8647.582540477979,0.14323001852364245,0.5306850571768579,57.16288599289086,29.9075879154772,15608338.557026198,0.0,32162455.659920797,527062.1866776239,1952901.358378385,209720714.45096207,3726250605.1062098
234,2024-12-01,4.241683799925711,0.0,8.740581594908909,365.5275024831733,0.47748913836485424,78.06591991287792,40.86758995135025,8647.582540477979,0.14323001852364245,0.5306850571768579,57.16288599289086,29.9075879154772,15608338.557026198,0.0,32162455.659920797,527062.1866776239,1952901.358378385,209720714.45096207,3726250605.1066275
235,2024-12-01,4.241683799925711,0.0,8.740581594908909,365.5275024831733,0.47748913836485424,78.06591991287792,40.86758995135025,8647.582540477979,0.14323001852364245,0.5306850571768579,57.16288599289086,29.9075879154772,15608338.557026198,0.0,32162455.659920797,527062.1866776239,1952901.358378385,209720714.45096207,3726250605.1066275
236,2024-12-01,4.241683799925711,0.0,8.740581594908909,365.5275024831733,0.47748913836485424,78.06591991287792,40.86758995135025,8647.582540477979,0.14323001852364245,0.5306850571768579,57.16288599289086,29.9075879154772,15608338.557026198,0.0,32162455.659920797,527062.1866776239,1952901.358378385,209720714.45096207,3726250605.1066275
237,2024-12-01,4.241683799925711,0.0,8.740581594908909,365.5275024831733,0.47748913836485424,78.06591991287792,40.86758995135025,8647.582540477979,0.14323001852364245,0.5306850571768579,57.16288599289086,29.9075879154772,15608338.557026198,0.0,32162455.659920797,527062.1866776239,1952901.358378385,209720714.45096207,3726250605.1066275
238,2024-12-01,4.241683799925711,0.0,8.740581594908909,365.5275024831733,0.47748913836485424,78.06591991287792,40.86758995135025,8647.582540477979,0.14323001852364245,0.5306850571768579,57.16288599289086,29.9075879154772,15608338.557026198,0.0,32162455.659920797,527062.1866776239,1952901.358378385,209720714.45096207,3726250605.1062098
239,2024-12-01,4.241683799925711,0.0,8.740581594908909,365.5275024831733,0.47748913836485424,78.06591991287792,40.86758995135025,8647.582540477979,0.14323001852364245,0.5306850571768579,57.16288599289086,29.9075879154772,15608338.557026198,0.0,32162455.659920797,527062.1866776239,1952901.358378385,209720714.45096207,3726250605.1066275
