,Date,precip_and_snowmelt_input_Dirty Devil_mean,irrigation_Dirty Devil_mean,AET_Dirty Devil_mean,soil_thickness_Dirty Devil_mean,soil_porosity_Dirty Devil_mean,field_capacity_Dirty Devil_mean,wilting_point_Dirty Devil_mean,Geo_K_Dirty Devil_mean,Runoff_Dirty Devil_mean,Recharge_Dirty Devil_mean,Soil_Water_End_Of_Previous_Timestep_Dirty Devil_mean,Soil_Saturation_Percent_End_Of_Timestep_Dirty Devil_mean,precip_and_snowmelt_input_m3_Dirty Devil_sum,irrigation_m3_Dirty Devil_sum,AET_m3_Dirty Devil_sum,Runoff_m3_Dirty Devil_sum,Recharge_m3_Dirty Devil_sum,Soil_Water_End_Of_Previous_Timestep_m3_Dirty Devil_sum,Dirty Devil_area_m2
0,2024-01-01,6.905815529886771,0.0,15.909752040540013,263.9636434398088,0.44740272427286765,38.73321467642475,21.5069331888122,8419.770322605493,0.014963490042755415,0.12145869686609667,12.519100434886493,8.239420034209328,15072773.317433756,0.0,34724896.20058825,32660.823197898662,265098.30782753305,27325082.139215708,2182180205.807995
1,2024-01-01,6.905815529886771,0.0,15.909752040540013,263.9636434398088,0.44740272427286765,38.73321467642475,21.5069331888122,8419.770322605493,0.014963490042755415,0.12145869686609667,12.519100434886493,8.239420034209328,15072773.317433756,0.0,34724896.20058825,32660.823197898662,265098.30782753305,27325082.139215708,2182180205.807995
2,2024-01-01,6.905815529886771,0.0,15.909752040540013,263.9636434398088,0.44740272427286765,38.73321467642475,21.5069331888122,8419.770322605493,0.014963490042755415,0.12145869686609667,12.519100434886493,8.239420034209328,15072773.317433756,0.0,34724896.20058825,32660.823197898662,265098.30782753305,27325082.139215708,2182180205.807995
3,2024-01-01,6.905815529886771,0.0,15.909752040540013,263.9636434398088,0.44740272427286765,38.73321467642475,21.5069331888122,8419.770322605493,0.014963490042755415,0.12145869686609667,12.519100434886493,8.239420034209328,15072773.317433756,0.0,34724896.20058825,32660.823197898662,265098.30782753305,27325082.139215708,2182180205.807995
4,2024-01-01,6.905815529886771,0.0,15.909752040540013,263.9636434398088,0.44740272427286765,38.73321467642475,21.5069331888122,8419.770322605493,0.014963490042755415,0.12145869686609667,12.519100434886493,8.239420034209328,15072773.317433756,0.0,34724896.20058825,32660.823197898662,265098.30782753305,27325082.139215708,2182180205.807995
5,2024-01-01,6.905815529886771,0.0,15.909752040540013,263.9636434398088,0.44740272427286765,38.73321467642475,21.5069331888122,8419.770322605493,0.014963490042755415,0.12145869686609667,12.519100434886493,8.239420034209328,15072773.317433756,0.0,34724896.20058825,32660.823197898662,265098.30782753305,27325082.139215708,2182180205.807995
6,2024-01-01,6.905815529886771,0.0,15.909752040540013,263.9636434398088,0.44740272427286765,38.73321467642475,21.5069331888122,8419.770322605493,0.014963490042755415,0.12145869686609667,12.519100434886493,8.239420034209328,15072773.317433756,0.0,34724896.20058825,32660.823197898662,265098.30782753305,27325082.139215708,2182180205.807995
7,2024-01-01,6.905815529886771,0.0,15.909752040540013,263.9636434398088,0.44740272427286765,38.73321467642475,21.5069331888122,8419.770322605493,0.014963490042755415,0.12145869686609667,12.519100434886493,8.239420034209328,15072773.317433756,0.0,34724896.20058825,32660.823197898662,265098.30782753305,27325082.139215708,2182180205.807995
8,2024-01-01,6.905815529886771,0.0,15.909752040540013,263.9636434398088,0.44740272427286765,38.73321467642475,21.5069331888122,8419.770322605493,0.014963490042755415,0.12145869686609667,12.519100434886493,8.239420034209328,15072773.317433756,0.0,34724896.20058825,32660.823197898662,265098.30782753305,27325082.139215708,2182180205.807995
9,2024-01-01,6.905815529886771,0.0,15.909752040540013,263.9636434398088,0.44740272427286765,38.73321467642475,21.5069331888122,8419.770322605493,0.014963490042755415,0.12145869686609667,12.519100434886493,8.239420034209328,15072773.317433756,0.0,34724896.20058825,32660.823197898662,265098.30782753305,27325082.139215708,2182180205.807995
10,2024-01-01,6.905815529886771,0.0,15.909752040540013,263.9636434398088,0.44740272427286765,38.73321467642475,21.5069331888122,8419.770322605493,0.014963490042755415,0.12145869686609667,12.519100434886493,8.239420034209328,15072773.317433756,0.0,34724896.20058825,32660.823197898662,265098.30782753305,27325082.139215708,2182180205.807995
11,2024-01-01,6.905815529886771,0.0,15.909752040540013,263.9636434398088,0.44740272427286765,38.73321467642475,21.5069331888122,8419.770322605493,0.014963490042755415,0.12145869686609667,12.519100434886493,8.239420034209328,15072773.317433756,0.0,34724896.20058825,32660.823197898662,265098.30782753305,27325082.139215708,2182180205.807995
12,2024-01-01,6.905815529886771,0.0,15.909752040540013,263.9636434398088,0.44740272427286765,38.73321467642475,21.5069331888122,8419.770322605493,0.014963490042755415,0.12145869686609667,12.519100434886493,8.239420034209328,15072773.317433756,0.0,34724896.20058825,32660.823197898662,265098.30782753305,27325082.139215708,2182180205.807995
13,2024-01-01,6.905815529886771,0.0,15.909752040540013,263.9636434398088,0.44740272427286765,38.73321467642475,21.5069331888122,8419.770322605493,0.014963490042755415,0.12145869686609667,12.519100434886493,8.239420034209328,15072773.317433756,0.0,34724896.20058825,32660.823197898662,265098.30782753305,27325082.139215708,2182180205.8083053
14,2024-01-01,6.905815529886771,0.0,15.909752040540013,263.9636434398088,0.44740272427286765,38.73321467642475,21.5069331888122,8419.770322605493,0.014963490042755415,0.12145869686609667,12.519100434886493,8.239420034209328,15072773.317433756,0.0,34724896.20058825,32660.823197898662,265098.30782753305,27325082.139215708,2182180205.807995
15,2024-01-01,6.905815529886771,0.0,15.909752040540013,263.9636434398088,0.44740272427286765,38.73321467642475,21.5069331888122,8419.770322605493,0.014963490042755415,0.12145869686609667,12.519100434886493,8.239420034209328,15072773.317433756,0.0,34724896.20058825,32660.823197898662,265098.30782753305,27325082.139215708,2182180205.807995
16,2024-01-01,6.905815529886771,0.0,15.909752040540013,263.9636434398088,0.44740272427286765,38.73321467642475,21.5069331888122,8419.770322605493,0.014963490042755415,0.12145869686609667,12.519100434886493,8.239420034209328,15072773.317433756,0.0,34724896.20058825,32660.823197898662,265098.30782753305,27325082.139215708,2182180205.807995
17,2024-01-01,6.905815529886771,0.0,15.909752040540013,263.9636434398088,0.44740272427286765,38.73321467642475,21.5069331888122,8419.770322605493,0.014963490042755415,0.12145869686609667,12.519100434886493,8.239420034209328,15072773.317433756,0.0,34724896.20058825,32660.823197898662,265098.30782753305,27325082.139215708,2182180205.8083053
18,2024-01-01,6.905815529886771,0.0,15.909752040540013,263.9636434398088,0.44740272427286765,38.73321467642475,21.5069331888122,8419.770322605493,0.014963490042755415,0.12145869686609667,12.519100434886493,8.239420034209328,15072773.317433756,0.0,34724896.20058825,32660.823197898662,265098.30782753305,27325082.139215708,2182180205.807995
19,2024-01-01,6.905815529886771,0.0,15.909752040540013,263.9636434398088,0.44740272427286765,38.73321467642475,21.5069331888122,8419.770322605493,0.014963490042755415,0.12145869686609667,12.519100434886493,8.239420034209328,15072773.317433756,0.0,34724896.20058825,32660.823197898662,265098.30782753305,27325082.139215708,2182180205.8083053
20,2024-02-01,16.688445816259062,0.0,26.99725349116087,263.9636434398088,0.44740272427286765,38.73321467642475,21.5069331888122,8419.770322605493,0.12046543003777042,0.12573731784386163,11.890068914917574,7.623973449233593,36424844.38717451,0.0,58924630.15698822,262940.00267854234,274438.4470230318,25952190.35264264,2182180205.807995
21,2024-02-01,16.688445816259062,0.0,26.99725349116087,263.9636434398088,0.44740272427286765,38.73321467642475,21.5069331888122,8419.770322605493,0.12046543003777042,0.12573731784386163,11.890068914917574,7.623973449233593,36424844.38717451,0.0,58924630.15698822,262940.00267854234,274438.4470230318,25952190.35264264,2182180205.807995
22,2024-02-01,16.688445816259062,0.0,26.99725349116087,263.9636434398088,0.44740272427286765,38.73321467642475,21.5069331888122,8419.770322605493,0.12046543003777042,0.12573731784386163,11.890068914917574,7.623973449233593,36424844.38717451,0.0,58924630.15698822,262940.00267854234,274438.4470230318,25952190.35264264,2182180205.807995
23,2024-02-01,16.688445816259062,0.0,26.99725349116087,263.9636434398088,0.44740272427286765,38.73321467642475,21.5069331888122,8419.770322605493,0.12046543003777042,0.12573731784386163,11.890068914917574,7.623973449233593,36424844.38717451,0.0,58924630.15698822,262940.00267854234,274438.4470230318,25952190.35264264,2182180205.8083053
24,2024-02-01,16.688445816259062,0.0,26.99725349116087,263.9636434398088,0.44740272427286765,38.73321467642475,21.5069331888122,8419.770322605493,0.12046543003777042,0.12573731784386163,11.890068914917574,7.623973449233593,36424844.38717451,0.0,58924630.15698822,262940.00267854234,274438.4470230318,25952190.35264264,2182180205.807995
25,2024-02-01,16.688445816259062,0.0,26.99725349116087,263.9636434398088,0.44740272427286765,38.73321467642475,21.5069331888122,8419.770322605493,0.12046543003777042,0.12573731784386163,11.890068914917574,7.623973449233593,36424844.38717451,0.0,58924630.15698822,262940.00267854234,274438.4470230318,25952190.35264264,2182180205.807995
26,2024-02-01,16.688445816259062,0.0,26.99725349116087,263.9636434398088,0.44740272427286765,38.73321467642475,21.5069331888122,8419.770322605493,0.12046543003777042,0.12573731784386163,11.890068914917574,7.623973449233593,36424844.38717451,0.0,58924630.15698822,262940.00267854234,274438.4470230318,25952190.35264264,2182180205.807995
27,2024-02-01,16.688445816259062,0.0,26.99725349116087,263.9636434398088,0.44740272427286765,38.73321467642475,21.5069331888122,8419.770322605493,0.12046543003777042,0.12573731784386163,11.890068914917574,7.623973449233593,36424844.38717451,0.0,58924630.15698822,262940.00267854234,274438.4470230318,25952190.35264264,2182180205.807995
28,2024-02-01,16.688445816259062,0.0,26.99725349116087,263.9636434398088,0.44740272427286765,38.73321467642475,21.5069331888122,8419.770322605493,0.12046543003777042,0.12573731784386163,11.890068914917574,7.623973449233593,36424844.38717451,0.0,58924630.15698822,262940.00267854234,274438.4470230318,25952190.35264264,2182180205.8083053
29,2024-02-01,16.688445816259062,0.0,26.99725349116087,263.9636434398088,0.44740272427286765,38.73321467642475,21.5069331888122,8419.770322605493,0.12046543003777042,0.12573731784386163,11.890068914917574,7.623973449233593,36424844.38717451,0.0,58924630.15698822,262940.00267854234,274438.4470230318,25952190.35264264,2182180205.8083053
30,2024-02-01,16.688445816259062,0.0,26.99725349116087,263.9636434398088,0.44740272427286765,38.73321467642475,21.5069331888122,8419.770322605493,0.12046543003777042,0.12573731784386163,11.890068914917574,7.623973449233593,36424844.38717451,0.0,58924630.15698822,262940.00267854234,274438.4470230318,25952190.35264264,2182180205.807995
31,2024-02-01,16.688445816259062,0.0,26.99725349116087,263.9636434398088,0.44740272427286765,38.73321467642475,21.5069331888122,8419.770322605493,0.12046543003777042,0.12573731784386163,11.890068914917574,7.623973449233593,36424844.38717451,0.0,58924630.15698822,262940.00267854234,274438.4470230318,25952190.35264264,2182180205.807995
32,2024-02-01,16.688445816259062,0.0,26.99725349116087,263.9636434398088,0.44740272427286765,38.73321467642475,21.5069331888122,8419.770322605493,0.12046543003777042,0.12573731784386163,11.890068914917574,7.623973449233593,36424844.38717451,0.0,58924630.15698822,262940.00267854234,274438.4470230318,25952190.35264264,2182180205.807995
33,2024-02-01,16.688445816259062,0.0,26.99725349116087,263.9636434398088,0.44740272427286765,38.73321467642475,21.5069331888122,8419.770322605493,0.12046543003777042,0.12573731784386163,11.890068914917574,7.623973449233593,36424844.38717451,0.0,58924630.15698822,262940.00267854234,274438.4470230318,25952190.35264264,2182180205.807995
34,2024-02-01,16.688445816259062,0.0,26.99725349116087,263.9636434398088,0.44740272427286765,38.73321467642475,21.5069331888122,8419.770322605493,0.12046543003777042,0.12573731784386163,11.890068914917574,7.623973449233593,36424844.38717451,0.0,58924630.15698822,262940.00267854234,274438.4470230318,25952190.35264264,2182180205.807995
35,2024-02-01,16.688445816259062,0.0,26.99725349116087,263.9636434398088,0.44740272427286765,38.73321467642475,21.5069331888122,8419.770322605493,0.12046543003777042,0.12573731784386163,11.890068914917574,7.623973449233593,36424844.38717451,0.0,58924630.15698822,262940.00267854234,274438.4470230318,25952190.35264264,2182180205.807995
36,2024-02-01,16.688445816259062,0.0,26.99725349116087,263.9636434398088,0.44740272427286765,38.73321467642475,21.5069331888122,8419.770322605493,0.12046543003777042,0.12573731784386163,11.890068914917574,7.623973449233593,36424844.38717451,0.0,58924630.15698822,262940.00267854234,274438.4470230318,25952190.35264264,2182180205.807995
37,2024-02-01,16.688445816259062,0.0,26.99725349116087,263.9636434398088,0.44740272427286765,38.73321467642475,21.5069331888122,8419.770322605493,0.12046543003777042,0.12573731784386163,11.890068914917574,7.623973449233593,36424844.38717451,0.0,58924630.15698822,262940.00267854234,274438.4470230318,25952190.35264264,2182180205.807995
38,2024-02-01,16.688445816259062,0.0,26.99725349116087,263.9636434398088,0.44740272427286765,38.73321467642475,21.5069331888122,8419.770322605493,0.12046543003777042,0.12573731784386163,11.890068914917574,7.623973449233593,36424844.38717451,0.0,58924630.15698822,262940.00267854234,274438.4470230318,25952190.35264264,2182180205.807995
39,2024-02-01,16.688445816259062,0.0,26.99725349116087,263.9636434398088,0.44740272427286765,38.73321467642475,21.5069331888122,8419.770322605493,0.12046543003777042,0.12573731784386163,11.890068914917574,7.623973449233593,36424844.38717451,0.0,58924630.15698822,262940.00267854234,274438.4470230318,25952190.35264264,2182180205.807995
40,2024-03-01,32.78407898562189,0.0,36.88789601949632,263.9636434398088,0.44740272427286765,38.73321467642475,21.5069331888122,8419.770322605493,0.5519233479547385,0.5183730764403026,14.596086297114129,9.440656251335769,71555626.39120162,0.0,80512288.73037651,1204685.3327629294,1131404.4863242432,31858527.714402907,2182180205.807995
41,2024-03-01,32.78407898562189,0.0,36.88789601949632,263.9636434398088,0.44740272427286765,38.73321467642475,21.5069331888122,8419.770322605493,0.5519233479547385,0.5183730764403026,14.596086297114129,9.440656251335769,71555626.39120162,0.0,80512288.73037651,1204685.3327629294,1131404.4863242432,31858527.714402907,2182180205.807995
42,2024-03-01,32.78407898562189,0.0,36.88789601949632,263.9636434398088,0.44740272427286765,38.73321467642475,21.5069331888122,8419.770322605493,0.5519233479547385,0.5183730764403026,14.596086297114129,9.440656251335769,71555626.39120162,0.0,80512288.73037651,1204685.3327629294,1131404.4863242432,31858527.714402907,2182180205.8083053
43,2024-03-01,32.78407898562189,0.0,36.88789601949632,263.9636434398088,0.44740272427286765,38.73321467642475,21.5069331888122,8419.770322605493,0.5519233479547385,0.5183730764403026,14.596086297114129,9.440656251335769,71555626.39120162,0.0,80512288.73037651,1204685.3327629294,1131404.4863242432,31858527.714402907,2182180205.807995
44,2024-03-01,32.78407898562189,0.0,36.88789601949632,263.9636434398088,0.44740272427286765,38.73321467642475,21.5069331888122,8419.770322605493,0.5519233479547385,0.5183730764403026,14.596086297114129,9.440656251335769,71555626.39120162,0.0,80512288.73037651,1204685.3327629294,1131404.4863242432,31858527.714402907,2182180205.807995
45,2024-03-01,32.78407898562189,0.0,36.88789601949632,263.9636434398088,0.44740272427286765,38.73321467642475,21.5069331888122,8419.770322605493,0.5519233479547385,0.5183730764403026,14.596086297114129,9.440656251335769,71555626.39120162,0.0,80512288.73037651,1204685.3327629294,1131404.4863242432,31858527.714402907,2182180205.807995
46,2024-03-01,32.78407898562189,0.0,36.88789601949632,263.9636434398088,0.44740272427286765,38.73321467642475,21.5069331888122,8419.770322605493,0.5519233479547385,0.5183730764403026,14.596086297114129,9.440656251335769,71555626.39120162,0.0,80512288.73037651,1204685.3327629294,1131404.4863242432,31858527.714402907,2182180205.807995
47,2024-03-01,32.78407898562189,0.0,36.88789601949632,263.9636434398088,0.44740272427286765,38.73321467642475,21.5069331888122,8419.770322605493,0.5519233479547385,0.5183730764403026,14.596086297114129,9.440656251335769,71555626.39120162,0.0,80512288.73037651,1204685.3327629294,1131404.4863242432,31858527.714402907,2182180205.807995
48,2024-03-01,32.78407898562189,0.0,36.88789601949632,263.9636434398088,0.44740272427286765,38.73321467642475,21.5069331888122,8419.770322605493,0.5519233479547385,0.5183730764403026,14.596086297114129,9.440656251335769,71555626.39120162,0.0,80512288.73037651,1204685.3327629294,1131404.4863242432,31858527.714402907,2182180205.807995
49,2024-03-01,32.78407898562189,0.0,36.88789601949632,263.9636434398088,0.44740272427286765,38.73321467642475,21.5069331888122,8419.770322605493,0.5519233479547385,0.5183730764403026,14.596086297114129,9.440656251335769,71555626.39120162,0.0,80512288.73037651,1204685.3327629294,1131404.4863242432,31858527.714402907,2182180205.807995
50,2024-03-01,32.78407898562189,0.0,36.88789601949632,263.9636434398088,0.44740272427286765,38.73321467642475,21.5069331888122,8419.770322605493,0.5519233479547385,0.5183730764403026,14.596086297114129,9.440656251335769,71555626.39120162,0.0,80512288.73037651,1204685.3327629294,1131404.4863242432,31858527.714402907,2182180205.8083053
51,2024-03-01,32.78407898562189,0.0,36.88789601949632,263.9636434398088,0.44740272427286765,38.73321467642475,21.5069331888122,8419.770322605493,0.5519233479547385,0.5183730764403026,14.596086297114129,9.440656251335769,71555626.39120162,0.0,80512288.73037651,1204685.3327629294,1131404.4863242432,31858527.714402907,2182180205.807995
52,2024-03-01,32.78407898562189,0.0,36.88789601949632,263.9636434398088,0.44740272427286765,38.73321467642475,21.5069331888122,8419.770322605493,0.5519233479547385,0.5183730764403026,14.596086297114129,9.440656251335769,71555626.39120162,0.0,80512288.73037651,1204685.3327629294,1131404.4863242432,31858527.714402907,2182180205.8083053
53,2024-03-01,32.78407898562189,0.0,36.88789601949632,263.9636434398088,0.44740272427286765,38.73321467642475,21.5069331888122,8419.770322605493,0.5519233479547385,0.5183730764403026,14.596086297114129,9.440656251335769,71555626.39120162,0.0,80512288.73037651,1204685.3327629294,1131404.4863242432,31858527.714402907,2182180205.807995
54,2024-03-01,32.78407898562189,0.0,36.88789601949632,263.9636434398088,0.44740272427286765,38.73321467642475,21.5069331888122,8419.770322605493,0.5519233479547385,0.5183730764403026,14.596086297114129,9.440656251335769,71555626.39120162,0.0,80512288.73037651,1204685.3327629294,1131404.4863242432,31858527.714402907,2182180205.807995
55,2024-03-01,32.78407898562189,0.0,36.88789601949632,263.9636434398088,0.44740272427286765,38.73321467642475,21.5069331888122,8419.770322605493,0.5519233479547385,0.5183730764403026,14.596086297114129,9.440656251335769,71555626.39120162,0.0,80512288.73037651,1204685.3327629294,1131404.4863242432,31858527.714402907,2182180205.807995
56,2024-03-01,32.78407898562189,0.0,36.88789601949632,263.9636434398088,0.44740272427286765,38.73321467642475,21.5069331888122,8419.770322605493,0.5519233479547385,0.5183730764403026,14.596086297114129,9.440656251335769,71555626.39120162,0.0,80512288.73037651,1204685.3327629294,1131404.4863242432,31858527.714402907,2182180205.807995
57,2024-03-01,32.78407898562189,0.0,36.88789601949632,263.9636434398088,0.44740272427286765,38.73321467642475,21.5069331888122,8419.770322605493,0.5519233479547385,0.5183730764403026,14.596086297114129,9.440656251335769,71555626.39120162,0.0,80512288.73037651,1204685.3327629294,1131404.4863242432,31858527.714402907,2182180205.807995
58,2024-03-01,32.78407898562189,0.0,36.88789601949632,263.9636434398088,0.44740272427286765,38.73321467642475,21.5069331888122,8419.770322605493,0.5519233479547385,0.5183730764403026,14.596086297114129,9.440656251335769,71555626.39120162,0.0,80512288.73037651,1204685.3327629294,1131404.4863242432,31858527.714402907,2182180205.807995
59,2024-03-01,32.78407898562189,0.0,36.88789601949632,263.9636434398088,0.44740272427286765,38.73321467642475,21.5069331888122,8419.770322605493,0.5519233479547385,0.5183730764403026,14.596086297114129,9.440656251335769,71555626.39120162,0.0,80512288.73037651,1204685.3327629294,1131404.4863242432,31858527.714402907,2182180205.807995
60,2024-04-01,7.7736400684647,0.00013404069122163783,40.44036981161268,263.9636434398088,0.44740272427286765,38.73321467642475,21.5069331888122,8419.770322605493,0.0,0.05477546765670787,8.266895334325422,4.686425088877082,16967021.33102553,292.57266707265217,88265995.64607845,0.0,119558.53876207178,18044030.476805326,2182180205.807995
61,2024-04-01,7.7736400684647,0.00013404069122163783,40.44036981161268,263.9636434398088,0.44740272427286765,38.73321467642475,21.5069331888122,8419.770322605493,0.0,0.05477546765670787,8.266895334325422,4.686425088877082,16967021.33102553,292.57266707265217,88265995.64607845,0.0,119558.53876207178,18044030.476805326,2182180205.8083053
62,2024-04-01,7.7736400684647,0.00013404069122163783,40.44036981161268,263.9636434398088,0.44740272427286765,38.73321467642475,21.5069331888122,8419.770322605493,0.0,0.05477546765670787,8.266895334325422,4.686425088877082,16967021.33102553,292.57266707265217,88265995.64607845,0.0,119558.53876207178,18044030.476805326,2182180205.807995
63,2024-04-01,7.7736400684647,0.00013404069122163783,40.44036981161268,263.9636434398088,0.44740272427286765,38.73321467642475,21.5069331888122,8419.770322605493,0.0,0.05477546765670787,8.266895334325422,4.686425088877082,16967021.33102553,292.57266707265217,88265995.64607845,0.0,119558.53876207178,18044030.476805326,2182180205.807995
64,2024-04-01,7.7736400684647,0.00013404069122163783,40.44036981161268,263.9636434398088,0.44740272427286765,38.73321467642475,21.5069331888122,8419.770322605493,0.0,0.05477546765670787,8.266895334325422,4.686425088877082,16967021.33102553,292.57266707265217,88265995.64607845,0.0,119558.53876207178,18044030.476805326,2182180205.8083053
65,2024-04-01,7.7736400684647,0.00013404069122163783,40.44036981161268,263.9636434398088,0.44740272427286765,38.73321467642475,21.5069331888122,8419.770322605493,0.0,0.05477546765670787,8.266895334325422,4.686425088877082,16967021.33102553,292.57266707265217,88265995.64607845,0.0,119558.53876207178,18044030.476805326,2182180205.807995
66,2024-04-01,7.7736400684647,0.00013404069122163783,40.44036981161268,263.9636434398088,0.44740272427286765,38.73321467642475,21.5069331888122,8419.770322605493,0.0,0.05477546765670787,8.266895334325422,4.686425088877082,16967021.33102553,292.57266707265217,88265995.64607845,0.0,119558.53876207178,18044030.476805326,2182180205.807995
67,2024-04-01,7.7736400684647,0.00013404069122163783,40.44036981161268,263.9636434398088,0.44740272427286765,38.73321467642475,21.5069331888122,8419.770322605493,0.0,0.05477546765670787,8.266895334325422,4.686425088877082,16967021.33102553,292.57266707265217,88265995.64607845,0.0,119558.53876207178,18044030.476805326,2182180205.807995
68,2024-04-01,7.7736400684647,0.00013404069122163783,40.44036981161268,263.9636434398088,0.44740272427286765,38.73321467642475,21.5069331888122,8419.770322605493,0.0,0.05477546765670787,8.266895334325422,4.686425088877082,16967021.33102553,292.57266707265217,88265995.64607845,0.0,119558.53876207178,18044030.476805326,2182180205.807995
69,2024-04-01,7.7736400684647,0.00013404069122163783,40.44036981161268,263.9636434398088,0.44740272427286765,38.73321467642475,21.5069331888122,8419.770322605493,0.0,0.05477546765670787,8.266895334325422,4.686425088877082,16967021.33102553,292.57266707265217,88265995.64607845,0.0,119558.53876207178,18044030.476805326,2182180205.807995
70,2024-04-01,7.7736400684647,0.00013404069122163783,40.44036981161268,263.9636434398088,0.44740272427286765,38.73321467642475,21.5069331888122,8419.770322605493,0.0,0.05477546765670787,8.266895334325422,4.686425088877082,16967021.33102553,292.57266707265217,88265995.64607845,0.0,119558.53876207178,18044030.476805326,2182180205.807995
71,2024-04-01,7.7736400684647,0.00013404069122163783,40.44036981161268,263.9636434398088,0.44740272427286765,38.73321467642475,21.5069331888122,8419.770322605493,0.0,0.05477546765670787,8.266895334325422,4.686425088877082,16967021.33102553,292.57266707265217,88265995.64607845,0.0,119558.53876207178,18044030.476805326,2182180205.807995
72,2024-04-01,7.7736400684647,0.00013404069122163783,40.44036981161268,263.9636434398088,0.44740272427286765,38.73321467642475,21.5069331888122,8419.770322605493,0.0,0.05477546765670787,8.266895334325422,4.686425088877082,16967021.33102553,292.57266707265217,88265995.64607845,0.0,119558.53876207178,18044030.476805326,2182180205.807995
73,2024-04-01,7.7736400684647,0.00013404069122163783,40.44036981161268,263.9636434398088,0.44740272427286765,38.73321467642475,21.5069331888122,8419.770322605493,0.0,0.05477546765670787,8.266895334325422,4.686425088877082,16967021.33102553,292.57266707265217,88265995.64607845,0.0,119558.53876207178,18044030.476805326,2182180205.807995
74,2024-04-01,7.7736400684647,0.00013404069122163783,40.44036981161268,263.9636434398088,0.44740272427286765,38.73321467642475,21.5069331888122,8419.770322605493,0.0,0.05477546765670787,8.266895334325422,4.686425088877082,16967021.33102553,292.57266707265217,88265995.64607845,0.0,119558.53876207178,18044030.476805326,2182180205.807995
75,2024-04-01,7.7736400684647,0.00013404069122163783,40.44036981161268,263.9636434398088,0.44740272427286765,38.73321467642475,21.5069331888122,8419.770322605493,0.0,0.05477546765670787,8.266895334325422,4.686425088877082,16967021.33102553,292.57266707265217,88265995.64607845,0.0,119558.53876207178,18044030.476805326,2182180205.807995
76,2024-04-01,7.7736400684647,0.00013404069122163783,40.44036981161268,263.9636434398088,0.44740272427286765,38.73321467642475,21.5069331888122,8419.770322605493,0.0,0.05477546765670787,8.266895334325422,4.686425088877082,16967021.33102553,292.57266707265217,88265995.64607845,0.0,119558.53876207178,18044030.476805326,2182180205.807995
77,2024-04-01,7.7736400684647,0.00013404069122163783,40.44036981161268,263.9636434398088,0.44740272427286765,38.73321467642475,21.5069331888122,8419.770322605493,0.0,0.05477546765670787,8.266895334325422,4.686425088877082,16967021.33102553,292.57266707265217,88265995.64607845,0.0,119558.53876207178,18044030.476805326,2182180205.807995
78,2024-04-01,7.7736400684647,0.00013404069122163783,40.44036981161268,263.9636434398088,0.44740272427286765,38.73321467642475,21.5069331888122,8419.770322605493,0.0,0.05477546765670787,8.266895334325422,4.686425088877082,16967021.33102553,292.57266707265217,88265995.64607845,0.0,119558.53876207178,18044030.476805326,2182180205.8083053
79,2024-04-01,7.7736400684647,0.00013404069122163783,40.44036981161268,263.9636434398088,0.44740272427286765,38.73321467642475,21.5069331888122,8419.770322605493,0.0,0.05477546765670787,8.266895334325422,4.686425088877082,16967021.33102553,292.57266707265217,88265995.64607845,0.0,119558.53876207178,18044030.476805326,2182180205.807995
80,2024-05-01,5.361362584545452,0.00034850579060501406,35.095083362345726,263.9636434398088,0.44740272427286765,38.73321467642475,21.5069331888122,8419.770322605493,0.0,0.05477546765670787,6.234153968191429,3.4524684541598494,11701755.459911307,760.68892004574,76599027.61886276,0.0,119558.53876207178,13607225.979502065,2182180205.807995
81,2024-05-01,5.361362584545452,0.00034850579060501406,35.095083362345726,263.9636434398088,0.44740272427286765,38.73321467642475,21.5069331888122,8419.770322605493,0.0,0.05477546765670787,6.234153968191429,3.4524684541598494,11701755.459911307,760.68892004574,76599027.61886276,0.0,119558.53876207178,13607225.979502065,2182180205.807995
82,2024-05-01,5.361362584545452,0.00034850579060501406,35.095083362345726,263.9636434398088,0.44740272427286765,38.73321467642475,21.5069331888122,8419.770322605493,0.0,0.05477546765670787,6.234153968191429,3.4524684541598494,11701755.459911307,760.68892004574,76599027.61886276,0.0,119558.53876207178,13607225.979502065,2182180205.807995
83,2024-05-01,5.361362584545452,0.00034850579060501406,35.095083362345726,263.9636434398088,0.44740272427286765,38.73321467642475,21.5069331888122,8419.770322605493,0.0,0.05477546765670787,6.234153968191429,3.4524684541598494,11701755.459911307,760.68892004574,76599027.61886276,0.0,119558.53876207178,13607225.979502065,2182180205.807995
84,2024-05-01,5.361362584545452,0.00034850579060501406,35.095083362345726,263.9636434398088,0.44740272427286765,38.73321467642475,21.5069331888122,8419.770322605493,0.0,0.05477546765670787,6.234153968191429,3.4524684541598494,11701755.459911307,760.68892004574,76599027.61886276,0.0,119558.53876207178,13607225.979502065,2182180205.807995
85,2024-05-01,5.361362584545452,0.00034850579060501406,35.095083362345726,263.9636434398088,0.44740272427286765,38.73321467642475,21.5069331888122,8419.770322605493,0.0,0.05477546765670787,6.234153968191429,3.4524684541598494,11701755.459911307,760.68892004574,76599027.61886276,0.0,119558.53876207178,13607225.979502065,2182180205.807995
86,2024-05-01,5.361362584545452,0.00034850579060501406,35.095083362345726,263.9636434398088,0.44740272427286765,38.73321467642475,21.5069331888122,8419.770322605493,0.0,0.05477546765670787,6.234153968191429,3.4524684541598494,11701755.459911307,760.68892004574,76599027.61886276,0.0,119558.53876207178,13607225.979502065,2182180205.807995
87,2024-05-01,5.361362584545452,0.00034850579060501406,35.095083362345726,263.9636434398088,0.44740272427286765,38.73321467642475,21.5069331888122,8419.770322605493,0.0,0.05477546765670787,6.234153968191429,3.4524684541598494,11701755.459911307,760.68892004574,76599027.61886276,0.0,119558.53876207178,13607225.979502065,2182180205.807995
88,2024-05-01,5.361362584545452,0.00034850579060501406,35.095083362345726,263.9636434398088,0.44740272427286765,38.73321467642475,21.5069331888122,8419.770322605493,0.0,0.05477546765670787,6.234153968191429,3.4524684541598494,11701755.459911307,760.68892004574,76599027.61886276,0.0,119558.53876207178,13607225.979502065,2182180205.807995
89,2024-05-01,5.361362584545452,0.00034850579060501406,35.095083362345726,263.9636434398088,0.44740272427286765,38.73321467642475,21.5069331888122,8419.770322605493,0.0,0.05477546765670787,6.234153968191429,3.4524684541598494,11701755.459911307,760.68892004574,76599027.61886276,0.0,119558.53876207178,13607225.979502065,2182180205.8083053
90,2024-05-01,5.361362584545452,0.00034850579060501406,35.095083362345726,263.9636434398088,0.44740272427286765,38.73321467642475,21.5069331888122,8419.770322605493,0.0,0.05477546765670787,6.234153968191429,3.4524684541598494,11701755.459911307,760.68892004574,76599027.61886276,0.0,119558.53876207178,13607225.979502065,2182180205.807995
91,2024-05-01,5.361362584545452,0.00034850579060501406,35.095083362345726,263.9636434398088,0.44740272427286765,38.73321467642475,21.5069331888122,8419.770322605493,0.0,0.05477546765670787,6.234153968191429,3.4524684541598494,11701755.459911307,760.68892004574,76599027.61886276,0.0,119558.53876207178,13607225.979502065,2182180205.8083053
92,2024-05-01,5.361362584545452,0.00034850579060501406,35.095083362345726,263.9636434398088,0.44740272427286765,38.73321467642475,21.5069331888122,8419.770322605493,0.0,0.05477546765670787,6.234153968191429,3.4524684541598494,11701755.459911307,760.68892004574,76599027.61886276,0.0,119558.53876207178,13607225.979502065,2182180205.8083053
93,2024-05-01,5.361362584545452,0.00034850579060501406,35.095083362345726,263.9636434398088,0.44740272427286765,38.73321467642475,21.5069331888122,8419.770322605493,0.0,0.05477546765670787,6.234153968191429,3.4524684541598494,11701755.459911307,760.68892004574,76599027.61886276,0.0,119558.53876207178,13607225.979502065,2182180205.807995
94,2024-05-01,5.361362584545452,0.00034850579060501406,35.095083362345726,263.9636434398088,0.44740272427286765,38.73321467642475,21.5069331888122,8419.770322605493,0.0,0.05477546765670787,6.234153968191429,3.4524684541598494,11701755.459911307,760.68892004574,76599027.61886276,0.0,119558.53876207178,13607225.979502065,2182180205.807995
95,2024-05-01,5.361362584545452,0.00034850579060501406,35.095083362345726,263.9636434398088,0.44740272427286765,38.73321467642475,21.5069331888122,8419.770322605493,0.0,0.05477546765670787,6.234153968191429,3.4524684541598494,11701755.459911307,760.68892004574,76599027.61886276,0.0,119558.53876207178,13607225.979502065,2182180205.807995
96,2024-05-01,5.361362584545452,0.00034850579060501406,35.095083362345726,263.9636434398088,0.44740272427286765,38.73321467642475,21.5069331888122,8419.770322605493,0.0,0.05477546765670787,6.234153968191429,3.4524684541598494,11701755.459911307,760.68892004574,76599027.61886276,0.0,119558.53876207178,13607225.979502065,2182180205.807995
97,2024-05-01,5.361362584545452,0.00034850579060501406,35.095083362345726,263.9636434398088,0.44740272427286765,38.73321467642475,21.5069331888122,8419.770322605493,0.0,0.05477546765670787,6.234153968191429,3.4524684541598494,11701755.459911307,760.68892004574,76599027.61886276,0.0,119558.53876207178,13607225.979502065,2182180205.807995
98,2024-05-01,5.361362584545452,0.00034850579060501406,35.095083362345726,263.9636434398088,0.44740272427286765,38.73321467642475,21.5069331888122,8419.770322605493,0.0,0.05477546765670787,6.234153968191429,3.4524684541598494,11701755.459911307,760.68892004574,76599027.61886276,0.0,119558.53876207178,13607225.979502065,2182180205.807995
99,2024-05-01,5.361362584545452,0.00034850579060501406,35.095083362345726,263.9636434398088,0.44740272427286765,38.73321467642475,21.5069331888122,8419.770322605493,0.0,0.05477546765670787,6.234153968191429,3.4524684541598494,11701755.459911307,760.68892004574,76599027.61886276,0.0,119558.53876207178,13607225.979502065,2182180205.807995
100,2024-06-01,20.060913362172336,0.0005361627648865513,30.465591273064856,263.9636434398088,0.44740272427286765,38.73321467642475,21.5069331888122,8419.770322605493,0.0,0.20832832872930082,9.252687679370446,6.043856449076181,43785313.08692604,1170.2906682906087,66494540.562486276,0.0,454696.0608980147,20195587.19970807,2182180205.807995
101,2024-06-01,20.060913362172336,0.0005361627648865513,30.465591273064856,263.9636434398088,0.44740272427286765,38.73321467642475,21.5069331888122,8419.770322605493,0.0,0.20832832872930082,9.252687679370446,6.043856449076181,43785313.08692604,1170.2906682906087,66494540.562486276,0.0,454696.0608980147,20195587.19970807,2182180205.807995
102,2024-06-01,20.060913362172336,0.0005361627648865513,30.465591273064856,263.9636434398088,0.44740272427286765,38.73321467642475,21.5069331888122,8419.770322605493,0.0,0.20832832872930082,9.252687679370446,6.043856449076181,43785313.08692604,1170.2906682906087,66494540.562486276,0.0,454696.0608980147,20195587.19970807,2182180205.807995
103,2024-06-01,20.060913362172336,0.0005361627648865513,30.465591273064856,263.9636434398088,0.44740272427286765,38.73321467642475,21.5069331888122,8419.770322605493,0.0,0.20832832872930082,9.252687679370446,6.043856449076181,43785313.08692604,1170.2906682906087,66494540.562486276,0.0,454696.0608980147,20195587.19970807,2182180205.8083053
104,2024-06-01,20.060913362172336,0.0005361627648865513,30.465591273064856,263.9636434398088,0.44740272427286765,38.73321467642475,21.5069331888122,8419.770322605493,0.0,0.20832832872930082,9.252687679370446,6.043856449076181,43785313.08692604,1170.2906682906087,66494540.562486276,0.0,454696.0608980147,20195587.19970807,2182180205.807995
105,2024-06-01,20.060913362172336,0.0005361627648865513,30.465591273064856,263.9636434398088,0.44740272427286765,38.73321467642475,21.5069331888122,8419.770322605493,0.0,0.20832832872930082,9.252687679370446,6.043856449076181,43785313.08692604,1170.2906682906087,66494540.562486276,0.0,454696.0608980147,20195587.19970807,2182180205.807995
106,2024-06-01,20.060913362172336,0.0005361627648865513,30.465591273064856,263.9636434398088,0.44740272427286765,38.73321467642475,21.5069331888122,8419.770322605493,0.0,0.20832832872930082,9.252687679370446,6.043856449076181,43785313.08692604,1170.2906682906087,66494540.562486276,0.0,454696.0608980147,20195587.19970807,2182180205.8083053
107,2024-06-01,20.060913362172336,0.0005361627648865513,30.465591273064856,263.9636434398088,0.44740272427286765,38.73321467642475,21.5069331888122,8419.770322605493,0.0,0.20832832872930082,9.252687679370446,6.043856449076181,43785313.08692604,1170.2906682906087,66494540.562486276,0.0,454696.0608980147,20195587.19970807,2182180205.807995
108,2024-06-01,20.060913362172336,0.0005361627648865513,30.465591273064856,263.9636434398088,0.44740272427286765,38.73321467642475,21.5069331888122,8419.770322605493,0.0,0.20832832872930082,9.252687679370446,6.043856449076181,43785313.08692604,1170.2906682906087,66494540.562486276,0.0,454696.0608980147,20195587.19970807,2182180205.807995
109,2024-06-01,20.060913362172336,0.0005361627648865513,30.465591273064856,263.9636434398088,0.44740272427286765,38.73321467642475,21.5069331888122,8419.770322605493,0.0,0.20832832872930082,9.252687679370446,6.043856449076181,43785313.08692604,1170.2906682906087,66494540.562486276,0.0,454696.0608980147,20195587.19970807,2182180205.807995
110,2024-06-01,20.060913362172336,0.0005361627648865513,30.465591273064856,263.9636434398088,0.44740272427286765,38.73321467642475,21.5069331888122,8419.770322605493,0.0,0.20832832872930082,9.252687679370446,6.043856449076181,43785313.08692604,1170.2906682906087,66494540.562486276,0.0,454696.0608980147,20195587.19970807,2182180205.807995
111,2024-06-01,20.060913362172336,0.0005361627648865513,30.465591273064856,263.9636434398088,0.44740272427286765,38.73321467642475,21.5069331888122,8419.770322605493,0.0,0.20832832872930082,9.252687679370446,6.043856449076181,43785313.08692604,1170.2906682906087,66494540.562486276,0.0,454696.0608980147,20195587.19970807,2182180205.8083053
112,2024-06-01,20.060913362172336,0.0005361627648865513,30.465591273064856,263.9636434398088,0.44740272427286765,38.73321467642475,21.5069331888122,8419.770322605493,0.0,0.20832832872930082,9.252687679370446,6.043856449076181,43785313.08692604,1170.2906682906087,66494540.562486276,0.0,454696.0608980147,20195587.19970807,2182180205.807995
113,2024-06-01,20.060913362172336,0.0005361627648865513,30.465591273064856,263.9636434398088,0.44740272427286765,38.73321467642475,21.5069331888122,8419.770322605493,0.0,0.20832832872930082,9.252687679370446,6.043856449076181,43785313.08692604,1170.2906682906087,66494540.562486276,0.0,454696.0608980147,20195587.19970807,2182180205.807995
114,2024-06-01,20.060913362172336,0.0005361627648865513,30.465591273064856,263.9636434398088,0.44740272427286765,38.73321467642475,21.5069331888122,8419.770322605493,0.0,0.20832832872930082,9.252687679370446,6.043856449076181,43785313.08692604,1170.2906682906087,66494540.562486276,0.0,454696.0608980147,20195587.19970807,2182180205.807995
115,2024-06-01,20.060913362172336,0.0005361627648865513,30.465591273064856,263.9636434398088,0.44740272427286765,38.73321467642475,21.5069331888122,8419.770322605493,0.0,0.20832832872930082,9.252687679370446,6.043856449076181,43785313.08692604,1170.2906682906087,66494540.562486276,0.0,454696.0608980147,20195587.19970807,2182180205.807995
116,2024-06-01,20.060913362172336,0.0005361627648865513,30.465591273064856,263.9636434398088,0.44740272427286765,38.73321467642475,21.5069331888122,8419.770322605493,0.0,0.20832832872930082,9.252687679370446,6.043856449076181,43785313.08692604,1170.2906682906087,66494540.562486276,0.0,454696.0608980147,20195587.19970807,2182180205.807995
117,2024-06-01,20.060913362172336,0.0005361627648865513,30.465591273064856,263.9636434398088,0.44740272427286765,38.73321467642475,21.5069331888122,8419.770322605493,0.0,0.20832832872930082,9.252687679370446,6.043856449076181,43785313.08692604,1170.2906682906087,66494540.562486276,0.0,454696.0608980147,20195587.19970807,2182180205.807995
118,2024-06-01,20.060913362172336,0.0005361627648865513,30.465591273064856,263.9636434398088,0.44740272427286765,38.73321467642475,21.5069331888122,8419.770322605493,0.0,0.20832832872930082,9.252687679370446,6.043856449076181,43785313.08692604,1170.2906682906087,66494540.562486276,0.0,454696.0608980147,20195587.19970807,2182180205.807995
119,2024-06-01,20.060913362172336,0.0005361627648865513,30.465591273064856,263.9636434398088,0.44740272427286765,38.73321467642475,21.5069331888122,8419.770322605493,0.0,0.20832832872930082,9.252687679370446,6.043856449076181,43785313.08692604,1170.2906682906087,66494540.562486276,0.0,454696.0608980147,20195587.19970807,2182180205.807995
120,2024-07-01,1.6888638659498871,0.0006970115812100281,29.373447835673655,263.9636434398088,0.44740272427286765,38.73321467642475,21.5069331888122,8419.770322605493,0.0,0.05477546765670787,6.394398562703453,3.617776906764895,3686144.284478745,1521.37784009148,64110851.08060393,0.0,119558.53876207178,13956945.717553794,2182180205.807995
121,2024-07-01,1.6888638659498871,0.0006970115812100281,29.373447835673655,263.9636434398088,0.44740272427286765,38.73321467642475,21.5069331888122,8419.770322605493,0.0,0.05477546765670787,6.394398562703453,3.617776906764895,3686144.284478745,1521.37784009148,64110851.08060393,0.0,119558.53876207178,13956945.717553794,2182180205.807995
122,2024-07-01,1.6888638659498871,0.0006970115812100281,29.373447835673655,263.9636434398088,0.44740272427286765,38.73321467642475,21.5069331888122,8419.770322605493,0.0,0.05477546765670787,6.394398562703453,3.617776906764895,3686144.284478745,1521.37784009148,64110851.08060393,0.0,119558.53876207178,13956945.717553794,2182180205.807995
123,2024-07-01,1.6888638659498871,0.0006970115812100281,29.373447835673655,263.9636434398088,0.44740272427286765,38.73321467642475,21.5069331888122,8419.770322605493,0.0,0.05477546765670787,6.394398562703453,3.617776906764895,3686144.284478745,1521.37784009148,64110851.08060393,0.0,119558.53876207178,13956945.717553794,2182180205.807995
124,2024-07-01,1.6888638659498871,0.0006970115812100281,29.373447835673655,263.9636434398088,0.44740272427286765,38.73321467642475,21.5069331888122,8419.770322605493,0.0,0.05477546765670787,6.394398562703453,3.617776906764895,3686144.284478745,1521.37784009148,64110851.08060393,0.0,119558.53876207178,13956945.717553794,2182180205.807995
125,2024-07-01,1.6888638659498871,0.0006970115812100281,29.373447835673655,263.9636434398088,0.44740272427286765,38.73321467642475,21.5069331888122,8419.770322605493,0.0,0.05477546765670787,6.394398562703453,3.617776906764895,3686144.284478745,1521.37784009148,64110851.08060393,0.0,119558.53876207178,13956945.717553794,2182180205.807995
126,2024-07-01,1.6888638659498871,0.0006970115812100281,29.373447835673655,263.9636434398088,0.44740272427286765,38.73321467642475,21.5069331888122,8419.770322605493,0.0,0.05477546765670787,6.394398562703453,3.617776906764895,3686144.284478745,1521.37784009148,64110851.08060393,0.0,119558.53876207178,13956945.717553794,2182180205.807995
127,2024-07-01,1.6888638659498871,0.0006970115812100281,29.373447835673655,263.9636434398088,0.44740272427286765,38.73321467642475,21.5069331888122,8419.770322605493,0.0,0.05477546765670787,6.394398562703453,3.617776906764895,3686144.284478745,1521.37784009148,64110851.08060393,0.0,119558.53876207178,13956945.717553794,2182180205.8083053
128,2024-07-01,1.6888638659498871,0.0006970115812100281,29.373447835673655,263.9636434398088,0.44740272427286765,38.73321467642475,21.5069331888122,8419.770322605493,0.0,0.05477546765670787,6.394398562703453,3.617776906764895,3686144.284478745,1521.37784009148,64110851.08060393,0.0,119558.53876207178,13956945.717553794,2182180205.807995
129,2024-07-01,1.6888638659498871,0.0006970115812100281,29.373447835673655,263.9636434398088,0.44740272427286765,38.73321467642475,21.5069331888122,8419.770322605493,0.0,0.05477546765670787,6.394398562703453,3.617776906764895,3686144.284478745,1521.37784009148,64110851.08060393,0.0,119558.53876207178,13956945.717553794,2182180205.807995
130,2024-07-01,1.6888638659498871,0.0006970115812100281,29.373447835673655,263.9636434398088,0.44740272427286765,38.73321467642475,21.5069331888122,8419.770322605493,0.0,0.05477546765670787,6.394398562703453,3.617776906764895,3686144.284478745,1521.37784009148,64110851.08060393,0.0,119558.53876207178,13956945.717553794,2182180205.807995
131,2024-07-01,1.6888638659498871,0.0006970115812100281,29.373447835673655,263.9636434398088,0.44740272427286765,38.73321467642475,21.5069331888122,8419.770322605493,0.0,0.05477546765670787,6.394398562703453,3.617776906764895,3686144.284478745,1521.37784009148,64110851.08060393,0.0,119558.53876207178,13956945.717553794,2182180205.807995
132,2024-07-01,1.6888638659498871,0.0006970115812100281,29.373447835673655,263.9636434398088,0.44740272427286765,38.73321467642475,21.5069331888122,8419.770322605493,0.0,0.05477546765670787,6.394398562703453,3.617776906764895,3686144.284478745,1521.37784009148,64110851.08060393,0.0,119558.53876207178,13956945.717553794,2182180205.807995
133,2024-07-01,1.6888638659498871,0.0006970115812100281,29.373447835673655,263.9636434398088,0.44740272427286765,38.73321467642475,21.5069331888122,8419.770322605493,0.0,0.05477546765670787,6.394398562703453,3.617776906764895,3686144.284478745,1521.37784009148,64110851.08060393,0.0,119558.53876207178,13956945.717553794,2182180205.8083053
134,2024-07-01,1.6888638659498871,0.0006970115812100281,29.373447835673655,263.9636434398088,0.44740272427286765,38.73321467642475,21.5069331888122,8419.770322605493,0.0,0.05477546765670787,6.394398562703453,3.617776906764895,3686144.284478745,1521.37784009148,64110851.08060393,0.0,119558.53876207178,13956945.717553794,2182180205.807995
135,2024-07-01,1.6888638659498871,0.0006970115812100281,29.373447835673655,263.9636434398088,0.44740272427286765,38.73321467642475,21.5069331888122,8419.770322605493,0.0,0.05477546765670787,6.394398562703453,3.617776906764895,3686144.284478745,1521.37784009148,64110851.08060393,0.0,119558.53876207178,13956945.717553794,2182180205.807995
136,2024-07-01,1.6888638659498871,0.0006970115812100281,29.373447835673655,263.9636434398088,0.44740272427286765,38.73321467642475,21.5069331888122,8419.770322605493,0.0,0.05477546765670787,6.394398562703453,3.617776906764895,3686144.284478745,1521.37784009148,64110851.08060393,0.0,119558.53876207178,13956945.717553794,2182180205.8083053
137,2024-07-01,1.6888638659498871,0.0006970115812100281,29.373447835673655,263.9636434398088,0.44740272427286765,38.73321467642475,21.5069331888122,8419.770322605493,0.0,0.05477546765670787,6.394398562703453,3.617776906764895,3686144.284478745,1521.37784009148,64110851.08060393,0.0,119558.53876207178,13956945.717553794,2182180205.807995
138,2024-07-01,1.6888638659498871,0.0006970115812100281,29.373447835673655,263.9636434398088,0.44740272427286765,38.73321467642475,21.5069331888122,8419.770322605493,0.0,0.05477546765670787,6.394398562703453,3.617776906764895,3686144.284478745,1521.37784009148,64110851.08060393,0.0,119558.53876207178,13956945.717553794,2182180205.807995
139,2024-07-01,1.6888638659498871,0.0006970115812100281,29.373447835673655,263.9636434398088,0.44740272427286765,38.73321467642475,21.5069331888122,8419.770322605493,0.0,0.05477546765670787,6.394398562703453,3.617776906764895,3686144.284478745,1521.37784009148,64110851.08060393,0.0,119558.53876207178,13956945.717553794,2182180205.807995
140,2024-08-01,46.23135529916793,0.0005629709009404641,35.492592162779,263.9636434398088,0.44740272427286765,38.73321467642475,21.5069331888122,8419.770322605493,0.31283855705964203,1.6000923226191195,17.873477326319318,15.317032762083722,100905506.81823462,1228.8051969240869,77466658.90680784,682833.6797781629,3492386.028631311,39011564.094918184,2182180205.807995
141,2024-08-01,46.23135529916793,0.0005629709009404641,35.492592162779,263.9636434398088,0.44740272427286765,38.73321467642475,21.5069331888122,8419.770322605493,0.31283855705964203,1.6000923226191195,17.873477326319318,15.317032762083722,100905506.81823462,1228.8051969240869,77466658.90680784,682833.6797781629,3492386.028631311,39011564.094918184,2182180205.807995
142,2024-08-01,46.23135529916793,0.0005629709009404641,35.492592162779,263.9636434398088,0.44740272427286765,38.73321467642475,21.5069331888122,8419.770322605493,0.31283855705964203,1.6000923226191195,17.873477326319318,15.317032762083722,100905506.81823462,1228.8051969240869,77466658.90680784,682833.6797781629,3492386.028631311,39011564.094918184,2182180205.807995
143,2024-08-01,46.23135529916793,0.0005629709009404641,35.492592162779,263.9636434398088,0.44740272427286765,38.73321467642475,21.5069331888122,8419.770322605493,0.31283855705964203,1.6000923226191195,17.873477326319318,15.317032762083722,100905506.81823462,1228.8051969240869,77466658.90680784,682833.6797781629,3492386.028631311,39011564.094918184,2182180205.807995
144,2024-08-01,46.23135529916793,0.0005629709009404641,35.492592162779,263.9636434398088,0.44740272427286765,38.73321467642475,21.5069331888122,8419.770322605493,0.31283855705964203,1.6000923226191195,17.873477326319318,15.317032762083722,100905506.81823462,1228.8051969240869,77466658.90680784,682833.6797781629,3492386.028631311,39011564.094918184,2182180205.8083053
145,2024-08-01,46.23135529916793,0.0005629709009404641,35.492592162779,263.9636434398088,0.44740272427286765,38.73321467642475,21.5069331888122,8419.770322605493,0.31283855705964203,1.6000923226191195,17.873477326319318,15.317032762083722,100905506.81823462,1228.8051969240869,77466658.90680784,682833.6797781629,3492386.028631311,39011564.094918184,2182180205.8083053
146,2024-08-01,46.23135529916793,0.0005629709009404641,35.492592162779,263.9636434398088,0.44740272427286765,38.73321467642475,21.5069331888122,8419.770322605493,0.31283855705964203,1.6000923226191195,17.873477326319318,15.317032762083722,100905506.81823462,1228.8051969240869,77466658.90680784,682833.6797781629,3492386.028631311,39011564.094918184,2182180205.807995
147,2024-08-01,46.23135529916793,0.0005629709009404641,35.492592162779,263.9636434398088,0.44740272427286765,38.73321467642475,21.5069331888122,8419.770322605493,0.31283855705964203,1.6000923226191195,17.873477326319318,15.317032762083722,100905506.81823462,1228.8051969240869,77466658.90680784,682833.6797781629,3492386.028631311,39011564.094918184,2182180205.807995
148,2024-08-01,46.23135529916793,0.0005629709009404641,35.492592162779,263.9636434398088,0.44740272427286765,38.73321467642475,21.5069331888122,8419.770322605493,0.31283855705964203,1.6000923226191195,17.873477326319318,15.317032762083722,100905506.81823462,1228.8051969240869,77466658.90680784,682833.6797781629,3492386.028631311,39011564.094918184,2182180205.807995
149,2024-08-01,46.23135529916793,0.0005629709009404641,35.492592162779,263.9636434398088,0.44740272427286765,38.73321467642475,21.5069331888122,8419.770322605493,0.31283855705964203,1.6000923226191195,17.873477326319318,15.317032762083722,100905506.81823462,1228.8051969240869,77466658.90680784,682833.6797781629,3492386.028631311,39011564.094918184,2182180205.8083053
150,2024-08-01,46.23135529916793,0.0005629709009404641,35.492592162779,263.9636434398088,0.44740272427286765,38.73321467642475,21.5069331888122,8419.770322605493,0.31283855705964203,1.6000923226191195,17.873477326319318,15.317032762083722,100905506.81823462,1228.8051969240869,77466658.90680784,682833.6797781629,3492386.028631311,39011564.094918184,2182180205.807995
151,2024-08-01,46.23135529916793,0.0005629709009404641,35.492592162779,263.9636434398088,0.44740272427286765,38.73321467642475,21.5069331888122,8419.770322605493,0.31283855705964203,1.6000923226191195,17.873477326319318,15.317032762083722,100905506.81823462,1228.8051969240869,77466658.90680784,682833.6797781629,3492386.028631311,39011564.094918184,2182180205.807995
152,2024-08-01,46.23135529916793,0.0005629709009404641,35.492592162779,263.9636434398088,0.44740272427286765,38.73321467642475,21.5069331888122,8419.770322605493,0.31283855705964203,1.6000923226191195,17.873477326319318,15.317032762083722,100905506.81823462,1228.8051969240869,77466658.90680784,682833.6797781629,3492386.028631311,39011564.094918184,2182180205.807995
153,2024-08-01,46.23135529916793,0.0005629709009404641,35.492592162779,263.9636434398088,0.44740272427286765,38.73321467642475,21.5069331888122,8419.770322605493,0.31283855705964203,1.6000923226191195,17.873477326319318,15.317032762083722,100905506.81823462,1228.8051969240869,77466658.90680784,682833.6797781629,3492386.028631311,39011564.094918184,2182180205.807995
154,2024-08-01,46.23135529916793,0.0005629709009404641,35.492592162779,263.9636434398088,0.44740272427286765,38.73321467642475,21.5069331888122,8419.770322605493,0.31283855705964203,1.6000923226191195,17.873477326319318,15.317032762083722,100905506.81823462,1228.8051969240869,77466658.90680784,682833.6797781629,3492386.028631311,39011564.094918184,2182180205.807995
155,2024-08-01,46.23135529916793,0.0005629709009404641,35.492592162779,263.9636434398088,0.44740272427286765,38.73321467642475,21.5069331888122,8419.770322605493,0.31283855705964203,1.6000923226191195,17.873477326319318,15.317032762083722,100905506.81823462,1228.8051969240869,77466658.90680784,682833.6797781629,3492386.028631311,39011564.094918184,2182180205.807995
156,2024-08-01,46.23135529916793,0.0005629709009404641,35.492592162779,263.9636434398088,0.44740272427286765,38.73321467642475,21.5069331888122,8419.770322605493,0.31283855705964203,1.6000923226191195,17.873477326319318,15.317032762083722,100905506.81823462,1228.8051969240869,77466658.90680784,682833.6797781629,3492386.028631311,39011564.094918184,2182180205.807995
157,2024-08-01,46.23135529916793,0.0005629709009404641,35.492592162779,263.9636434398088,0.44740272427286765,38.73321467642475,21.5069331888122,8419.770322605493,0.31283855705964203,1.6000923226191195,17.873477326319318,15.317032762083722,100905506.81823462,1228.8051969240869,77466658.90680784,682833.6797781629,3492386.028631311,39011564.094918184,2182180205.807995
158,2024-08-01,46.23135529916793,0.0005629709009404641,35.492592162779,263.9636434398088,0.44740272427286765,38.73321467642475,21.5069331888122,8419.770322605493,0.31283855705964203,1.6000923226191195,17.873477326319318,15.317032762083722,100905506.81823462,1228.8051969240869,77466658.90680784,682833.6797781629,3492386.028631311,39011564.094918184,2182180205.807995
159,2024-08-01,46.23135529916793,0.0005629709009404641,35.492592162779,263.9636434398088,0.44740272427286765,38.73321467642475,21.5069331888122,8419.770322605493,0.31283855705964203,1.6000923226191195,17.873477326319318,15.317032762083722,100905506.81823462,1228.8051969240869,77466658.90680784,682833.6797781629,3492386.028631311,39011564.094918184,2182180205.807995
160,2024-09-01,0.9864487593844431,0.00026808138244327565,24.133727902208808,263.9636434398088,0.44740272427286765,38.73321467642475,21.5069331888122,8419.770322605493,0.0,0.05477546765670787,9.609355775373212,5.872314207556217,2153046.0956799416,585.1453341453043,52674578.24970981,0.0,119558.53876207178,20974108.02801617,2182180205.807995
161,2024-09-01,0.9864487593844431,0.00026808138244327565,24.133727902208808,263.9636434398088,0.44740272427286765,38.73321467642475,21.5069331888122,8419.770322605493,0.0,0.05477546765670787,9.609355775373212,5.872314207556217,2153046.0956799416,585.1453341453043,52674578.24970981,0.0,119558.53876207178,20974108.02801617,2182180205.8083053
162,2024-09-01,0.9864487593844431,0.00026808138244327565,24.133727902208808,263.9636434398088,0.44740272427286765,38.73321467642475,21.5069331888122,8419.770322605493,0.0,0.05477546765670787,9.609355775373212,5.872314207556217,2153046.0956799416,585.1453341453043,52674578.24970981,0.0,119558.53876207178,20974108.02801617,2182180205.807995
163,2024-09-01,0.9864487593844431,0.00026808138244327565,24.133727902208808,263.9636434398088,0.44740272427286765,38.73321467642475,21.5069331888122,8419.770322605493,0.0,0.05477546765670787,9.609355775373212,5.872314207556217,2153046.0956799416,585.1453341453043,52674578.24970981,0.0,119558.53876207178,20974108.02801617,2182180205.807995
164,2024-09-01,0.9864487593844431,0.00026808138244327565,24.133727902208808,263.9636434398088,0.44740272427286765,38.73321467642475,21.5069331888122,8419.770322605493,0.0,0.05477546765670787,9.609355775373212,5.872314207556217,2153046.0956799416,585.1453341453043,52674578.24970981,0.0,119558.53876207178,20974108.02801617,2182180205.807995
165,2024-09-01,0.9864487593844431,0.00026808138244327565,24.133727902208808,263.9636434398088,0.44740272427286765,38.73321467642475,21.5069331888122,8419.770322605493,0.0,0.05477546765670787,9.609355775373212,5.872314207556217,2153046.0956799416,585.1453341453043,52674578.24970981,0.0,119558.53876207178,20974108.02801617,2182180205.8083053
166,2024-09-01,0.9864487593844431,0.00026808138244327565,24.133727902208808,263.9636434398088,0.44740272427286765,38.73321467642475,21.5069331888122,8419.770322605493,0.0,0.05477546765670787,9.609355775373212,5.872314207556217,2153046.0956799416,585.1453341453043,52674578.24970981,0.0,119558.53876207178,20974108.02801617,2182180205.807995
167,2024-09-01,0.9864487593844431,0.00026808138244327565,24.133727902208808,263.9636434398088,0.44740272427286765,38.73321467642475,21.5069331888122,8419.770322605493,0.0,0.05477546765670787,9.609355775373212,5.872314207556217,2153046.0956799416,585.1453341453043,52674578.24970981,0.0,119558.53876207178,20974108.02801617,2182180205.8083053
168,2024-09-01,0.9864487593844431,0.00026808138244327565,24.133727902208808,263.9636434398088,0.44740272427286765,38.73321467642475,21.5069331888122,8419.770322605493,0.0,0.05477546765670787,9.609355775373212,5.872314207556217,2153046.0956799416,585.1453341453043,52674578.24970981,0.0,119558.53876207178,20974108.02801617,2182180205.807995
169,2024-09-01,0.9864487593844431,0.00026808138244327565,24.133727902208808,263.9636434398088,0.44740272427286765,38.73321467642475,21.5069331888122,8419.770322605493,0.0,0.05477546765670787,9.609355775373212,5.872314207556217,2153046.0956799416,585.1453341453043,52674578.24970981,0.0,119558.53876207178,20974108.02801617,2182180205.807995
170,2024-09-01,0.9864487593844431,0.00026808138244327565,24.133727902208808,263.9636434398088,0.44740272427286765,38.73321467642475,21.5069331888122,8419.770322605493,0.0,0.05477546765670787,9.609355775373212,5.872314207556217,2153046.0956799416,585.1453341453043,52674578.24970981,0.0,119558.53876207178,20974108.02801617,2182180205.807995
171,2024-09-01,0.9864487593844431,0.00026808138244327565,24.133727902208808,263.9636434398088,0.44740272427286765,38.73321467642475,21.5069331888122,8419.770322605493,0.0,0.05477546765670787,9.609355775373212,5.872314207556217,2153046.0956799416,585.1453341453043,52674578.24970981,0.0,119558.53876207178,20974108.02801617,2182180205.807995
172,2024-09-01,0.9864487593844431,0.00026808138244327565,24.133727902208808,263.9636434398088,0.44740272427286765,38.73321467642475,21.5069331888122,8419.770322605493,0.0,0.05477546765670787,9.609355775373212,5.872314207556217,2153046.0956799416,585.1453341453043,52674578.24970981,0.0,119558.53876207178,20974108.02801617,2182180205.807995
173,2024-09-01,0.9864487593844431,0.00026808138244327565,24.133727902208808,263.9636434398088,0.44740272427286765,38.73321467642475,21.5069331888122,8419.770322605493,0.0,0.05477546765670787,9.609355775373212,5.872314207556217,2153046.0956799416,585.1453341453043,52674578.24970981,0.0,119558.53876207178,20974108.02801617,2182180205.807995
174,2024-09-01,0.9864487593844431,0.00026808138244327565,24.133727902208808,263.9636434398088,0.44740272427286765,38.73321467642475,21.5069331888122,8419.770322605493,0.0,0.05477546765670787,9.609355775373212,5.872314207556217,2153046.0956799416,585.1453341453043,52674578.24970981,0.0,119558.53876207178,20974108.02801617,2182180205.807995
175,2024-09-01,0.9864487593844431,0.00026808138244327565,24.133727902208808,263.9636434398088,0.44740272427286765,38.73321467642475,21.5069331888122,8419.770322605493,0.0,0.05477546765670787,9.609355775373212,5.872314207556217,2153046.0956799416,585.1453341453043,52674578.24970981,0.0,119558.53876207178,20974108.02801617,2182180205.807995
176,2024-09-01,0.9864487593844431,0.00026808138244327565,24.133727902208808,263.9636434398088,0.44740272427286765,38.73321467642475,21.5069331888122,8419.770322605493,0.0,0.05477546765670787,9.609355775373212,5.872314207556217,2153046.0956799416,585.1453341453043,52674578.24970981,0.0,119558.53876207178,20974108.02801617,2182180205.807995
177,2024-09-01,0.9864487593844431,0.00026808138244327565,24.133727902208808,263.9636434398088,0.44740272427286765,38.73321467642475,21.5069331888122,8419.770322605493,0.0,0.05477546765670787,9.609355775373212,5.872314207556217,2153046.0956799416,585.1453341453043,52674578.24970981,0.0,119558.53876207178,20974108.02801617,2182180205.807995
178,2024-09-01,0.9864487593844431,0.00026808138244327565,24.133727902208808,263.9636434398088,0.44740272427286765,38.73321467642475,21.5069331888122,8419.770322605493,0.0,0.05477546765670787,9.609355775373212,5.872314207556217,2153046.0956799416,585.1453341453043,52674578.24970981,0.0,119558.53876207178,20974108.02801617,2182180205.807995
179,2024-09-01,0.9864487593844431,0.00026808138244327565,24.133727902208808,263.9636434398088,0.44740272427286765,38.73321467642475,21.5069331888122,8419.770322605493,0.0,0.05477546765670787,9.609355775373212,5.872314207556217,2153046.0956799416,585.1453341453043,52674578.24970981,0.0,119558.53876207178,20974108.02801617,2182180205.807995
180,2024-10-01,21.49010449126671,0.00013404069122163783,19.345093033151525,263.9636434398088,0.44740272427286765,38.73321467642475,21.5069331888122,8419.770322605493,0.06595194450432475,0.3453264607735418,13.916651096896386,10.99625139114952,46904719.442449465,292.57266707265217,42222929.2150196,143953.71773632406,753708.5852793084,30375307.25920122,2182180205.807995
181,2024-10-01,21.49010449126671,0.00013404069122163783,19.345093033151525,263.9636434398088,0.44740272427286765,38.73321467642475,21.5069331888122,8419.770322605493,0.06595194450432475,0.3453264607735418,13.916651096896386,10.99625139114952,46904719.442449465,292.57266707265217,42222929.2150196,143953.71773632406,753708.5852793084,30375307.25920122,2182180205.807995
182,2024-10-01,21.49010449126671,0.00013404069122163783,19.345093033151525,263.9636434398088,0.44740272427286765,38.73321467642475,21.5069331888122,8419.770322605493,0.06595194450432475,0.3453264607735418,13.916651096896386,10.99625139114952,46904719.442449465,292.57266707265217,42222929.2150196,143953.71773632406,753708.5852793084,30375307.25920122,2182180205.807995
183,2024-10-01,21.49010449126671,0.00013404069122163783,19.345093033151525,263.9636434398088,0.44740272427286765,38.73321467642475,21.5069331888122,8419.770322605493,0.06595194450432475,0.3453264607735418,13.916651096896386,10.99625139114952,46904719.442449465,292.57266707265217,42222929.2150196,143953.71773632406,753708.5852793084,30375307.25920122,2182180205.8083053
184,2024-10-01,21.49010449126671,0.00013404069122163783,19.345093033151525,263.9636434398088,0.44740272427286765,38.73321467642475,21.5069331888122,8419.770322605493,0.06595194450432475,0.3453264607735418,13.916651096896386,10.99625139114952,46904719.442449465,292.57266707265217,42222929.2150196,143953.71773632406,753708.5852793084,30375307.25920122,2182180205.807995
185,2024-10-01,21.49010449126671,0.00013404069122163783,19.345093033151525,263.9636434398088,0.44740272427286765,38.73321467642475,21.5069331888122,8419.770322605493,0.06595194450432475,0.3453264607735418,13.916651096896386,10.99625139114952,46904719.442449465,292.57266707265217,42222929.2150196,143953.71773632406,753708.5852793084,30375307.25920122,2182180205.807995
186,2024-10-01,21.49010449126671,0.00013404069122163783,19.345093033151525,263.9636434398088,0.44740272427286765,38.73321467642475,21.5069331888122,8419.770322605493,0.06595194450432475,0.3453264607735418,13.916651096896386,10.99625139114952,46904719.442449465,292.57266707265217,42222929.2150196,143953.71773632406,753708.5852793084,30375307.25920122,2182180205.807995
187,2024-10-01,21.49010449126671,0.00013404069122163783,19.345093033151525,263.9636434398088,0.44740272427286765,38.73321467642475,21.5069331888122,8419.770322605493,0.06595194450432475,0.3453264607735418,13.916651096896386,10.99625139114952,46904719.442449465,292.57266707265217,42222929.2150196,143953.71773632406,753708.5852793084,30375307.25920122,2182180205.807995
188,2024-10-01,21.49010449126671,0.00013404069122163783,19.345093033151525,263.9636434398088,0.44740272427286765,38.73321467642475,21.5069331888122,8419.770322605493,0.06595194450432475,0.3453264607735418,13.916651096896386,10.99625139114952,46904719.442449465,292.57266707265217,42222929.2150196,143953.71773632406,753708.5852793084,30375307.25920122,2182180205.807995
189,2024-10-01,21.49010449126671,0.00013404069122163783,19.345093033151525,263.9636434398088,0.44740272427286765,38.73321467642475,21.5069331888122,8419.770322605493,0.06595194450432475,0.3453264607735418,13.916651096896386,10.99625139114952,46904719.442449465,292.57266707265217,42222929.2150196,143953.71773632406,753708.5852793084,30375307.25920122,2182180205.807995
190,2024-10-01,21.49010449126671,0.00013404069122163783,19.345093033151525,263.9636434398088,0.44740272427286765,38.73321467642475,21.5069331888122,8419.770322605493,0.06595194450432475,0.3453264607735418,13.916651096896386,10.99625139114952,46904719.442449465,292.57266707265217,42222929.2150196,143953.71773632406,753708.5852793084,30375307.25920122,2182180205.807995
191,2024-10-01,21.49010449126671,0.00013404069122163783,19.345093033151525,263.9636434398088,0.44740272427286765,38.73321467642475,21.5069331888122,8419.770322605493,0.06595194450432475,0.3453264607735418,13.916651096896386,10.99625139114952,46904719.442449465,292.57266707265217,42222929.2150196,143953.71773632406,753708.5852793084,30375307.25920122,2182180205.807995
192,2024-10-01,21.49010449126671,0.00013404069122163783,19.345093033151525,263.9636434398088,0.44740272427286765,38.73321467642475,21.5069331888122,8419.770322605493,0.06595194450432475,0.3453264607735418,13.916651096896386,10.99625139114952,46904719.442449465,292.57266707265217,42222929.2150196,143953.71773632406,753708.5852793084,30375307.25920122,2182180205.8083053
193,2024-10-01,21.49010449126671,0.00013404069122163783,19.345093033151525,263.9636434398088,0.44740272427286765,38.73321467642475,21.5069331888122,8419.770322605493,0.06595194450432475,0.3453264607735418,13.916651096896386,10.99625139114952,46904719.442449465,292.57266707265217,42222929.2150196,143953.71773632406,753708.5852793084,30375307.25920122,2182180205.807995
194,2024-10-01,21.49010449126671,0.00013404069122163783,19.345093033151525,263.9636434398088,0.44740272427286765,38.73321467642475,21.5069331888122,8419.770322605493,0.06595194450432475,0.3453264607735418,13.916651096896386,10.99625139114952,46904719.442449465,292.57266707265217,42222929.2150196,143953.71773632406,753708.5852793084,30375307.25920122,2182180205.8083053
195,2024-10-01,21.49010449126671,0.00013404069122163783,19.345093033151525,263.9636434398088,0.44740272427286765,38.73321467642475,21.5069331888122,8419.770322605493,0.06595194450432475,0.3453264607735418,13.916651096896386,10.99625139114952,46904719.442449465,292.57266707265217,42222929.2150196,143953.71773632406,753708.5852793084,30375307.25920122,2182180205.807995
196,2024-10-01,21.49010449126671,0.00013404069122163783,19.345093033151525,263.9636434398088,0.44740272427286765,38.73321467642475,21.5069331888122,8419.770322605493,0.06595194450432475,0.3453264607735418,13.916651096896386,10.99625139114952,46904719.442449465,292.57266707265217,42222929.2150196,143953.71773632406,753708.5852793084,30375307.25920122,2182180205.807995
197,2024-10-01,21.49010449126671,0.00013404069122163783,19.345093033151525,263.9636434398088,0.44740272427286765,38.73321467642475,21.5069331888122,8419.770322605493,0.06595194450432475,0.3453264607735418,13.916651096896386,10.99625139114952,46904719.442449465,292.57266707265217,42222929.2150196,143953.71773632406,753708.5852793084,30375307.25920122,2182180205.807995
198,2024-10-01,21.49010449126671,0.00013404069122163783,19.345093033151525,263.9636434398088,0.44740272427286765,38.73321467642475,21.5069331888122,8419.770322605493,0.06595194450432475,0.3453264607735418,13.916651096896386,10.99625139114952,46904719.442449465,292.57266707265217,42222929.2150196,143953.71773632406,753708.5852793084,30375307.25920122,2182180205.807995
199,2024-10-01,21.49010449126671,0.00013404069122163783,19.345093033151525,263.9636434398088,0.44740272427286765,38.73321467642475,21.5069331888122,8419.770322605493,0.06595194450432475,0.3453264607735418,13.916651096896386,10.99625139114952,46904719.442449465,292.57266707265217,42222929.2150196,143953.71773632406,753708.5852793084,30375307.25920122,2182180205.807995
200,2024-11-01,8.252444788712468,0.0,14.90685079880855,263.9636434398088,0.44740272427286765,38.73321467642475,21.5069331888122,8419.770322605493,0.0,0.36056607653848044,12.194207909509725,9.964776476432617,18011787.776490144,0.0,32535948.65229021,0.0,786962.1073828074,26615748.452781297,2182180205.807995
201,2024-11-01,8.252444788712468,0.0,14.90685079880855,263.9636434398088,0.44740272427286765,38.73321467642475,21.5069331888122,8419.770322605493,0.0,0.36056607653848044,12.194207909509725,9.964776476432617,18011787.776490144,0.0,32535948.65229021,0.0,786962.1073828074,26615748.452781297,2182180205.8083053
202,2024-11-01,8.252444788712468,0.0,14.90685079880855,263.9636434398088,0.44740272427286765,38.73321467642475,21.5069331888122,8419.770322605493,0.0,0.36056607653848044,12.194207909509725,9.964776476432617,18011787.776490144,0.0,32535948.65229021,0.0,786962.1073828074,26615748.452781297,2182180205.807995
203,2024-11-01,8.252444788712468,0.0,14.90685079880855,263.9636434398088,0.44740272427286765,38.73321467642475,21.5069331888122,8419.770322605493,0.0,0.36056607653848044,12.194207909509725,9.964776476432617,18011787.776490144,0.0,32535948.65229021,0.0,786962.1073828074,26615748.452781297,2182180205.807995
204,2024-11-01,8.252444788712468,0.0,14.90685079880855,263.9636434398088,0.44740272427286765,38.73321467642475,21.5069331888122,8419.770322605493,0.0,0.36056607653848044,12.194207909509725,9.964776476432617,18011787.776490144,0.0,32535948.65229021,0.0,786962.1073828074,26615748.452781297,2182180205.807995
205,2024-11-01,8.252444788712468,0.0,14.90685079880855,263.9636434398088,0.44740272427286765,38.73321467642475,21.5069331888122,8419.770322605493,0.0,0.36056607653848044,12.194207909509725,9.964776476432617,18011787.776490144,0.0,32535948.65229021,0.0,786962.1073828074,26615748.452781297,2182180205.807995
206,2024-11-01,8.252444788712468,0.0,14.90685079880855,263.9636434398088,0.44740272427286765,38.73321467642475,21.5069331888122,8419.770322605493,0.0,0.36056607653848044,12.194207909509725,9.964776476432617,18011787.776490144,0.0,32535948.65229021,0.0,786962.1073828074,26615748.452781297,2182180205.807995
207,2024-11-01,8.252444788712468,0.0,14.90685079880855,263.9636434398088,0.44740272427286765,38.73321467642475,21.5069331888122,8419.770322605493,0.0,0.36056607653848044,12.194207909509725,9.964776476432617,18011787.776490144,0.0,32535948.65229021,0.0,786962.1073828074,26615748.452781297,2182180205.807995
208,2024-11-01,8.252444788712468,0.0,14.90685079880855,263.9636434398088,0.44740272427286765,38.73321467642475,21.5069331888122,8419.770322605493,0.0,0.36056607653848044,12.194207909509725,9.964776476432617,18011787.776490144,0.0,32535948.65229021,0.0,786962.1073828074,26615748.452781297,2182180205.8083053
209,2024-11-01,8.252444788712468,0.0,14.90685079880855,263.9636434398088,0.44740272427286765,38.73321467642475,21.5069331888122,8419.770322605493,0.0,0.36056607653848044,12.194207909509725,9.964776476432617,18011787.776490144,0.0,32535948.65229021,0.0,786962.1073828074,26615748.452781297,2182180205.807995
210,2024-11-01,8.252444788712468,0.0,14.90685079880855,263.9636434398088,0.44740272427286765,38.73321467642475,21.5069331888122,8419.770322605493,0.0,0.36056607653848044,12.194207909509725,9.964776476432617,18011787.776490144,0.0,32535948.65229021,0.0,786962.1073828074,26615748.452781297,2182180205.807995
211,2024-11-01,8.252444788712468,0.0,14.90685079880855,263.9636434398088,0.44740272427286765,38.73321467642475,21.5069331888122,8419.770322605493,0.0,0.36056607653848044,12.194207909509725,9.964776476432617,18011787.776490144,0.0,32535948.65229021,0.0,786962.1073828074,26615748.452781297,2182180205.807995
212,2024-11-01,8.252444788712468,0.0,14.90685079880855,263.9636434398088,0.44740272427286765,38.73321467642475,21.5069331888122,8419.770322605493,0.0,0.36056607653848044,12.194207909509725,9.964776476432617,18011787.776490144,0.0,32535948.65229021,0.0,786962.1073828074,26615748.452781297,2182180205.807995
213,2024-11-01,8.252444788712468,0.0,14.90685079880855,263.9636434398088,0.44740272427286765,38.73321467642475,21.5069331888122,8419.770322605493,0.0,0.36056607653848044,12.194207909509725,9.964776476432617,18011787.776490144,0.0,32535948.65229021,0.0,786962.1073828074,26615748.452781297,2182180205.807995
214,2024-11-01,8.252444788712468,0.0,14.90685079880855,263.9636434398088,0.44740272427286765,38.73321467642475,21.5069331888122,8419.770322605493,0.0,0.36056607653848044,12.194207909509725,9.964776476432617,18011787.776490144,0.0,32535948.65229021,0.0,786962.1073828074,26615748.452781297,2182180205.807995
215,2024-11-01,8.252444788712468,0.0,14.90685079880855,263.9636434398088,0.44740272427286765,38.73321467642475,21.5069331888122,8419.770322605493,0.0,0.36056607653848044,12.194207909509725,9.964776476432617,18011787.776490144,0.0,32535948.65229021,0.0,786962.1073828074,26615748.452781297,2182180205.807995
216,2024-11-01,8.252444788712468,0.0,14.90685079880855,263.9636434398088,0.44740272427286765,38.73321467642475,21.5069331888122,8419.770322605493,0.0,0.36056607653848044,12.194207909509725,9.964776476432617,18011787.776490144,0.0,32535948.65229021,0.0,786962.1073828074,26615748.452781297,2182180205.8083053
217,2024-11-01,8.252444788712468,0.0,14.90685079880855,263.9636434398088,0.44740272427286765,38.73321467642475,21.5069331888122,8419.770322605493,0.0,0.36056607653848044,12.194207909509725,9.964776476432617,18011787.776490144,0.0,32535948.65229021,0.0,786962.1073828074,26615748.452781297,2182180205.807995
218,2024-11-01,8.252444788712468,0.0,14.90685079880855,263.9636434398088,0.44740272427286765,38.73321467642475,21.5069331888122,8419.770322605493,0.0,0.36056607653848044,12.194207909509725,9.964776476432617,18011787.776490144,0.0,32535948.65229021,0.0,786962.1073828074,26615748.452781297,2182180205.807995
219,2024-11-01,8.252444788712468,0.0,14.90685079880855,263.9636434398088,0.44740272427286765,38.73321467642475,21.5069331888122,8419.770322605493,0.0,0.36056607653848044,12.194207909509725,9.964776476432617,18011787.776490144,0.0,32535948.65229021,0.0,786962.1073828074,26615748.452781297,2182180205.807995
220,2024-12-01,0.41503154902806655,0.0,13.904065606746348,263.9636434398088,0.44740272427286765,38.73321467642475,21.5069331888122,8419.770322605493,0.0,0.05477546765670787,8.686967658576759,6.072542577275687,905869.8508636646,0.0,30347325.54375688,0.0,119558.53876207178,18960735.0353365,2182180205.8083053
221,2024-12-01,0.41503154902806655,0.0,13.904065606746348,263.9636434398088,0.44740272427286765,38.73321467642475,21.5069331888122,8419.770322605493,0.0,0.05477546765670787,8.686967658576759,6.072542577275687,905869.8508636646,0.0,30347325.54375688,0.0,119558.53876207178,18960735.0353365,2182180205.807995
222,2024-12-01,0.41503154902806655,0.0,13.904065606746348,263.9636434398088,0.44740272427286765,38.73321467642475,21.5069331888122,8419.770322605493,0.0,0.05477546765670787,8.686967658576759,6.072542577275687,905869.8508636646,0.0,30347325.54375688,0.0,119558.53876207178,18960735.0353365,2182180205.807995
223,2024-12-01,0.41503154902806655,0.0,13.904065606746348,263.9636434398088,0.44740272427286765,38.73321467642475,21.5069331888122,8419.770322605493,0.0,0.05477546765670787,8.686967658576759,6.072542577275687,905869.8508636646,0.0,30347325.54375688,0.0,119558.53876207178,18960735.0353365,2182180205.807995
224,2024-12-01,0.41503154902806655,0.0,13.904065606746348,263.9636434398088,0.44740272427286765,38.73321467642475,21.5069331888122,8419.770322605493,0.0,0.05477546765670787,8.686967658576759,6.072542577275687,905869.8508636646,0.0,30347325.54375688,0.0,119558.53876207178,18960735.0353365,2182180205.807995
225,2024-12-01,0.41503154902806655,0.0,13.904065606746348,263.9636434398088,0.44740272427286765,38.73321467642475,21.5069331888122,8419.770322605493,0.0,0.05477546765670787,8.686967658576759,6.072542577275687,905869.8508636646,0.0,30347325.54375688,0.0,119558.53876207178,18960735.0353365,2182180205.807995
226,2024-12-01,0.41503154902806655,0.0,13.904065606746348,263.9636434398088,0.44740272427286765,38.73321467642475,21.5069331888122,8419.770322605493,0.0,0.05477546765670787,8.686967658576759,6.072542577275687,905869.8508636646,0.0,30347325.54375688,0.0,119558.53876207178,18960735.0353365,2182180205.807995
227,2024-12-01,0.41503154902806655,0.0,13.904065606746348,263.9636434398088,0.44740272427286765,38.73321467642475,21.5069331888122,8419.770322605493,0.0,0.05477546765670787,8.686967658576759,6.072542577275687,905869.8508636646,0.0,30347325.54375688,0.0,119558.53876207178,18960735.0353365,2182180205.807995
228,2024-12-01,0.41503154902806655,0.0,13.904065606746348,263.9636434398088,0.44740272427286765,38.73321467642475,21.5069331888122,8419.770322605493,0.0,0.05477546765670787,8.686967658576759,6.072542577275687,905869.8508636646,0.0,30347325.54375688,0.0,119558.53876207178,18960735.0353365,2182180205.807995
229,2024-12-01,0.41503154902806655,0.0,13.904065606746348,263.9636434398088,0.44740272427286765,38.73321467642475,21.5069331888122,8419.770322605493,0.0,0.05477546765670787,8.686967658576759,6.072542577275687,905869.8508636646,0.0,30347325.54375688,0.0,119558.53876207178,18960735.0353365,2182180205.807995
230,2024-12-01,0.41503154902806655,0.0,13.904065606746348,263.9636434398088,0.44740272427286765,38.73321467642475,21.5069331888122,8419.770322605493,0.0,0.05477546765670787,8.686967658576759,6.072542577275687,905869.8508636646,0.0,30347325.54375688,0.0,119558.53876207178,18960735.0353365,2182180205.807995
231,2024-12-01,0.41503154902806655,0.0,13.904065606746348,263.9636434398088,0.44740272427286765,38.73321467642475,21.5069331888122,8419.770322605493,0.0,0.05477546765670787,8.686967658576759,6.072542577275687,905869.8508636646,0.0,30347325.54375688,0.0,119558.53876207178,18960735.0353365,2182180205.807995
232,2024-12-01,0.41503154902806655,0.0,13.904065606746348,263.9636434398088,0.44740272427286765,38.73321467642475,21.5069331888122,8419.770322605493,0.0,0.05477546765670787,8.686967658576759,6.072542577275687,905869.8508636646,0.0,30347325.54375688,0.0,119558.53876207178,18960735.0353365,2182180205.807995
233,2024-12-01,0.41503154902806655,0.0,13.904065606746348,263.9636434398088,0.44740272427286765,38.73321467642475,21.5069331888122,8419.770322605493,0.0,0.05477546765670787,8.686967658576759,6.072542577275687,905869.8508636646,0.0,30347325.54375688,0.0,119558.53876207178,18960735.0353365,2182180205.807995
234,2024-12-01,0.41503154902806655,0.0,13.904065606746348,263.9636434398088,0.44740272427286765,38.73321467642475,21.5069331888122,8419.770322605493,0.0,0.05477546765670787,8.686967658576759,6.072542577275687,905869.8508636646,0.0,30347325.54375688,0.0,119558.53876207178,18960735.0353365,2182180205.807995
235,2024-12-01,0.41503154902806655,0.0,13.904065606746348,263.9636434398088,0.44740272427286765,38.73321467642475,21.5069331888122,8419.770322605493,0.0,0.05477546765670787,8.686967658576759,6.072542577275687,905869.8508636646,0.0,30347325.54375688,0.0,119558.53876207178,18960735.0353365,2182180205.807995
236,2024-12-01,0.41503154902806655,0.0,13.904065606746348,263.9636434398088,0.44740272427286765,38.73321467642475,21.5069331888122,8419.770322605493,0.0,0.05477546765670787,8.686967658576759,6.072542577275687,905869.8508636646,0.0,30347325.54375688,0.0,119558.53876207178,18960735.0353365,2182180205.807995
237,2024-12-01,0.41503154902806655,0.0,13.904065606746348,263.9636434398088,0.44740272427286765,38.73321467642475,21.5069331888122,8419.770322605493,0.0,0.05477546765670787,8.686967658576759,6.072542577275687,905869.8508636646,0.0,30347325.54375688,0.0,119558.53876207178,18960735.0353365,2182180205.8083053
238,2024-12-01,0.41503154902806655,0.0,13.904065606746348,263.9636434398088,0.44740272427286765,38.73321467642475,21.5069331888122,8419.770322605493,0.0,0.05477546765670787,8.686967658576759,6.072542577275687,905869.8508636646,0.0,30347325.54375688,0.0,119558.53876207178,18960735.0353365,2182180205.8083053
239,2024-12-01,0.41503154902806655,0.0,13.904065606746348,263.9636434398088,0.44740272427286765,38.73321467642475,21.5069331888122,8419.770322605493,0.0,0.05477546765670787,8.686967658576759,6.072542577275687,905869.8508636646,0.0,30347325.54375688,0.0,119558.53876207178,18960735.0353365,2182180205.807995
