,Date,precip_and_snowmelt_input_Tule Valley_mean,irrigation_Tule Valley_mean,AET_Tule Valley_mean,soil_thickness_Tule Valley_mean,soil_porosity_Tule Valley_mean,field_capacity_Tule Valley_mean,wilting_point_Tule Valley_mean,Geo_K_Tule Valley_mean,Runoff_Tule Valley_mean,Recharge_Tule Valley_mean,Soil_Water_End_Of_Previous_Timestep_Tule Valley_mean,Soil_Saturation_Percent_End_Of_Timestep_Tule Valley_mean,precip_and_snowmelt_input_m3_Tule Valley_sum,irrigation_m3_Tule Valley_sum,AET_m3_Tule Valley_sum,Runoff_m3_Tule Valley_sum,Recharge_m3_Tule Valley_sum,Soil_Water_End_Of_Previous_Timestep_m3_Tule Valley_sum,Tule Valley_area_m2
0,2024-01-01,5.188414434838081,0,7.253129823357915,531.0867314568683,0.47708804804574284,105.44115895266475,50.69013511872767,5335.314692741145,0.05261322450187453,0.636066160959357,135.12288635881714,48.66710413631076,12757702.543446425,0,17834843.48083137,129359.61146132453,1564023.552089754,332245278.6531347,2459650677.240171
1,2024-01-01,5.188414434838081,0,7.253129823357915,531.0867314568683,0.47708804804574284,105.44115895266475,50.69013511872767,5335.314692741145,0.05261322450187453,0.636066160959357,135.12288635881714,48.66710413631076,12757702.543446425,0,17834843.48083137,129359.61146132453,1564023.552089754,332245278.6531347,2459650677.240171
2,2024-01-01,5.188414434838081,0,7.253129823357915,531.0867314568683,0.47708804804574284,105.44115895266475,50.69013511872767,5335.314692741145,0.05261322450187453,0.636066160959357,135.12288635881714,48.66710413631076,12757702.543446425,0,17834843.48083137,129359.61146132453,1564023.552089754,332245278.6531347,2459650677.240171
3,2024-01-01,5.188414434838081,0,7.253129823357915,531.0867314568683,0.47708804804574284,105.44115895266475,50.69013511872767,5335.314692741145,0.05261322450187453,0.636066160959357,135.12288635881714,48.66710413631076,12757702.543446425,0,17834843.48083137,129359.61146132453,1564023.552089754,332245278.6531347,2459650677.253812
4,2024-01-01,5.188414434838081,0,7.253129823357915,531.0867314568683,0.47708804804574284,105.44115895266475,50.69013511872767,5335.314692741145,0.05261322450187453,0.636066160959357,135.12288635881714,48.66710413631076,12757702.543446425,0,17834843.48083137,129359.61146132453,1564023.552089754,332245278.6531347,2459650677.240171
5,2024-01-01,5.188414434838081,0,7.253129823357915,531.0867314568683,0.47708804804574284,105.44115895266475,50.69013511872767,5335.314692741145,0.05261322450187453,0.636066160959357,135.12288635881714,48.66710413631076,12757702.543446425,0,17834843.48083137,129359.61146132453,1564023.552089754,332245278.6531347,2459650677.240171
6,2024-01-01,5.188414434838081,0,7.253129823357915,531.0867314568683,0.47708804804574284,105.44115895266475,50.69013511872767,5335.314692741145,0.05261322450187453,0.636066160959357,135.12288635881714,48.66710413631076,12757702.543446425,0,17834843.48083137,129359.61146132453,1564023.552089754,332245278.6531347,2459650677.253812
7,2024-01-01,5.188414434838081,0,7.253129823357915,531.0867314568683,0.47708804804574284,105.44115895266475,50.69013511872767,5335.314692741145,0.05261322450187453,0.636066160959357,135.12288635881714,48.66710413631076,12757702.543446425,0,17834843.48083137,129359.61146132453,1564023.552089754,332245278.6531347,2459650677.240171
8,2024-01-01,5.188414434838081,0,7.253129823357915,531.0867314568683,0.47708804804574284,105.44115895266475,50.69013511872767,5335.314692741145,0.05261322450187453,0.636066160959357,135.12288635881714,48.66710413631076,12757702.543446425,0,17834843.48083137,129359.61146132453,1564023.552089754,332245278.6531347,2459650677.253812
9,2024-01-01,5.188414434838081,0,7.253129823357915,531.0867314568683,0.47708804804574284,105.44115895266475,50.69013511872767,5335.314692741145,0.05261322450187453,0.636066160959357,135.12288635881714,48.66710413631076,12757702.543446425,0,17834843.48083137,129359.61146132453,1564023.552089754,332245278.6531347,2459650677.240171
10,2024-01-01,5.188414434838081,0,7.253129823357915,531.0867314568683,0.47708804804574284,105.44115895266475,50.69013511872767,5335.314692741145,0.05261322450187453,0.636066160959357,135.12288635881714,48.66710413631076,12757702.543446425,0,17834843.48083137,129359.61146132453,1564023.552089754,332245278.6531347,2459650677.240171
11,2024-01-01,5.188414434838081,0,7.253129823357915,531.0867314568683,0.47708804804574284,105.44115895266475,50.69013511872767,5335.314692741145,0.05261322450187453,0.636066160959357,135.12288635881714,48.66710413631076,12757702.543446425,0,17834843.48083137,129359.61146132453,1564023.552089754,332245278.6531347,2459650677.240171
12,2024-01-01,5.188414434838081,0,7.253129823357915,531.0867314568683,0.47708804804574284,105.44115895266475,50.69013511872767,5335.314692741145,0.05261322450187453,0.636066160959357,135.12288635881714,48.66710413631076,12757702.543446425,0,17834843.48083137,129359.61146132453,1564023.552089754,332245278.6531347,2459650677.240171
13,2024-01-01,5.188414434838081,0,7.253129823357915,531.0867314568683,0.47708804804574284,105.44115895266475,50.69013511872767,5335.314692741145,0.05261322450187453,0.636066160959357,135.12288635881714,48.66710413631076,12757702.543446425,0,17834843.48083137,129359.61146132453,1564023.552089754,332245278.6531347,2459650677.253812
14,2024-01-01,5.188414434838081,0,7.253129823357915,531.0867314568683,0.47708804804574284,105.44115895266475,50.69013511872767,5335.314692741145,0.05261322450187453,0.636066160959357,135.12288635881714,48.66710413631076,12757702.543446425,0,17834843.48083137,129359.61146132453,1564023.552089754,332245278.6531347,2459650677.240171
15,2024-01-01,5.188414434838081,0,7.253129823357915,531.0867314568683,0.47708804804574284,105.44115895266475,50.69013511872767,5335.314692741145,0.05261322450187453,0.636066160959357,135.12288635881714,48.66710413631076,12757702.543446425,0,17834843.48083137,129359.61146132453,1564023.552089754,332245278.6531347,2459650677.240171
16,2024-01-01,5.188414434838081,0,7.253129823357915,531.0867314568683,0.47708804804574284,105.44115895266475,50.69013511872767,5335.314692741145,0.05261322450187453,0.636066160959357,135.12288635881714,48.66710413631076,12757702.543446425,0,17834843.48083137,129359.61146132453,1564023.552089754,332245278.6531347,2459650677.240171
17,2024-01-01,5.188414434838081,0,7.253129823357915,531.0867314568683,0.47708804804574284,105.44115895266475,50.69013511872767,5335.314692741145,0.05261322450187453,0.636066160959357,135.12288635881714,48.66710413631076,12757702.543446425,0,17834843.48083137,129359.61146132453,1564023.552089754,332245278.6531347,2459650677.240171
18,2024-01-01,5.188414434838081,0,7.253129823357915,531.0867314568683,0.47708804804574284,105.44115895266475,50.69013511872767,5335.314692741145,0.05261322450187453,0.636066160959357,135.12288635881714,48.66710413631076,12757702.543446425,0,17834843.48083137,129359.61146132453,1564023.552089754,332245278.6531347,2459650677.240171
19,2024-01-01,5.188414434838081,0,7.253129823357915,531.0867314568683,0.47708804804574284,105.44115895266475,50.69013511872767,5335.314692741145,0.05261322450187453,0.636066160959357,135.12288635881714,48.66710413631076,12757702.543446425,0,17834843.48083137,129359.61146132453,1564023.552089754,332245278.6531347,2459650677.240171
20,2024-02-01,19.602397576820255,0,9.012279197393244,531.0867314568683,0.47708804804574284,105.44115895266475,50.69013511872767,5335.314692741145,2.3997914897972032,3.4763342069772625,140.75198262926,50.948276356710394,48200071.738103025,0,22160378.29770196,5900755.93163119,8547902.496380819,346086544.58804107,2459650677.240171
21,2024-02-01,19.602397576820255,0,9.012279197393244,531.0867314568683,0.47708804804574284,105.44115895266475,50.69013511872767,5335.314692741145,2.3997914897972032,3.4763342069772625,140.75198262926,50.948276356710394,48200071.738103025,0,22160378.29770196,5900755.93163119,8547902.496380819,346086544.58804107,2459650677.240171
22,2024-02-01,19.602397576820255,0,9.012279197393244,531.0867314568683,0.47708804804574284,105.44115895266475,50.69013511872767,5335.314692741145,2.3997914897972032,3.4763342069772625,140.75198262926,50.948276356710394,48200071.738103025,0,22160378.29770196,5900755.93163119,8547902.496380819,346086544.58804107,2459650677.240171
23,2024-02-01,19.602397576820255,0,9.012279197393244,531.0867314568683,0.47708804804574284,105.44115895266475,50.69013511872767,5335.314692741145,2.3997914897972032,3.4763342069772625,140.75198262926,50.948276356710394,48200071.738103025,0,22160378.29770196,5900755.93163119,8547902.496380819,346086544.58804107,2459650677.240171
24,2024-02-01,19.602397576820255,0,9.012279197393244,531.0867314568683,0.47708804804574284,105.44115895266475,50.69013511872767,5335.314692741145,2.3997914897972032,3.4763342069772625,140.75198262926,50.948276356710394,48200071.738103025,0,22160378.29770196,5900755.93163119,8547902.496380819,346086544.58804107,2459650677.253812
25,2024-02-01,19.602397576820255,0,9.012279197393244,531.0867314568683,0.47708804804574284,105.44115895266475,50.69013511872767,5335.314692741145,2.3997914897972032,3.4763342069772625,140.75198262926,50.948276356710394,48200071.738103025,0,22160378.29770196,5900755.93163119,8547902.496380819,346086544.58804107,2459650677.240171
26,2024-02-01,19.602397576820255,0,9.012279197393244,531.0867314568683,0.47708804804574284,105.44115895266475,50.69013511872767,5335.314692741145,2.3997914897972032,3.4763342069772625,140.75198262926,50.948276356710394,48200071.738103025,0,22160378.29770196,5900755.93163119,8547902.496380819,346086544.58804107,2459650677.253812
27,2024-02-01,19.602397576820255,0,9.012279197393244,531.0867314568683,0.47708804804574284,105.44115895266475,50.69013511872767,5335.314692741145,2.3997914897972032,3.4763342069772625,140.75198262926,50.948276356710394,48200071.738103025,0,22160378.29770196,5900755.93163119,8547902.496380819,346086544.58804107,2459650677.240171
28,2024-02-01,19.602397576820255,0,9.012279197393244,531.0867314568683,0.47708804804574284,105.44115895266475,50.69013511872767,5335.314692741145,2.3997914897972032,3.4763342069772625,140.75198262926,50.948276356710394,48200071.738103025,0,22160378.29770196,5900755.93163119,8547902.496380819,346086544.58804107,2459650677.240171
29,2024-02-01,19.602397576820255,0,9.012279197393244,531.0867314568683,0.47708804804574284,105.44115895266475,50.69013511872767,5335.314692741145,2.3997914897972032,3.4763342069772625,140.75198262926,50.948276356710394,48200071.738103025,0,22160378.29770196,5900755.93163119,8547902.496380819,346086544.58804107,2459650677.253812
30,2024-02-01,19.602397576820255,0,9.012279197393244,531.0867314568683,0.47708804804574284,105.44115895266475,50.69013511872767,5335.314692741145,2.3997914897972032,3.4763342069772625,140.75198262926,50.948276356710394,48200071.738103025,0,22160378.29770196,5900755.93163119,8547902.496380819,346086544.58804107,2459650677.240171
31,2024-02-01,19.602397576820255,0,9.012279197393244,531.0867314568683,0.47708804804574284,105.44115895266475,50.69013511872767,5335.314692741145,2.3997914897972032,3.4763342069772625,140.75198262926,50.948276356710394,48200071.738103025,0,22160378.29770196,5900755.93163119,8547902.496380819,346086544.58804107,2459650677.240171
32,2024-02-01,19.602397576820255,0,9.012279197393244,531.0867314568683,0.47708804804574284,105.44115895266475,50.69013511872767,5335.314692741145,2.3997914897972032,3.4763342069772625,140.75198262926,50.948276356710394,48200071.738103025,0,22160378.29770196,5900755.93163119,8547902.496380819,346086544.58804107,2459650677.253812
33,2024-02-01,19.602397576820255,0,9.012279197393244,531.0867314568683,0.47708804804574284,105.44115895266475,50.69013511872767,5335.314692741145,2.3997914897972032,3.4763342069772625,140.75198262926,50.948276356710394,48200071.738103025,0,22160378.29770196,5900755.93163119,8547902.496380819,346086544.58804107,2459650677.240171
34,2024-02-01,19.602397576820255,0,9.012279197393244,531.0867314568683,0.47708804804574284,105.44115895266475,50.69013511872767,5335.314692741145,2.3997914897972032,3.4763342069772625,140.75198262926,50.948276356710394,48200071.738103025,0,22160378.29770196,5900755.93163119,8547902.496380819,346086544.58804107,2459650677.240171
35,2024-02-01,19.602397576820255,0,9.012279197393244,531.0867314568683,0.47708804804574284,105.44115895266475,50.69013511872767,5335.314692741145,2.3997914897972032,3.4763342069772625,140.75198262926,50.948276356710394,48200071.738103025,0,22160378.29770196,5900755.93163119,8547902.496380819,346086544.58804107,2459650677.240171
36,2024-02-01,19.602397576820255,0,9.012279197393244,531.0867314568683,0.47708804804574284,105.44115895266475,50.69013511872767,5335.314692741145,2.3997914897972032,3.4763342069772625,140.75198262926,50.948276356710394,48200071.738103025,0,22160378.29770196,5900755.93163119,8547902.496380819,346086544.58804107,2459650677.240171
37,2024-02-01,19.602397576820255,0,9.012279197393244,531.0867314568683,0.47708804804574284,105.44115895266475,50.69013511872767,5335.314692741145,2.3997914897972032,3.4763342069772625,140.75198262926,50.948276356710394,48200071.738103025,0,22160378.29770196,5900755.93163119,8547902.496380819,346086544.58804107,2459650677.240171
38,2024-02-01,19.602397576820255,0,9.012279197393244,531.0867314568683,0.47708804804574284,105.44115895266475,50.69013511872767,5335.314692741145,2.3997914897972032,3.4763342069772625,140.75198262926,50.948276356710394,48200071.738103025,0,22160378.29770196,5900755.93163119,8547902.496380819,346086544.58804107,2459650677.240171
39,2024-02-01,19.602397576820255,0,9.012279197393244,531.0867314568683,0.47708804804574284,105.44115895266475,50.69013511872767,5335.314692741145,2.3997914897972032,3.4763342069772625,140.75198262926,50.948276356710394,48200071.738103025,0,22160378.29770196,5900755.93163119,8547902.496380819,346086544.58804107,2459650677.240171
40,2024-03-01,41.90787477241089,0,10.740970673983872,531.0867314568683,0.47708804804574284,105.44115895266475,50.69013511872767,5335.314692741145,9.064410109664438,11.339300037481053,151.6007434292131,56.05094890378844,103047559.31465335,0,26411212.203278434,22288399.838446677,27882180.228873417,372762731.5765989,2459650677.240171
41,2024-03-01,41.90787477241089,0,10.740970673983872,531.0867314568683,0.47708804804574284,105.44115895266475,50.69013511872767,5335.314692741145,9.064410109664438,11.339300037481053,151.6007434292131,56.05094890378844,103047559.31465335,0,26411212.203278434,22288399.838446677,27882180.228873417,372762731.5765989,2459650677.240171
42,2024-03-01,41.90787477241089,0,10.740970673983872,531.0867314568683,0.47708804804574284,105.44115895266475,50.69013511872767,5335.314692741145,9.064410109664438,11.339300037481053,151.6007434292131,56.05094890378844,103047559.31465335,0,26411212.203278434,22288399.838446677,27882180.228873417,372762731.5765989,2459650677.240171
43,2024-03-01,41.90787477241089,0,10.740970673983872,531.0867314568683,0.47708804804574284,105.44115895266475,50.69013511872767,5335.314692741145,9.064410109664438,11.339300037481053,151.6007434292131,56.05094890378844,103047559.31465335,0,26411212.203278434,22288399.838446677,27882180.228873417,372762731.5765989,2459650677.240171
44,2024-03-01,41.90787477241089,0,10.740970673983872,531.0867314568683,0.47708804804574284,105.44115895266475,50.69013511872767,5335.314692741145,9.064410109664438,11.339300037481053,151.6007434292131,56.05094890378844,103047559.31465335,0,26411212.203278434,22288399.838446677,27882180.228873417,372762731.5765989,2459650677.240171
45,2024-03-01,41.90787477241089,0,10.740970673983872,531.0867314568683,0.47708804804574284,105.44115895266475,50.69013511872767,5335.314692741145,9.064410109664438,11.339300037481053,151.6007434292131,56.05094890378844,103047559.31465335,0,26411212.203278434,22288399.838446677,27882180.228873417,372762731.5765989,2459650677.240171
46,2024-03-01,41.90787477241089,0,10.740970673983872,531.0867314568683,0.47708804804574284,105.44115895266475,50.69013511872767,5335.314692741145,9.064410109664438,11.339300037481053,151.6007434292131,56.05094890378844,103047559.31465335,0,26411212.203278434,22288399.838446677,27882180.228873417,372762731.5765989,2459650677.253812
47,2024-03-01,41.90787477241089,0,10.740970673983872,531.0867314568683,0.47708804804574284,105.44115895266475,50.69013511872767,5335.314692741145,9.064410109664438,11.339300037481053,151.6007434292131,56.05094890378844,103047559.31465335,0,26411212.203278434,22288399.838446677,27882180.228873417,372762731.5765989,2459650677.240171
48,2024-03-01,41.90787477241089,0,10.740970673983872,531.0867314568683,0.47708804804574284,105.44115895266475,50.69013511872767,5335.314692741145,9.064410109664438,11.339300037481053,151.6007434292131,56.05094890378844,103047559.31465335,0,26411212.203278434,22288399.838446677,27882180.228873417,372762731.5765989,2459650677.240171
49,2024-03-01,41.90787477241089,0,10.740970673983872,531.0867314568683,0.47708804804574284,105.44115895266475,50.69013511872767,5335.314692741145,9.064410109664438,11.339300037481053,151.6007434292131,56.05094890378844,103047559.31465335,0,26411212.203278434,22288399.838446677,27882180.228873417,372762731.5765989,2459650677.240171
50,2024-03-01,41.90787477241089,0,10.740970673983872,531.0867314568683,0.47708804804574284,105.44115895266475,50.69013511872767,5335.314692741145,9.064410109664438,11.339300037481053,151.6007434292131,56.05094890378844,103047559.31465335,0,26411212.203278434,22288399.838446677,27882180.228873417,372762731.5765989,2459650677.240171
51,2024-03-01,41.90787477241089,0,10.740970673983872,531.0867314568683,0.47708804804574284,105.44115895266475,50.69013511872767,5335.314692741145,9.064410109664438,11.339300037481053,151.6007434292131,56.05094890378844,103047559.31465335,0,26411212.203278434,22288399.838446677,27882180.228873417,372762731.5765989,2459650677.240171
52,2024-03-01,41.90787477241089,0,10.740970673983872,531.0867314568683,0.47708804804574284,105.44115895266475,50.69013511872767,5335.314692741145,9.064410109664438,11.339300037481053,151.6007434292131,56.05094890378844,103047559.31465335,0,26411212.203278434,22288399.838446677,27882180.228873417,372762731.5765989,2459650677.253812
53,2024-03-01,41.90787477241089,0,10.740970673983872,531.0867314568683,0.47708804804574284,105.44115895266475,50.69013511872767,5335.314692741145,9.064410109664438,11.339300037481053,151.6007434292131,56.05094890378844,103047559.31465335,0,26411212.203278434,22288399.838446677,27882180.228873417,372762731.5765989,2459650677.253812
54,2024-03-01,41.90787477241089,0,10.740970673983872,531.0867314568683,0.47708804804574284,105.44115895266475,50.69013511872767,5335.314692741145,9.064410109664438,11.339300037481053,151.6007434292131,56.05094890378844,103047559.31465335,0,26411212.203278434,22288399.838446677,27882180.228873417,372762731.5765989,2459650677.253812
55,2024-03-01,41.90787477241089,0,10.740970673983872,531.0867314568683,0.47708804804574284,105.44115895266475,50.69013511872767,5335.314692741145,9.064410109664438,11.339300037481053,151.6007434292131,56.05094890378844,103047559.31465335,0,26411212.203278434,22288399.838446677,27882180.228873417,372762731.5765989,2459650677.240171
56,2024-03-01,41.90787477241089,0,10.740970673983872,531.0867314568683,0.47708804804574284,105.44115895266475,50.69013511872767,5335.314692741145,9.064410109664438,11.339300037481053,151.6007434292131,56.05094890378844,103047559.31465335,0,26411212.203278434,22288399.838446677,27882180.228873417,372762731.5765989,2459650677.240171
57,2024-03-01,41.90787477241089,0,10.740970673983872,531.0867314568683,0.47708804804574284,105.44115895266475,50.69013511872767,5335.314692741145,9.064410109664438,11.339300037481053,151.6007434292131,56.05094890378844,103047559.31465335,0,26411212.203278434,22288399.838446677,27882180.228873417,372762731.5765989,2459650677.240171
58,2024-03-01,41.90787477241089,0,10.740970673983872,531.0867314568683,0.47708804804574284,105.44115895266475,50.69013511872767,5335.314692741145,9.064410109664438,11.339300037481053,151.6007434292131,56.05094890378844,103047559.31465335,0,26411212.203278434,22288399.838446677,27882180.228873417,372762731.5765989,2459650677.240171
59,2024-03-01,41.90787477241089,0,10.740970673983872,531.0867314568683,0.47708804804574284,105.44115895266475,50.69013511872767,5335.314692741145,9.064410109664438,11.339300037481053,151.6007434292131,56.05094890378844,103047559.31465335,0,26411212.203278434,22288399.838446677,27882180.228873417,372762731.5765989,2459650677.240171
60,2024-04-01,21.07605018500618,0,15.04908249013891,531.0867314568683,0.47708804804574284,105.44115895266475,50.69013511872767,5335.314692741145,3.85342567121679,3.787937893746642,150.5155727493167,55.385541303892715,51823561.32945799,0,37004170.24381176,9475060.040815005,9314015.524931366,370094471.1280045,2459650677.253812
61,2024-04-01,21.07605018500618,0,15.04908249013891,531.0867314568683,0.47708804804574284,105.44115895266475,50.69013511872767,5335.314692741145,3.85342567121679,3.787937893746642,150.5155727493167,55.385541303892715,51823561.32945799,0,37004170.24381176,9475060.040815005,9314015.524931366,370094471.1280045,2459650677.253812
62,2024-04-01,21.07605018500618,0,15.04908249013891,531.0867314568683,0.47708804804574284,105.44115895266475,50.69013511872767,5335.314692741145,3.85342567121679,3.787937893746642,150.5155727493167,55.385541303892715,51823561.32945799,0,37004170.24381176,9475060.040815005,9314015.524931366,370094471.1280045,2459650677.240171
63,2024-04-01,21.07605018500618,0,15.04908249013891,531.0867314568683,0.47708804804574284,105.44115895266475,50.69013511872767,5335.314692741145,3.85342567121679,3.787937893746642,150.5155727493167,55.385541303892715,51823561.32945799,0,37004170.24381176,9475060.040815005,9314015.524931366,370094471.1280045,2459650677.240171
64,2024-04-01,21.07605018500618,0,15.04908249013891,531.0867314568683,0.47708804804574284,105.44115895266475,50.69013511872767,5335.314692741145,3.85342567121679,3.787937893746642,150.5155727493167,55.385541303892715,51823561.32945799,0,37004170.24381176,9475060.040815005,9314015.524931366,370094471.1280045,2459650677.240171
65,2024-04-01,21.07605018500618,0,15.04908249013891,531.0867314568683,0.47708804804574284,105.44115895266475,50.69013511872767,5335.314692741145,3.85342567121679,3.787937893746642,150.5155727493167,55.385541303892715,51823561.32945799,0,37004170.24381176,9475060.040815005,9314015.524931366,370094471.1280045,2459650677.253812
66,2024-04-01,21.07605018500618,0,15.04908249013891,531.0867314568683,0.47708804804574284,105.44115895266475,50.69013511872767,5335.314692741145,3.85342567121679,3.787937893746642,150.5155727493167,55.385541303892715,51823561.32945799,0,37004170.24381176,9475060.040815005,9314015.524931366,370094471.1280045,2459650677.240171
67,2024-04-01,21.07605018500618,0,15.04908249013891,531.0867314568683,0.47708804804574284,105.44115895266475,50.69013511872767,5335.314692741145,3.85342567121679,3.787937893746642,150.5155727493167,55.385541303892715,51823561.32945799,0,37004170.24381176,9475060.040815005,9314015.524931366,370094471.1280045,2459650677.240171
68,2024-04-01,21.07605018500618,0,15.04908249013891,531.0867314568683,0.47708804804574284,105.44115895266475,50.69013511872767,5335.314692741145,3.85342567121679,3.787937893746642,150.5155727493167,55.385541303892715,51823561.32945799,0,37004170.24381176,9475060.040815005,9314015.524931366,370094471.1280045,2459650677.240171
69,2024-04-01,21.07605018500618,0,15.04908249013891,531.0867314568683,0.47708804804574284,105.44115895266475,50.69013511872767,5335.314692741145,3.85342567121679,3.787937893746642,150.5155727493167,55.385541303892715,51823561.32945799,0,37004170.24381176,9475060.040815005,9314015.524931366,370094471.1280045,2459650677.240171
70,2024-04-01,21.07605018500618,0,15.04908249013891,531.0867314568683,0.47708804804574284,105.44115895266475,50.69013511872767,5335.314692741145,3.85342567121679,3.787937893746642,150.5155727493167,55.385541303892715,51823561.32945799,0,37004170.24381176,9475060.040815005,9314015.524931366,370094471.1280045,2459650677.240171
71,2024-04-01,21.07605018500618,0,15.04908249013891,531.0867314568683,0.47708804804574284,105.44115895266475,50.69013511872767,5335.314692741145,3.85342567121679,3.787937893746642,150.5155727493167,55.385541303892715,51823561.32945799,0,37004170.24381176,9475060.040815005,9314015.524931366,370094471.1280045,2459650677.240171
72,2024-04-01,21.07605018500618,0,15.04908249013891,531.0867314568683,0.47708804804574284,105.44115895266475,50.69013511872767,5335.314692741145,3.85342567121679,3.787937893746642,150.5155727493167,55.385541303892715,51823561.32945799,0,37004170.24381176,9475060.040815005,9314015.524931366,370094471.1280045,2459650677.240171
73,2024-04-01,21.07605018500618,0,15.04908249013891,531.0867314568683,0.47708804804574284,105.44115895266475,50.69013511872767,5335.314692741145,3.85342567121679,3.787937893746642,150.5155727493167,55.385541303892715,51823561.32945799,0,37004170.24381176,9475060.040815005,9314015.524931366,370094471.1280045,2459650677.240171
74,2024-04-01,21.07605018500618,0,15.04908249013891,531.0867314568683,0.47708804804574284,105.44115895266475,50.69013511872767,5335.314692741145,3.85342567121679,3.787937893746642,150.5155727493167,55.385541303892715,51823561.32945799,0,37004170.24381176,9475060.040815005,9314015.524931366,370094471.1280045,2459650677.253812
75,2024-04-01,21.07605018500618,0,15.04908249013891,531.0867314568683,0.47708804804574284,105.44115895266475,50.69013511872767,5335.314692741145,3.85342567121679,3.787937893746642,150.5155727493167,55.385541303892715,51823561.32945799,0,37004170.24381176,9475060.040815005,9314015.524931366,370094471.1280045,2459650677.240171
76,2024-04-01,21.07605018500618,0,15.04908249013891,531.0867314568683,0.47708804804574284,105.44115895266475,50.69013511872767,5335.314692741145,3.85342567121679,3.787937893746642,150.5155727493167,55.385541303892715,51823561.32945799,0,37004170.24381176,9475060.040815005,9314015.524931366,370094471.1280045,2459650677.240171
77,2024-04-01,21.07605018500618,0,15.04908249013891,531.0867314568683,0.47708804804574284,105.44115895266475,50.69013511872767,5335.314692741145,3.85342567121679,3.787937893746642,150.5155727493167,55.385541303892715,51823561.32945799,0,37004170.24381176,9475060.040815005,9314015.524931366,370094471.1280045,2459650677.240171
78,2024-04-01,21.07605018500618,0,15.04908249013891,531.0867314568683,0.47708804804574284,105.44115895266475,50.69013511872767,5335.314692741145,3.85342567121679,3.787937893746642,150.5155727493167,55.385541303892715,51823561.32945799,0,37004170.24381176,9475060.040815005,9314015.524931366,370094471.1280045,2459650677.240171
79,2024-04-01,21.07605018500618,0,15.04908249013891,531.0867314568683,0.47708804804574284,105.44115895266475,50.69013511872767,5335.314692741145,3.85342567121679,3.787937893746642,150.5155727493167,55.385541303892715,51823561.32945799,0,37004170.24381176,9475060.040815005,9314015.524931366,370094471.1280045,2459650677.240171
80,2024-05-01,7.570855705578091,0,20.647573315040294,531.0867314568683,0.47708804804574284,105.44115895266475,50.69013511872767,5335.314692741145,0.3070010009084294,0.7070310905815833,141.24780116514722,51.18434391566687,18615903.327944227,0,50770267.054494105,754932.7454992711,1738519.6663706263,347306080.10422105,2459650677.240171
81,2024-05-01,7.570855705578091,0,20.647573315040294,531.0867314568683,0.47708804804574284,105.44115895266475,50.69013511872767,5335.314692741145,0.3070010009084294,0.7070310905815833,141.24780116514722,51.18434391566687,18615903.327944227,0,50770267.054494105,754932.7454992711,1738519.6663706263,347306080.10422105,2459650677.253812
82,2024-05-01,7.570855705578091,0,20.647573315040294,531.0867314568683,0.47708804804574284,105.44115895266475,50.69013511872767,5335.314692741145,0.3070010009084294,0.7070310905815833,141.24780116514722,51.18434391566687,18615903.327944227,0,50770267.054494105,754932.7454992711,1738519.6663706263,347306080.10422105,2459650677.240171
83,2024-05-01,7.570855705578091,0,20.647573315040294,531.0867314568683,0.47708804804574284,105.44115895266475,50.69013511872767,5335.314692741145,0.3070010009084294,0.7070310905815833,141.24780116514722,51.18434391566687,18615903.327944227,0,50770267.054494105,754932.7454992711,1738519.6663706263,347306080.10422105,2459650677.240171
84,2024-05-01,7.570855705578091,0,20.647573315040294,531.0867314568683,0.47708804804574284,105.44115895266475,50.69013511872767,5335.314692741145,0.3070010009084294,0.7070310905815833,141.24780116514722,51.18434391566687,18615903.327944227,0,50770267.054494105,754932.7454992711,1738519.6663706263,347306080.10422105,2459650677.240171
85,2024-05-01,7.570855705578091,0,20.647573315040294,531.0867314568683,0.47708804804574284,105.44115895266475,50.69013511872767,5335.314692741145,0.3070010009084294,0.7070310905815833,141.24780116514722,51.18434391566687,18615903.327944227,0,50770267.054494105,754932.7454992711,1738519.6663706263,347306080.10422105,2459650677.240171
86,2024-05-01,7.570855705578091,0,20.647573315040294,531.0867314568683,0.47708804804574284,105.44115895266475,50.69013511872767,5335.314692741145,0.3070010009084294,0.7070310905815833,141.24780116514722,51.18434391566687,18615903.327944227,0,50770267.054494105,754932.7454992711,1738519.6663706263,347306080.10422105,2459650677.240171
87,2024-05-01,7.570855705578091,0,20.647573315040294,531.0867314568683,0.47708804804574284,105.44115895266475,50.69013511872767,5335.314692741145,0.3070010009084294,0.7070310905815833,141.24780116514722,51.18434391566687,18615903.327944227,0,50770267.054494105,754932.7454992711,1738519.6663706263,347306080.10422105,2459650677.240171
88,2024-05-01,7.570855705578091,0,20.647573315040294,531.0867314568683,0.47708804804574284,105.44115895266475,50.69013511872767,5335.314692741145,0.3070010009084294,0.7070310905815833,141.24780116514722,51.18434391566687,18615903.327944227,0,50770267.054494105,754932.7454992711,1738519.6663706263,347306080.10422105,2459650677.240171
89,2024-05-01,7.570855705578091,0,20.647573315040294,531.0867314568683,0.47708804804574284,105.44115895266475,50.69013511872767,5335.314692741145,0.3070010009084294,0.7070310905815833,141.24780116514722,51.18434391566687,18615903.327944227,0,50770267.054494105,754932.7454992711,1738519.6663706263,347306080.10422105,2459650677.253812
90,2024-05-01,7.570855705578091,0,20.647573315040294,531.0867314568683,0.47708804804574284,105.44115895266475,50.69013511872767,5335.314692741145,0.3070010009084294,0.7070310905815833,141.24780116514722,51.18434391566687,18615903.327944227,0,50770267.054494105,754932.7454992711,1738519.6663706263,347306080.10422105,2459650677.240171
91,2024-05-01,7.570855705578091,0,20.647573315040294,531.0867314568683,0.47708804804574284,105.44115895266475,50.69013511872767,5335.314692741145,0.3070010009084294,0.7070310905815833,141.24780116514722,51.18434391566687,18615903.327944227,0,50770267.054494105,754932.7454992711,1738519.6663706263,347306080.10422105,2459650677.240171
92,2024-05-01,7.570855705578091,0,20.647573315040294,531.0867314568683,0.47708804804574284,105.44115895266475,50.69013511872767,5335.314692741145,0.3070010009084294,0.7070310905815833,141.24780116514722,51.18434391566687,18615903.327944227,0,50770267.054494105,754932.7454992711,1738519.6663706263,347306080.10422105,2459650677.240171
93,2024-05-01,7.570855705578091,0,20.647573315040294,531.0867314568683,0.47708804804574284,105.44115895266475,50.69013511872767,5335.314692741145,0.3070010009084294,0.7070310905815833,141.24780116514722,51.18434391566687,18615903.327944227,0,50770267.054494105,754932.7454992711,1738519.6663706263,347306080.10422105,2459650677.240171
94,2024-05-01,7.570855705578091,0,20.647573315040294,531.0867314568683,0.47708804804574284,105.44115895266475,50.69013511872767,5335.314692741145,0.3070010009084294,0.7070310905815833,141.24780116514722,51.18434391566687,18615903.327944227,0,50770267.054494105,754932.7454992711,1738519.6663706263,347306080.10422105,2459650677.253812
95,2024-05-01,7.570855705578091,0,20.647573315040294,531.0867314568683,0.47708804804574284,105.44115895266475,50.69013511872767,5335.314692741145,0.3070010009084294,0.7070310905815833,141.24780116514722,51.18434391566687,18615903.327944227,0,50770267.054494105,754932.7454992711,1738519.6663706263,347306080.10422105,2459650677.240171
96,2024-05-01,7.570855705578091,0,20.647573315040294,531.0867314568683,0.47708804804574284,105.44115895266475,50.69013511872767,5335.314692741145,0.3070010009084294,0.7070310905815833,141.24780116514722,51.18434391566687,18615903.327944227,0,50770267.054494105,754932.7454992711,1738519.6663706263,347306080.10422105,2459650677.240171
97,2024-05-01,7.570855705578091,0,20.647573315040294,531.0867314568683,0.47708804804574284,105.44115895266475,50.69013511872767,5335.314692741145,0.3070010009084294,0.7070310905815833,141.24780116514722,51.18434391566687,18615903.327944227,0,50770267.054494105,754932.7454992711,1738519.6663706263,347306080.10422105,2459650677.253812
98,2024-05-01,7.570855705578091,0,20.647573315040294,531.0867314568683,0.47708804804574284,105.44115895266475,50.69013511872767,5335.314692741145,0.3070010009084294,0.7070310905815833,141.24780116514722,51.18434391566687,18615903.327944227,0,50770267.054494105,754932.7454992711,1738519.6663706263,347306080.10422105,2459650677.240171
99,2024-05-01,7.570855705578091,0,20.647573315040294,531.0867314568683,0.47708804804574284,105.44115895266475,50.69013511872767,5335.314692741145,0.3070010009084294,0.7070310905815833,141.24780116514722,51.18434391566687,18615903.327944227,0,50770267.054494105,754932.7454992711,1738519.6663706263,347306080.10422105,2459650677.240171
100,2024-06-01,8.042589375169456,0,26.62445549648431,531.0867314568683,0.47708804804574284,105.44115895266475,50.69013511872767,5335.314692741145,0.6296495860173638,0.8547827647732981,134.8053550837484,48.08504125315002,19775667.763604213,0,65467111.03245488,1548295.1109562297,2101828.679896149,331465055.5211473,2459650677.253812
101,2024-06-01,8.042589375169456,0,26.62445549648431,531.0867314568683,0.47708804804574284,105.44115895266475,50.69013511872767,5335.314692741145,0.6296495860173638,0.8547827647732981,134.8053550837484,48.08504125315002,19775667.763604213,0,65467111.03245488,1548295.1109562297,2101828.679896149,331465055.5211473,2459650677.240171
102,2024-06-01,8.042589375169456,0,26.62445549648431,531.0867314568683,0.47708804804574284,105.44115895266475,50.69013511872767,5335.314692741145,0.6296495860173638,0.8547827647732981,134.8053550837484,48.08504125315002,19775667.763604213,0,65467111.03245488,1548295.1109562297,2101828.679896149,331465055.5211473,2459650677.240171
103,2024-06-01,8.042589375169456,0,26.62445549648431,531.0867314568683,0.47708804804574284,105.44115895266475,50.69013511872767,5335.314692741145,0.6296495860173638,0.8547827647732981,134.8053550837484,48.08504125315002,19775667.763604213,0,65467111.03245488,1548295.1109562297,2101828.679896149,331465055.5211473,2459650677.240171
104,2024-06-01,8.042589375169456,0,26.62445549648431,531.0867314568683,0.47708804804574284,105.44115895266475,50.69013511872767,5335.314692741145,0.6296495860173638,0.8547827647732981,134.8053550837484,48.08504125315002,19775667.763604213,0,65467111.03245488,1548295.1109562297,2101828.679896149,331465055.5211473,2459650677.240171
105,2024-06-01,8.042589375169456,0,26.62445549648431,531.0867314568683,0.47708804804574284,105.44115895266475,50.69013511872767,5335.314692741145,0.6296495860173638,0.8547827647732981,134.8053550837484,48.08504125315002,19775667.763604213,0,65467111.03245488,1548295.1109562297,2101828.679896149,331465055.5211473,2459650677.240171
106,2024-06-01,8.042589375169456,0,26.62445549648431,531.0867314568683,0.47708804804574284,105.44115895266475,50.69013511872767,5335.314692741145,0.6296495860173638,0.8547827647732981,134.8053550837484,48.08504125315002,19775667.763604213,0,65467111.03245488,1548295.1109562297,2101828.679896149,331465055.5211473,2459650677.240171
107,2024-06-01,8.042589375169456,0,26.62445549648431,531.0867314568683,0.47708804804574284,105.44115895266475,50.69013511872767,5335.314692741145,0.6296495860173638,0.8547827647732981,134.8053550837484,48.08504125315002,19775667.763604213,0,65467111.03245488,1548295.1109562297,2101828.679896149,331465055.5211473,2459650677.240171
108,2024-06-01,8.042589375169456,0,26.62445549648431,531.0867314568683,0.47708804804574284,105.44115895266475,50.69013511872767,5335.314692741145,0.6296495860173638,0.8547827647732981,134.8053550837484,48.08504125315002,19775667.763604213,0,65467111.03245488,1548295.1109562297,2101828.679896149,331465055.5211473,2459650677.240171
109,2024-06-01,8.042589375169456,0,26.62445549648431,531.0867314568683,0.47708804804574284,105.44115895266475,50.69013511872767,5335.314692741145,0.6296495860173638,0.8547827647732981,134.8053550837484,48.08504125315002,19775667.763604213,0,65467111.03245488,1548295.1109562297,2101828.679896149,331465055.5211473,2459650677.240171
110,2024-06-01,8.042589375169456,0,26.62445549648431,531.0867314568683,0.47708804804574284,105.44115895266475,50.69013511872767,5335.314692741145,0.6296495860173638,0.8547827647732981,134.8053550837484,48.08504125315002,19775667.763604213,0,65467111.03245488,1548295.1109562297,2101828.679896149,331465055.5211473,2459650677.240171
111,2024-06-01,8.042589375169456,0,26.62445549648431,531.0867314568683,0.47708804804574284,105.44115895266475,50.69013511872767,5335.314692741145,0.6296495860173638,0.8547827647732981,134.8053550837484,48.08504125315002,19775667.763604213,0,65467111.03245488,1548295.1109562297,2101828.679896149,331465055.5211473,2459650677.253812
112,2024-06-01,8.042589375169456,0,26.62445549648431,531.0867314568683,0.47708804804574284,105.44115895266475,50.69013511872767,5335.314692741145,0.6296495860173638,0.8547827647732981,134.8053550837484,48.08504125315002,19775667.763604213,0,65467111.03245488,1548295.1109562297,2101828.679896149,331465055.5211473,2459650677.240171
113,2024-06-01,8.042589375169456,0,26.62445549648431,531.0867314568683,0.47708804804574284,105.44115895266475,50.69013511872767,5335.314692741145,0.6296495860173638,0.8547827647732981,134.8053550837484,48.08504125315002,19775667.763604213,0,65467111.03245488,1548295.1109562297,2101828.679896149,331465055.5211473,2459650677.240171
114,2024-06-01,8.042589375169456,0,26.62445549648431,531.0867314568683,0.47708804804574284,105.44115895266475,50.69013511872767,5335.314692741145,0.6296495860173638,0.8547827647732981,134.8053550837484,48.08504125315002,19775667.763604213,0,65467111.03245488,1548295.1109562297,2101828.679896149,331465055.5211473,2459650677.253812
115,2024-06-01,8.042589375169456,0,26.62445549648431,531.0867314568683,0.47708804804574284,105.44115895266475,50.69013511872767,5335.314692741145,0.6296495860173638,0.8547827647732981,134.8053550837484,48.08504125315002,19775667.763604213,0,65467111.03245488,1548295.1109562297,2101828.679896149,331465055.5211473,2459650677.240171
116,2024-06-01,8.042589375169456,0,26.62445549648431,531.0867314568683,0.47708804804574284,105.44115895266475,50.69013511872767,5335.314692741145,0.6296495860173638,0.8547827647732981,134.8053550837484,48.08504125315002,19775667.763604213,0,65467111.03245488,1548295.1109562297,2101828.679896149,331465055.5211473,2459650677.240171
117,2024-06-01,8.042589375169456,0,26.62445549648431,531.0867314568683,0.47708804804574284,105.44115895266475,50.69013511872767,5335.314692741145,0.6296495860173638,0.8547827647732981,134.8053550837484,48.08504125315002,19775667.763604213,0,65467111.03245488,1548295.1109562297,2101828.679896149,331465055.5211473,2459650677.253812
118,2024-06-01,8.042589375169456,0,26.62445549648431,531.0867314568683,0.47708804804574284,105.44115895266475,50.69013511872767,5335.314692741145,0.6296495860173638,0.8547827647732981,134.8053550837484,48.08504125315002,19775667.763604213,0,65467111.03245488,1548295.1109562297,2101828.679896149,331465055.5211473,2459650677.240171
119,2024-06-01,8.042589375169456,0,26.62445549648431,531.0867314568683,0.47708804804574284,105.44115895266475,50.69013511872767,5335.314692741145,0.6296495860173638,0.8547827647732981,134.8053550837484,48.08504125315002,19775667.763604213,0,65467111.03245488,1548295.1109562297,2101828.679896149,331465055.5211473,2459650677.240171
120,2024-07-01,9.99229365791622,0,26.717921454296008,531.0867314568683,0.47708804804574284,105.44115895266475,50.69013511872767,5335.314692741145,0.4032603284818711,1.070089714391633,129.29058055103607,45.816206423879535,24569945.85235353,0,65696872.867866635,991637.5281238632,2631270.4745017695,317905313.3401293,2459650677.253812
121,2024-07-01,9.99229365791622,0,26.717921454296008,531.0867314568683,0.47708804804574284,105.44115895266475,50.69013511872767,5335.314692741145,0.4032603284818711,1.070089714391633,129.29058055103607,45.816206423879535,24569945.85235353,0,65696872.867866635,991637.5281238632,2631270.4745017695,317905313.3401293,2459650677.240171
122,2024-07-01,9.99229365791622,0,26.717921454296008,531.0867314568683,0.47708804804574284,105.44115895266475,50.69013511872767,5335.314692741145,0.4032603284818711,1.070089714391633,129.29058055103607,45.816206423879535,24569945.85235353,0,65696872.867866635,991637.5281238632,2631270.4745017695,317905313.3401293,2459650677.240171
123,2024-07-01,9.99229365791622,0,26.717921454296008,531.0867314568683,0.47708804804574284,105.44115895266475,50.69013511872767,5335.314692741145,0.4032603284818711,1.070089714391633,129.29058055103607,45.816206423879535,24569945.85235353,0,65696872.867866635,991637.5281238632,2631270.4745017695,317905313.3401293,2459650677.240171
124,2024-07-01,9.99229365791622,0,26.717921454296008,531.0867314568683,0.47708804804574284,105.44115895266475,50.69013511872767,5335.314692741145,0.4032603284818711,1.070089714391633,129.29058055103607,45.816206423879535,24569945.85235353,0,65696872.867866635,991637.5281238632,2631270.4745017695,317905313.3401293,2459650677.240171
125,2024-07-01,9.99229365791622,0,26.717921454296008,531.0867314568683,0.47708804804574284,105.44115895266475,50.69013511872767,5335.314692741145,0.4032603284818711,1.070089714391633,129.29058055103607,45.816206423879535,24569945.85235353,0,65696872.867866635,991637.5281238632,2631270.4745017695,317905313.3401293,2459650677.240171
126,2024-07-01,9.99229365791622,0,26.717921454296008,531.0867314568683,0.47708804804574284,105.44115895266475,50.69013511872767,5335.314692741145,0.4032603284818711,1.070089714391633,129.29058055103607,45.816206423879535,24569945.85235353,0,65696872.867866635,991637.5281238632,2631270.4745017695,317905313.3401293,2459650677.240171
127,2024-07-01,9.99229365791622,0,26.717921454296008,531.0867314568683,0.47708804804574284,105.44115895266475,50.69013511872767,5335.314692741145,0.4032603284818711,1.070089714391633,129.29058055103607,45.816206423879535,24569945.85235353,0,65696872.867866635,991637.5281238632,2631270.4745017695,317905313.3401293,2459650677.253812
128,2024-07-01,9.99229365791622,0,26.717921454296008,531.0867314568683,0.47708804804574284,105.44115895266475,50.69013511872767,5335.314692741145,0.4032603284818711,1.070089714391633,129.29058055103607,45.816206423879535,24569945.85235353,0,65696872.867866635,991637.5281238632,2631270.4745017695,317905313.3401293,2459650677.240171
129,2024-07-01,9.99229365791622,0,26.717921454296008,531.0867314568683,0.47708804804574284,105.44115895266475,50.69013511872767,5335.314692741145,0.4032603284818711,1.070089714391633,129.29058055103607,45.816206423879535,24569945.85235353,0,65696872.867866635,991637.5281238632,2631270.4745017695,317905313.3401293,2459650677.240171
130,2024-07-01,9.99229365791622,0,26.717921454296008,531.0867314568683,0.47708804804574284,105.44115895266475,50.69013511872767,5335.314692741145,0.4032603284818711,1.070089714391633,129.29058055103607,45.816206423879535,24569945.85235353,0,65696872.867866635,991637.5281238632,2631270.4745017695,317905313.3401293,2459650677.240171
131,2024-07-01,9.99229365791622,0,26.717921454296008,531.0867314568683,0.47708804804574284,105.44115895266475,50.69013511872767,5335.314692741145,0.4032603284818711,1.070089714391633,129.29058055103607,45.816206423879535,24569945.85235353,0,65696872.867866635,991637.5281238632,2631270.4745017695,317905313.3401293,2459650677.240171
132,2024-07-01,9.99229365791622,0,26.717921454296008,531.0867314568683,0.47708804804574284,105.44115895266475,50.69013511872767,5335.314692741145,0.4032603284818711,1.070089714391633,129.29058055103607,45.816206423879535,24569945.85235353,0,65696872.867866635,991637.5281238632,2631270.4745017695,317905313.3401293,2459650677.240171
133,2024-07-01,9.99229365791622,0,26.717921454296008,531.0867314568683,0.47708804804574284,105.44115895266475,50.69013511872767,5335.314692741145,0.4032603284818711,1.070089714391633,129.29058055103607,45.816206423879535,24569945.85235353,0,65696872.867866635,991637.5281238632,2631270.4745017695,317905313.3401293,2459650677.240171
134,2024-07-01,9.99229365791622,0,26.717921454296008,531.0867314568683,0.47708804804574284,105.44115895266475,50.69013511872767,5335.314692741145,0.4032603284818711,1.070089714391633,129.29058055103607,45.816206423879535,24569945.85235353,0,65696872.867866635,991637.5281238632,2631270.4745017695,317905313.3401293,2459650677.240171
135,2024-07-01,9.99229365791622,0,26.717921454296008,531.0867314568683,0.47708804804574284,105.44115895266475,50.69013511872767,5335.314692741145,0.4032603284818711,1.070089714391633,129.29058055103607,45.816206423879535,24569945.85235353,0,65696872.867866635,991637.5281238632,2631270.4745017695,317905313.3401293,2459650677.240171
136,2024-07-01,9.99229365791622,0,26.717921454296008,531.0867314568683,0.47708804804574284,105.44115895266475,50.69013511872767,5335.314692741145,0.4032603284818711,1.070089714391633,129.29058055103607,45.816206423879535,24569945.85235353,0,65696872.867866635,991637.5281238632,2631270.4745017695,317905313.3401293,2459650677.240171
137,2024-07-01,9.99229365791622,0,26.717921454296008,531.0867314568683,0.47708804804574284,105.44115895266475,50.69013511872767,5335.314692741145,0.4032603284818711,1.070089714391633,129.29058055103607,45.816206423879535,24569945.85235353,0,65696872.867866635,991637.5281238632,2631270.4745017695,317905313.3401293,2459650677.253812
138,2024-07-01,9.99229365791622,0,26.717921454296008,531.0867314568683,0.47708804804574284,105.44115895266475,50.69013511872767,5335.314692741145,0.4032603284818711,1.070089714391633,129.29058055103607,45.816206423879535,24569945.85235353,0,65696872.867866635,991637.5281238632,2631270.4745017695,317905313.3401293,2459650677.253812
139,2024-07-01,9.99229365791622,0,26.717921454296008,531.0867314568683,0.47708804804574284,105.44115895266475,50.69013511872767,5335.314692741145,0.4032603284818711,1.070089714391633,129.29058055103607,45.816206423879535,24569945.85235353,0,65696872.867866635,991637.5281238632,2631270.4745017695,317905313.3401293,2459650677.240171
140,2024-08-01,23.931608969012103,0,23.199794203395648,531.0867314568683,0.47708804804574284,105.44115895266475,50.69013511872767,5335.314692741145,2.4342164265017114,3.3499306664672233,132.19182826789907,46.968352111768,58845496.449839234,0,57046148.0280392,5985716.798900562,8237288.0439811535,325039049.1709885,2459650677.240171
141,2024-08-01,23.931608969012103,0,23.199794203395648,531.0867314568683,0.47708804804574284,105.44115895266475,50.69013511872767,5335.314692741145,2.4342164265017114,3.3499306664672233,132.19182826789907,46.968352111768,58845496.449839234,0,57046148.0280392,5985716.798900562,8237288.0439811535,325039049.1709885,2459650677.240171
142,2024-08-01,23.931608969012103,0,23.199794203395648,531.0867314568683,0.47708804804574284,105.44115895266475,50.69013511872767,5335.314692741145,2.4342164265017114,3.3499306664672233,132.19182826789907,46.968352111768,58845496.449839234,0,57046148.0280392,5985716.798900562,8237288.0439811535,325039049.1709885,2459650677.253812
143,2024-08-01,23.931608969012103,0,23.199794203395648,531.0867314568683,0.47708804804574284,105.44115895266475,50.69013511872767,5335.314692741145,2.4342164265017114,3.3499306664672233,132.19182826789907,46.968352111768,58845496.449839234,0,57046148.0280392,5985716.798900562,8237288.0439811535,325039049.1709885,2459650677.240171
144,2024-08-01,23.931608969012103,0,23.199794203395648,531.0867314568683,0.47708804804574284,105.44115895266475,50.69013511872767,5335.314692741145,2.4342164265017114,3.3499306664672233,132.19182826789907,46.968352111768,58845496.449839234,0,57046148.0280392,5985716.798900562,8237288.0439811535,325039049.1709885,2459650677.253812
145,2024-08-01,23.931608969012103,0,23.199794203395648,531.0867314568683,0.47708804804574284,105.44115895266475,50.69013511872767,5335.314692741145,2.4342164265017114,3.3499306664672233,132.19182826789907,46.968352111768,58845496.449839234,0,57046148.0280392,5985716.798900562,8237288.0439811535,325039049.1709885,2459650677.240171
146,2024-08-01,23.931608969012103,0,23.199794203395648,531.0867314568683,0.47708804804574284,105.44115895266475,50.69013511872767,5335.314692741145,2.4342164265017114,3.3499306664672233,132.19182826789907,46.968352111768,58845496.449839234,0,57046148.0280392,5985716.798900562,8237288.0439811535,325039049.1709885,2459650677.240171
147,2024-08-01,23.931608969012103,0,23.199794203395648,531.0867314568683,0.47708804804574284,105.44115895266475,50.69013511872767,5335.314692741145,2.4342164265017114,3.3499306664672233,132.19182826789907,46.968352111768,58845496.449839234,0,57046148.0280392,5985716.798900562,8237288.0439811535,325039049.1709885,2459650677.240171
148,2024-08-01,23.931608969012103,0,23.199794203395648,531.0867314568683,0.47708804804574284,105.44115895266475,50.69013511872767,5335.314692741145,2.4342164265017114,3.3499306664672233,132.19182826789907,46.968352111768,58845496.449839234,0,57046148.0280392,5985716.798900562,8237288.0439811535,325039049.1709885,2459650677.240171
149,2024-08-01,23.931608969012103,0,23.199794203395648,531.0867314568683,0.47708804804574284,105.44115895266475,50.69013511872767,5335.314692741145,2.4342164265017114,3.3499306664672233,132.19182826789907,46.968352111768,58845496.449839234,0,57046148.0280392,5985716.798900562,8237288.0439811535,325039049.1709885,2459650677.240171
150,2024-08-01,23.931608969012103,0,23.199794203395648,531.0867314568683,0.47708804804574284,105.44115895266475,50.69013511872767,5335.314692741145,2.4342164265017114,3.3499306664672233,132.19182826789907,46.968352111768,58845496.449839234,0,57046148.0280392,5985716.798900562,8237288.0439811535,325039049.1709885,2459650677.240171
151,2024-08-01,23.931608969012103,0,23.199794203395648,531.0867314568683,0.47708804804574284,105.44115895266475,50.69013511872767,5335.314692741145,2.4342164265017114,3.3499306664672233,132.19182826789907,46.968352111768,58845496.449839234,0,57046148.0280392,5985716.798900562,8237288.0439811535,325039049.1709885,2459650677.240171
152,2024-08-01,23.931608969012103,0,23.199794203395648,531.0867314568683,0.47708804804574284,105.44115895266475,50.69013511872767,5335.314692741145,2.4342164265017114,3.3499306664672233,132.19182826789907,46.968352111768,58845496.449839234,0,57046148.0280392,5985716.798900562,8237288.0439811535,325039049.1709885,2459650677.240171
153,2024-08-01,23.931608969012103,0,23.199794203395648,531.0867314568683,0.47708804804574284,105.44115895266475,50.69013511872767,5335.314692741145,2.4342164265017114,3.3499306664672233,132.19182826789907,46.968352111768,58845496.449839234,0,57046148.0280392,5985716.798900562,8237288.0439811535,325039049.1709885,2459650677.240171
154,2024-08-01,23.931608969012103,0,23.199794203395648,531.0867314568683,0.47708804804574284,105.44115895266475,50.69013511872767,5335.314692741145,2.4342164265017114,3.3499306664672233,132.19182826789907,46.968352111768,58845496.449839234,0,57046148.0280392,5985716.798900562,8237288.0439811535,325039049.1709885,2459650677.240171
155,2024-08-01,23.931608969012103,0,23.199794203395648,531.0867314568683,0.47708804804574284,105.44115895266475,50.69013511872767,5335.314692741145,2.4342164265017114,3.3499306664672233,132.19182826789907,46.968352111768,58845496.449839234,0,57046148.0280392,5985716.798900562,8237288.0439811535,325039049.1709885,2459650677.253812
156,2024-08-01,23.931608969012103,0,23.199794203395648,531.0867314568683,0.47708804804574284,105.44115895266475,50.69013511872767,5335.314692741145,2.4342164265017114,3.3499306664672233,132.19182826789907,46.968352111768,58845496.449839234,0,57046148.0280392,5985716.798900562,8237288.0439811535,325039049.1709885,2459650677.240171
157,2024-08-01,23.931608969012103,0,23.199794203395648,531.0867314568683,0.47708804804574284,105.44115895266475,50.69013511872767,5335.314692741145,2.4342164265017114,3.3499306664672233,132.19182826789907,46.968352111768,58845496.449839234,0,57046148.0280392,5985716.798900562,8237288.0439811535,325039049.1709885,2459650677.253812
158,2024-08-01,23.931608969012103,0,23.199794203395648,531.0867314568683,0.47708804804574284,105.44115895266475,50.69013511872767,5335.314692741145,2.4342164265017114,3.3499306664672233,132.19182826789907,46.968352111768,58845496.449839234,0,57046148.0280392,5985716.798900562,8237288.0439811535,325039049.1709885,2459650677.240171
159,2024-08-01,23.931608969012103,0,23.199794203395648,531.0867314568683,0.47708804804574284,105.44115895266475,50.69013511872767,5335.314692741145,2.4342164265017114,3.3499306664672233,132.19182826789907,46.968352111768,58845496.449839234,0,57046148.0280392,5985716.798900562,8237288.0439811535,325039049.1709885,2459650677.240171
160,2024-09-01,1.1360906110206936,0,18.438724061052998,531.0867314568683,0.47708804804574284,105.44115895266475,50.69013511872767,5335.314692741145,0.0,0.3868953843049802,125.72491685156633,44.37932842026378,2793606.5057713757,0,45339169.24942745,0.0,951337.980594119,309137844.84466773,2459650677.240171
161,2024-09-01,1.1360906110206936,0,18.438724061052998,531.0867314568683,0.47708804804574284,105.44115895266475,50.69013511872767,5335.314692741145,0.0,0.3868953843049802,125.72491685156633,44.37932842026378,2793606.5057713757,0,45339169.24942745,0.0,951337.980594119,309137844.84466773,2459650677.240171
162,2024-09-01,1.1360906110206936,0,18.438724061052998,531.0867314568683,0.47708804804574284,105.44115895266475,50.69013511872767,5335.314692741145,0.0,0.3868953843049802,125.72491685156633,44.37932842026378,2793606.5057713757,0,45339169.24942745,0.0,951337.980594119,309137844.84466773,2459650677.253812
163,2024-09-01,1.1360906110206936,0,18.438724061052998,531.0867314568683,0.47708804804574284,105.44115895266475,50.69013511872767,5335.314692741145,0.0,0.3868953843049802,125.72491685156633,44.37932842026378,2793606.5057713757,0,45339169.24942745,0.0,951337.980594119,309137844.84466773,2459650677.240171
164,2024-09-01,1.1360906110206936,0,18.438724061052998,531.0867314568683,0.47708804804574284,105.44115895266475,50.69013511872767,5335.314692741145,0.0,0.3868953843049802,125.72491685156633,44.37932842026378,2793606.5057713757,0,45339169.24942745,0.0,951337.980594119,309137844.84466773,2459650677.240171
165,2024-09-01,1.1360906110206936,0,18.438724061052998,531.0867314568683,0.47708804804574284,105.44115895266475,50.69013511872767,5335.314692741145,0.0,0.3868953843049802,125.72491685156633,44.37932842026378,2793606.5057713757,0,45339169.24942745,0.0,951337.980594119,309137844.84466773,2459650677.240171
166,2024-09-01,1.1360906110206936,0,18.438724061052998,531.0867314568683,0.47708804804574284,105.44115895266475,50.69013511872767,5335.314692741145,0.0,0.3868953843049802,125.72491685156633,44.37932842026378,2793606.5057713757,0,45339169.24942745,0.0,951337.980594119,309137844.84466773,2459650677.240171
167,2024-09-01,1.1360906110206936,0,18.438724061052998,531.0867314568683,0.47708804804574284,105.44115895266475,50.69013511872767,5335.314692741145,0.0,0.3868953843049802,125.72491685156633,44.37932842026378,2793606.5057713757,0,45339169.24942745,0.0,951337.980594119,309137844.84466773,2459650677.253812
168,2024-09-01,1.1360906110206936,0,18.438724061052998,531.0867314568683,0.47708804804574284,105.44115895266475,50.69013511872767,5335.314692741145,0.0,0.3868953843049802,125.72491685156633,44.37932842026378,2793606.5057713757,0,45339169.24942745,0.0,951337.980594119,309137844.84466773,2459650677.240171
169,2024-09-01,1.1360906110206936,0,18.438724061052998,531.0867314568683,0.47708804804574284,105.44115895266475,50.69013511872767,5335.314692741145,0.0,0.3868953843049802,125.72491685156633,44.37932842026378,2793606.5057713757,0,45339169.24942745,0.0,951337.980594119,309137844.84466773,2459650677.240171
170,2024-09-01,1.1360906110206936,0,18.438724061052998,531.0867314568683,0.47708804804574284,105.44115895266475,50.69013511872767,5335.314692741145,0.0,0.3868953843049802,125.72491685156633,44.37932842026378,2793606.5057713757,0,45339169.24942745,0.0,951337.980594119,309137844.84466773,2459650677.240171
171,2024-09-01,1.1360906110206936,0,18.438724061052998,531.0867314568683,0.47708804804574284,105.44115895266475,50.69013511872767,5335.314692741145,0.0,0.3868953843049802,125.72491685156633,44.37932842026378,2793606.5057713757,0,45339169.24942745,0.0,951337.980594119,309137844.84466773,2459650677.240171
172,2024-09-01,1.1360906110206936,0,18.438724061052998,531.0867314568683,0.47708804804574284,105.44115895266475,50.69013511872767,5335.314692741145,0.0,0.3868953843049802,125.72491685156633,44.37932842026378,2793606.5057713757,0,45339169.24942745,0.0,951337.980594119,309137844.84466773,2459650677.240171
173,2024-09-01,1.1360906110206936,0,18.438724061052998,531.0867314568683,0.47708804804574284,105.44115895266475,50.69013511872767,5335.314692741145,0.0,0.3868953843049802,125.72491685156633,44.37932842026378,2793606.5057713757,0,45339169.24942745,0.0,951337.980594119,309137844.84466773,2459650677.253812
174,2024-09-01,1.1360906110206936,0,18.438724061052998,531.0867314568683,0.47708804804574284,105.44115895266475,50.69013511872767,5335.314692741145,0.0,0.3868953843049802,125.72491685156633,44.37932842026378,2793606.5057713757,0,45339169.24942745,0.0,951337.980594119,309137844.84466773,2459650677.240171
175,2024-09-01,1.1360906110206936,0,18.438724061052998,531.0867314568683,0.47708804804574284,105.44115895266475,50.69013511872767,5335.314692741145,0.0,0.3868953843049802,125.72491685156633,44.37932842026378,2793606.5057713757,0,45339169.24942745,0.0,951337.980594119,309137844.84466773,2459650677.253812
176,2024-09-01,1.1360906110206936,0,18.438724061052998,531.0867314568683,0.47708804804574284,105.44115895266475,50.69013511872767,5335.314692741145,0.0,0.3868953843049802,125.72491685156633,44.37932842026378,2793606.5057713757,0,45339169.24942745,0.0,951337.980594119,309137844.84466773,2459650677.240171
177,2024-09-01,1.1360906110206936,0,18.438724061052998,531.0867314568683,0.47708804804574284,105.44115895266475,50.69013511872767,5335.314692741145,0.0,0.3868953843049802,125.72491685156633,44.37932842026378,2793606.5057713757,0,45339169.24942745,0.0,951337.980594119,309137844.84466773,2459650677.240171
178,2024-09-01,1.1360906110206936,0,18.438724061052998,531.0867314568683,0.47708804804574284,105.44115895266475,50.69013511872767,5335.314692741145,0.0,0.3868953843049802,125.72491685156633,44.37932842026378,2793606.5057713757,0,45339169.24942745,0.0,951337.980594119,309137844.84466773,2459650677.240171
179,2024-09-01,1.1360906110206936,0,18.438724061052998,531.0867314568683,0.47708804804574284,105.44115895266475,50.69013511872767,5335.314692741145,0.0,0.3868953843049802,125.72491685156633,44.37932842026378,2793606.5057713757,0,45339169.24942745,0.0,951337.980594119,309137844.84466773,2459650677.240171
180,2024-10-01,15.67086193356425,0,15.358051792145424,531.0867314568683,0.47708804804574284,105.44115895266475,50.69013511872767,5335.314692741145,1.0251174603998168,2.092412167756635,127.72042700736102,45.41714382933707,38533467.814068146,0,37764141.49069806,2520831.934187451,5145107.228258081,314044792.3581254,2459650677.240171
181,2024-10-01,15.67086193356425,0,15.358051792145424,531.0867314568683,0.47708804804574284,105.44115895266475,50.69013511872767,5335.314692741145,1.0251174603998168,2.092412167756635,127.72042700736102,45.41714382933707,38533467.814068146,0,37764141.49069806,2520831.934187451,5145107.228258081,314044792.3581254,2459650677.240171
182,2024-10-01,15.67086193356425,0,15.358051792145424,531.0867314568683,0.47708804804574284,105.44115895266475,50.69013511872767,5335.314692741145,1.0251174603998168,2.092412167756635,127.72042700736102,45.41714382933707,38533467.814068146,0,37764141.49069806,2520831.934187451,5145107.228258081,314044792.3581254,2459650677.240171
183,2024-10-01,15.67086193356425,0,15.358051792145424,531.0867314568683,0.47708804804574284,105.44115895266475,50.69013511872767,5335.314692741145,1.0251174603998168,2.092412167756635,127.72042700736102,45.41714382933707,38533467.814068146,0,37764141.49069806,2520831.934187451,5145107.228258081,314044792.3581254,2459650677.253812
184,2024-10-01,15.67086193356425,0,15.358051792145424,531.0867314568683,0.47708804804574284,105.44115895266475,50.69013511872767,5335.314692741145,1.0251174603998168,2.092412167756635,127.72042700736102,45.41714382933707,38533467.814068146,0,37764141.49069806,2520831.934187451,5145107.228258081,314044792.3581254,2459650677.240171
185,2024-10-01,15.67086193356425,0,15.358051792145424,531.0867314568683,0.47708804804574284,105.44115895266475,50.69013511872767,5335.314692741145,1.0251174603998168,2.092412167756635,127.72042700736102,45.41714382933707,38533467.814068146,0,37764141.49069806,2520831.934187451,5145107.228258081,314044792.3581254,2459650677.240171
186,2024-10-01,15.67086193356425,0,15.358051792145424,531.0867314568683,0.47708804804574284,105.44115895266475,50.69013511872767,5335.314692741145,1.0251174603998168,2.092412167756635,127.72042700736102,45.41714382933707,38533467.814068146,0,37764141.49069806,2520831.934187451,5145107.228258081,314044792.3581254,2459650677.240171
187,2024-10-01,15.67086193356425,0,15.358051792145424,531.0867314568683,0.47708804804574284,105.44115895266475,50.69013511872767,5335.314692741145,1.0251174603998168,2.092412167756635,127.72042700736102,45.41714382933707,38533467.814068146,0,37764141.49069806,2520831.934187451,5145107.228258081,314044792.3581254,2459650677.253812
188,2024-10-01,15.67086193356425,0,15.358051792145424,531.0867314568683,0.47708804804574284,105.44115895266475,50.69013511872767,5335.314692741145,1.0251174603998168,2.092412167756635,127.72042700736102,45.41714382933707,38533467.814068146,0,37764141.49069806,2520831.934187451,5145107.228258081,314044792.3581254,2459650677.253812
189,2024-10-01,15.67086193356425,0,15.358051792145424,531.0867314568683,0.47708804804574284,105.44115895266475,50.69013511872767,5335.314692741145,1.0251174603998168,2.092412167756635,127.72042700736102,45.41714382933707,38533467.814068146,0,37764141.49069806,2520831.934187451,5145107.228258081,314044792.3581254,2459650677.240171
190,2024-10-01,15.67086193356425,0,15.358051792145424,531.0867314568683,0.47708804804574284,105.44115895266475,50.69013511872767,5335.314692741145,1.0251174603998168,2.092412167756635,127.72042700736102,45.41714382933707,38533467.814068146,0,37764141.49069806,2520831.934187451,5145107.228258081,314044792.3581254,2459650677.240171
191,2024-10-01,15.67086193356425,0,15.358051792145424,531.0867314568683,0.47708804804574284,105.44115895266475,50.69013511872767,5335.314692741145,1.0251174603998168,2.092412167756635,127.72042700736102,45.41714382933707,38533467.814068146,0,37764141.49069806,2520831.934187451,5145107.228258081,314044792.3581254,2459650677.240171
192,2024-10-01,15.67086193356425,0,15.358051792145424,531.0867314568683,0.47708804804574284,105.44115895266475,50.69013511872767,5335.314692741145,1.0251174603998168,2.092412167756635,127.72042700736102,45.41714382933707,38533467.814068146,0,37764141.49069806,2520831.934187451,5145107.228258081,314044792.3581254,2459650677.240171
193,2024-10-01,15.67086193356425,0,15.358051792145424,531.0867314568683,0.47708804804574284,105.44115895266475,50.69013511872767,5335.314692741145,1.0251174603998168,2.092412167756635,127.72042700736102,45.41714382933707,38533467.814068146,0,37764141.49069806,2520831.934187451,5145107.228258081,314044792.3581254,2459650677.240171
194,2024-10-01,15.67086193356425,0,15.358051792145424,531.0867314568683,0.47708804804574284,105.44115895266475,50.69013511872767,5335.314692741145,1.0251174603998168,2.092412167756635,127.72042700736102,45.41714382933707,38533467.814068146,0,37764141.49069806,2520831.934187451,5145107.228258081,314044792.3581254,2459650677.240171
195,2024-10-01,15.67086193356425,0,15.358051792145424,531.0867314568683,0.47708804804574284,105.44115895266475,50.69013511872767,5335.314692741145,1.0251174603998168,2.092412167756635,127.72042700736102,45.41714382933707,38533467.814068146,0,37764141.49069806,2520831.934187451,5145107.228258081,314044792.3581254,2459650677.240171
196,2024-10-01,15.67086193356425,0,15.358051792145424,531.0867314568683,0.47708804804574284,105.44115895266475,50.69013511872767,5335.314692741145,1.0251174603998168,2.092412167756635,127.72042700736102,45.41714382933707,38533467.814068146,0,37764141.49069806,2520831.934187451,5145107.228258081,314044792.3581254,2459650677.253812
197,2024-10-01,15.67086193356425,0,15.358051792145424,531.0867314568683,0.47708804804574284,105.44115895266475,50.69013511872767,5335.314692741145,1.0251174603998168,2.092412167756635,127.72042700736102,45.41714382933707,38533467.814068146,0,37764141.49069806,2520831.934187451,5145107.228258081,314044792.3581254,2459650677.240171
198,2024-10-01,15.67086193356425,0,15.358051792145424,531.0867314568683,0.47708804804574284,105.44115895266475,50.69013511872767,5335.314692741145,1.0251174603998168,2.092412167756635,127.72042700736102,45.41714382933707,38533467.814068146,0,37764141.49069806,2520831.934187451,5145107.228258081,314044792.3581254,2459650677.240171
199,2024-10-01,15.67086193356425,0,15.358051792145424,531.0867314568683,0.47708804804574284,105.44115895266475,50.69013511872767,5335.314692741145,1.0251174603998168,2.092412167756635,127.72042700736102,45.41714382933707,38533467.814068146,0,37764141.49069806,2520831.934187451,5145107.228258081,314044792.3581254,2459650677.240171
200,2024-11-01,17.409512445672277,0,10.963231006688389,531.0867314568683,0.47708804804574284,105.44115895266475,50.69013511872767,5335.314692741145,1.5388501958755663,2.2040279178629665,131.39458999215293,47.012322048791376,42808151.760839954,0,26957515.323678434,3783989.859290013,5419524.364206429,323079015.1969708,2459650677.253812
201,2024-11-01,17.409512445672277,0,10.963231006688389,531.0867314568683,0.47708804804574284,105.44115895266475,50.69013511872767,5335.314692741145,1.5388501958755663,2.2040279178629665,131.39458999215293,47.012322048791376,42808151.760839954,0,26957515.323678434,3783989.859290013,5419524.364206429,323079015.1969708,2459650677.240171
202,2024-11-01,17.409512445672277,0,10.963231006688389,531.0867314568683,0.47708804804574284,105.44115895266475,50.69013511872767,5335.314692741145,1.5388501958755663,2.2040279178629665,131.39458999215293,47.012322048791376,42808151.760839954,0,26957515.323678434,3783989.859290013,5419524.364206429,323079015.1969708,2459650677.240171
203,2024-11-01,17.409512445672277,0,10.963231006688389,531.0867314568683,0.47708804804574284,105.44115895266475,50.69013511872767,5335.314692741145,1.5388501958755663,2.2040279178629665,131.39458999215293,47.012322048791376,42808151.760839954,0,26957515.323678434,3783989.859290013,5419524.364206429,323079015.1969708,2459650677.253812
204,2024-11-01,17.409512445672277,0,10.963231006688389,531.0867314568683,0.47708804804574284,105.44115895266475,50.69013511872767,5335.314692741145,1.5388501958755663,2.2040279178629665,131.39458999215293,47.012322048791376,42808151.760839954,0,26957515.323678434,3783989.859290013,5419524.364206429,323079015.1969708,2459650677.240171
205,2024-11-01,17.409512445672277,0,10.963231006688389,531.0867314568683,0.47708804804574284,105.44115895266475,50.69013511872767,5335.314692741145,1.5388501958755663,2.2040279178629665,131.39458999215293,47.012322048791376,42808151.760839954,0,26957515.323678434,3783989.859290013,5419524.364206429,323079015.1969708,2459650677.240171
206,2024-11-01,17.409512445672277,0,10.963231006688389,531.0867314568683,0.47708804804574284,105.44115895266475,50.69013511872767,5335.314692741145,1.5388501958755663,2.2040279178629665,131.39458999215293,47.012322048791376,42808151.760839954,0,26957515.323678434,3783989.859290013,5419524.364206429,323079015.1969708,2459650677.240171
207,2024-11-01,17.409512445672277,0,10.963231006688389,531.0867314568683,0.47708804804574284,105.44115895266475,50.69013511872767,5335.314692741145,1.5388501958755663,2.2040279178629665,131.39458999215293,47.012322048791376,42808151.760839954,0,26957515.323678434,3783989.859290013,5419524.364206429,323079015.1969708,2459650677.240171
208,2024-11-01,17.409512445672277,0,10.963231006688389,531.0867314568683,0.47708804804574284,105.44115895266475,50.69013511872767,5335.314692741145,1.5388501958755663,2.2040279178629665,131.39458999215293,47.012322048791376,42808151.760839954,0,26957515.323678434,3783989.859290013,5419524.364206429,323079015.1969708,2459650677.253812
209,2024-11-01,17.409512445672277,0,10.963231006688389,531.0867314568683,0.47708804804574284,105.44115895266475,50.69013511872767,5335.314692741145,1.5388501958755663,2.2040279178629665,131.39458999215293,47.012322048791376,42808151.760839954,0,26957515.323678434,3783989.859290013,5419524.364206429,323079015.1969708,2459650677.240171
210,2024-11-01,17.409512445672277,0,10.963231006688389,531.0867314568683,0.47708804804574284,105.44115895266475,50.69013511872767,5335.314692741145,1.5388501958755663,2.2040279178629665,131.39458999215293,47.012322048791376,42808151.760839954,0,26957515.323678434,3783989.859290013,5419524.364206429,323079015.1969708,2459650677.240171
211,2024-11-01,17.409512445672277,0,10.963231006688389,531.0867314568683,0.47708804804574284,105.44115895266475,50.69013511872767,5335.314692741145,1.5388501958755663,2.2040279178629665,131.39458999215293,47.012322048791376,42808151.760839954,0,26957515.323678434,3783989.859290013,5419524.364206429,323079015.1969708,2459650677.240171
212,2024-11-01,17.409512445672277,0,10.963231006688389,531.0867314568683,0.47708804804574284,105.44115895266475,50.69013511872767,5335.314692741145,1.5388501958755663,2.2040279178629665,131.39458999215293,47.012322048791376,42808151.760839954,0,26957515.323678434,3783989.859290013,5419524.364206429,323079015.1969708,2459650677.240171
213,2024-11-01,17.409512445672277,0,10.963231006688389,531.0867314568683,0.47708804804574284,105.44115895266475,50.69013511872767,5335.314692741145,1.5388501958755663,2.2040279178629665,131.39458999215293,47.012322048791376,42808151.760839954,0,26957515.323678434,3783989.859290013,5419524.364206429,323079015.1969708,2459650677.253812
214,2024-11-01,17.409512445672277,0,10.963231006688389,531.0867314568683,0.47708804804574284,105.44115895266475,50.69013511872767,5335.314692741145,1.5388501958755663,2.2040279178629665,131.39458999215293,47.012322048791376,42808151.760839954,0,26957515.323678434,3783989.859290013,5419524.364206429,323079015.1969708,2459650677.240171
215,2024-11-01,17.409512445672277,0,10.963231006688389,531.0867314568683,0.47708804804574284,105.44115895266475,50.69013511872767,5335.314692741145,1.5388501958755663,2.2040279178629665,131.39458999215293,47.012322048791376,42808151.760839954,0,26957515.323678434,3783989.859290013,5419524.364206429,323079015.1969708,2459650677.240171
216,2024-11-01,17.409512445672277,0,10.963231006688389,531.0867314568683,0.47708804804574284,105.44115895266475,50.69013511872767,5335.314692741145,1.5388501958755663,2.2040279178629665,131.39458999215293,47.012322048791376,42808151.760839954,0,26957515.323678434,3783989.859290013,5419524.364206429,323079015.1969708,2459650677.240171
217,2024-11-01,17.409512445672277,0,10.963231006688389,531.0867314568683,0.47708804804574284,105.44115895266475,50.69013511872767,5335.314692741145,1.5388501958755663,2.2040279178629665,131.39458999215293,47.012322048791376,42808151.760839954,0,26957515.323678434,3783989.859290013,5419524.364206429,323079015.1969708,2459650677.240171
218,2024-11-01,17.409512445672277,0,10.963231006688389,531.0867314568683,0.47708804804574284,105.44115895266475,50.69013511872767,5335.314692741145,1.5388501958755663,2.2040279178629665,131.39458999215293,47.012322048791376,42808151.760839954,0,26957515.323678434,3783989.859290013,5419524.364206429,323079015.1969708,2459650677.240171
219,2024-11-01,17.409512445672277,0,10.963231006688389,531.0867314568683,0.47708804804574284,105.44115895266475,50.69013511872767,5335.314692741145,1.5388501958755663,2.2040279178629665,131.39458999215293,47.012322048791376,42808151.760839954,0,26957515.323678434,3783989.859290013,5419524.364206429,323079015.1969708,2459650677.240171
220,2024-12-01,8.093341944795178,0,8.607408677756816,531.0867314568683,0.47708804804574284,105.44115895266475,50.69013511872767,5335.314692741145,0.304376927788343,1.3246369039029755,130.81916917825905,46.803978288137756,19900425.748750165,0,21164908.715976458,748415.6739895898,3257073.2539610825,321663908.3868139,2459650677.240171
221,2024-12-01,8.093341944795178,0,8.607408677756816,531.0867314568683,0.47708804804574284,105.44115895266475,50.69013511872767,5335.314692741145,0.304376927788343,1.3246369039029755,130.81916917825905,46.803978288137756,19900425.748750165,0,21164908.715976458,748415.6739895898,3257073.2539610825,321663908.3868139,2459650677.253812
222,2024-12-01,8.093341944795178,0,8.607408677756816,531.0867314568683,0.47708804804574284,105.44115895266475,50.69013511872767,5335.314692741145,0.304376927788343,1.3246369039029755,130.81916917825905,46.803978288137756,19900425.748750165,0,21164908.715976458,748415.6739895898,3257073.2539610825,321663908.3868139,2459650677.240171
223,2024-12-01,8.093341944795178,0,8.607408677756816,531.0867314568683,0.47708804804574284,105.44115895266475,50.69013511872767,5335.314692741145,0.304376927788343,1.3246369039029755,130.81916917825905,46.803978288137756,19900425.748750165,0,21164908.715976458,748415.6739895898,3257073.2539610825,321663908.3868139,2459650677.240171
224,2024-12-01,8.093341944795178,0,8.607408677756816,531.0867314568683,0.47708804804574284,105.44115895266475,50.69013511872767,5335.314692741145,0.304376927788343,1.3246369039029755,130.81916917825905,46.803978288137756,19900425.748750165,0,21164908.715976458,748415.6739895898,3257073.2539610825,321663908.3868139,2459650677.240171
225,2024-12-01,8.093341944795178,0,8.607408677756816,531.0867314568683,0.47708804804574284,105.44115895266475,50.69013511872767,5335.314692741145,0.304376927788343,1.3246369039029755,130.81916917825905,46.803978288137756,19900425.748750165,0,21164908.715976458,748415.6739895898,3257073.2539610825,321663908.3868139,2459650677.240171
226,2024-12-01,8.093341944795178,0,8.607408677756816,531.0867314568683,0.47708804804574284,105.44115895266475,50.69013511872767,5335.314692741145,0.304376927788343,1.3246369039029755,130.81916917825905,46.803978288137756,19900425.748750165,0,21164908.715976458,748415.6739895898,3257073.2539610825,321663908.3868139,2459650677.240171
227,2024-12-01,8.093341944795178,0,8.607408677756816,531.0867314568683,0.47708804804574284,105.44115895266475,50.69013511872767,5335.314692741145,0.304376927788343,1.3246369039029755,130.81916917825905,46.803978288137756,19900425.748750165,0,21164908.715976458,748415.6739895898,3257073.2539610825,321663908.3868139,2459650677.240171
228,2024-12-01,8.093341944795178,0,8.607408677756816,531.0867314568683,0.47708804804574284,105.44115895266475,50.69013511872767,5335.314692741145,0.304376927788343,1.3246369039029755,130.81916917825905,46.803978288137756,19900425.748750165,0,21164908.715976458,748415.6739895898,3257073.2539610825,321663908.3868139,2459650677.240171
229,2024-12-01,8.093341944795178,0,8.607408677756816,531.0867314568683,0.47708804804574284,105.44115895266475,50.69013511872767,5335.314692741145,0.304376927788343,1.3246369039029755,130.81916917825905,46.803978288137756,19900425.748750165,0,21164908.715976458,748415.6739895898,3257073.2539610825,321663908.3868139,2459650677.240171
230,2024-12-01,8.093341944795178,0,8.607408677756816,531.0867314568683,0.47708804804574284,105.44115895266475,50.69013511872767,5335.314692741145,0.304376927788343,1.3246369039029755,130.81916917825905,46.803978288137756,19900425.748750165,0,21164908.715976458,748415.6739895898,3257073.2539610825,321663908.3868139,2459650677.253812
231,2024-12-01,8.093341944795178,0,8.607408677756816,531.0867314568683,0.47708804804574284,105.44115895266475,50.69013511872767,5335.314692741145,0.304376927788343,1.3246369039029755,130.81916917825905,46.803978288137756,19900425.748750165,0,21164908.715976458,748415.6739895898,3257073.2539610825,321663908.3868139,2459650677.240171
232,2024-12-01,8.093341944795178,0,8.607408677756816,531.0867314568683,0.47708804804574284,105.44115895266475,50.69013511872767,5335.314692741145,0.304376927788343,1.3246369039029755,130.81916917825905,46.803978288137756,19900425.748750165,0,21164908.715976458,748415.6739895898,3257073.2539610825,321663908.3868139,2459650677.240171
233,2024-12-01,8.093341944795178,0,8.607408677756816,531.0867314568683,0.47708804804574284,105.44115895266475,50.69013511872767,5335.314692741145,0.304376927788343,1.3246369039029755,130.81916917825905,46.803978288137756,19900425.748750165,0,21164908.715976458,748415.6739895898,3257073.2539610825,321663908.3868139,2459650677.240171
234,2024-12-01,8.093341944795178,0,8.607408677756816,531.0867314568683,0.47708804804574284,105.44115895266475,50.69013511872767,5335.314692741145,0.304376927788343,1.3246369039029755,130.81916917825905,46.803978288137756,19900425.748750165,0,21164908.715976458,748415.6739895898,3257073.2539610825,321663908.3868139,2459650677.240171
235,2024-12-01,8.093341944795178,0,8.607408677756816,531.0867314568683,0.47708804804574284,105.44115895266475,50.69013511872767,5335.314692741145,0.304376927788343,1.3246369039029755,130.81916917825905,46.803978288137756,19900425.748750165,0,21164908.715976458,748415.6739895898,3257073.2539610825,321663908.3868139,2459650677.240171
236,2024-12-01,8.093341944795178,0,8.607408677756816,531.0867314568683,0.47708804804574284,105.44115895266475,50.69013511872767,5335.314692741145,0.304376927788343,1.3246369039029755,130.81916917825905,46.803978288137756,19900425.748750165,0,21164908.715976458,748415.6739895898,3257073.2539610825,321663908.3868139,2459650677.240171
237,2024-12-01,8.093341944795178,0,8.607408677756816,531.0867314568683,0.47708804804574284,105.44115895266475,50.69013511872767,5335.314692741145,0.304376927788343,1.3246369039029755,130.81916917825905,46.803978288137756,19900425.748750165,0,21164908.715976458,748415.6739895898,3257073.2539610825,321663908.3868139,2459650677.253812
238,2024-12-01,8.093341944795178,0,8.607408677756816,531.0867314568683,0.47708804804574284,105.44115895266475,50.69013511872767,5335.314692741145,0.304376927788343,1.3246369039029755,130.81916917825905,46.803978288137756,19900425.748750165,0,21164908.715976458,748415.6739895898,3257073.2539610825,321663908.3868139,2459650677.240171
239,2024-12-01,8.093341944795178,0,8.607408677756816,531.0867314568683,0.47708804804574284,105.44115895266475,50.69013511872767,5335.314692741145,0.304376927788343,1.3246369039029755,130.81916917825905,46.803978288137756,19900425.748750165,0,21164908.715976458,748415.6739895898,3257073.2539610825,321663908.3868139,2459650677.253812
