,Date,precip_and_snowmelt_input_Escalante Desert_mean,irrigation_Escalante Desert_mean,AET_Escalante Desert_mean,soil_thickness_Escalante Desert_mean,soil_porosity_Escalante Desert_mean,field_capacity_Escalante Desert_mean,wilting_point_Escalante Desert_mean,Geo_K_Escalante Desert_mean,Runoff_Escalante Desert_mean,Recharge_Escalante Desert_mean,Soil_Water_End_Of_Previous_Timestep_Escalante Desert_mean,Soil_Saturation_Percent_End_Of_Timestep_Escalante Desert_mean,precip_and_snowmelt_input_m3_Escalante Desert_sum,irrigation_m3_Escalante Desert_sum,AET_m3_Escalante Desert_sum,Runoff_m3_Escalante Desert_sum,Recharge_m3_Escalante Desert_sum,Soil_Water_End_Of_Previous_Timestep_m3_Escalante Desert_sum,Escalante Desert_area_m2
0,2024-01-01,40.18702359451152,0.0,13.005328150695187,526.4474590797757,0.4931117668922389,114.83445735280277,54.5590871781721,9363.425986951717,6.260302369819308,16.586303113909192,148.13962065127052,53.68070677397149,342515410.643766,0.0,110841690.8256912,53355573.47704095,141359960.868056,1262533321.1253724,8518533169.124096
1,2024-01-01,40.18702359451152,0.0,13.005328150695187,526.4474590797757,0.4931117668922389,114.83445735280277,54.5590871781721,9363.425986951717,6.260302369819308,16.586303113909192,148.13962065127052,53.68070677397149,342515410.643766,0.0,110841690.8256912,53355573.47704095,141359960.868056,1262533321.1253724,8518533169.124096
2,2024-01-01,40.18702359451152,0.0,13.005328150695187,526.4474590797757,0.4931117668922389,114.83445735280277,54.5590871781721,9363.425986951717,6.260302369819308,16.586303113909192,148.13962065127052,53.68070677397149,342515410.643766,0.0,110841690.8256912,53355573.47704095,141359960.868056,1262533321.1253724,8518533169.124096
3,2024-01-01,40.18702359451152,0.0,13.005328150695187,526.4474590797757,0.4931117668922389,114.83445735280277,54.5590871781721,9363.425986951717,6.260302369819308,16.586303113909192,148.13962065127052,53.68070677397149,342515410.643766,0.0,110841690.8256912,53355573.47704095,141359960.868056,1262533321.1253724,8518533169.124096
4,2024-01-01,40.18702359451152,0.0,13.005328150695187,526.4474590797757,0.4931117668922389,114.83445735280277,54.5590871781721,9363.425986951717,6.260302369819308,16.586303113909192,148.13962065127052,53.68070677397149,342515410.643766,0.0,110841690.8256912,53355573.47704095,141359960.868056,1262533321.1253724,8518533169.124096
5,2024-01-01,40.18702359451152,0.0,13.005328150695187,526.4474590797757,0.4931117668922389,114.83445735280277,54.5590871781721,9363.425986951717,6.260302369819308,16.586303113909192,148.13962065127052,53.68070677397149,342515410.643766,0.0,110841690.8256912,53355573.47704095,141359960.868056,1262533321.1253724,8518533169.124096
6,2024-01-01,40.18702359451152,0.0,13.005328150695187,526.4474590797757,0.4931117668922389,114.83445735280277,54.5590871781721,9363.425986951717,6.260302369819308,16.586303113909192,148.13962065127052,53.68070677397149,342515410.643766,0.0,110841690.8256912,53355573.47704095,141359960.868056,1262533321.1253724,8518533169.124096
7,2024-01-01,40.18702359451152,0.0,13.005328150695187,526.4474590797757,0.4931117668922389,114.83445735280277,54.5590871781721,9363.425986951717,6.260302369819308,16.586303113909192,148.13962065127052,53.68070677397149,342515410.643766,0.0,110841690.8256912,53355573.47704095,141359960.868056,1262533321.1253724,8518533169.124096
8,2024-01-01,40.18702359451152,0.0,13.005328150695187,526.4474590797757,0.4931117668922389,114.83445735280277,54.5590871781721,9363.425986951717,6.260302369819308,16.586303113909192,148.13962065127052,53.68070677397149,342515410.643766,0.0,110841690.8256912,53355573.47704095,141359960.868056,1262533321.1253724,8518533169.124096
9,2024-01-01,40.18702359451152,0.0,13.005328150695187,526.4474590797757,0.4931117668922389,114.83445735280277,54.5590871781721,9363.425986951717,6.260302369819308,16.586303113909192,148.13962065127052,53.68070677397149,342515410.643766,0.0,110841690.8256912,53355573.47704095,141359960.868056,1262533321.1253724,8518533169.124096
10,2024-01-01,40.18702359451152,0.0,13.005328150695187,526.4474590797757,0.4931117668922389,114.83445735280277,54.5590871781721,9363.425986951717,6.260302369819308,16.586303113909192,148.13962065127052,53.68070677397149,342515410.643766,0.0,110841690.8256912,53355573.47704095,141359960.868056,1262533321.1253724,8518533169.124096
11,2024-01-01,40.18702359451152,0.0,13.005328150695187,526.4474590797757,0.4931117668922389,114.83445735280277,54.5590871781721,9363.425986951717,6.260302369819308,16.586303113909192,148.13962065127052,53.68070677397149,342515410.643766,0.0,110841690.8256912,53355573.47704095,141359960.868056,1262533321.1253724,8518533169.124096
12,2024-01-01,40.18702359451152,0.0,13.005328150695187,526.4474590797757,0.4931117668922389,114.83445735280277,54.5590871781721,9363.425986951717,6.260302369819308,16.586303113909192,148.13962065127052,53.68070677397149,342515410.643766,0.0,110841690.8256912,53355573.47704095,141359960.868056,1262533321.1253724,8518533169.124096
13,2024-01-01,40.18702359451152,0.0,13.005328150695187,526.4474590797757,0.4931117668922389,114.83445735280277,54.5590871781721,9363.425986951717,6.260302369819308,16.586303113909192,148.13962065127052,53.68070677397149,342515410.643766,0.0,110841690.8256912,53355573.47704095,141359960.868056,1262533321.1253724,8518533169.124096
14,2024-01-01,40.18702359451152,0.0,13.005328150695187,526.4474590797757,0.4931117668922389,114.83445735280277,54.5590871781721,9363.425986951717,6.260302369819308,16.586303113909192,148.13962065127052,53.68070677397149,342515410.643766,0.0,110841690.8256912,53355573.47704095,141359960.868056,1262533321.1253724,8518533169.124096
15,2024-01-01,40.18702359451152,0.0,13.005328150695187,526.4474590797757,0.4931117668922389,114.83445735280277,54.5590871781721,9363.425986951717,6.260302369819308,16.586303113909192,148.13962065127052,53.68070677397149,342515410.643766,0.0,110841690.8256912,53355573.47704095,141359960.868056,1262533321.1253724,8518533169.124096
16,2024-01-01,40.18702359451152,0.0,13.005328150695187,526.4474590797757,0.4931117668922389,114.83445735280277,54.5590871781721,9363.425986951717,6.260302369819308,16.586303113909192,148.13962065127052,53.68070677397149,342515410.643766,0.0,110841690.8256912,53355573.47704095,141359960.868056,1262533321.1253724,8518533169.124096
17,2024-01-01,40.18702359451152,0.0,13.005328150695187,526.4474590797757,0.4931117668922389,114.83445735280277,54.5590871781721,9363.425986951717,6.260302369819308,16.586303113909192,148.13962065127052,53.68070677397149,342515410.643766,0.0,110841690.8256912,53355573.47704095,141359960.868056,1262533321.1253724,8518533169.153062
18,2024-01-01,40.18702359451152,0.0,13.005328150695187,526.4474590797757,0.4931117668922389,114.83445735280277,54.5590871781721,9363.425986951717,6.260302369819308,16.586303113909192,148.13962065127052,53.68070677397149,342515410.643766,0.0,110841690.8256912,53355573.47704095,141359960.868056,1262533321.1253724,8518533169.124096
19,2024-01-01,40.18702359451152,0.0,13.005328150695187,526.4474590797757,0.4931117668922389,114.83445735280277,54.5590871781721,9363.425986951717,6.260302369819308,16.586303113909192,148.13962065127052,53.68070677397149,342515410.643766,0.0,110841690.8256912,53355573.47704095,141359960.868056,1262533321.1253724,8518533169.124096
20,2024-02-01,69.80811251520588,0.0,14.813435606104182,526.4474590797757,0.4931117668922389,114.83445735280277,54.5590871781721,9363.425986951717,12.345141676038804,29.380550330975975,161.5407580087395,61.97384287955276,594915687.0321305,0.0,126250661.19081524,105208909.58773415,250387791.10874164,1376727878.6185832,8518533169.124096
21,2024-02-01,69.80811251520588,0.0,14.813435606104182,526.4474590797757,0.4931117668922389,114.83445735280277,54.5590871781721,9363.425986951717,12.345141676038804,29.380550330975975,161.5407580087395,61.97384287955276,594915687.0321305,0.0,126250661.19081524,105208909.58773415,250387791.10874164,1376727878.6185832,8518533169.124096
22,2024-02-01,69.80811251520588,0.0,14.813435606104182,526.4474590797757,0.4931117668922389,114.83445735280277,54.5590871781721,9363.425986951717,12.345141676038804,29.380550330975975,161.5407580087395,61.97384287955276,594915687.0321305,0.0,126250661.19081524,105208909.58773415,250387791.10874164,1376727878.6185832,8518533169.124096
23,2024-02-01,69.80811251520588,0.0,14.813435606104182,526.4474590797757,0.4931117668922389,114.83445735280277,54.5590871781721,9363.425986951717,12.345141676038804,29.380550330975975,161.5407580087395,61.97384287955276,594915687.0321305,0.0,126250661.19081524,105208909.58773415,250387791.10874164,1376727878.6185832,8518533169.153062
24,2024-02-01,69.80811251520588,0.0,14.813435606104182,526.4474590797757,0.4931117668922389,114.83445735280277,54.5590871781721,9363.425986951717,12.345141676038804,29.380550330975975,161.5407580087395,61.97384287955276,594915687.0321305,0.0,126250661.19081524,105208909.58773415,250387791.10874164,1376727878.6185832,8518533169.124096
25,2024-02-01,69.80811251520588,0.0,14.813435606104182,526.4474590797757,0.4931117668922389,114.83445735280277,54.5590871781721,9363.425986951717,12.345141676038804,29.380550330975975,161.5407580087395,61.97384287955276,594915687.0321305,0.0,126250661.19081524,105208909.58773415,250387791.10874164,1376727878.6185832,8518533169.124096
26,2024-02-01,69.80811251520588,0.0,14.813435606104182,526.4474590797757,0.4931117668922389,114.83445735280277,54.5590871781721,9363.425986951717,12.345141676038804,29.380550330975975,161.5407580087395,61.97384287955276,594915687.0321305,0.0,126250661.19081524,105208909.58773415,250387791.10874164,1376727878.6185832,8518533169.124096
27,2024-02-01,69.80811251520588,0.0,14.813435606104182,526.4474590797757,0.4931117668922389,114.83445735280277,54.5590871781721,9363.425986951717,12.345141676038804,29.380550330975975,161.5407580087395,61.97384287955276,594915687.0321305,0.0,126250661.19081524,105208909.58773415,250387791.10874164,1376727878.6185832,8518533169.124096
28,2024-02-01,69.80811251520588,0.0,14.813435606104182,526.4474590797757,0.4931117668922389,114.83445735280277,54.5590871781721,9363.425986951717,12.345141676038804,29.380550330975975,161.5407580087395,61.97384287955276,594915687.0321305,0.0,126250661.19081524,105208909.58773415,250387791.10874164,1376727878.6185832,8518533169.124096
29,2024-02-01,69.80811251520588,0.0,14.813435606104182,526.4474590797757,0.4931117668922389,114.83445735280277,54.5590871781721,9363.425986951717,12.345141676038804,29.380550330975975,161.5407580087395,61.97384287955276,594915687.0321305,0.0,126250661.19081524,105208909.58773415,250387791.10874164,1376727878.6185832,8518533169.124096
30,2024-02-01,69.80811251520588,0.0,14.813435606104182,526.4474590797757,0.4931117668922389,114.83445735280277,54.5590871781721,9363.425986951717,12.345141676038804,29.380550330975975,161.5407580087395,61.97384287955276,594915687.0321305,0.0,126250661.19081524,105208909.58773415,250387791.10874164,1376727878.6185832,8518533169.124096
31,2024-02-01,69.80811251520588,0.0,14.813435606104182,526.4474590797757,0.4931117668922389,114.83445735280277,54.5590871781721,9363.425986951717,12.345141676038804,29.380550330975975,161.5407580087395,61.97384287955276,594915687.0321305,0.0,126250661.19081524,105208909.58773415,250387791.10874164,1376727878.6185832,8518533169.124096
32,2024-02-01,69.80811251520588,0.0,14.813435606104182,526.4474590797757,0.4931117668922389,114.83445735280277,54.5590871781721,9363.425986951717,12.345141676038804,29.380550330975975,161.5407580087395,61.97384287955276,594915687.0321305,0.0,126250661.19081524,105208909.58773415,250387791.10874164,1376727878.6185832,8518533169.124096
33,2024-02-01,69.80811251520588,0.0,14.813435606104182,526.4474590797757,0.4931117668922389,114.83445735280277,54.5590871781721,9363.425986951717,12.345141676038804,29.380550330975975,161.5407580087395,61.97384287955276,594915687.0321305,0.0,126250661.19081524,105208909.58773415,250387791.10874164,1376727878.6185832,8518533169.124096
34,2024-02-01,69.80811251520588,0.0,14.813435606104182,526.4474590797757,0.4931117668922389,114.83445735280277,54.5590871781721,9363.425986951717,12.345141676038804,29.380550330975975,161.5407580087395,61.97384287955276,594915687.0321305,0.0,126250661.19081524,105208909.58773415,250387791.10874164,1376727878.6185832,8518533169.124096
35,2024-02-01,69.80811251520588,0.0,14.813435606104182,526.4474590797757,0.4931117668922389,114.83445735280277,54.5590871781721,9363.425986951717,12.345141676038804,29.380550330975975,161.5407580087395,61.97384287955276,594915687.0321305,0.0,126250661.19081524,105208909.58773415,250387791.10874164,1376727878.6185832,8518533169.124096
36,2024-02-01,69.80811251520588,0.0,14.813435606104182,526.4474590797757,0.4931117668922389,114.83445735280277,54.5590871781721,9363.425986951717,12.345141676038804,29.380550330975975,161.5407580087395,61.97384287955276,594915687.0321305,0.0,126250661.19081524,105208909.58773415,250387791.10874164,1376727878.6185832,8518533169.124096
37,2024-02-01,69.80811251520588,0.0,14.813435606104182,526.4474590797757,0.4931117668922389,114.83445735280277,54.5590871781721,9363.425986951717,12.345141676038804,29.380550330975975,161.5407580087395,61.97384287955276,594915687.0321305,0.0,126250661.19081524,105208909.58773415,250387791.10874164,1376727878.6185832,8518533169.124096
38,2024-02-01,69.80811251520588,0.0,14.813435606104182,526.4474590797757,0.4931117668922389,114.83445735280277,54.5590871781721,9363.425986951717,12.345141676038804,29.380550330975975,161.5407580087395,61.97384287955276,594915687.0321305,0.0,126250661.19081524,105208909.58773415,250387791.10874164,1376727878.6185832,8518533169.124096
39,2024-02-01,69.80811251520588,0.0,14.813435606104182,526.4474590797757,0.4931117668922389,114.83445735280277,54.5590871781721,9363.425986951717,12.345141676038804,29.380550330975975,161.5407580087395,61.97384287955276,594915687.0321305,0.0,126250661.19081524,105208909.58773415,250387791.10874164,1376727878.6185832,8518533169.124096
40,2024-03-01,62.2139169062415,0.0,16.798251549616502,526.4474590797757,0.4931117668922389,114.83445735280277,54.5590871781721,9363.425986951717,13.362723060580839,28.9293736702759,165.07545683151253,64.17281740420964,530236296.7427357,0.0,143170417.91571394,113885334.64254524,246555247.01884705,1406856774.871691,8518533169.124096
41,2024-03-01,62.2139169062415,0.0,16.798251549616502,526.4474590797757,0.4931117668922389,114.83445735280277,54.5590871781721,9363.425986951717,13.362723060580839,28.9293736702759,165.07545683151253,64.17281740420964,530236296.7427357,0.0,143170417.91571394,113885334.64254524,246555247.01884705,1406856774.871691,8518533169.124096
42,2024-03-01,62.2139169062415,0.0,16.798251549616502,526.4474590797757,0.4931117668922389,114.83445735280277,54.5590871781721,9363.425986951717,13.362723060580839,28.9293736702759,165.07545683151253,64.17281740420964,530236296.7427357,0.0,143170417.91571394,113885334.64254524,246555247.01884705,1406856774.871691,8518533169.153062
43,2024-03-01,62.2139169062415,0.0,16.798251549616502,526.4474590797757,0.4931117668922389,114.83445735280277,54.5590871781721,9363.425986951717,13.362723060580839,28.9293736702759,165.07545683151253,64.17281740420964,530236296.7427357,0.0,143170417.91571394,113885334.64254524,246555247.01884705,1406856774.871691,8518533169.124096
44,2024-03-01,62.2139169062415,0.0,16.798251549616502,526.4474590797757,0.4931117668922389,114.83445735280277,54.5590871781721,9363.425986951717,13.362723060580839,28.9293736702759,165.07545683151253,64.17281740420964,530236296.7427357,0.0,143170417.91571394,113885334.64254524,246555247.01884705,1406856774.871691,8518533169.124096
45,2024-03-01,62.2139169062415,0.0,16.798251549616502,526.4474590797757,0.4931117668922389,114.83445735280277,54.5590871781721,9363.425986951717,13.362723060580839,28.9293736702759,165.07545683151253,64.17281740420964,530236296.7427357,0.0,143170417.91571394,113885334.64254524,246555247.01884705,1406856774.871691,8518533169.124096
46,2024-03-01,62.2139169062415,0.0,16.798251549616502,526.4474590797757,0.4931117668922389,114.83445735280277,54.5590871781721,9363.425986951717,13.362723060580839,28.9293736702759,165.07545683151253,64.17281740420964,530236296.7427357,0.0,143170417.91571394,113885334.64254524,246555247.01884705,1406856774.871691,8518533169.124096
47,2024-03-01,62.2139169062415,0.0,16.798251549616502,526.4474590797757,0.4931117668922389,114.83445735280277,54.5590871781721,9363.425986951717,13.362723060580839,28.9293736702759,165.07545683151253,64.17281740420964,530236296.7427357,0.0,143170417.91571394,113885334.64254524,246555247.01884705,1406856774.871691,8518533169.124096
48,2024-03-01,62.2139169062415,0.0,16.798251549616502,526.4474590797757,0.4931117668922389,114.83445735280277,54.5590871781721,9363.425986951717,13.362723060580839,28.9293736702759,165.07545683151253,64.17281740420964,530236296.7427357,0.0,143170417.91571394,113885334.64254524,246555247.01884705,1406856774.871691,8518533169.124096
49,2024-03-01,62.2139169062415,0.0,16.798251549616502,526.4474590797757,0.4931117668922389,114.83445735280277,54.5590871781721,9363.425986951717,13.362723060580839,28.9293736702759,165.07545683151253,64.17281740420964,530236296.7427357,0.0,143170417.91571394,113885334.64254524,246555247.01884705,1406856774.871691,8518533169.124096
50,2024-03-01,62.2139169062415,0.0,16.798251549616502,526.4474590797757,0.4931117668922389,114.83445735280277,54.5590871781721,9363.425986951717,13.362723060580839,28.9293736702759,165.07545683151253,64.17281740420964,530236296.7427357,0.0,143170417.91571394,113885334.64254524,246555247.01884705,1406856774.871691,8518533169.124096
51,2024-03-01,62.2139169062415,0.0,16.798251549616502,526.4474590797757,0.4931117668922389,114.83445735280277,54.5590871781721,9363.425986951717,13.362723060580839,28.9293736702759,165.07545683151253,64.17281740420964,530236296.7427357,0.0,143170417.91571394,113885334.64254524,246555247.01884705,1406856774.871691,8518533169.124096
52,2024-03-01,62.2139169062415,0.0,16.798251549616502,526.4474590797757,0.4931117668922389,114.83445735280277,54.5590871781721,9363.425986951717,13.362723060580839,28.9293736702759,165.07545683151253,64.17281740420964,530236296.7427357,0.0,143170417.91571394,113885334.64254524,246555247.01884705,1406856774.871691,8518533169.124096
53,2024-03-01,62.2139169062415,0.0,16.798251549616502,526.4474590797757,0.4931117668922389,114.83445735280277,54.5590871781721,9363.425986951717,13.362723060580839,28.9293736702759,165.07545683151253,64.17281740420964,530236296.7427357,0.0,143170417.91571394,113885334.64254524,246555247.01884705,1406856774.871691,8518533169.124096
54,2024-03-01,62.2139169062415,0.0,16.798251549616502,526.4474590797757,0.4931117668922389,114.83445735280277,54.5590871781721,9363.425986951717,13.362723060580839,28.9293736702759,165.07545683151253,64.17281740420964,530236296.7427357,0.0,143170417.91571394,113885334.64254524,246555247.01884705,1406856774.871691,8518533169.124096
55,2024-03-01,62.2139169062415,0.0,16.798251549616502,526.4474590797757,0.4931117668922389,114.83445735280277,54.5590871781721,9363.425986951717,13.362723060580839,28.9293736702759,165.07545683151253,64.17281740420964,530236296.7427357,0.0,143170417.91571394,113885334.64254524,246555247.01884705,1406856774.871691,8518533169.124096
56,2024-03-01,62.2139169062415,0.0,16.798251549616502,526.4474590797757,0.4931117668922389,114.83445735280277,54.5590871781721,9363.425986951717,13.362723060580839,28.9293736702759,165.07545683151253,64.17281740420964,530236296.7427357,0.0,143170417.91571394,113885334.64254524,246555247.01884705,1406856774.871691,8518533169.124096
57,2024-03-01,62.2139169062415,0.0,16.798251549616502,526.4474590797757,0.4931117668922389,114.83445735280277,54.5590871781721,9363.425986951717,13.362723060580839,28.9293736702759,165.07545683151253,64.17281740420964,530236296.7427357,0.0,143170417.91571394,113885334.64254524,246555247.01884705,1406856774.871691,8518533169.124096
58,2024-03-01,62.2139169062415,0.0,16.798251549616502,526.4474590797757,0.4931117668922389,114.83445735280277,54.5590871781721,9363.425986951717,13.362723060580839,28.9293736702759,165.07545683151253,64.17281740420964,530236296.7427357,0.0,143170417.91571394,113885334.64254524,246555247.01884705,1406856774.871691,8518533169.124096
59,2024-03-01,62.2139169062415,0.0,16.798251549616502,526.4474590797757,0.4931117668922389,114.83445735280277,54.5590871781721,9363.425986951717,13.362723060580839,28.9293736702759,165.07545683151253,64.17281740420964,530236296.7427357,0.0,143170417.91571394,113885334.64254524,246555247.01884705,1406856774.871691,8518533169.124096
60,2024-04-01,28.16634557185307,1.5928255007012053,18.384635624504078,526.4474590797757,0.4931117668922389,114.83445735280277,54.5590871781721,9363.425986951717,5.413025462377487,18.53303605535537,155.6153146507128,58.18604509994864,240094917.72374436,13575240.857505037,156690084.43281728,46140048.98699464,157965081.57395142,1326247995.0991132,8518533169.124096
61,2024-04-01,28.16634557185307,1.5928255007012053,18.384635624504078,526.4474590797757,0.4931117668922389,114.83445735280277,54.5590871781721,9363.425986951717,5.413025462377487,18.53303605535537,155.6153146507128,58.18604509994864,240094917.72374436,13575240.857505037,156690084.43281728,46140048.98699464,157965081.57395142,1326247995.0991132,8518533169.124096
62,2024-04-01,28.16634557185307,1.5928255007012053,18.384635624504078,526.4474590797757,0.4931117668922389,114.83445735280277,54.5590871781721,9363.425986951717,5.413025462377487,18.53303605535537,155.6153146507128,58.18604509994864,240094917.72374436,13575240.857505037,156690084.43281728,46140048.98699464,157965081.57395142,1326247995.0991132,8518533169.124096
63,2024-04-01,28.16634557185307,1.5928255007012053,18.384635624504078,526.4474590797757,0.4931117668922389,114.83445735280277,54.5590871781721,9363.425986951717,5.413025462377487,18.53303605535537,155.6153146507128,58.18604509994864,240094917.72374436,13575240.857505037,156690084.43281728,46140048.98699464,157965081.57395142,1326247995.0991132,8518533169.124096
64,2024-04-01,28.16634557185307,1.5928255007012053,18.384635624504078,526.4474590797757,0.4931117668922389,114.83445735280277,54.5590871781721,9363.425986951717,5.413025462377487,18.53303605535537,155.6153146507128,58.18604509994864,240094917.72374436,13575240.857505037,156690084.43281728,46140048.98699464,157965081.57395142,1326247995.0991132,8518533169.153062
65,2024-04-01,28.16634557185307,1.5928255007012053,18.384635624504078,526.4474590797757,0.4931117668922389,114.83445735280277,54.5590871781721,9363.425986951717,5.413025462377487,18.53303605535537,155.6153146507128,58.18604509994864,240094917.72374436,13575240.857505037,156690084.43281728,46140048.98699464,157965081.57395142,1326247995.0991132,8518533169.124096
66,2024-04-01,28.16634557185307,1.5928255007012053,18.384635624504078,526.4474590797757,0.4931117668922389,114.83445735280277,54.5590871781721,9363.425986951717,5.413025462377487,18.53303605535537,155.6153146507128,58.18604509994864,240094917.72374436,13575240.857505037,156690084.43281728,46140048.98699464,157965081.57395142,1326247995.0991132,8518533169.124096
67,2024-04-01,28.16634557185307,1.5928255007012053,18.384635624504078,526.4474590797757,0.4931117668922389,114.83445735280277,54.5590871781721,9363.425986951717,5.413025462377487,18.53303605535537,155.6153146507128,58.18604509994864,240094917.72374436,13575240.857505037,156690084.43281728,46140048.98699464,157965081.57395142,1326247995.0991132,8518533169.124096
68,2024-04-01,28.16634557185307,1.5928255007012053,18.384635624504078,526.4474590797757,0.4931117668922389,114.83445735280277,54.5590871781721,9363.425986951717,5.413025462377487,18.53303605535537,155.6153146507128,58.18604509994864,240094917.72374436,13575240.857505037,156690084.43281728,46140048.98699464,157965081.57395142,1326247995.0991132,8518533169.124096
69,2024-04-01,28.16634557185307,1.5928255007012053,18.384635624504078,526.4474590797757,0.4931117668922389,114.83445735280277,54.5590871781721,9363.425986951717,5.413025462377487,18.53303605535537,155.6153146507128,58.18604509994864,240094917.72374436,13575240.857505037,156690084.43281728,46140048.98699464,157965081.57395142,1326247995.0991132,8518533169.124096
70,2024-04-01,28.16634557185307,1.5928255007012053,18.384635624504078,526.4474590797757,0.4931117668922389,114.83445735280277,54.5590871781721,9363.425986951717,5.413025462377487,18.53303605535537,155.6153146507128,58.18604509994864,240094917.72374436,13575240.857505037,156690084.43281728,46140048.98699464,157965081.57395142,1326247995.0991132,8518533169.124096
71,2024-04-01,28.16634557185307,1.5928255007012053,18.384635624504078,526.4474590797757,0.4931117668922389,114.83445735280277,54.5590871781721,9363.425986951717,5.413025462377487,18.53303605535537,155.6153146507128,58.18604509994864,240094917.72374436,13575240.857505037,156690084.43281728,46140048.98699464,157965081.57395142,1326247995.0991132,8518533169.124096
72,2024-04-01,28.16634557185307,1.5928255007012053,18.384635624504078,526.4474590797757,0.4931117668922389,114.83445735280277,54.5590871781721,9363.425986951717,5.413025462377487,18.53303605535537,155.6153146507128,58.18604509994864,240094917.72374436,13575240.857505037,156690084.43281728,46140048.98699464,157965081.57395142,1326247995.0991132,8518533169.124096
73,2024-04-01,28.16634557185307,1.5928255007012053,18.384635624504078,526.4474590797757,0.4931117668922389,114.83445735280277,54.5590871781721,9363.425986951717,5.413025462377487,18.53303605535537,155.6153146507128,58.18604509994864,240094917.72374436,13575240.857505037,156690084.43281728,46140048.98699464,157965081.57395142,1326247995.0991132,8518533169.124096
74,2024-04-01,28.16634557185307,1.5928255007012053,18.384635624504078,526.4474590797757,0.4931117668922389,114.83445735280277,54.5590871781721,9363.425986951717,5.413025462377487,18.53303605535537,155.6153146507128,58.18604509994864,240094917.72374436,13575240.857505037,156690084.43281728,46140048.98699464,157965081.57395142,1326247995.0991132,8518533169.124096
75,2024-04-01,28.16634557185307,1.5928255007012053,18.384635624504078,526.4474590797757,0.4931117668922389,114.83445735280277,54.5590871781721,9363.425986951717,5.413025462377487,18.53303605535537,155.6153146507128,58.18604509994864,240094917.72374436,13575240.857505037,156690084.43281728,46140048.98699464,157965081.57395142,1326247995.0991132,8518533169.124096
76,2024-04-01,28.16634557185307,1.5928255007012053,18.384635624504078,526.4474590797757,0.4931117668922389,114.83445735280277,54.5590871781721,9363.425986951717,5.413025462377487,18.53303605535537,155.6153146507128,58.18604509994864,240094917.72374436,13575240.857505037,156690084.43281728,46140048.98699464,157965081.57395142,1326247995.0991132,8518533169.124096
77,2024-04-01,28.16634557185307,1.5928255007012053,18.384635624504078,526.4474590797757,0.4931117668922389,114.83445735280277,54.5590871781721,9363.425986951717,5.413025462377487,18.53303605535537,155.6153146507128,58.18604509994864,240094917.72374436,13575240.857505037,156690084.43281728,46140048.98699464,157965081.57395142,1326247995.0991132,8518533169.124096
78,2024-04-01,28.16634557185307,1.5928255007012053,18.384635624504078,526.4474590797757,0.4931117668922389,114.83445735280277,54.5590871781721,9363.425986951717,5.413025462377487,18.53303605535537,155.6153146507128,58.18604509994864,240094917.72374436,13575240.857505037,156690084.43281728,46140048.98699464,157965081.57395142,1326247995.0991132,8518533169.124096
79,2024-04-01,28.16634557185307,1.5928255007012053,18.384635624504078,526.4474590797757,0.4931117668922389,114.83445735280277,54.5590871781721,9363.425986951717,5.413025462377487,18.53303605535537,155.6153146507128,58.18604509994864,240094917.72374436,13575240.857505037,156690084.43281728,46140048.98699464,157965081.57395142,1326247995.0991132,8518533169.124096
80,2024-05-01,7.777813951705861,4.141346239958286,23.84352220062793,526.4474590797757,0.4931117668922389,114.83445735280277,54.5590871781721,9363.425986951717,0.8994288242344861,6.163082345932787,145.0446305809718,51.822253864714106,66305056.556829214,35295625.702191815,203221676.6819658,7666758.843208613,52537373.95974557,1236149763.4986875,8518533169.124096
81,2024-05-01,7.777813951705861,4.141346239958286,23.84352220062793,526.4474590797757,0.4931117668922389,114.83445735280277,54.5590871781721,9363.425986951717,0.8994288242344861,6.163082345932787,145.0446305809718,51.822253864714106,66305056.556829214,35295625.702191815,203221676.6819658,7666758.843208613,52537373.95974557,1236149763.4986875,8518533169.124096
82,2024-05-01,7.777813951705861,4.141346239958286,23.84352220062793,526.4474590797757,0.4931117668922389,114.83445735280277,54.5590871781721,9363.425986951717,0.8994288242344861,6.163082345932787,145.0446305809718,51.822253864714106,66305056.556829214,35295625.702191815,203221676.6819658,7666758.843208613,52537373.95974557,1236149763.4986875,8518533169.124096
83,2024-05-01,7.777813951705861,4.141346239958286,23.84352220062793,526.4474590797757,0.4931117668922389,114.83445735280277,54.5590871781721,9363.425986951717,0.8994288242344861,6.163082345932787,145.0446305809718,51.822253864714106,66305056.556829214,35295625.702191815,203221676.6819658,7666758.843208613,52537373.95974557,1236149763.4986875,8518533169.124096
84,2024-05-01,7.777813951705861,4.141346239958286,23.84352220062793,526.4474590797757,0.4931117668922389,114.83445735280277,54.5590871781721,9363.425986951717,0.8994288242344861,6.163082345932787,145.0446305809718,51.822253864714106,66305056.556829214,35295625.702191815,203221676.6819658,7666758.843208613,52537373.95974557,1236149763.4986875,8518533169.124096
85,2024-05-01,7.777813951705861,4.141346239958286,23.84352220062793,526.4474590797757,0.4931117668922389,114.83445735280277,54.5590871781721,9363.425986951717,0.8994288242344861,6.163082345932787,145.0446305809718,51.822253864714106,66305056.556829214,35295625.702191815,203221676.6819658,7666758.843208613,52537373.95974557,1236149763.4986875,8518533169.124096
86,2024-05-01,7.777813951705861,4.141346239958286,23.84352220062793,526.4474590797757,0.4931117668922389,114.83445735280277,54.5590871781721,9363.425986951717,0.8994288242344861,6.163082345932787,145.0446305809718,51.822253864714106,66305056.556829214,35295625.702191815,203221676.6819658,7666758.843208613,52537373.95974557,1236149763.4986875,8518533169.124096
87,2024-05-01,7.777813951705861,4.141346239958286,23.84352220062793,526.4474590797757,0.4931117668922389,114.83445735280277,54.5590871781721,9363.425986951717,0.8994288242344861,6.163082345932787,145.0446305809718,51.822253864714106,66305056.556829214,35295625.702191815,203221676.6819658,7666758.843208613,52537373.95974557,1236149763.4986875,8518533169.124096
88,2024-05-01,7.777813951705861,4.141346239958286,23.84352220062793,526.4474590797757,0.4931117668922389,114.83445735280277,54.5590871781721,9363.425986951717,0.8994288242344861,6.163082345932787,145.0446305809718,51.822253864714106,66305056.556829214,35295625.702191815,203221676.6819658,7666758.843208613,52537373.95974557,1236149763.4986875,8518533169.124096
89,2024-05-01,7.777813951705861,4.141346239958286,23.84352220062793,526.4474590797757,0.4931117668922389,114.83445735280277,54.5590871781721,9363.425986951717,0.8994288242344861,6.163082345932787,145.0446305809718,51.822253864714106,66305056.556829214,35295625.702191815,203221676.6819658,7666758.843208613,52537373.95974557,1236149763.4986875,8518533169.124096
90,2024-05-01,7.777813951705861,4.141346239958286,23.84352220062793,526.4474590797757,0.4931117668922389,114.83445735280277,54.5590871781721,9363.425986951717,0.8994288242344861,6.163082345932787,145.0446305809718,51.822253864714106,66305056.556829214,35295625.702191815,203221676.6819658,7666758.843208613,52537373.95974557,1236149763.4986875,8518533169.124096
91,2024-05-01,7.777813951705861,4.141346239958286,23.84352220062793,526.4474590797757,0.4931117668922389,114.83445735280277,54.5590871781721,9363.425986951717,0.8994288242344861,6.163082345932787,145.0446305809718,51.822253864714106,66305056.556829214,35295625.702191815,203221676.6819658,7666758.843208613,52537373.95974557,1236149763.4986875,8518533169.153062
92,2024-05-01,7.777813951705861,4.141346239958286,23.84352220062793,526.4474590797757,0.4931117668922389,114.83445735280277,54.5590871781721,9363.425986951717,0.8994288242344861,6.163082345932787,145.0446305809718,51.822253864714106,66305056.556829214,35295625.702191815,203221676.6819658,7666758.843208613,52537373.95974557,1236149763.4986875,8518533169.124096
93,2024-05-01,7.777813951705861,4.141346239958286,23.84352220062793,526.4474590797757,0.4931117668922389,114.83445735280277,54.5590871781721,9363.425986951717,0.8994288242344861,6.163082345932787,145.0446305809718,51.822253864714106,66305056.556829214,35295625.702191815,203221676.6819658,7666758.843208613,52537373.95974557,1236149763.4986875,8518533169.124096
94,2024-05-01,7.777813951705861,4.141346239958286,23.84352220062793,526.4474590797757,0.4931117668922389,114.83445735280277,54.5590871781721,9363.425986951717,0.8994288242344861,6.163082345932787,145.0446305809718,51.822253864714106,66305056.556829214,35295625.702191815,203221676.6819658,7666758.843208613,52537373.95974557,1236149763.4986875,8518533169.124096
95,2024-05-01,7.777813951705861,4.141346239958286,23.84352220062793,526.4474590797757,0.4931117668922389,114.83445735280277,54.5590871781721,9363.425986951717,0.8994288242344861,6.163082345932787,145.0446305809718,51.822253864714106,66305056.556829214,35295625.702191815,203221676.6819658,7666758.843208613,52537373.95974557,1236149763.4986875,8518533169.124096
96,2024-05-01,7.777813951705861,4.141346239958286,23.84352220062793,526.4474590797757,0.4931117668922389,114.83445735280277,54.5590871781721,9363.425986951717,0.8994288242344861,6.163082345932787,145.0446305809718,51.822253864714106,66305056.556829214,35295625.702191815,203221676.6819658,7666758.843208613,52537373.95974557,1236149763.4986875,8518533169.124096
97,2024-05-01,7.777813951705861,4.141346239958286,23.84352220062793,526.4474590797757,0.4931117668922389,114.83445735280277,54.5590871781721,9363.425986951717,0.8994288242344861,6.163082345932787,145.0446305809718,51.822253864714106,66305056.556829214,35295625.702191815,203221676.6819658,7666758.843208613,52537373.95974557,1236149763.4986875,8518533169.124096
98,2024-05-01,7.777813951705861,4.141346239958286,23.84352220062793,526.4474590797757,0.4931117668922389,114.83445735280277,54.5590871781721,9363.425986951717,0.8994288242344861,6.163082345932787,145.0446305809718,51.822253864714106,66305056.556829214,35295625.702191815,203221676.6819658,7666758.843208613,52537373.95974557,1236149763.4986875,8518533169.124096
99,2024-05-01,7.777813951705861,4.141346239958286,23.84352220062793,526.4474590797757,0.4931117668922389,114.83445735280277,54.5590871781721,9363.425986951717,0.8994288242344861,6.163082345932787,145.0446305809718,51.822253864714106,66305056.556829214,35295625.702191815,203221676.6819658,7666758.843208613,52537373.95974557,1236149763.4986875,8518533169.124096
100,2024-06-01,2.8517644037616394,6.371302002804821,27.78440654576402,526.4474590797757,0.4931117668922389,114.83445735280277,54.5590871781721,9363.425986951717,0.6176700803249124,1.813171069550509,138.91419461285102,48.33208175608879,24313857.456953913,54300963.430020146,236817562.73917064,5264855.855531727,15457955.7741123,1183890867.593307,8518533169.124096
101,2024-06-01,2.8517644037616394,6.371302002804821,27.78440654576402,526.4474590797757,0.4931117668922389,114.83445735280277,54.5590871781721,9363.425986951717,0.6176700803249124,1.813171069550509,138.91419461285102,48.33208175608879,24313857.456953913,54300963.430020146,236817562.73917064,5264855.855531727,15457955.7741123,1183890867.593307,8518533169.124096
102,2024-06-01,2.8517644037616394,6.371302002804821,27.78440654576402,526.4474590797757,0.4931117668922389,114.83445735280277,54.5590871781721,9363.425986951717,0.6176700803249124,1.813171069550509,138.91419461285102,48.33208175608879,24313857.456953913,54300963.430020146,236817562.73917064,5264855.855531727,15457955.7741123,1183890867.593307,8518533169.124096
103,2024-06-01,2.8517644037616394,6.371302002804821,27.78440654576402,526.4474590797757,0.4931117668922389,114.83445735280277,54.5590871781721,9363.425986951717,0.6176700803249124,1.813171069550509,138.91419461285102,48.33208175608879,24313857.456953913,54300963.430020146,236817562.73917064,5264855.855531727,15457955.7741123,1183890867.593307,8518533169.153062
104,2024-06-01,2.8517644037616394,6.371302002804821,27.78440654576402,526.4474590797757,0.4931117668922389,114.83445735280277,54.5590871781721,9363.425986951717,0.6176700803249124,1.813171069550509,138.91419461285102,48.33208175608879,24313857.456953913,54300963.430020146,236817562.73917064,5264855.855531727,15457955.7741123,1183890867.593307,8518533169.124096
105,2024-06-01,2.8517644037616394,6.371302002804821,27.78440654576402,526.4474590797757,0.4931117668922389,114.83445735280277,54.5590871781721,9363.425986951717,0.6176700803249124,1.813171069550509,138.91419461285102,48.33208175608879,24313857.456953913,54300963.430020146,236817562.73917064,5264855.855531727,15457955.7741123,1183890867.593307,8518533169.124096
106,2024-06-01,2.8517644037616394,6.371302002804821,27.78440654576402,526.4474590797757,0.4931117668922389,114.83445735280277,54.5590871781721,9363.425986951717,0.6176700803249124,1.813171069550509,138.91419461285102,48.33208175608879,24313857.456953913,54300963.430020146,236817562.73917064,5264855.855531727,15457955.7741123,1183890867.593307,8518533169.124096
107,2024-06-01,2.8517644037616394,6.371302002804821,27.78440654576402,526.4474590797757,0.4931117668922389,114.83445735280277,54.5590871781721,9363.425986951717,0.6176700803249124,1.813171069550509,138.91419461285102,48.33208175608879,24313857.456953913,54300963.430020146,236817562.73917064,5264855.855531727,15457955.7741123,1183890867.593307,8518533169.124096
108,2024-06-01,2.8517644037616394,6.371302002804821,27.78440654576402,526.4474590797757,0.4931117668922389,114.83445735280277,54.5590871781721,9363.425986951717,0.6176700803249124,1.813171069550509,138.91419461285102,48.33208175608879,24313857.456953913,54300963.430020146,236817562.73917064,5264855.855531727,15457955.7741123,1183890867.593307,8518533169.124096
109,2024-06-01,2.8517644037616394,6.371302002804821,27.78440654576402,526.4474590797757,0.4931117668922389,114.83445735280277,54.5590871781721,9363.425986951717,0.6176700803249124,1.813171069550509,138.91419461285102,48.33208175608879,24313857.456953913,54300963.430020146,236817562.73917064,5264855.855531727,15457955.7741123,1183890867.593307,8518533169.124096
110,2024-06-01,2.8517644037616394,6.371302002804821,27.78440654576402,526.4474590797757,0.4931117668922389,114.83445735280277,54.5590871781721,9363.425986951717,0.6176700803249124,1.813171069550509,138.91419461285102,48.33208175608879,24313857.456953913,54300963.430020146,236817562.73917064,5264855.855531727,15457955.7741123,1183890867.593307,8518533169.124096
111,2024-06-01,2.8517644037616394,6.371302002804821,27.78440654576402,526.4474590797757,0.4931117668922389,114.83445735280277,54.5590871781721,9363.425986951717,0.6176700803249124,1.813171069550509,138.91419461285102,48.33208175608879,24313857.456953913,54300963.430020146,236817562.73917064,5264855.855531727,15457955.7741123,1183890867.593307,8518533169.124096
112,2024-06-01,2.8517644037616394,6.371302002804821,27.78440654576402,526.4474590797757,0.4931117668922389,114.83445735280277,54.5590871781721,9363.425986951717,0.6176700803249124,1.813171069550509,138.91419461285102,48.33208175608879,24313857.456953913,54300963.430020146,236817562.73917064,5264855.855531727,15457955.7741123,1183890867.593307,8518533169.124096
113,2024-06-01,2.8517644037616394,6.371302002804821,27.78440654576402,526.4474590797757,0.4931117668922389,114.83445735280277,54.5590871781721,9363.425986951717,0.6176700803249124,1.813171069550509,138.91419461285102,48.33208175608879,24313857.456953913,54300963.430020146,236817562.73917064,5264855.855531727,15457955.7741123,1183890867.593307,8518533169.124096
114,2024-06-01,2.8517644037616394,6.371302002804821,27.78440654576402,526.4474590797757,0.4931117668922389,114.83445735280277,54.5590871781721,9363.425986951717,0.6176700803249124,1.813171069550509,138.91419461285102,48.33208175608879,24313857.456953913,54300963.430020146,236817562.73917064,5264855.855531727,15457955.7741123,1183890867.593307,8518533169.124096
115,2024-06-01,2.8517644037616394,6.371302002804821,27.78440654576402,526.4474590797757,0.4931117668922389,114.83445735280277,54.5590871781721,9363.425986951717,0.6176700803249124,1.813171069550509,138.91419461285102,48.33208175608879,24313857.456953913,54300963.430020146,236817562.73917064,5264855.855531727,15457955.7741123,1183890867.593307,8518533169.124096
116,2024-06-01,2.8517644037616394,6.371302002804821,27.78440654576402,526.4474590797757,0.4931117668922389,114.83445735280277,54.5590871781721,9363.425986951717,0.6176700803249124,1.813171069550509,138.91419461285102,48.33208175608879,24313857.456953913,54300963.430020146,236817562.73917064,5264855.855531727,15457955.7741123,1183890867.593307,8518533169.124096
117,2024-06-01,2.8517644037616394,6.371302002804821,27.78440654576402,526.4474590797757,0.4931117668922389,114.83445735280277,54.5590871781721,9363.425986951717,0.6176700803249124,1.813171069550509,138.91419461285102,48.33208175608879,24313857.456953913,54300963.430020146,236817562.73917064,5264855.855531727,15457955.7741123,1183890867.593307,8518533169.124096
118,2024-06-01,2.8517644037616394,6.371302002804821,27.78440654576402,526.4474590797757,0.4931117668922389,114.83445735280277,54.5590871781721,9363.425986951717,0.6176700803249124,1.813171069550509,138.91419461285102,48.33208175608879,24313857.456953913,54300963.430020146,236817562.73917064,5264855.855531727,15457955.7741123,1183890867.593307,8518533169.124096
119,2024-06-01,2.8517644037616394,6.371302002804821,27.78440654576402,526.4474590797757,0.4931117668922389,114.83445735280277,54.5590871781721,9363.425986951717,0.6176700803249124,1.813171069550509,138.91419461285102,48.33208175608879,24313857.456953913,54300963.430020146,236817562.73917064,5264855.855531727,15457955.7741123,1183890867.593307,8518533169.124096
120,2024-07-01,6.74115094526791,8.282692479916571,29.50531228078249,526.4474590797757,0.4931117668922389,114.83445735280277,54.5590871781721,9363.425986951717,1.3794474779772485,3.1612891883236696,137.29602425999275,47.59818039397738,57458132.586818926,70591251.40438363,251485957.20747167,11757146.9673233,26944800.822674952,1170096913.3506188,8518533169.124096
121,2024-07-01,6.74115094526791,8.282692479916571,29.50531228078249,526.4474590797757,0.4931117668922389,114.83445735280277,54.5590871781721,9363.425986951717,1.3794474779772485,3.1612891883236696,137.29602425999275,47.59818039397738,57458132.586818926,70591251.40438363,251485957.20747167,11757146.9673233,26944800.822674952,1170096913.3506188,8518533169.124096
122,2024-07-01,6.74115094526791,8.282692479916571,29.50531228078249,526.4474590797757,0.4931117668922389,114.83445735280277,54.5590871781721,9363.425986951717,1.3794474779772485,3.1612891883236696,137.29602425999275,47.59818039397738,57458132.586818926,70591251.40438363,251485957.20747167,11757146.9673233,26944800.822674952,1170096913.3506188,8518533169.124096
123,2024-07-01,6.74115094526791,8.282692479916571,29.50531228078249,526.4474590797757,0.4931117668922389,114.83445735280277,54.5590871781721,9363.425986951717,1.3794474779772485,3.1612891883236696,137.29602425999275,47.59818039397738,57458132.586818926,70591251.40438363,251485957.20747167,11757146.9673233,26944800.822674952,1170096913.3506188,8518533169.124096
124,2024-07-01,6.74115094526791,8.282692479916571,29.50531228078249,526.4474590797757,0.4931117668922389,114.83445735280277,54.5590871781721,9363.425986951717,1.3794474779772485,3.1612891883236696,137.29602425999275,47.59818039397738,57458132.586818926,70591251.40438363,251485957.20747167,11757146.9673233,26944800.822674952,1170096913.3506188,8518533169.124096
125,2024-07-01,6.74115094526791,8.282692479916571,29.50531228078249,526.4474590797757,0.4931117668922389,114.83445735280277,54.5590871781721,9363.425986951717,1.3794474779772485,3.1612891883236696,137.29602425999275,47.59818039397738,57458132.586818926,70591251.40438363,251485957.20747167,11757146.9673233,26944800.822674952,1170096913.3506188,8518533169.124096
126,2024-07-01,6.74115094526791,8.282692479916571,29.50531228078249,526.4474590797757,0.4931117668922389,114.83445735280277,54.5590871781721,9363.425986951717,1.3794474779772485,3.1612891883236696,137.29602425999275,47.59818039397738,57458132.586818926,70591251.40438363,251485957.20747167,11757146.9673233,26944800.822674952,1170096913.3506188,8518533169.124096
127,2024-07-01,6.74115094526791,8.282692479916571,29.50531228078249,526.4474590797757,0.4931117668922389,114.83445735280277,54.5590871781721,9363.425986951717,1.3794474779772485,3.1612891883236696,137.29602425999275,47.59818039397738,57458132.586818926,70591251.40438363,251485957.20747167,11757146.9673233,26944800.822674952,1170096913.3506188,8518533169.124096
128,2024-07-01,6.74115094526791,8.282692479916571,29.50531228078249,526.4474590797757,0.4931117668922389,114.83445735280277,54.5590871781721,9363.425986951717,1.3794474779772485,3.1612891883236696,137.29602425999275,47.59818039397738,57458132.586818926,70591251.40438363,251485957.20747167,11757146.9673233,26944800.822674952,1170096913.3506188,8518533169.124096
129,2024-07-01,6.74115094526791,8.282692479916571,29.50531228078249,526.4474590797757,0.4931117668922389,114.83445735280277,54.5590871781721,9363.425986951717,1.3794474779772485,3.1612891883236696,137.29602425999275,47.59818039397738,57458132.586818926,70591251.40438363,251485957.20747167,11757146.9673233,26944800.822674952,1170096913.3506188,8518533169.124096
130,2024-07-01,6.74115094526791,8.282692479916571,29.50531228078249,526.4474590797757,0.4931117668922389,114.83445735280277,54.5590871781721,9363.425986951717,1.3794474779772485,3.1612891883236696,137.29602425999275,47.59818039397738,57458132.586818926,70591251.40438363,251485957.20747167,11757146.9673233,26944800.822674952,1170096913.3506188,8518533169.124096
131,2024-07-01,6.74115094526791,8.282692479916571,29.50531228078249,526.4474590797757,0.4931117668922389,114.83445735280277,54.5590871781721,9363.425986951717,1.3794474779772485,3.1612891883236696,137.29602425999275,47.59818039397738,57458132.586818926,70591251.40438363,251485957.20747167,11757146.9673233,26944800.822674952,1170096913.3506188,8518533169.124096
132,2024-07-01,6.74115094526791,8.282692479916571,29.50531228078249,526.4474590797757,0.4931117668922389,114.83445735280277,54.5590871781721,9363.425986951717,1.3794474779772485,3.1612891883236696,137.29602425999275,47.59818039397738,57458132.586818926,70591251.40438363,251485957.20747167,11757146.9673233,26944800.822674952,1170096913.3506188,8518533169.124096
133,2024-07-01,6.74115094526791,8.282692479916571,29.50531228078249,526.4474590797757,0.4931117668922389,114.83445735280277,54.5590871781721,9363.425986951717,1.3794474779772485,3.1612891883236696,137.29602425999275,47.59818039397738,57458132.586818926,70591251.40438363,251485957.20747167,11757146.9673233,26944800.822674952,1170096913.3506188,8518533169.153062
134,2024-07-01,6.74115094526791,8.282692479916571,29.50531228078249,526.4474590797757,0.4931117668922389,114.83445735280277,54.5590871781721,9363.425986951717,1.3794474779772485,3.1612891883236696,137.29602425999275,47.59818039397738,57458132.586818926,70591251.40438363,251485957.20747167,11757146.9673233,26944800.822674952,1170096913.3506188,8518533169.124096
135,2024-07-01,6.74115094526791,8.282692479916571,29.50531228078249,526.4474590797757,0.4931117668922389,114.83445735280277,54.5590871781721,9363.425986951717,1.3794474779772485,3.1612891883236696,137.29602425999275,47.59818039397738,57458132.586818926,70591251.40438363,251485957.20747167,11757146.9673233,26944800.822674952,1170096913.3506188,8518533169.124096
136,2024-07-01,6.74115094526791,8.282692479916571,29.50531228078249,526.4474590797757,0.4931117668922389,114.83445735280277,54.5590871781721,9363.425986951717,1.3794474779772485,3.1612891883236696,137.29602425999275,47.59818039397738,57458132.586818926,70591251.40438363,251485957.20747167,11757146.9673233,26944800.822674952,1170096913.3506188,8518533169.124096
137,2024-07-01,6.74115094526791,8.282692479916571,29.50531228078249,526.4474590797757,0.4931117668922389,114.83445735280277,54.5590871781721,9363.425986951717,1.3794474779772485,3.1612891883236696,137.29602425999275,47.59818039397738,57458132.586818926,70591251.40438363,251485957.20747167,11757146.9673233,26944800.822674952,1170096913.3506188,8518533169.124096
138,2024-07-01,6.74115094526791,8.282692479916571,29.50531228078249,526.4474590797757,0.4931117668922389,114.83445735280277,54.5590871781721,9363.425986951717,1.3794474779772485,3.1612891883236696,137.29602425999275,47.59818039397738,57458132.586818926,70591251.40438363,251485957.20747167,11757146.9673233,26944800.822674952,1170096913.3506188,8518533169.124096
139,2024-07-01,6.74115094526791,8.282692479916571,29.50531228078249,526.4474590797757,0.4931117668922389,114.83445735280277,54.5590871781721,9363.425986951717,1.3794474779772485,3.1612891883236696,137.29602425999275,47.59818039397738,57458132.586818926,70591251.40438363,251485957.20747167,11757146.9673233,26944800.822674952,1170096913.3506188,8518533169.124096
140,2024-08-01,23.006254387380654,6.689867203553928,33.22749726876502,526.4474590797757,0.4931117668922389,114.83445735280277,54.5590871781721,9363.425986951717,2.6266576373647825,10.31589519929984,135.41791469507163,47.66830697943803,196114644.24182996,57016012.45876771,283214190.01727843,22387843.318440918,87934085.21929464,1154090826.143349,8518533169.124096
141,2024-08-01,23.006254387380654,6.689867203553928,33.22749726876502,526.4474590797757,0.4931117668922389,114.83445735280277,54.5590871781721,9363.425986951717,2.6266576373647825,10.31589519929984,135.41791469507163,47.66830697943803,196114644.24182996,57016012.45876771,283214190.01727843,22387843.318440918,87934085.21929464,1154090826.143349,8518533169.124096
142,2024-08-01,23.006254387380654,6.689867203553928,33.22749726876502,526.4474590797757,0.4931117668922389,114.83445735280277,54.5590871781721,9363.425986951717,2.6266576373647825,10.31589519929984,135.41791469507163,47.66830697943803,196114644.24182996,57016012.45876771,283214190.01727843,22387843.318440918,87934085.21929464,1154090826.143349,8518533169.124096
143,2024-08-01,23.006254387380654,6.689867203553928,33.22749726876502,526.4474590797757,0.4931117668922389,114.83445735280277,54.5590871781721,9363.425986951717,2.6266576373647825,10.31589519929984,135.41791469507163,47.66830697943803,196114644.24182996,57016012.45876771,283214190.01727843,22387843.318440918,87934085.21929464,1154090826.143349,8518533169.124096
144,2024-08-01,23.006254387380654,6.689867203553928,33.22749726876502,526.4474590797757,0.4931117668922389,114.83445735280277,54.5590871781721,9363.425986951717,2.6266576373647825,10.31589519929984,135.41791469507163,47.66830697943803,196114644.24182996,57016012.45876771,283214190.01727843,22387843.318440918,87934085.21929464,1154090826.143349,8518533169.124096
145,2024-08-01,23.006254387380654,6.689867203553928,33.22749726876502,526.4474590797757,0.4931117668922389,114.83445735280277,54.5590871781721,9363.425986951717,2.6266576373647825,10.31589519929984,135.41791469507163,47.66830697943803,196114644.24182996,57016012.45876771,283214190.01727843,22387843.318440918,87934085.21929464,1154090826.143349,8518533169.153062
146,2024-08-01,23.006254387380654,6.689867203553928,33.22749726876502,526.4474590797757,0.4931117668922389,114.83445735280277,54.5590871781721,9363.425986951717,2.6266576373647825,10.31589519929984,135.41791469507163,47.66830697943803,196114644.24182996,57016012.45876771,283214190.01727843,22387843.318440918,87934085.21929464,1154090826.143349,8518533169.124096
147,2024-08-01,23.006254387380654,6.689867203553928,33.22749726876502,526.4474590797757,0.4931117668922389,114.83445735280277,54.5590871781721,9363.425986951717,2.6266576373647825,10.31589519929984,135.41791469507163,47.66830697943803,196114644.24182996,57016012.45876771,283214190.01727843,22387843.318440918,87934085.21929464,1154090826.143349,8518533169.124096
148,2024-08-01,23.006254387380654,6.689867203553928,33.22749726876502,526.4474590797757,0.4931117668922389,114.83445735280277,54.5590871781721,9363.425986951717,2.6266576373647825,10.31589519929984,135.41791469507163,47.66830697943803,196114644.24182996,57016012.45876771,283214190.01727843,22387843.318440918,87934085.21929464,1154090826.143349,8518533169.124096
149,2024-08-01,23.006254387380654,6.689867203553928,33.22749726876502,526.4474590797757,0.4931117668922389,114.83445735280277,54.5590871781721,9363.425986951717,2.6266576373647825,10.31589519929984,135.41791469507163,47.66830697943803,196114644.24182996,57016012.45876771,283214190.01727843,22387843.318440918,87934085.21929464,1154090826.143349,8518533169.124096
150,2024-08-01,23.006254387380654,6.689867203553928,33.22749726876502,526.4474590797757,0.4931117668922389,114.83445735280277,54.5590871781721,9363.425986951717,2.6266576373647825,10.31589519929984,135.41791469507163,47.66830697943803,196114644.24182996,57016012.45876771,283214190.01727843,22387843.318440918,87934085.21929464,1154090826.143349,8518533169.124096
151,2024-08-01,23.006254387380654,6.689867203553928,33.22749726876502,526.4474590797757,0.4931117668922389,114.83445735280277,54.5590871781721,9363.425986951717,2.6266576373647825,10.31589519929984,135.41791469507163,47.66830697943803,196114644.24182996,57016012.45876771,283214190.01727843,22387843.318440918,87934085.21929464,1154090826.143349,8518533169.124096
152,2024-08-01,23.006254387380654,6.689867203553928,33.22749726876502,526.4474590797757,0.4931117668922389,114.83445735280277,54.5590871781721,9363.425986951717,2.6266576373647825,10.31589519929984,135.41791469507163,47.66830697943803,196114644.24182996,57016012.45876771,283214190.01727843,22387843.318440918,87934085.21929464,1154090826.143349,8518533169.124096
153,2024-08-01,23.006254387380654,6.689867203553928,33.22749726876502,526.4474590797757,0.4931117668922389,114.83445735280277,54.5590871781721,9363.425986951717,2.6266576373647825,10.31589519929984,135.41791469507163,47.66830697943803,196114644.24182996,57016012.45876771,283214190.01727843,22387843.318440918,87934085.21929464,1154090826.143349,8518533169.124096
154,2024-08-01,23.006254387380654,6.689867203553928,33.22749726876502,526.4474590797757,0.4931117668922389,114.83445735280277,54.5590871781721,9363.425986951717,2.6266576373647825,10.31589519929984,135.41791469507163,47.66830697943803,196114644.24182996,57016012.45876771,283214190.01727843,22387843.318440918,87934085.21929464,1154090826.143349,8518533169.124096
155,2024-08-01,23.006254387380654,6.689867203553928,33.22749726876502,526.4474590797757,0.4931117668922389,114.83445735280277,54.5590871781721,9363.425986951717,2.6266576373647825,10.31589519929984,135.41791469507163,47.66830697943803,196114644.24182996,57016012.45876771,283214190.01727843,22387843.318440918,87934085.21929464,1154090826.143349,8518533169.124096
156,2024-08-01,23.006254387380654,6.689867203553928,33.22749726876502,526.4474590797757,0.4931117668922389,114.83445735280277,54.5590871781721,9363.425986951717,2.6266576373647825,10.31589519929984,135.41791469507163,47.66830697943803,196114644.24182996,57016012.45876771,283214190.01727843,22387843.318440918,87934085.21929464,1154090826.143349,8518533169.124096
157,2024-08-01,23.006254387380654,6.689867203553928,33.22749726876502,526.4474590797757,0.4931117668922389,114.83445735280277,54.5590871781721,9363.425986951717,2.6266576373647825,10.31589519929984,135.41791469507163,47.66830697943803,196114644.24182996,57016012.45876771,283214190.01727843,22387843.318440918,87934085.21929464,1154090826.143349,8518533169.124096
158,2024-08-01,23.006254387380654,6.689867203553928,33.22749726876502,526.4474590797757,0.4931117668922389,114.83445735280277,54.5590871781721,9363.425986951717,2.6266576373647825,10.31589519929984,135.41791469507163,47.66830697943803,196114644.24182996,57016012.45876771,283214190.01727843,22387843.318440918,87934085.21929464,1154090826.143349,8518533169.124096
159,2024-08-01,23.006254387380654,6.689867203553928,33.22749726876502,526.4474590797757,0.4931117668922389,114.83445735280277,54.5590871781721,9363.425986951717,2.6266576373647825,10.31589519929984,135.41791469507163,47.66830697943803,196114644.24182996,57016012.45876771,283214190.01727843,22387843.318440918,87934085.21929464,1154090826.143349,8518533169.124096
160,2024-09-01,2.499426501735332,3.1856510014024106,17.80440539577034,526.4474590797757,0.4931117668922389,114.83445735280277,54.5590871781721,9363.425986951717,0.3689525790836357,1.5740113001436853,133.52203729635988,46.57660084543509,21308558.42687463,27150481.715010073,151752977.0460147,3144923.2662330028,13418227.191485297,1137931544.2523515,8518533169.124096
161,2024-09-01,2.499426501735332,3.1856510014024106,17.80440539577034,526.4474590797757,0.4931117668922389,114.83445735280277,54.5590871781721,9363.425986951717,0.3689525790836357,1.5740113001436853,133.52203729635988,46.57660084543509,21308558.42687463,27150481.715010073,151752977.0460147,3144923.2662330028,13418227.191485297,1137931544.2523515,8518533169.124096
162,2024-09-01,2.499426501735332,3.1856510014024106,17.80440539577034,526.4474590797757,0.4931117668922389,114.83445735280277,54.5590871781721,9363.425986951717,0.3689525790836357,1.5740113001436853,133.52203729635988,46.57660084543509,21308558.42687463,27150481.715010073,151752977.0460147,3144923.2662330028,13418227.191485297,1137931544.2523515,8518533169.124096
163,2024-09-01,2.499426501735332,3.1856510014024106,17.80440539577034,526.4474590797757,0.4931117668922389,114.83445735280277,54.5590871781721,9363.425986951717,0.3689525790836357,1.5740113001436853,133.52203729635988,46.57660084543509,21308558.42687463,27150481.715010073,151752977.0460147,3144923.2662330028,13418227.191485297,1137931544.2523515,8518533169.124096
164,2024-09-01,2.499426501735332,3.1856510014024106,17.80440539577034,526.4474590797757,0.4931117668922389,114.83445735280277,54.5590871781721,9363.425986951717,0.3689525790836357,1.5740113001436853,133.52203729635988,46.57660084543509,21308558.42687463,27150481.715010073,151752977.0460147,3144923.2662330028,13418227.191485297,1137931544.2523515,8518533169.124096
165,2024-09-01,2.499426501735332,3.1856510014024106,17.80440539577034,526.4474590797757,0.4931117668922389,114.83445735280277,54.5590871781721,9363.425986951717,0.3689525790836357,1.5740113001436853,133.52203729635988,46.57660084543509,21308558.42687463,27150481.715010073,151752977.0460147,3144923.2662330028,13418227.191485297,1137931544.2523515,8518533169.153062
166,2024-09-01,2.499426501735332,3.1856510014024106,17.80440539577034,526.4474590797757,0.4931117668922389,114.83445735280277,54.5590871781721,9363.425986951717,0.3689525790836357,1.5740113001436853,133.52203729635988,46.57660084543509,21308558.42687463,27150481.715010073,151752977.0460147,3144923.2662330028,13418227.191485297,1137931544.2523515,8518533169.124096
167,2024-09-01,2.499426501735332,3.1856510014024106,17.80440539577034,526.4474590797757,0.4931117668922389,114.83445735280277,54.5590871781721,9363.425986951717,0.3689525790836357,1.5740113001436853,133.52203729635988,46.57660084543509,21308558.42687463,27150481.715010073,151752977.0460147,3144923.2662330028,13418227.191485297,1137931544.2523515,8518533169.124096
168,2024-09-01,2.499426501735332,3.1856510014024106,17.80440539577034,526.4474590797757,0.4931117668922389,114.83445735280277,54.5590871781721,9363.425986951717,0.3689525790836357,1.5740113001436853,133.52203729635988,46.57660084543509,21308558.42687463,27150481.715010073,151752977.0460147,3144923.2662330028,13418227.191485297,1137931544.2523515,8518533169.124096
169,2024-09-01,2.499426501735332,3.1856510014024106,17.80440539577034,526.4474590797757,0.4931117668922389,114.83445735280277,54.5590871781721,9363.425986951717,0.3689525790836357,1.5740113001436853,133.52203729635988,46.57660084543509,21308558.42687463,27150481.715010073,151752977.0460147,3144923.2662330028,13418227.191485297,1137931544.2523515,8518533169.124096
170,2024-09-01,2.499426501735332,3.1856510014024106,17.80440539577034,526.4474590797757,0.4931117668922389,114.83445735280277,54.5590871781721,9363.425986951717,0.3689525790836357,1.5740113001436853,133.52203729635988,46.57660084543509,21308558.42687463,27150481.715010073,151752977.0460147,3144923.2662330028,13418227.191485297,1137931544.2523515,8518533169.124096
171,2024-09-01,2.499426501735332,3.1856510014024106,17.80440539577034,526.4474590797757,0.4931117668922389,114.83445735280277,54.5590871781721,9363.425986951717,0.3689525790836357,1.5740113001436853,133.52203729635988,46.57660084543509,21308558.42687463,27150481.715010073,151752977.0460147,3144923.2662330028,13418227.191485297,1137931544.2523515,8518533169.124096
172,2024-09-01,2.499426501735332,3.1856510014024106,17.80440539577034,526.4474590797757,0.4931117668922389,114.83445735280277,54.5590871781721,9363.425986951717,0.3689525790836357,1.5740113001436853,133.52203729635988,46.57660084543509,21308558.42687463,27150481.715010073,151752977.0460147,3144923.2662330028,13418227.191485297,1137931544.2523515,8518533169.124096
173,2024-09-01,2.499426501735332,3.1856510014024106,17.80440539577034,526.4474590797757,0.4931117668922389,114.83445735280277,54.5590871781721,9363.425986951717,0.3689525790836357,1.5740113001436853,133.52203729635988,46.57660084543509,21308558.42687463,27150481.715010073,151752977.0460147,3144923.2662330028,13418227.191485297,1137931544.2523515,8518533169.124096
174,2024-09-01,2.499426501735332,3.1856510014024106,17.80440539577034,526.4474590797757,0.4931117668922389,114.83445735280277,54.5590871781721,9363.425986951717,0.3689525790836357,1.5740113001436853,133.52203729635988,46.57660084543509,21308558.42687463,27150481.715010073,151752977.0460147,3144923.2662330028,13418227.191485297,1137931544.2523515,8518533169.124096
175,2024-09-01,2.499426501735332,3.1856510014024106,17.80440539577034,526.4474590797757,0.4931117668922389,114.83445735280277,54.5590871781721,9363.425986951717,0.3689525790836357,1.5740113001436853,133.52203729635988,46.57660084543509,21308558.42687463,27150481.715010073,151752977.0460147,3144923.2662330028,13418227.191485297,1137931544.2523515,8518533169.124096
176,2024-09-01,2.499426501735332,3.1856510014024106,17.80440539577034,526.4474590797757,0.4931117668922389,114.83445735280277,54.5590871781721,9363.425986951717,0.3689525790836357,1.5740113001436853,133.52203729635988,46.57660084543509,21308558.42687463,27150481.715010073,151752977.0460147,3144923.2662330028,13418227.191485297,1137931544.2523515,8518533169.124096
177,2024-09-01,2.499426501735332,3.1856510014024106,17.80440539577034,526.4474590797757,0.4931117668922389,114.83445735280277,54.5590871781721,9363.425986951717,0.3689525790836357,1.5740113001436853,133.52203729635988,46.57660084543509,21308558.42687463,27150481.715010073,151752977.0460147,3144923.2662330028,13418227.191485297,1137931544.2523515,8518533169.124096
178,2024-09-01,2.499426501735332,3.1856510014024106,17.80440539577034,526.4474590797757,0.4931117668922389,114.83445735280277,54.5590871781721,9363.425986951717,0.3689525790836357,1.5740113001436853,133.52203729635988,46.57660084543509,21308558.42687463,27150481.715010073,151752977.0460147,3144923.2662330028,13418227.191485297,1137931544.2523515,8518533169.124096
179,2024-09-01,2.499426501735332,3.1856510014024106,17.80440539577034,526.4474590797757,0.4931117668922389,114.83445735280277,54.5590871781721,9363.425986951717,0.3689525790836357,1.5740113001436853,133.52203729635988,46.57660084543509,21308558.42687463,27150481.715010073,151752977.0460147,3144923.2662330028,13418227.191485297,1137931544.2523515,8518533169.124096
180,2024-10-01,52.36405472514537,1.5928255007012053,17.005749508377725,526.4474590797757,0.4931117668922389,114.83445735280277,54.5590871781721,9363.425986951717,8.808736732414578,18.81557943007971,144.3344522758063,51.61444825624218,446289423.59179795,13575240.857505037,144942307.23547226,75073609.35581554,160354050.05454263,1230087742.1491387,8518533169.124096
181,2024-10-01,52.36405472514537,1.5928255007012053,17.005749508377725,526.4474590797757,0.4931117668922389,114.83445735280277,54.5590871781721,9363.425986951717,8.808736732414578,18.81557943007971,144.3344522758063,51.61444825624218,446289423.59179795,13575240.857505037,144942307.23547226,75073609.35581554,160354050.05454263,1230087742.1491387,8518533169.124096
182,2024-10-01,52.36405472514537,1.5928255007012053,17.005749508377725,526.4474590797757,0.4931117668922389,114.83445735280277,54.5590871781721,9363.425986951717,8.808736732414578,18.81557943007971,144.3344522758063,51.61444825624218,446289423.59179795,13575240.857505037,144942307.23547226,75073609.35581554,160354050.05454263,1230087742.1491387,8518533169.124096
183,2024-10-01,52.36405472514537,1.5928255007012053,17.005749508377725,526.4474590797757,0.4931117668922389,114.83445735280277,54.5590871781721,9363.425986951717,8.808736732414578,18.81557943007971,144.3344522758063,51.61444825624218,446289423.59179795,13575240.857505037,144942307.23547226,75073609.35581554,160354050.05454263,1230087742.1491387,8518533169.124096
184,2024-10-01,52.36405472514537,1.5928255007012053,17.005749508377725,526.4474590797757,0.4931117668922389,114.83445735280277,54.5590871781721,9363.425986951717,8.808736732414578,18.81557943007971,144.3344522758063,51.61444825624218,446289423.59179795,13575240.857505037,144942307.23547226,75073609.35581554,160354050.05454263,1230087742.1491387,8518533169.124096
185,2024-10-01,52.36405472514537,1.5928255007012053,17.005749508377725,526.4474590797757,0.4931117668922389,114.83445735280277,54.5590871781721,9363.425986951717,8.808736732414578,18.81557943007971,144.3344522758063,51.61444825624218,446289423.59179795,13575240.857505037,144942307.23547226,75073609.35581554,160354050.05454263,1230087742.1491387,8518533169.124096
186,2024-10-01,52.36405472514537,1.5928255007012053,17.005749508377725,526.4474590797757,0.4931117668922389,114.83445735280277,54.5590871781721,9363.425986951717,8.808736732414578,18.81557943007971,144.3344522758063,51.61444825624218,446289423.59179795,13575240.857505037,144942307.23547226,75073609.35581554,160354050.05454263,1230087742.1491387,8518533169.124096
187,2024-10-01,52.36405472514537,1.5928255007012053,17.005749508377725,526.4474590797757,0.4931117668922389,114.83445735280277,54.5590871781721,9363.425986951717,8.808736732414578,18.81557943007971,144.3344522758063,51.61444825624218,446289423.59179795,13575240.857505037,144942307.23547226,75073609.35581554,160354050.05454263,1230087742.1491387,8518533169.124096
188,2024-10-01,52.36405472514537,1.5928255007012053,17.005749508377725,526.4474590797757,0.4931117668922389,114.83445735280277,54.5590871781721,9363.425986951717,8.808736732414578,18.81557943007971,144.3344522758063,51.61444825624218,446289423.59179795,13575240.857505037,144942307.23547226,75073609.35581554,160354050.05454263,1230087742.1491387,8518533169.124096
189,2024-10-01,52.36405472514537,1.5928255007012053,17.005749508377725,526.4474590797757,0.4931117668922389,114.83445735280277,54.5590871781721,9363.425986951717,8.808736732414578,18.81557943007971,144.3344522758063,51.61444825624218,446289423.59179795,13575240.857505037,144942307.23547226,75073609.35581554,160354050.05454263,1230087742.1491387,8518533169.124096
190,2024-10-01,52.36405472514537,1.5928255007012053,17.005749508377725,526.4474590797757,0.4931117668922389,114.83445735280277,54.5590871781721,9363.425986951717,8.808736732414578,18.81557943007971,144.3344522758063,51.61444825624218,446289423.59179795,13575240.857505037,144942307.23547226,75073609.35581554,160354050.05454263,1230087742.1491387,8518533169.124096
191,2024-10-01,52.36405472514537,1.5928255007012053,17.005749508377725,526.4474590797757,0.4931117668922389,114.83445735280277,54.5590871781721,9363.425986951717,8.808736732414578,18.81557943007971,144.3344522758063,51.61444825624218,446289423.59179795,13575240.857505037,144942307.23547226,75073609.35581554,160354050.05454263,1230087742.1491387,8518533169.124096
192,2024-10-01,52.36405472514537,1.5928255007012053,17.005749508377725,526.4474590797757,0.4931117668922389,114.83445735280277,54.5590871781721,9363.425986951717,8.808736732414578,18.81557943007971,144.3344522758063,51.61444825624218,446289423.59179795,13575240.857505037,144942307.23547226,75073609.35581554,160354050.05454263,1230087742.1491387,8518533169.124096
193,2024-10-01,52.36405472514537,1.5928255007012053,17.005749508377725,526.4474590797757,0.4931117668922389,114.83445735280277,54.5590871781721,9363.425986951717,8.808736732414578,18.81557943007971,144.3344522758063,51.61444825624218,446289423.59179795,13575240.857505037,144942307.23547226,75073609.35581554,160354050.05454263,1230087742.1491387,8518533169.124096
194,2024-10-01,52.36405472514537,1.5928255007012053,17.005749508377725,526.4474590797757,0.4931117668922389,114.83445735280277,54.5590871781721,9363.425986951717,8.808736732414578,18.81557943007971,144.3344522758063,51.61444825624218,446289423.59179795,13575240.857505037,144942307.23547226,75073609.35581554,160354050.05454263,1230087742.1491387,8518533169.153062
195,2024-10-01,52.36405472514537,1.5928255007012053,17.005749508377725,526.4474590797757,0.4931117668922389,114.83445735280277,54.5590871781721,9363.425986951717,8.808736732414578,18.81557943007971,144.3344522758063,51.61444825624218,446289423.59179795,13575240.857505037,144942307.23547226,75073609.35581554,160354050.05454263,1230087742.1491387,8518533169.124096
196,2024-10-01,52.36405472514537,1.5928255007012053,17.005749508377725,526.4474590797757,0.4931117668922389,114.83445735280277,54.5590871781721,9363.425986951717,8.808736732414578,18.81557943007971,144.3344522758063,51.61444825624218,446289423.59179795,13575240.857505037,144942307.23547226,75073609.35581554,160354050.05454263,1230087742.1491387,8518533169.124096
197,2024-10-01,52.36405472514537,1.5928255007012053,17.005749508377725,526.4474590797757,0.4931117668922389,114.83445735280277,54.5590871781721,9363.425986951717,8.808736732414578,18.81557943007971,144.3344522758063,51.61444825624218,446289423.59179795,13575240.857505037,144942307.23547226,75073609.35581554,160354050.05454263,1230087742.1491387,8518533169.124096
198,2024-10-01,52.36405472514537,1.5928255007012053,17.005749508377725,526.4474590797757,0.4931117668922389,114.83445735280277,54.5590871781721,9363.425986951717,8.808736732414578,18.81557943007971,144.3344522758063,51.61444825624218,446289423.59179795,13575240.857505037,144942307.23547226,75073609.35581554,160354050.05454263,1230087742.1491387,8518533169.124096
199,2024-10-01,52.36405472514537,1.5928255007012053,17.005749508377725,526.4474590797757,0.4931117668922389,114.83445735280277,54.5590871781721,9363.425986951717,8.808736732414578,18.81557943007971,144.3344522758063,51.61444825624218,446289423.59179795,13575240.857505037,144942307.23547226,75073609.35581554,160354050.05454263,1230087742.1491387,8518533169.124096
200,2024-11-01,26.90879610374315,0.0,9.101909219499307,526.4474590797757,0.4931117668922389,114.83445735280277,54.5590871781721,9363.425986951717,5.179972571916069,11.485822707368273,147.02555105914067,53.149601342317624,229364079.42712647,0.0,77576153.70446853,44150691.663758226,97897223.21654099,1253035089.4712741,8518533169.124096
201,2024-11-01,26.90879610374315,0.0,9.101909219499307,526.4474590797757,0.4931117668922389,114.83445735280277,54.5590871781721,9363.425986951717,5.179972571916069,11.485822707368273,147.02555105914067,53.149601342317624,229364079.42712647,0.0,77576153.70446853,44150691.663758226,97897223.21654099,1253035089.4712741,8518533169.124096
202,2024-11-01,26.90879610374315,0.0,9.101909219499307,526.4474590797757,0.4931117668922389,114.83445735280277,54.5590871781721,9363.425986951717,5.179972571916069,11.485822707368273,147.02555105914067,53.149601342317624,229364079.42712647,0.0,77576153.70446853,44150691.663758226,97897223.21654099,1253035089.4712741,8518533169.124096
203,2024-11-01,26.90879610374315,0.0,9.101909219499307,526.4474590797757,0.4931117668922389,114.83445735280277,54.5590871781721,9363.425986951717,5.179972571916069,11.485822707368273,147.02555105914067,53.149601342317624,229364079.42712647,0.0,77576153.70446853,44150691.663758226,97897223.21654099,1253035089.4712741,8518533169.124096
204,2024-11-01,26.90879610374315,0.0,9.101909219499307,526.4474590797757,0.4931117668922389,114.83445735280277,54.5590871781721,9363.425986951717,5.179972571916069,11.485822707368273,147.02555105914067,53.149601342317624,229364079.42712647,0.0,77576153.70446853,44150691.663758226,97897223.21654099,1253035089.4712741,8518533169.124096
205,2024-11-01,26.90879610374315,0.0,9.101909219499307,526.4474590797757,0.4931117668922389,114.83445735280277,54.5590871781721,9363.425986951717,5.179972571916069,11.485822707368273,147.02555105914067,53.149601342317624,229364079.42712647,0.0,77576153.70446853,44150691.663758226,97897223.21654099,1253035089.4712741,8518533169.124096
206,2024-11-01,26.90879610374315,0.0,9.101909219499307,526.4474590797757,0.4931117668922389,114.83445735280277,54.5590871781721,9363.425986951717,5.179972571916069,11.485822707368273,147.02555105914067,53.149601342317624,229364079.42712647,0.0,77576153.70446853,44150691.663758226,97897223.21654099,1253035089.4712741,8518533169.124096
207,2024-11-01,26.90879610374315,0.0,9.101909219499307,526.4474590797757,0.4931117668922389,114.83445735280277,54.5590871781721,9363.425986951717,5.179972571916069,11.485822707368273,147.02555105914067,53.149601342317624,229364079.42712647,0.0,77576153.70446853,44150691.663758226,97897223.21654099,1253035089.4712741,8518533169.124096
208,2024-11-01,26.90879610374315,0.0,9.101909219499307,526.4474590797757,0.4931117668922389,114.83445735280277,54.5590871781721,9363.425986951717,5.179972571916069,11.485822707368273,147.02555105914067,53.149601342317624,229364079.42712647,0.0,77576153.70446853,44150691.663758226,97897223.21654099,1253035089.4712741,8518533169.124096
209,2024-11-01,26.90879610374315,0.0,9.101909219499307,526.4474590797757,0.4931117668922389,114.83445735280277,54.5590871781721,9363.425986951717,5.179972571916069,11.485822707368273,147.02555105914067,53.149601342317624,229364079.42712647,0.0,77576153.70446853,44150691.663758226,97897223.21654099,1253035089.4712741,8518533169.124096
210,2024-11-01,26.90879610374315,0.0,9.101909219499307,526.4474590797757,0.4931117668922389,114.83445735280277,54.5590871781721,9363.425986951717,5.179972571916069,11.485822707368273,147.02555105914067,53.149601342317624,229364079.42712647,0.0,77576153.70446853,44150691.663758226,97897223.21654099,1253035089.4712741,8518533169.124096
211,2024-11-01,26.90879610374315,0.0,9.101909219499307,526.4474590797757,0.4931117668922389,114.83445735280277,54.5590871781721,9363.425986951717,5.179972571916069,11.485822707368273,147.02555105914067,53.149601342317624,229364079.42712647,0.0,77576153.70446853,44150691.663758226,97897223.21654099,1253035089.4712741,8518533169.124096
212,2024-11-01,26.90879610374315,0.0,9.101909219499307,526.4474590797757,0.4931117668922389,114.83445735280277,54.5590871781721,9363.425986951717,5.179972571916069,11.485822707368273,147.02555105914067,53.149601342317624,229364079.42712647,0.0,77576153.70446853,44150691.663758226,97897223.21654099,1253035089.4712741,8518533169.124096
213,2024-11-01,26.90879610374315,0.0,9.101909219499307,526.4474590797757,0.4931117668922389,114.83445735280277,54.5590871781721,9363.425986951717,5.179972571916069,11.485822707368273,147.02555105914067,53.149601342317624,229364079.42712647,0.0,77576153.70446853,44150691.663758226,97897223.21654099,1253035089.4712741,8518533169.124096
214,2024-11-01,26.90879610374315,0.0,9.101909219499307,526.4474590797757,0.4931117668922389,114.83445735280277,54.5590871781721,9363.425986951717,5.179972571916069,11.485822707368273,147.02555105914067,53.149601342317624,229364079.42712647,0.0,77576153.70446853,44150691.663758226,97897223.21654099,1253035089.4712741,8518533169.124096
215,2024-11-01,26.90879610374315,0.0,9.101909219499307,526.4474590797757,0.4931117668922389,114.83445735280277,54.5590871781721,9363.425986951717,5.179972571916069,11.485822707368273,147.02555105914067,53.149601342317624,229364079.42712647,0.0,77576153.70446853,44150691.663758226,97897223.21654099,1253035089.4712741,8518533169.124096
216,2024-11-01,26.90879610374315,0.0,9.101909219499307,526.4474590797757,0.4931117668922389,114.83445735280277,54.5590871781721,9363.425986951717,5.179972571916069,11.485822707368273,147.02555105914067,53.149601342317624,229364079.42712647,0.0,77576153.70446853,44150691.663758226,97897223.21654099,1253035089.4712741,8518533169.153062
217,2024-11-01,26.90879610374315,0.0,9.101909219499307,526.4474590797757,0.4931117668922389,114.83445735280277,54.5590871781721,9363.425986951717,5.179972571916069,11.485822707368273,147.02555105914067,53.149601342317624,229364079.42712647,0.0,77576153.70446853,44150691.663758226,97897223.21654099,1253035089.4712741,8518533169.124096
218,2024-11-01,26.90879610374315,0.0,9.101909219499307,526.4474590797757,0.4931117668922389,114.83445735280277,54.5590871781721,9363.425986951717,5.179972571916069,11.485822707368273,147.02555105914067,53.149601342317624,229364079.42712647,0.0,77576153.70446853,44150691.663758226,97897223.21654099,1253035089.4712741,8518533169.124096
219,2024-11-01,26.90879610374315,0.0,9.101909219499307,526.4474590797757,0.4931117668922389,114.83445735280277,54.5590871781721,9363.425986951717,5.179972571916069,11.485822707368273,147.02555105914067,53.149601342317624,229364079.42712647,0.0,77576153.70446853,44150691.663758226,97897223.21654099,1253035089.4712741,8518533169.124096
220,2024-12-01,7.498997254605182,0.0,5.268814241521674,526.4474590797757,0.4931117668922389,114.83445735280277,54.5590871781721,9363.425986951717,0.669882656877969,4.3381460993478145,146.05520549252935,52.94100702493659,63922010.43833846,0.0,44904411.95682799,5710037.261624998,36976943.17112089,1244768036.8960376,8518533169.153062
221,2024-12-01,7.498997254605182,0.0,5.268814241521674,526.4474590797757,0.4931117668922389,114.83445735280277,54.5590871781721,9363.425986951717,0.669882656877969,4.3381460993478145,146.05520549252935,52.94100702493659,63922010.43833846,0.0,44904411.95682799,5710037.261624998,36976943.17112089,1244768036.8960376,8518533169.124096
222,2024-12-01,7.498997254605182,0.0,5.268814241521674,526.4474590797757,0.4931117668922389,114.83445735280277,54.5590871781721,9363.425986951717,0.669882656877969,4.3381460993478145,146.05520549252935,52.94100702493659,63922010.43833846,0.0,44904411.95682799,5710037.261624998,36976943.17112089,1244768036.8960376,8518533169.124096
223,2024-12-01,7.498997254605182,0.0,5.268814241521674,526.4474590797757,0.4931117668922389,114.83445735280277,54.5590871781721,9363.425986951717,0.669882656877969,4.3381460993478145,146.05520549252935,52.94100702493659,63922010.43833846,0.0,44904411.95682799,5710037.261624998,36976943.17112089,1244768036.8960376,8518533169.124096
224,2024-12-01,7.498997254605182,0.0,5.268814241521674,526.4474590797757,0.4931117668922389,114.83445735280277,54.5590871781721,9363.425986951717,0.669882656877969,4.3381460993478145,146.05520549252935,52.94100702493659,63922010.43833846,0.0,44904411.95682799,5710037.261624998,36976943.17112089,1244768036.8960376,8518533169.124096
225,2024-12-01,7.498997254605182,0.0,5.268814241521674,526.4474590797757,0.4931117668922389,114.83445735280277,54.5590871781721,9363.425986951717,0.669882656877969,4.3381460993478145,146.05520549252935,52.94100702493659,63922010.43833846,0.0,44904411.95682799,5710037.261624998,36976943.17112089,1244768036.8960376,8518533169.124096
226,2024-12-01,7.498997254605182,0.0,5.268814241521674,526.4474590797757,0.4931117668922389,114.83445735280277,54.5590871781721,9363.425986951717,0.669882656877969,4.3381460993478145,146.05520549252935,52.94100702493659,63922010.43833846,0.0,44904411.95682799,5710037.261624998,36976943.17112089,1244768036.8960376,8518533169.124096
227,2024-12-01,7.498997254605182,0.0,5.268814241521674,526.4474590797757,0.4931117668922389,114.83445735280277,54.5590871781721,9363.425986951717,0.669882656877969,4.3381460993478145,146.05520549252935,52.94100702493659,63922010.43833846,0.0,44904411.95682799,5710037.261624998,36976943.17112089,1244768036.8960376,8518533169.124096
228,2024-12-01,7.498997254605182,0.0,5.268814241521674,526.4474590797757,0.4931117668922389,114.83445735280277,54.5590871781721,9363.425986951717,0.669882656877969,4.3381460993478145,146.05520549252935,52.94100702493659,63922010.43833846,0.0,44904411.95682799,5710037.261624998,36976943.17112089,1244768036.8960376,8518533169.124096
229,2024-12-01,7.498997254605182,0.0,5.268814241521674,526.4474590797757,0.4931117668922389,114.83445735280277,54.5590871781721,9363.425986951717,0.669882656877969,4.3381460993478145,146.05520549252935,52.94100702493659,63922010.43833846,0.0,44904411.95682799,5710037.261624998,36976943.17112089,1244768036.8960376,8518533169.124096
230,2024-12-01,7.498997254605182,0.0,5.268814241521674,526.4474590797757,0.4931117668922389,114.83445735280277,54.5590871781721,9363.425986951717,0.669882656877969,4.3381460993478145,146.05520549252935,52.94100702493659,63922010.43833846,0.0,44904411.95682799,5710037.261624998,36976943.17112089,1244768036.8960376,8518533169.124096
231,2024-12-01,7.498997254605182,0.0,5.268814241521674,526.4474590797757,0.4931117668922389,114.83445735280277,54.5590871781721,9363.425986951717,0.669882656877969,4.3381460993478145,146.05520549252935,52.94100702493659,63922010.43833846,0.0,44904411.95682799,5710037.261624998,36976943.17112089,1244768036.8960376,8518533169.124096
232,2024-12-01,7.498997254605182,0.0,5.268814241521674,526.4474590797757,0.4931117668922389,114.83445735280277,54.5590871781721,9363.425986951717,0.669882656877969,4.3381460993478145,146.05520549252935,52.94100702493659,63922010.43833846,0.0,44904411.95682799,5710037.261624998,36976943.17112089,1244768036.8960376,8518533169.124096
233,2024-12-01,7.498997254605182,0.0,5.268814241521674,526.4474590797757,0.4931117668922389,114.83445735280277,54.5590871781721,9363.425986951717,0.669882656877969,4.3381460993478145,146.05520549252935,52.94100702493659,63922010.43833846,0.0,44904411.95682799,5710037.261624998,36976943.17112089,1244768036.8960376,8518533169.124096
234,2024-12-01,7.498997254605182,0.0,5.268814241521674,526.4474590797757,0.4931117668922389,114.83445735280277,54.5590871781721,9363.425986951717,0.669882656877969,4.3381460993478145,146.05520549252935,52.94100702493659,63922010.43833846,0.0,44904411.95682799,5710037.261624998,36976943.17112089,1244768036.8960376,8518533169.124096
235,2024-12-01,7.498997254605182,0.0,5.268814241521674,526.4474590797757,0.4931117668922389,114.83445735280277,54.5590871781721,9363.425986951717,0.669882656877969,4.3381460993478145,146.05520549252935,52.94100702493659,63922010.43833846,0.0,44904411.95682799,5710037.261624998,36976943.17112089,1244768036.8960376,8518533169.124096
236,2024-12-01,7.498997254605182,0.0,5.268814241521674,526.4474590797757,0.4931117668922389,114.83445735280277,54.5590871781721,9363.425986951717,0.669882656877969,4.3381460993478145,146.05520549252935,52.94100702493659,63922010.43833846,0.0,44904411.95682799,5710037.261624998,36976943.17112089,1244768036.8960376,8518533169.124096
237,2024-12-01,7.498997254605182,0.0,5.268814241521674,526.4474590797757,0.4931117668922389,114.83445735280277,54.5590871781721,9363.425986951717,0.669882656877969,4.3381460993478145,146.05520549252935,52.94100702493659,63922010.43833846,0.0,44904411.95682799,5710037.261624998,36976943.17112089,1244768036.8960376,8518533169.124096
238,2024-12-01,7.498997254605182,0.0,5.268814241521674,526.4474590797757,0.4931117668922389,114.83445735280277,54.5590871781721,9363.425986951717,0.669882656877969,4.3381460993478145,146.05520549252935,52.94100702493659,63922010.43833846,0.0,44904411.95682799,5710037.261624998,36976943.17112089,1244768036.8960376,8518533169.124096
239,2024-12-01,7.498997254605182,0.0,5.268814241521674,526.4474590797757,0.4931117668922389,114.83445735280277,54.5590871781721,9363.425986951717,0.669882656877969,4.3381460993478145,146.05520549252935,52.94100702493659,63922010.43833846,0.0,44904411.95682799,5710037.261624998,36976943.17112089,1244768036.8960376,8518533169.124096
