,Date,precip_and_snowmelt_input_Upper Bear_mean,irrigation_Upper Bear_mean,AET_Upper Bear_mean,soil_thickness_Upper Bear_mean,soil_porosity_Upper Bear_mean,field_capacity_Upper Bear_mean,wilting_point_Upper Bear_mean,Geo_K_Upper Bear_mean,Runoff_Upper Bear_mean,Recharge_Upper Bear_mean,Soil_Water_End_Of_Previous_Timestep_Upper Bear_mean,Soil_Saturation_Percent_End_Of_Timestep_Upper Bear_mean,precip_and_snowmelt_input_m3_Upper Bear_sum,irrigation_m3_Upper Bear_sum,AET_m3_Upper Bear_sum,Runoff_m3_Upper Bear_sum,Recharge_m3_Upper Bear_sum,Soil_Water_End_Of_Previous_Timestep_m3_Upper Bear_sum,Upper Bear_area_m2
0,2005-01-01,60.2939743496734,0.0,3.207557524729945,484.60231684716416,0.4939660038048487,120.72037198935378,61.8225252225514,12956.171667208248,5.288310728865936,41.27680922951461,130.95409177346195,55.0041057105076,388876137.20129216,0.0,20233007.19304313,34107902.82487624,266221445.971823,823228259.0242223,7314929963.751646
1,2005-02-01,34.01287436779936,0.0,4.675037145113574,484.60231684716416,0.4939660038048487,120.72037198935378,61.8225252225514,12956.171667208248,2.572815164529939,25.509481161274625,131.3821960007245,54.73819760098848,219371902.92251983,0.0,29489716.999411765,16593858.444215568,164527552.3863249,825919631.0197698,7314929963.751646
2,2005-03-01,39.38243683788364,0.0,19.56187505856211,484.60231684716416,0.4939660038048487,120.72037198935378,61.8225252225514,12956.171667208248,3.621072040267402,17.999527745796875,128.96683875173474,53.66085193614608,254003524.7292859,0.0,123394643.95614903,23354708.06900058,116090674.89462732,810735686.3289894,7314929963.751646
3,2005-04-01,56.259542837597984,3.311432023270381,38.80747453384556,484.60231684716416,0.4939660038048487,120.72037198935378,61.8225252225514,12956.171667208248,2.6317111564010722,19.993437163389704,127.02341073710619,52.40117815403957,362855489.51399106,21357768.734113052,244794398.60527048,16973700.78315347,128950601.61629976,798518501.6776516,7314929963.751646
4,2005-05-01,69.52788426642783,8.609723112943298,50.912832800139185,484.60231684716416,0.4939660038048487,120.72037198935378,61.8225252225514,12956.171667208248,4.089795922040507,23.314575290519144,125.93420713596583,51.82784367346967,448432600.91278136,55530197.75697667,321154055.9383999,26377932.94565244,150371232.3587782,791671451.077063,7314929963.751646
5,2005-06-01,43.402296419189845,13.245728093081524,72.00420308672544,484.60231684716416,0.4939660038048487,120.72037198935378,61.8225252225514,12956.171667208248,1.8144028314898393,4.947946234634549,104.56190816342671,40.605830689742575,279931041.6297458,85431074.93645221,454196625.70381993,11702377.848852934,31912681.65776767,657317044.7773943,7314929963.751646
6,2005-07-01,6.090447188620255,17.219446225886596,95.61091999411028,484.60231684716416,0.4939660038048487,120.72037198935378,61.8225252225514,12956.171667208248,0.6817127717634428,0.7314545046989405,53.87671918696341,17.802078032815732,39281456.636429355,111060395.51395334,603105634.6833416,4396855.201472877,4717653.013115941,338690657.8916689,7314929963.751646
7,2005-08-01,13.262752823026192,13.908014399563738,58.3710897238545,484.60231684716416,0.4939660038048487,120.72037198935378,61.8225252225514,12956.171667208248,1.6870930234875747,1.0507900790753624,45.44225520348258,14.17154484058565,85540417.38141765,89702628.05009633,368199754.5827059,10881270.672390917,6777280.641826301,285668361.58195084,7314929963.751646
8,2005-09-01,17.217657747306152,6.622864046540762,38.22242895578726,484.60231684716416,0.4939660038048487,120.72037198935378,61.8225252225514,12956.171667208248,0.7295414123475936,0.8136170333089092,42.70355811064552,13.31624134977442,111048446.24773057,42715537.468226105,241103920.3138983,4705334.766448602,5247577.278212486,268451816.7416249,7314929963.751646
9,2005-10-01,17.414848867258222,3.311432023270381,19.63597788694499,484.60231684716416,0.4939660038048487,120.72037198935378,61.8225252225514,12956.171667208248,1.0366441243565687,0.5689153554731791,46.96351736971253,15.360235739330868,112320299.12407261,21357768.734113052,123862186.51489416,6686057.976750496,3669330.5315783,295231558.332839,7314929963.751646
10,2005-11-01,50.6375517857055,0.0,9.89572596945399,484.60231684716416,0.4939660038048487,120.72037198935378,61.8225252225514,12956.171667208248,0.9144245690509432,4.486693841265756,82.2155146932382,32.87504928724408,326595510.2084934,0.0,62421391.156298004,5897758.7080993205,28937672.0399839,516838593.5480388,7314929963.751646
11,2005-12-01,78.67410932496735,0.0,5.748243136520001,484.60231684716416,0.4939660038048487,120.72037198935378,61.8225252225514,12956.171667208248,6.999525115508829,26.48824888202158,120.75920331587074,51.61875459484131,507421873.5516893,0.0,36259430.92970976,45144656.556984186,170839846.60769907,759138842.4396132,7314929963.751646
12,2006-01-01,67.63134269596094,0.0,4.822439664288488,484.60231684716416,0.4939660038048487,120.72037198935378,61.8225252225514,12956.171667208248,7.007839204547138,41.02332371745076,134.13200003539606,57.10945661338542,436199909.4817766,0.0,30419515.65141178,45198221.54158987,264586547.108094,843205566.8878834,7314929963.751646
13,2006-02-01,36.46282597538481,0.0,8.34228385559586,484.60231684716416,0.4939660038048487,120.72037198935378,61.8225252225514,12956.171667208248,3.558892226376511,23.9302349528763,134.0030916862792,56.5124032703626,235173108.04642102,0.0,52622415.46790587,22953699.818219546,154341761.18861946,842395320.4703021,7314929963.751646
14,2006-03-01,75.5743721659961,0.0,12.785267779458415,484.60231684716416,0.4939660038048487,120.72037198935378,61.8225252225514,12956.171667208248,9.442504427171581,47.65898523643252,138.5398193651496,58.51279100788873,487429471.1279888,0.0,80648396.17337252,60900798.953629546,307384540.5019171,870914791.5217468,7314929963.751646
15,2006-04-01,40.04810424605016,3.546154969194308,33.27610531810942,484.60231684716416,0.4939660038048487,120.72037198935378,61.8225252225514,12956.171667208248,3.265577195387087,16.609660970431744,128.64710977871448,53.637526049805274,258296567.02442825,22871662.499123484,209902864.71068242,21061801.671868257,107126229.44257472,808725433.0454767,7314929963.751646
16,2006-05-01,21.435245543536425,9.220002876262198,53.22402184534244,484.60231684716416,0.4939660038048487,120.72037198935378,61.8225252225514,12956.171667208248,1.2636748303679972,4.711862985631259,100.46279568691996,39.43247601615798,138250478.0298799,59466322.21623758,335732658.4101884,8150344.276715494,30389748.48266124,631548376.7278413,7314929963.751646
17,2006-06-01,27.27291255001074,14.184619876777232,77.50475859022579,484.60231684716416,0.4939660038048487,120.72037198935378,61.8225252225514,12956.171667208248,1.381620719138721,1.6676429644950368,69.58861060436149,24.847938318491824,175901585.9369035,91486649.99649394,488893415.90919185,8911059.132133355,10755787.14833333,437461750.04813826,7314929963.751646
18,2006-07-01,18.405423809307507,18.440005752524396,70.6156317346433,484.60231684716416,0.4939660038048487,120.72037198935378,61.8225252225514,12956.171667208248,2.972675615438203,1.785635003550829,55.66917062429636,18.53939382488337,118709140.76069812,118932644.43247516,445437277.7447452,19172910.14246121,11516821.697606158,349958875.03262347,7314929963.751646
19,2006-08-01,29.448518353569824,14.893850589289793,61.244903422704674,484.60231684716416,0.4939660038048487,120.72037198935378,61.8225252225514,12956.171667208248,3.0501750262042275,2.024770400785296,53.0933186142383,17.28370620503434,189933616.2398326,96060980.68184774,386327451.0633413,19672758.49187134,13059175.17027163,333766090.20373553,7314929963.751646
20,2006-09-01,55.94777465842441,7.092309938388616,40.09040652147724,484.60231684716416,0.4939660038048487,120.72037198935378,61.8225252225514,12956.171667208248,2.9970073233140897,3.842885863557329,70.35646862534331,26.034878392795896,360845281.3760965,45743324.99824697,252886838.99511364,19329835.957165312,24785444.37502798,442288850.61256784,7314929963.751646
21,2006-10-01,41.11428506312363,3.546154969194308,24.355334841447238,484.60231684716416,0.4939660038048487,120.72037198935378,61.8225252225514,12956.171667208248,1.585869635168168,5.891651270037544,83.66429591796762,33.1935452476589,265173787.95739445,22871662.499123484,153631484.65486282,10228399.027121097,37999306.64325783,525946588.5861215,7314929963.751646
22,2006-11-01,52.81994996897418,0.0,10.660098785923672,484.60231684716416,0.4939660038048487,120.72037198935378,61.8225252225514,12956.171667208248,2.3350664972486026,15.610009648638712,107.36097810291946,44.32321220741256,340671301.3578778,0.0,67243061.26698038,15060442.986143354,100679186.90142861,674912758.2921268,7314929963.751646
23,2006-12-01,31.221943567517574,0.0,6.211439356419076,484.60231684716416,0.4939660038048487,120.72037198935378,61.8225252225514,12956.171667208248,1.103111415221801,15.171699467838621,115.38542772657256,47.577454210935066,201371262.40023264,0.0,39181215.81510587,7114730.4613736635,97852177.73494673,725357619.6739542,7314929963.751646
24,2007-01-01,26.025823370110334,0.0,3.4195590774626208,484.60231684716416,0.4939660038048487,120.72037198935378,61.8225252225514,12956.171667208248,1.049294041981856,15.235281012465244,121.36830350258504,49.88815039772038,167858117.98468918,0.0,21570250.49147451,6767629.832525276,98262440.19143596,762968390.3427217,7314929963.751646
25,2007-02-01,59.63478676312999,0.0,11.097072563481325,484.60231684716416,0.4939660038048487,120.72037198935378,61.8225252225514,12956.171667208248,3.254306585229925,36.08657235309399,129.69779942395675,53.825260129654595,384624631.9004102,0.0,69999400.55034503,20989238.96450609,232746112.06274858,815330783.239955,7314929963.751646
26,2007-03-01,35.95361767834391,0.0,24.56388290253924,484.60231684716416,0.4939660038048487,120.72037198935378,61.8225252225514,12956.171667208248,0.35637809085180655,13.814794780914415,126.39519365949647,52.154494157223375,231888965.41319448,0.0,154946954.2645804,2298519.268214701,89100513.87500721,794569331.7847086,7314929963.751646
27,2007-04-01,22.537592189895996,3.837349330787773,39.33182968128821,484.60231684716416,0.4939660038048487,120.72037198935378,61.8225252225514,12956.171667208248,0.2493965593855497,4.45853010957622,108.68588450659038,43.76573793177142,145359760.04309008,24749779.86518861,248101883.59666684,1608520.7312651917,28755700.219132114,683241720.4876145,7314929963.751646
28,2007-05-01,19.00549438170055,9.97710805024924,65.26535666001847,484.60231684716416,0.4939660038048487,120.72037198935378,61.8225252225514,12956.171667208248,0.7447656362539209,1.0093387236416262,73.39554219975483,26.59591813419892,122579331.19209264,64349426.29635044,411688512.6574591,4803524.688112456,6509898.723319307,461393115.5742347,7314929963.751646
29,2007-06-01,12.263164524542107,15.349397323151091,63.482578607091675,484.60231684716416,0.4939660038048487,120.72037198935378,61.8225252225514,12956.171667208248,1.4861209131671542,1.298648482801118,53.69405112206321,17.628008684568893,79093405.88106826,98999119.46075444,400442785.2783922,9585050.798278192,8375900.472362579,337542255.37822783,7314929963.751646
30,2007-07-01,19.95059280682191,19.95421610049848,75.52412759179194,484.60231684716416,0.4939660038048487,120.72037198935378,61.8225252225514,12956.171667208248,3.0406746057294685,2.3531628706011216,45.4384356541552,14.067928753760775,128675035.37157883,128698852.59270088,476399713.7801884,19611476.28283725,15177210.115228474,285644388.84095436,7314929963.751646
31,2007-08-01,31.184899336782358,16.116867029027116,70.13891603196483,484.60231684716416,0.4939660038048487,120.72037198935378,61.8225252225514,12956.171667208248,3.253637878138057,2.5335309799004015,43.816851761489595,13.596636112041192,201132668.5994419,103949074.4000272,442430139.36101174,20985035.836722318,16340523.686857268,275450491.4332473,7314929963.751646
32,2007-09-01,36.89311186009943,7.674698661575546,45.37242828650592,484.60231684716416,0.4939660038048487,120.72037198935378,61.8225252225514,12956.171667208248,1.357898829038895,1.6137825223657145,47.796175626692985,16.03329921035796,237948626.84311482,49499559.73037722,286205579.99560785,8758058.679320773,10408415.835922904,300465920.7022216,7314929963.751646
33,2007-10-01,38.176632973339444,3.837349330787773,23.905149450520028,484.60231684716416,0.4939660038048487,120.72037198935378,61.8225252225514,12956.171667208248,1.1877715852430812,3.6355612970004803,61.83054289776119,23.442962111269637,246227036.43070042,24749779.86518861,150791850.03440782,7660783.410471322,23448222.223598626,388691088.4377514,7314929963.751646
34,2007-11-01,10.27316018264823,0.0,8.728726893062225,484.60231684716416,0.4939660038048487,120.72037198935378,61.8225252225514,12956.171667208248,0.0,1.011795982568582,62.857318231418866,24.014571449475618,66258576.97192705,0.0,55060123.13599214,0.0,6525760.472038991,395145708.46823585,7314929963.751646
35,2007-12-01,79.33031466740438,0.0,3.3714511357704104,484.60231684716416,0.4939660038048487,120.72037198935378,61.8225252225514,12956.171667208248,4.738135056940266,20.183722219138943,113.56168215463839,47.86991544904229,511654795.2032676,0.0,21266830.497560788,30559492.536568467,130178093.3926682,713892719.1825769,7314929963.751646
36,2008-01-01,114.77402256548432,0.0,2.900384167480958,484.60231684716416,0.4939660038048487,120.72037198935378,61.8225252225514,12956.171667208248,14.031087634478942,66.09417005218525,143.8217124056246,61.50271651109924,740255205.2917235,0.0,18295400.77658822,90495978.5415983,426285758.9136389,904118752.3574668,7314929963.751646
37,2008-02-01,80.29639978206893,0.0,2.86097688302301,484.60231684716416,0.4939660038048487,120.72037198935378,61.8225252225514,12956.171667208248,9.913995188623499,65.69002339579686,143.88978139800636,61.524094916088345,517885622.0103406,0.0,18046743.4224549,63942008.52550378,423679247.1055591,904546665.7611262,7314929963.751646
38,2008-03-01,55.43203085576763,0.0,12.626219765216113,484.60231684716416,0.4939660038048487,120.72037198935378,61.8225252225514,12956.171667208248,5.166222779300035,39.054831175795776,141.0196742475129,60.06235364956024,357518420.7839376,0.0,79645090.35949805,33320494.054602914,251890500.60668465,886504247.7641356,7314929963.751646
39,2008-04-01,22.300128951652354,3.4651534300068945,26.271580976347593,484.60231684716416,0.4939660038048487,120.72037198935378,61.8225252225514,12956.171667208248,1.4029543226287435,12.166418512218033,126.72958073638188,51.55891873085712,143828701.8123636,22349224.45451399,165718979.51244694,9048649.764187742,78469089.66947795,796671591.3200407,7314929963.751646
40,2008-05-01,56.308798923397354,9.009398796490068,38.64439744602244,484.60231684716416,0.4939660038048487,120.72037198935378,61.8225252225514,12956.171667208248,4.4981750030527605,19.86539643884357,128.40000337271547,51.842939871151536,363173269.47031784,58107982.797918245,243765754.99789804,29011890.92041851,128124961.03478415,807172371.7792927,7314929963.751646
41,2008-06-01,21.019969233057484,13.860613720027578,76.73149771775068,484.60231684716416,0.4939660038048487,120.72037198935378,61.8225252225514,12956.171667208248,1.0624240100102575,1.3215733759853914,86.31432695551365,31.26817138180947,135572051.9634541,89396897.81805596,484015996.9247999,6852325.166425335,8523711.90988594,542605695.9133456,7314929963.751646
42,2008-07-01,4.444636416205589,18.018797592980135,89.75394541341504,484.60231684716416,0.4939660038048487,120.72037198935378,61.8225252225514,12956.171667208248,1.2532202914335333,1.0541851210296664,50.207924864585856,15.6642028793059,28666458.842708517,116215965.59583649,566160179.2646194,8082907.982164281,6799185.253412076,315627256.7332255,7314929963.751646
43,2008-08-01,33.47956483553092,14.5536445333851,69.36052846453475,484.60231684716416,0.4939660038048487,120.72037198935378,61.8225252225514,12956.171667208248,2.897014663325083,1.7478583842620126,48.21575026907068,14.896151445785284,215932579.60473076,93866743.53036809,437520328.1448709,18684911.5894829,11273169.681205451,303103673.6536115,7314929963.751646
44,2008-09-01,20.527160327566982,6.930306860013789,42.78680712650752,484.60231684716416,0.4939660038048487,120.72037198935378,61.8225252225514,12956.171667208248,1.1297438194857239,0.7527727858646913,45.030125488221394,13.660734644307238,132393626.191725,44698448.90902798,269895521.37560785,7286522.801315961,4855157.260103574,283077578.6967951,7314929963.751646
45,2008-10-01,21.50044647780168,3.4651534300068945,22.8557029461764,484.60231684716416,0.4939660038048487,120.72037198935378,61.8225252225514,12956.171667208248,0.6781318409937903,0.6865107542024227,49.07324282273099,15.99742516215808,138670915.93071103,22349224.45451399,144171923.41047853,4373755.230490905,4427782.13363979,308494047.3362383,7314929963.751646
46,2008-11-01,29.756523897738344,0.0,9.182151605605899,484.60231684716416,0.4939660038048487,120.72037198935378,61.8225252225514,12956.171667208248,0.32695512005819655,1.3868233433216344,67.75092317235756,26.15256025026437,191919913.49890208,0.0,57920252.4847529,2108768.194433093,8944550.37618232,425908879.38746977,7314929963.751646
47,2008-12-01,90.90140310474953,0.0,5.183744495161096,484.60231684716416,0.4939660038048487,120.72037198935378,61.8225252225514,12956.171667208248,5.313870619954632,25.480489789278298,122.04549359523372,51.46453099121887,586284572.6581948,0.0,32698629.7735137,34272843.322105564,164340413.7317547,767225330.5536103,7314929963.751646
48,2009-01-01,78.13330050101105,0.0,8.011739194452995,484.60231684716416,0.4939660038048487,120.72037198935378,61.8225252225514,12956.171667208248,6.870099905435548,47.61137056127666,136.24894197038975,57.922096448885114,503934239.9951103,0.0,50537350.69698823,44309893.410628386,307077480.7940358,856513709.7137622,7314929963.751646
49,2009-02-01,62.84382232717341,0.0,8.238625563869512,484.60231684716416,0.4939660038048487,120.72037198935378,61.8225252225514,12956.171667208248,4.996434656074536,47.85557033103094,137.06125085997417,57.86838168885511,405322098.10099715,0.0,51968534.48828233,32225387.861340452,308652639.46709996,861620206.1960471,7314929963.751646
50,2009-03-01,79.23503754038302,0.0,15.609434189567244,484.60231684716416,0.4939660038048487,120.72037198935378,61.8225252225514,12956.171667208248,6.712678385385881,53.42609624069685,139.02617451415702,58.95018009732376,511040042.9837987,0.0,98462988.58731759,43294539.89771253,344580722.2178207,873972373.1515188,7314929963.751646
51,2009-04-01,74.63974171180448,3.273289759667734,30.98079162595207,484.60231684716416,0.4939660038048487,120.72037198935378,61.8225252225514,12956.171667208248,6.643728309098306,40.524081224839996,137.8323286361663,58.333753815260025,481401991.17519593,21111758.341674197,195424137.8145962,42849897.68770264,261366924.42474797,866467441.4324362,7314929963.751646
52,2009-05-01,37.15843622756797,8.510553074083045,57.006759741389686,484.60231684716416,0.4939660038048487,120.72037198935378,61.8225252225514,12956.171667208248,1.9417801182038232,7.631237526705866,116.53515719393225,46.83068554345435,239660055.9283519,54890569.74665055,359593996.3561491,12523914.317433713,49218741.719951004,732585443.8691308,7314929963.751646
53,2009-06-01,95.85235290072536,13.093159038670937,77.38610839680346,484.60231684716416,0.4939660038048487,120.72037198935378,61.8225252225514,12956.171667208248,5.538523360377963,20.095187699444775,121.26984003903509,49.42840584397949,618217284.6213428,84447033.36669679,488145249.594659,35721846.0464236,129607481.91664736,762349504.2157205,7314929963.751646
54,2009-07-01,11.93648073388174,17.02110614816609,90.6534059726665,484.60231684716416,0.4939660038048487,120.72037198935378,61.8225252225514,12956.171667208248,1.5692589757106885,1.3334944746243511,67.35889909194036,22.972520924889384,76986483.71436356,109781139.4933011,571834011.0357956,10121259.768459136,8600639.095761226,423444905.66983366,7314929963.751646
55,2009-08-01,21.53013240296013,13.747816488765949,67.47555115317171,484.60231684716416,0.4939660038048487,120.72037198935378,61.8225252225514,12956.171667208248,2.4650548002540202,1.493597803868131,55.16177851044165,17.735183656836984,138862496.67972505,88669381.79832117,425630098.7909801,15898889.039411303,9633260.910187485,346769099.79290545,7314929963.751646
56,2009-09-01,24.515907401433665,6.546579519335468,40.96753985570294,484.60231684716416,0.4939660038048487,120.72037198935378,61.8225252225514,12956.171667208248,0.7215328644106707,0.6300424058161026,53.087123151084974,17.25882391811005,158119786.4978766,42223516.683348395,258419853.7151451,4653678.844205261,4063583.8906620475,333726967.5053771,7314929963.751646
57,2009-10-01,42.32094353565057,3.273289759667734,19.915898108610982,484.60231684716416,0.4939660038048487,120.72037198935378,61.8225252225514,12956.171667208248,2.007594641321547,2.3860754955665513,74.43716991246346,28.80696447064542,272956464.73165977,21111758.341674197,125627914.84059602,12948404.471077576,15389426.757722573,467941274.2940379,7314929963.751646
58,2009-11-01,17.101319366498345,0.0,9.696695088813634,484.60231684716416,0.4939660038048487,120.72037198935378,61.8225252225514,12956.171667208248,0.0219161299266538,1.7152026715994262,80.29507354014156,31.655140638009,110297938.09527545,0.0,61165957.77274503,141352.91263568087,11062492.784795923,504766158.3544501,7314929963.751646
59,2009-12-01,57.69602983460588,0.0,4.813993333957996,484.60231684716416,0.4939660038048487,120.72037198935378,61.8225252225514,12956.171667208248,2.2269017546941123,17.169308336172012,113.46209164025706,46.703441073630174,372120692.03564703,0.0,30366234.45504314,14362874.66139567,110736134.12048891,713266784.9708812,7314929963.751646
60,2010-01-01,45.471413719173206,0.0,5.239094060797516,484.60231684716416,0.4939660038048487,120.72037198935378,61.8225252225514,12956.171667208248,3.2280474210360923,25.868537170283272,123.35890952700905,51.1553323651053,293275888.06279,0.0,33047767.01937253,20819929.995421775,166843350.1920881,775482098.8611298,7314929963.751646
61,2010-02-01,38.8849831178173,0.0,5.111421955104605,484.60231684716416,0.4939660038048487,120.72037198935378,61.8225252225514,12956.171667208248,2.1182018700562124,25.574302041242905,128.71815532363613,53.15308514308327,250795536.15222,0.0,32242381.054862704,13661766.185490716,164945738.64149073,809172482.5871696,7314929963.751646
62,2010-03-01,35.32110774791325,0.0,22.011190383765893,484.60231684716416,0.4939660038048487,120.72037198935378,61.8225252225514,12956.171667208248,0.5405771208013632,13.64830233130873,127.62202644110691,52.279383469130394,227809723.18932712,0.0,138844697.97007063,3486545.818777068,88027006.33285092,802281818.0336479,7314929963.751646
63,2010-04-01,89.75456180099155,2.9675654842623422,37.383698984030964,484.60231684716416,0.4939660038048487,120.72037198935378,61.8225252225514,12956.171667208248,5.147812042686063,42.69637835655258,134.12072923856374,56.088397870535445,578887597.2616773,19139926.73410933,235813326.78328592,33201688.42665999,275377469.7508388,843134917.7819062,7314929963.751646
64,2010-05-01,68.2856713026645,7.7156701958502785,44.011444710669664,484.60231684716416,0.4939660038048487,120.72037198935378,61.8225252225514,12956.171667208248,4.308733366747007,29.89611067329251,131.211738164458,54.13467999060278,440420454.82624876,49763809.10085793,277620528.2680156,27790054.837247666,192819892.56600913,824847962.3830268,7314929963.751646
65,2010-06-01,53.0449608197718,11.870261937049369,79.58274325029777,484.60231684716416,0.4939660038048487,120.72037198935378,61.8225252225514,12956.171667208248,1.739255860535016,5.010242271413537,110.0020161391493,43.82376700483154,342123209.375328,76559706.93643732,502001293.7725566,11217688.52207396,32314441.747236937,691515720.4279678,7314929963.751646
66,2010-07-01,12.922672385210095,15.431340391700557,91.7468510313625,484.60231684716416,0.4939660038048487,120.72037198935378,61.8225252225514,12956.171667208248,0.7829947159815961,0.7455763985669553,61.65063785320236,20.840784416521597,83347122.18143675,99527618.20171586,578731258.097004,5050087.046750085,4808744.651931922,387560663.65434843,7314929963.751646
67,2010-08-01,33.80076527933423,12.46377501577849,76.72855287991747,484.60231684716416,0.4939660038048487,120.72037198935378,61.8225252225514,12956.171667208248,1.2712971640040747,1.0020210100676323,52.501415902592896,16.87933449855957,218004084.10553473,80387692.16636786,483996976.94475293,8199493.68333706,6462738.157047696,330045094.0539388,7314929963.751646
68,2010-09-01,9.301183254741394,5.9351309685246845,35.001659817687774,484.60231684716416,0.4939660038048487,120.72037198935378,61.8225252225514,12956.171667208248,0.42631149123744244,0.34240890954899883,48.23688682834094,15.193818966523839,59989589.694855854,38279853.46821866,220787454.77466664,2749586.707994861,2208435.843402116,303236569.5155165,7314929963.751646
69,2010-10-01,65.08955099266389,2.9675654842623422,19.971127203608763,484.60231684716416,0.4939660038048487,120.72037198935378,61.8225252225514,12956.171667208248,2.341325397349474,5.764387202805247,88.0973565033128,35.927127270847734,419806648.044065,19139926.73410933,125976317.90704316,15100870.903360894,37178461.2476154,553814349.9328146,7314929963.751646
70,2010-11-01,78.76157777029285,0.0,11.234904359698556,484.60231684716416,0.4939660038048487,120.72037198935378,61.8225252225514,12956.171667208248,4.961044587477825,27.950007616718437,121.81129022404535,51.76393845842795,507986472.987068,0.0,70868914.62661172,31997166.919520967,180267945.81331167,765752986.6740427,7314929963.751646
71,2010-12-01,152.81388553464333,0.0,3.152850469166208,484.60231684716416,0.4939660038048487,120.72037198935378,61.8225252225514,12956.171667208248,21.947971695145952,90.21981829608698,157.017411528525,68.34664929190917,985600304.7438977,0.0,19887907.64971763,141557217.80728728,581888877.3228332,987071916.0742095,7314929963.751646
72,2011-01-01,57.75409304854301,0.0,2.520781185163371,484.60231684716416,0.4939660038048487,120.72037198935378,61.8225252225514,12956.171667208248,4.859306426604666,60.56323446870506,144.9231596070577,62.60418614101271,372495353.51799875,0.0,15900863.466925493,31341039.79603593,390613052.6521046,911043080.6004955,7314929963.749161
73,2011-02-01,69.55136365187485,0.0,4.855783259935479,484.60231684716416,0.4939660038048487,120.72037198935378,61.8225252225514,12956.171667208248,7.544456956147052,56.71683467690707,143.45840175897004,61.97691878956122,448583859.28729606,0.0,30629845.90218039,48659390.172335014,365805073.58060473,901835132.2205781,7314929963.749161
74,2011-03-01,99.84906848232119,0.0,9.56637262907091,484.60231684716416,0.4939660038048487,120.72037198935378,61.8225252225514,12956.171667208248,14.706917353765299,69.57833480418114,147.34006934905017,63.812485152567504,643993694.355065,0.0,60343756.312156804,94854710.56790066,448757638.17921776,926236509.3438377,7314929963.749161
75,2011-04-01,109.47742802750562,3.268916684586882,13.654704378438428,484.60231684716416,0.4939660038048487,120.72037198935378,61.8225252225514,12956.171667208248,18.753157003817563,73.10055346182037,153.06217003627307,65.8761754211179,706093378.1592064,21083554.021780193,86132638.69554508,120951326.22588862,471474903.5162793,962207711.7068053,7314929963.749161
76,2011-05-01,103.27654788961121,8.499183564644303,31.445005153466205,484.60231684716416,0.4939660038048487,120.72037198935378,61.8225252225514,12956.171667208248,13.642693633365594,70.0398412202205,148.17437026915036,63.90655619003614,666100119.2368672,54817241.64800729,198352447.5209176,87990732.7777632,451734305.97500724,931481173.9499398,7314929963.749161
77,2011-06-01,23.356301678084936,13.075666738347527,70.50900183383084,484.60231684716416,0.4939660038048487,120.72037198935378,61.8225252225514,12956.171667208248,1.071856868600158,9.034426430271902,103.57235236247188,42.20801787634865,150640648.75590122,84334216.08712077,444764949.75248635,6913163.733469094,58268783.03847213,651096201.6187903,7314929963.749161
78,2011-07-01,30.332259576811406,16.998367129288606,98.34205629994513,484.60231684716416,0.4939660038048487,120.72037198935378,61.8225252225514,12956.171667208248,1.6536159462732831,2.0887548646783416,60.201159246677484,21.445759242358392,195633386.0782759,109634483.29601458,620333165.6108943,10665313.422126902,13471828.410083694,378448666.57441944,7314929963.749161
79,2011-08-01,27.712253968934785,13.729449972392112,77.36893463798567,484.60231684716416,0.4939660038048487,120.72037198935378,61.8225252225514,12956.171667208248,1.148335395936223,1.1205496938122896,49.190681351890284,16.002891836630187,178735165.1028216,88550926.22798054,488036573.97036844,7406430.387885252,7227213.4993848065,309232569.6446748,7314929963.749161
80,2011-09-01,21.80798789649913,6.537833369173764,47.432088023879935,484.60231684716416,0.4939660038048487,120.72037198935378,61.8225252225514,12956.171667208248,0.46184206717072807,0.6056744212188336,45.45866116002093,14.45725236644537,140654526.27141598,42167108.043560386,299197694.05581975,2978748.5194447543,3906421.5854163496,285771606.6740053,7314929963.749161
81,2011-10-01,52.48958191504076,3.268916684586882,26.96701781626889,484.60231684716416,0.4939660038048487,120.72037198935378,61.8225252225514,12956.171667208248,2.2217692906817605,3.3632018536376362,68.86011075172121,26.922315870036062,338541038.98365873,21083554.021780193,170105811.83410197,14329774.824978577,21691626.170439262,432881815.482829,7314929963.749161
82,2011-11-01,74.45441636576665,0.0,7.745566011217152,484.60231684716416,0.4939660038048487,120.72037198935378,61.8225252225514,12956.171667208248,3.5783220147475236,16.738934506249166,115.05728138915185,48.01050994358763,480207026.93383723,0.0,48858413.051772505,23079125.810828283,107960544.12698887,723294775.9549458,7314929963.749161
83,2011-12-01,24.952962258858076,0.0,4.577830725367099,484.60231684716416,0.4939660038048487,120.72037198935378,61.8225252225514,12956.171667208248,0.9463075989642291,12.226458572707381,121.60430656490793,50.15115480517783,160938671.014099,0.0,28876558.65139607,6103412.082174432,78856617.78660701,764451996.799045,7314929963.749161
84,2012-01-01,95.42523958545429,0.0,7.3827619901749495,484.60231684716416,0.4939660038048487,120.72037198935378,61.8225252225514,12956.171667208248,6.640863743040549,61.90615013299861,138.687279123043,59.21005921777932,615462066.2339418,0.0,46569833.29366274,42831559.68635898,399274432.34455305,871842107.4906372,7314929963.751646
85,2012-02-01,66.75953785194926,0.0,6.9955827432502975,484.60231684716416,0.4939660038048487,120.72037198935378,61.8225252225514,12956.171667208248,4.672695267839938,54.6441066921341,137.70679056780386,58.66829726011276,430577651.05129266,0.0,44127550.10358425,30137432.535655215,352436763.2294829,865678504.4915634,7314929963.751646
86,2012-03-01,54.53943331634833,0.0,21.032848327465956,484.60231684716416,0.4939660038048487,120.72037198935378,61.8225252225514,12956.171667208248,3.1257366465299166,32.31039835028182,134.9671910243197,56.67834499438794,351761279.4655877,0.0,132673341.79920791,20159950.49713859,208391226.88065925,848456278.0045769,7314929963.751646
87,2012-04-01,36.81064362908925,3.770172677195411,38.30620959213996,484.60231684716416,0.4939660038048487,120.72037198935378,61.8225252225514,12956.171667208248,1.2752714660116997,12.382751468152676,123.09875531989383,50.983890803149045,237415967.9701356,24316506.263931997,241632217.23019594,8225048.171568149,79864152.32140107,773846623.3775431,7314929963.751646
88,2012-05-01,27.67993613736278,9.802449042739244,52.35939068628107,484.60231684716416,0.4939660038048487,120.72037198935378,61.8225252225514,12956.171667208248,2.3394299426102028,4.030966638617919,102.02931746466318,39.78091122898538,178526610.4798495,63222916.81530002,330278575.8845179,15088644.141517723,25998362.448559545,641396130.4116864,7314929963.751646
89,2012-06-01,0.20346765360406036,15.080690708781644,65.79613690818796,484.60231684716416,0.4939660038048487,120.72037198935378,61.8225252225514,12956.171667208248,0.9042757800818586,1.1618468128565886,65.61459901614425,22.717892122629156,1312290.9762163085,97266025.05572799,415036457.975443,5832314.321810028,7493570.360013943,412479599.9013769,7314929963.751646
90,2012-07-01,27.071110300611,19.60489808547849,61.38953511719115,484.60231684716416,0.4939660038048487,120.72037198935378,61.8225252225514,12956.171667208248,3.4430463951217494,3.3658963455094724,62.06175452337472,21.05379230454423,174600068.13463578,126445833.63060004,387239895.0824395,22206647.737777963,21709040.016403932,390145166.0176091,7314929963.751646
91,2012-08-01,10.497422853635564,15.834725483481414,59.96679026061812,484.60231684716416,0.4939660038048487,120.72037198935378,61.8225252225514,12956.171667208248,2.693367828954916,2.4457809822045196,52.07138155100095,16.797493473081005,67704996.2768714,102129327.85167572,378265517.01246274,17371442.46196176,15774561.593615154,327341792.18803287,7314929963.751646
92,2012-09-01,19.468867778814,7.540345354390822,40.90672895444868,484.60231684716416,0.4939660038048487,120.72037198935378,61.8225252225514,12956.171667208248,1.2646782777117884,1.8045684590794124,47.475344425566426,14.988499250200567,125567883.18468148,48633012.527863994,258036284.99203935,8156811.028248727,11638926.528840821,298449245.509182,7314929963.751646
93,2012-10-01,60.1065233425936,3.770172677195411,33.04862998112627,484.60231684716416,0.4939660038048487,120.72037198935378,61.8225252225514,12956.171667208248,3.1938331229735866,4.188832700463355,71.25773107943726,27.06546768764228,387667816.0183952,24316506.263931997,208467993.94941178,20599299.584809028,27016708.171316363,447954171.7253926,7314929963.751646
94,2012-11-01,36.83166250901533,0.0,14.800058896756655,484.60231684716416,0.4939660038048487,120.72037198935378,61.8225252225514,12956.171667208248,0.7691714086615062,5.777155569209998,86.45379584040538,35.18436370964815,237552145.0986734,0.0,93357570.8304784,4960934.652699396,37260616.046015844,543482197.8873731,7314929963.751646
95,2012-12-01,88.47553856802416,0.0,3.956991982009716,484.60231684716416,0.4939660038048487,120.72037198935378,61.8225252225514,12956.171667208248,6.422523057305363,35.171244354159384,128.0972993044979,55.01812543573612,570638507.7816684,0.0,24960375.11033725,41423252.07487251,226842658.49848303,805269260.5099705,7314929963.751646
96,2013-01-01,43.33888620421673,0.0,1.873693228211545,484.60231684716416,0.4939660038048487,120.72037198935378,61.8225252225514,12956.171667208248,2.893080714054829,33.043504527330654,132.4505609877984,56.27237320244449,279521836.38686335,0.0,11819087.839584313,18659505.116485167,213119580.72547087,832635771.7679498,7314929963.751646
97,2013-02-01,35.13616020203978,0.0,4.744133749180129,484.60231684716416,0.4939660038048487,120.72037198935378,61.8225252225514,12956.171667208248,1.7204129376887916,27.907407665764598,132.29770274556148,55.49315163402045,226616940.3250427,0.0,29925539.580572534,11096159.21178802,179993664.8330609,831674949.3096247,7314929963.751646
98,2013-03-01,56.20208235473688,0.0,20.373365280361945,484.60231684716416,0.4939660038048487,120.72037198935378,61.8225252225514,12956.171667208248,2.4861195187455185,32.135407314619336,132.45942390137898,55.49449239288839,362485400.081815,0.0,128513446.50770198,16034728.840136463,207262913.1618043,832691597.2050533,7314929963.751646
99,2013-04-01,62.715222511798856,2.6780737062024498,35.771507355401745,484.60231684716416,0.4939660038048487,120.72037198935378,61.8225252225514,12956.171667208248,3.253238066067887,29.46757754116646,128.61016172260295,54.46829088129908,404492476.89890134,17272787.118547942,225643620.39061958,20982298.973848082,190055945.39081255,808493539.5940163,7314929963.751646
100,2013-05-01,30.045709809445768,6.962991544853684,46.50189406615174,484.60231684716416,0.4939660038048487,120.72037198935378,61.8225252225514,12956.171667208248,1.3685855410751067,6.188382726088044,111.33236019865812,45.4548214121326,193785127.6873512,44909245.91954331,293330020.1806824,8826973.600514445,39913063.67893792,699878621.7879338,7314929963.751646
101,2013-06-01,0.5821948160986363,10.712294824809799,73.35643246282142,484.60231684716416,0.4939660038048487,120.72037198935378,61.8225252225514,12956.171667208248,0.0856506397437495,0.31048521154258923,59.30698155068748,20.567313278565532,3754982.5601348826,69091148.47419177,462726177.87901163,552421.5653095592,2002539.030243494,372827319.3000633,7314929963.751646
102,2013-07-01,27.475249567263223,13.925983089707367,75.44141780556035,484.60231684716416,0.4939660038048487,120.72037198935378,61.8225252225514,12956.171667208248,0.9364884214899675,1.2779913713244624,46.22767012528622,14.87206168875304,177206725.93993458,89818491.83908662,475877898.24115294,6040073.489887783,8242667.397047145,290605842.7083954,7314929963.751646
103,2013-08-01,19.397192040103025,11.247909310657269,66.4466114286479,484.60231684716416,0.4939660038048487,120.72037198935378,61.8225252225514,12956.171667208248,1.0008728885603142,1.1594272113681898,38.41347533537853,11.677912444641846,125105711.56061861,72545704.25069131,419139251.5282038,6455335.588770993,7477963.357684879,241482748.8719751,7314929963.751646
104,2013-09-01,82.54273775005792,5.3561474124048996,47.590453371170035,484.60231684716416,0.4939660038048487,120.72037198935378,61.8225252225514,12956.171667208248,2.4637955301208985,3.9519653149625427,72.73261608772154,28.931962682584007,532374369.1232301,34545574.237095885,300196678.73094904,15890756.77978798,25488951.22746536,457225854.19505197,7314929963.751646
105,2013-10-01,55.58008118799085,2.6780737062024498,24.335122545410737,484.60231684716416,0.4939660038048487,120.72037198935378,61.8225252225514,12956.171667208248,1.37726128495667,8.568703383083223,96.42795772958308,39.955742508277545,358473730.60725415,17272787.118547942,153504044.81648615,8882928.696107693,55265411.480414614,606183584.608407,7314929963.751646
106,2013-11-01,46.847228558567465,0.0,10.061386483194342,484.60231684716416,0.4939660038048487,120.72037198935378,61.8225252225514,12956.171667208248,0.7950270859085811,17.045195217800174,115.3604196983313,47.99054036358098,302149497.04742604,0.0,63466410.19962352,5127679.790284564,109935708.8015122,725200393.204283,7314929963.751646
107,2013-12-01,70.81816614516569,0.0,4.583934571057596,484.60231684716416,0.4939660038048487,120.72037198935378,61.8225252225514,12956.171667208248,3.029537185844484,46.55103158379659,130.85491742221876,54.90073299628667,456754368.265545,0.0,28915027.585341178,19539582.86798867,300238802.08232176,822604985.4072114,7314929963.751646
108,2014-01-01,77.57518731806576,0.0,6.440868994873306,484.60231684716416,0.4939660038048487,120.72037198935378,61.8225252225514,12956.171667208248,4.9105289812157675,60.24301822902008,135.38435205951805,57.434299596826264,500334993.03357464,0.0,40628394.21689409,31671390.0349249,388547950.3089902,851078788.4805373,7314929963.751646
109,2014-02-01,125.91025460610503,0.0,13.251556079082276,484.60231684716416,0.4939660038048487,120.72037198935378,61.8225252225514,12956.171667208248,14.33428262334698,82.94152430634695,148.24882267135848,64.26659294278998,812080423.7511698,0.0,83589688.5943686,92451533.77164908,534946100.6487951,931949415.0616481,7314929963.751646
110,2014-03-01,98.11488511720991,0.0,30.720615203394594,484.60231684716416,0.4939660038048487,120.72037198935378,61.8225252225514,12956.171667208248,8.128561591555245,60.6636429962287,145.07041300869156,63.05658789504167,632809717.4554507,0.0,193783180.4811685,52426711.463279314,391260700.70649064,911968833.0234505,7314929963.751646
111,2014-04-01,45.45600106748422,2.747348280701243,34.392814595687135,484.60231684716416,0.4939660038048487,120.72037198935378,61.8225252225514,12956.171667208248,2.7101300598035682,23.86008731533188,131.89994153847837,55.73469002510295,293176082.75510067,17719591.529013436,216947017.05669013,17479454.5023523,153889345.89435402,829174158.2454581,7314929963.751646
112,2014-05-01,41.984959732322814,7.143105486788419,63.0617211238572,484.60231684716416,0.4939660038048487,120.72037198935378,61.8225252225514,12956.171667208248,1.2033264781203354,7.180228854908234,109.32515991103448,44.04465338964286,270789344.09691304,46070937.69787312,397788008.53513724,7761107.490364793,46309911.074410245,687260483.7108253,7314929963.751646
113,2014-06-01,29.06096934915,10.989393122804971,71.03568608028695,484.60231684716416,0.4939660038048487,120.72037198935378,61.8225252225514,12956.171667208248,1.3800088846987966,1.47476270275869,81.29279041612932,30.1975492387908,187434103.43674874,70878366.11605375,448086894.51504344,8900659.190432178,9511784.0414297,511038747.7216164,7314929963.751646
114,2014-07-01,36.083932322441,14.286210973576837,82.81427443211476,484.60231684716416,0.4939660038048487,120.72037198935378,61.8225252225514,12956.171667208248,1.7446464809401931,1.7548692559687324,65.43651434396027,22.77709510568281,232729826.27116486,92141875.39574625,522385237.8912786,11252464.33758598,11318381.721322225,411360235.7941797,7314929963.751646
115,2014-08-01,92.45395307987849,11.53886297654553,73.57714805841488,484.60231684716416,0.4939660038048487,120.72037198935378,61.8225252225514,12956.171667208248,4.857844646710069,8.495961693449539,83.69040478500348,32.61386242672815,596298596.5066189,74422285.69632159,464118265.8026037,31331696.74770615,54796360.200371705,526111242.68081445,7314929963.751646
116,2014-09-01,90.52487169298193,5.494696561402486,49.11795414084356,484.60231684716416,0.4939660038048487,120.72037198935378,61.8225252225514,12956.171667208248,3.6116946273204973,20.192944960635604,106.14711087425056,43.967550991116134,583856762.7148488,35439183.05802687,309831907.3242824,23294372.866343327,130238293.54978265,667282581.2881474,7314929963.751646
117,2014-10-01,8.763389830764394,2.747348280701243,35.496017776112026,484.60231684716416,0.4939660038048487,120.72037198935378,61.8225252225514,12956.171667208248,0.0,0.6517210770870586,83.44798074606118,32.775591658397865,56521104.881407686,17719591.529013436,223905938.7218118,0.0,4203396.129152692,524587144.0667156,7314929963.751646
118,2014-11-01,56.55520270915443,0.0,13.506471950419634,484.60231684716416,0.4939660038048487,120.72037198935378,61.8225252225514,12956.171667208248,0.44676740437334655,12.281181638589567,112.99660416387944,47.01327475726579,364762796.1732516,0.0,85197640.52176467,2881509.1751565863,79209754.12628245,710340809.959806,7314929963.751646
119,2014-12-01,64.36723533402298,0.0,5.37926834165473,484.60231684716416,0.4939660038048487,120.72037198935378,61.8225252225514,12956.171667208248,3.257276771859163,37.49683028062495,130.12882829546692,55.0242323402753,415147567.3261762,0.0,33931982.06033725,21008383.431946207,241842077.59994873,818040428.3515967,7314929963.751646
120,2015-01-01,38.33350920591447,0.0,6.995890612660124,484.60231684716416,0.4939660038048487,120.72037198935378,61.8225252225514,12956.171667208248,1.2022297080065807,28.065595546173743,131.38571591613123,54.91202890967094,247238791.0199512,0.0,44129473.68883918,7754032.450072851,181013836.7993234,825941832.4139285,7314929963.751646
121,2015-02-01,65.53568208046568,0.0,15.303545852463632,484.60231684716416,0.4939660038048487,120.72037198935378,61.8225252225514,12956.171667208248,1.6787938298477612,44.45911432898646,134.29342719379486,56.57729512421101,422683565.7688723,0.0,96533430.53470582,10827679.189932933,286746488.0089699,844220738.452161,7314929963.751646
122,2015-03-01,39.06780929794608,0.0,28.996707135877486,484.60231684716416,0.4939660038048487,120.72037198935378,61.8225252225514,12956.171667208248,0.350129030223764,15.63505109893763,127.76980781644373,53.058759535430916,251974442.1725885,0.0,182908781.49065882,2258205.7038098015,100840588.47868887,803210746.1538045,7314929963.751646
123,2015-04-01,58.38343025673425,3.106477332966917,36.207396897211765,484.60231684716416,0.4939660038048487,120.72037198935378,61.8225252225514,12956.171667208248,2.0787881630269025,21.20108870957459,128.58080831331372,53.18671583906632,376554052.3375831,20035867.938400228,228393065.37173337,13407540.833497072,136739861.50673574,808309040.7896427,7314929963.751646
124,2015-05-01,109.7416650610558,8.076841396435372,59.23809013880894,484.60231684716416,0.4939660038048487,120.72037198935378,61.8225252225514,12956.171667208248,9.098551259281527,42.495871357708246,134.12286833277167,56.52886516759339,707798650.8258394,52093258.772895746,373668970.8211215,58682839.44940881,274084550.89333093,843148580.2484032,7314929963.751646
125,2015-06-01,18.457653132158647,12.425909331867668,98.09853159677132,484.60231684716416,0.4939660038048487,120.72037198935378,61.8225252225514,12956.171667208248,0.33675604985309876,0.6650850664545265,69.29041712990939,24.92045385388479,119046016.93599571,80143471.75360091,618797412.3730116,2171978.7026293757,4289586.109092308,435587047.39938855,7314929963.751646
126,2015-07-01,33.479910033274486,16.153682792870743,85.69213059017223,484.60231684716416,0.4939660038048487,120.72037198935378,61.8225252225514,12956.171667208248,1.220660319036981,1.4142829906904542,51.92573146192027,17.14461209731428,215934797.7033232,104186517.54579149,540538504.134259,7872903.184226447,9121708.67422251,326426191.3998132,7314929963.751646
127,2015-08-01,31.43555702121237,13.047205238496561,60.26443305178895,484.60231684716416,0.4939660038048487,120.72037198935378,61.8225252225514,12956.171667208248,1.5844734579556923,1.6086768834673049,51.86138048831001,17.03866377307286,202749351.2842883,84150648.17937954,380143008.9979374,10219394.405811653,10375492.147801658,326021650.2909953,7314929963.751646
128,2015-09-01,30.2604484620732,6.212954665933834,37.8326127404393,484.60231684716416,0.4939660038048487,120.72037198935378,61.8225252225514,12956.171667208248,1.436175432076001,1.5070234629035917,55.24046654607672,18.88643863746235,195170119.60877478,40071735.876800455,238644962.62945867,9262918.364940112,9719850.58750771,347263797.5437875,7314929963.751646
129,2015-10-01,23.9174885622575,3.106477332966917,24.814060262090564,484.60231684716416,0.4939660038048487,120.72037198935378,61.8225252225514,12956.171667208248,1.1441653200127073,0.9475017914382431,58.52170662018261,20.682039065487608,154260137.06865782,20035867.938400228,156525037.68389022,7379535.28513422,6111099.949578146,367890887.10972285,7314929963.751646
130,2015-11-01,40.19337214441781,0.0,8.381851767571973,484.60231684716416,0.4939660038048487,120.72037198935378,61.8225252225514,12956.171667208248,0.7682049766826538,4.734340094069508,84.42170248270422,33.95137471461085,259234095.80559686,0.0,52872015.13502743,4954701.8714419,30534936.63964531,530707820.4782321,7314929963.751646
131,2015-12-01,85.54243336695708,0.0,4.225494264259036,484.60231684716416,0.4939660038048487,120.72037198935378,61.8225252225514,12956.171667208248,4.430731943223978,31.99630972634795,128.34768151636112,54.5128058070701,551720818.1870855,0.0,26654039.881294124,28576847.46087197,206365351.95328382,806843310.8238491,7314929963.751646
132,2016-01-01,77.81276466564833,0.0,1.9772444349257765,484.60231684716416,0.4939660038048487,120.72037198935378,61.8225252225514,12956.171667208248,6.412204480579033,58.88600392608862,136.9744192092871,58.49980431914951,501867384.05484,0.0,12472263.688007843,41356719.43193581,379795558.7633287,861074459.0821462,7314929963.751646
133,2016-02-01,52.44705565670259,0.0,7.731497717750675,484.60231684716416,0.4939660038048487,120.72037198935378,61.8225252225514,12956.171667208248,4.1178650246831765,39.732011715811645,136.4567212278689,57.81069825875078,338266258.91539145,0.0,48769594.8785098,26558940.431595277,256258213.006071,857820040.5047901,7314929963.751646
134,2016-03-01,104.30293986167636,0.0,22.396335015460394,484.60231684716416,0.4939660038048487,120.72037198935378,61.8225252225514,12956.171667208248,9.46566397974261,61.187181384345664,145.90177051827362,62.41344151336666,672719297.6892399,0.0,141274166.47200793,61050202.82921327,394637174.60710704,917194699.6613642,7314929963.751646
135,2016-04-01,61.936530748547774,3.6208914363634785,28.273682519710324,484.60231684716416,0.4939660038048487,120.72037198935378,61.8225252225514,12956.171667208248,4.796870239872881,36.975005800896824,140.4151976555177,59.497232228706025,399469880.46959674,23353689.46303707,178348049.68718436,30938071.850732375,238476133.22441962,882704052.0299648,7314929963.751646
136,2016-05-01,99.55599608262071,9.414318032541853,69.61884428500677,484.60231684716416,0.4939660038048487,120.72037198935378,61.8225252225514,12956.171667208248,8.142756702596918,33.90640177425342,136.30287634780512,57.89364752073381,642104448.2404693,60719594.52588949,439149805.725388,52518280.96358135,218685048.04043844,856852829.3803039,7314929963.751646
137,2016-06-01,12.47632309147554,14.483565745453914,97.74555262559055,484.60231684716416,0.4939660038048487,120.72037198935378,61.8225252225514,12956.171667208248,0.21802111261290483,0.9473483929839862,66.57474035774669,24.22388558796693,80468376.79161276,93414757.85214828,616570767.9699378,1406174.5608380588,6110090.1500191875,418515289.22771204,7314929963.751646
138,2016-07-01,0.9281295230831,18.828636065083707,82.63564324628213,484.60231684716416,0.4939660038048487,120.72037198935378,61.8225252225514,12956.171667208248,0.8603778871443543,1.1200365472209954,40.99605943637986,12.569105712476548,5986144.340928156,121439189.05177899,521258449.86718446,5549188.3991577,7223907.396088169,257717921.82653183,7314929963.751646
139,2016-08-01,10.895042256035184,15.207744227845907,60.77720963229681,484.60231684716416,0.4939660038048487,120.72037198935378,61.8225252225514,12956.171667208248,1.5474122753720176,1.3262348711478997,36.97002426560375,10.728908988354636,70269538.37842384,98085497.00321573,383377412.51634496,9980364.104602767,8553826.909993047,232408690.28846365,7314929963.751646
140,2016-09-01,64.38583027051828,7.241782872726957,42.82879783688276,484.60231684716416,0.4939660038048487,120.72037198935378,61.8225252225514,12956.171667208248,3.2232651196265443,2.5227192503246494,61.325528125151216,23.17474818391121,415267909.2517843,46707378.92607414,270160476.49313724,20789133.546880525,16270761.403552504,385516499.45149076,7314929963.751646
141,2016-10-01,71.38184578039838,3.6208914363634785,25.174254085962488,484.60231684716416,0.4939660038048487,120.72037198935378,61.8225252225514,12956.171667208248,3.6026900612652684,9.459279051431988,96.6513014880662,39.96595412552608,460390271.6273209,23353689.46303707,158797146.70230585,23236311.768886864,61009378.32505005,607587716.2983425,7314929963.751646
142,2016-11-01,49.066542689142125,0.0,10.92304603316958,484.60231684716416,0.4939660038048487,120.72037198935378,61.8225252225514,12956.171667208248,1.152295029402492,16.99286403373605,116.20180046854863,48.441501253258636,316463359.30461776,0.0,68901708.91139607,7431942.006243512,109598164.11987871,730489725.8929294,7314929963.751646
143,2016-12-01,107.35390631271879,0.0,3.8392252399373517,484.60231684716416,0.4939660038048487,120.72037198935378,61.8225252225514,12956.171667208248,9.123797859247604,64.75593701720176,143.64368295669982,61.84607171389452,692397715.720724,0.0,24217495.219223514,58845568.030525304,417654621.2253606,902999631.5276994,7314929963.751646
144,2017-01-01,153.3101659144841,0.0,1.3431405356927726,484.60231684716416,0.4939660038048487,120.72037198935378,61.8225252225514,12956.171667208248,32.410640605961106,94.39898854575821,165.4313882171211,72.12945162651562,988800843.8164407,0.0,8472399.70147451,209037694.21513388,608843288.677801,1039965244.6285306,7314929963.751646
145,2017-02-01,186.67020450712064,0.0,4.163103859076123,484.60231684716416,0.4939660038048487,120.72037198935378,61.8225252225514,12956.171667208248,50.147991584274564,102.8208006626493,191.0853225650304,82.81849588296497,1203963239.9407666,0.0,26260489.558290184,323437911.6994964,663161471.2315686,1201236074.709362,7314929963.751646
146,2017-03-01,141.9188196883728,0.0,23.525934651371347,484.60231684716416,0.4939660038048487,120.72037198935378,61.8225252225514,12956.171667208248,25.84365018612401,95.02377695101383,185.86026626268955,80.89838997091469,915330290.0739218,0.0,148399559.2016941,166682643.84990087,612872972.3015875,1168389199.0751467,7314929963.751646
147,2017-04-01,135.69865542527597,3.048063761101907,40.18053194479765,484.60231684716416,0.4939660038048487,120.72037198935378,61.8225252225514,12956.171667208248,21.742780922314537,80.07811086973852,181.02758573426854,77.98769475311268,875212270.239152,19659118.197489318,253455594.82570976,140233385.2544295,516477903.0987316,1138009091.6289456,7314929963.751646
148,2017-05-01,31.89036662567334,7.924965799426399,61.85922336594964,484.60231684716416,0.4939660038048487,120.72037198935378,61.8225252225514,12956.171667208248,1.5322293230102784,32.68938749179142,124.04039812840227,51.47781464680636,205682095.15309536,51113707.44608641,390202946.52711374,9882369.350227738,210835399.30152056,779765856.0027074,7314929963.751646
149,2017-06-01,12.56841919731568,12.192255044407627,86.56772457734878,484.60231684716416,0.4939660038048487,120.72037198935378,61.8225252225514,12956.171667208248,0.1894516600633721,1.2490403981213074,65.63930098126957,23.878299381585556,81062174.0667475,78636472.78995727,546061781.0810513,1221908.7503768578,8055850.790583665,412634495.77976316,7314929963.751646
150,2017-07-01,7.124776764500923,15.849931598852798,80.47721097085946,484.60231684716416,0.4939660038048487,120.72037198935378,61.8225252225514,12956.171667208248,0.2043301095391959,0.9310608045178229,38.290713649739345,11.97439676824858,45952466.15895458,102227414.89217281,507643413.0688547,1317871.122220976,6005058.75833305,240710915.81827867,7314929963.751646
151,2017-08-01,17.28127429744852,12.801867640363664,73.64853360461532,484.60231684716416,0.4939660038048487,120.72037198935378,61.8225252225514,12956.171667208248,0.6167707361450022,0.7388774856700343,30.73990390003774,8.831069590626157,111458646.03355114,82568295.42159627,464568555.64990544,3977995.6285159797,4765542.841897512,193243614.08617264,7314929963.751646
152,2017-09-01,81.25644234786895,6.096127522203814,44.28151311122116,484.60231684716416,0.4939660038048487,120.72037198935378,61.8225252225514,12956.171667208248,2.464171268515112,2.9086598922423064,68.85370343533687,27.940564000307617,524078208.20609045,39318236.394978635,279324038.30034506,15893188.034830274,18759976.600711957,432841565.22266454,7314929963.751646
153,2017-10-01,7.001847670679469,3.048063761101907,21.14630489780074,484.60231684716416,0.4939660038048487,120.72037198935378,61.8225252225514,12956.171667208248,0.2357811712045877,0.25324996577228936,58.879446765772286,23.301019467451805,45159656.73931365,19659118.197489318,133389232.46366285,1520721.553876817,1633373.6097244318,370139481.6556875,7314929963.751646
154,2017-11-01,61.77938588113455,0.0,9.100017401314464,484.60231684716416,0.4939660038048487,120.72037198935378,61.8225252225514,12956.171667208248,2.891699008386445,14.086040753575624,93.88933804197254,40.71182185764413,398456277.9806015,0.0,57402135.106588215,18650522.298581548,90849937.03077158,590224502.3435527,7314929963.751646
155,2017-12-01,49.699174186959894,0.0,11.202243431003783,484.60231684716416,0.4939660038048487,120.72037198935378,61.8225252225514,12956.171667208248,1.8654585325774677,20.361207678975816,109.5068877363139,46.8220862652289,320543506.378071,0.0,70662799.97614901,12031638.798363594,131322699.80432378,688402607.346725,7314929963.751646
156,2018-01-01,71.69463663477892,0.0,8.690136131821648,484.60231684716416,0.4939660038048487,120.72037198935378,61.8225252225514,12956.171667208248,2.8314496517517083,41.25909424304301,127.54110439626315,54.26994496226698,462407338.01175475,0.0,54816654.81952941,18261955.724537868,266107373.5007039,801772949.6714187,7314929963.751646
157,2018-02-01,88.53523631952487,0.0,11.981608149169414,484.60231684716416,0.4939660038048487,120.72037198935378,61.8225252225514,12956.171667208248,3.7513062096130123,61.32035615540537,137.49815345986957,58.552748057814966,571024161.5853221,0.0,75578976.67392161,24194807.14432611,395496545.2338354,864366933.8983638,7314929963.751646
158,2018-03-01,62.92905045920568,0.0,23.95372588914023,484.60231684716416,0.4939660038048487,120.72037198935378,61.8225252225514,12956.171667208248,2.7654730201555067,37.639603837222644,134.92705666746733,57.14986462106833,405871772.46218204,0.0,151098235.9966353,17836356.23776725,242762808.00831363,848203960.9849828,7314929963.751646
159,2018-04-01,56.033467398980164,3.5294866501956084,34.5339794129064,484.60231684716416,0.4939660038048487,120.72037198935378,61.8225252225514,12956.171667208248,1.8908638188831766,26.683425453929782,130.5501167742044,55.16810207417118,361397425.76812005,22764154.581106313,217837510.92147446,12195454.89202214,172098985.67554674,820688799.0799562,7314929963.751646
160,2018-05-01,45.71283256232958,9.17666530251749,72.44242172754896,484.60231684716416,0.4939660038048487,120.72037198935378,61.8225252225514,12956.171667208248,1.2269616010691102,5.0424659715640106,106.56099372417852,42.81838361810162,294833141.96794504,59186801.98833333,456960898.0841255,7913541.218704085,32522173.228387877,669883908.6577704,7314929963.751646
161,2018-06-01,15.993780835867588,14.117946600782433,85.21933687606244,484.60231684716416,0.4939660038048487,120.72037198935378,61.8225252225514,12956.171667208248,0.3868171828619535,0.6171737341420982,60.73579117184905,20.672561466752462,103154923.05296029,91056618.32442525,537556367.1436468,2494857.7976086745,3980586.2024292396,381809493.1244069,7314929963.751646
162,2018-07-01,9.279543388820263,18.35333060503498,89.69381717911305,484.60231684716416,0.4939660038048487,120.72037198935378,61.8225252225514,12956.171667208248,0.9328286235982385,1.161076441967407,41.26003464391769,12.450674855165872,59850168.973789856,118373603.97666666,565780836.2684001,6016470.736407694,7488604.695205273,259377324.84660345,7314929963.751646
163,2018-08-01,14.312151309624607,14.823844009643754,61.876116026610546,484.60231684716416,0.4939660038048487,120.72037198935378,61.8225252225514,12956.171667208248,1.2482280977713898,1.638439948161181,37.33355044257129,10.904553382314813,92308929.5931034,95609449.74903437,390309256.56136453,8050713.972867084,10567456.295676753,234693928.67287728,7314929963.751646
164,2018-09-01,1.483949159868759,7.058973300391217,41.118382480891995,484.60231684716416,0.4939660038048487,120.72037198935378,61.8225252225514,12956.171667208248,0.7422194604841,0.2869715702851488,33.56266245164393,9.58331944597965,9570993.84391943,45528309.162212625,259371267.15554494,4787104.787326988,1850882.2101817348,210988618.84405285,7314929963.751646
165,2018-10-01,52.194200917900325,3.5294866501956084,22.843294470397687,484.60231684716416,0.4939660038048487,120.72037198935378,61.8225252225514,12956.171667208248,1.9914528364585902,3.2142974926629564,61.602505819122506,24.230485555227595,336635595.9829398,22764154.581106313,144093600.69980395,12844293.165424855,20731193.91857251,387257410.42382663,7314929963.751646
166,2018-11-01,32.18493722228831,0.0,7.781198548998083,484.60231684716416,0.4939660038048487,120.72037198935378,61.8225252225514,12956.171667208248,0.9283094985388757,5.423110584915735,79.37575451682766,32.784941339634294,207582294.72311175,0.0,49083139.078125454,5987309.632497012,34977216.089770675,498986651.1241407,7314929963.751646
167,2018-12-01,24.43584751870137,0.0,2.4021979198736396,484.60231684716416,0.4939660038048487,120.72037198935378,61.8225252225514,12956.171667208248,0.4308383815164581,7.860956429276147,92.82619550296594,38.54915860841507,157603013.382545,0.0,15152821.587717641,2778782.580116841,50700250.82162007,583541281.8469677,7314929963.751646
168,2019-01-01,96.4707430143895,0.0,3.0094904091986017,484.60231684716416,0.4939660038048487,120.72037198935378,61.8225252225514,12956.171667208248,6.788735565816171,45.937512776726784,132.60470608045725,56.883096692768866,622204507.4266055,0.0,18983570.100345097,43785031.43439056,296281468.68068826,833604185.0024403,7314929963.751646
169,2019-02-01,91.37993626919186,0.0,3.146853708487825,484.60231684716416,0.4939660038048487,120.72037198935378,61.8225252225514,12956.171667208248,9.62366968774578,66.73018003716939,143.30214022871237,61.30914979489101,589370690.0572677,0.0,19850032.228392147,62069309.01022389,430387888.12858826,900852386.7403263,7314929963.751646
170,2019-03-01,96.01908853906772,0.0,5.235988595446208,484.60231684716416,0.4939660038048487,120.72037198935378,61.8225252225514,12956.171667208248,11.701275645893027,73.0181096824717,148.076497800675,63.374599566560185,619292073.0761355,0.0,33028137.269827418,75469293.85882053,470943224.81153923,930865886.1942763,7314929963.751646
171,2019-04-01,113.69253354113242,3.163665208315639,35.62486781693816,484.60231684716416,0.4939660038048487,120.72037198935378,61.8225252225514,12956.171667208248,14.129994349281704,59.342070412285075,154.41145927640324,65.70949374438959,733279668.3043878,20404714.101884916,224718874.22516853,91133350.64117326,382736893.9162923,970689855.0372338,7314929963.751646
172,2019-05-01,99.1996732657967,8.225529984562037,53.76263268502281,484.60231684716416,0.4939660038048487,120.72037198935378,61.8225252225514,12956.171667208248,12.289447560341484,48.66023963395422,144.93087021870144,62.2877509659741,639805488.3850332,53052259.52174266,339130308.90119994,79262724.64860216,313842416.2710531,911091263.2121228,7314929963.751646
173,2019-06-01,20.89582929463115,12.654660833262556,82.12605244488465,484.60231684716416,0.4939660038048487,120.72037198935378,61.8225252225514,12956.171667208248,0.44338783976596996,5.5652220296825865,90.33244158114059,35.58702629997301,134771404.18984315,81618856.40753967,518044258.6589413,2859711.1304236315,35893672.29317777,567864971.9664572,7314929963.751646
174,2019-07-01,9.897112501107353,16.451059969124074,102.21838649657995,484.60231684716416,0.4939660038048487,120.72037198935378,61.8225252225514,12956.171667208248,0.23909770533751434,0.7936134743979546,40.580877315225095,12.335489871919881,63833245.06147246,106104519.04348531,644784839.1622511,1542112.682393351,5118567.6749181235,255107867.45344302,7314929963.751646
175,2019-08-01,6.603854390732281,13.28739412339803,79.89694406146678,484.60231684716416,0.4939660038048487,120.72037198935378,61.8225252225514,12956.171667208248,0.11480591337636448,0.4994927539366045,30.533725811185302,8.618945021418181,42592709.5641481,85699800.83049409,503983078.31894106,740466.0538999888,3221582.063207969,191947513.98743504,7314929963.751646
176,2019-09-01,53.69029745695079,6.327330416631278,47.01574149678074,484.60231684716416,0.4939660038048487,120.72037198935378,61.8225252225514,12956.171667208248,1.3767546424276071,1.1134682072887274,44.24127176466885,15.660969548201072,346285301.38611937,40809428.20376983,296571409.356957,8879675.302305566,7181541.753656229,278118377.52571666,7314929963.751646
177,2019-10-01,27.02022859197439,3.163665208315639,18.25130175217851,484.60231684716416,0.4939660038048487,120.72037198935378,61.8225252225514,12956.171667208248,0.8067484641335724,0.620076297410932,55.49044575318093,21.309872575096094,174271635.25367877,20404714.101884916,115127767.97873726,5203297.794446874,3999298.251662436,348834702.58248943,7314929963.751646
178,2019-11-01,58.00369539373999,0.0,8.37639043195416,484.60231684716416,0.4939660038048487,120.72037198935378,61.8225252225514,12956.171667208248,1.4654220899677322,9.506105867731312,94.24974621462223,39.66464374768449,374104700.0048464,0.0,52837576.590752885,9451527.310362294,61310904.30569448,592490245.1186223,7314929963.751646
179,2019-12-01,64.2342270982731,0.0,1.865702009182539,484.60231684716416,0.4939660038048487,120.72037198935378,61.8225252225514,12956.171667208248,3.523958484322916,28.552683235784837,124.07097107038143,52.33393079834027,414290048.04171616,0.0,11768665.731537245,22728428.958222687,184155005.0341998,779958318.2189035,7314929963.751646
180,2020-01-01,65.82135378452064,0.0,2.035485295889273,484.60231684716416,0.4939660038048487,120.72037198935378,61.8225252225514,12956.171667208248,5.4785942609589835,46.72379664375807,133.92501077475177,56.728979689298086,424526230.2206913,0.0,12839652.001741173,35335191.01535967,301352941.0012056,841904674.4260331,7314929963.751646
181,2020-02-01,43.431949237341165,0.0,6.503527112586504,484.60231684716416,0.4939660038048487,120.72037198935378,61.8225252225514,12956.171667208248,2.8969029419970878,32.695046631573796,133.84207637573147,56.30900152598999,280121924.7131155,0.0,41023682.23661172,18684155.030950055,210872157.8487861,841383395.2653149,7314929963.751646
182,2020-03-01,81.10577525488459,0.0,19.16887306410375,484.60231684716416,0.4939660038048487,120.72037198935378,61.8225252225514,12956.171667208248,4.428797282764608,53.42941888050623,136.76410206543505,57.78175522978744,523105962.5195051,0.0,120915704.59943528,28564304.146202486,344602218.7331702,859752319.4549538,7314929963.751646
183,2020-04-01,46.8526756806369,3.5777808341198356,37.103323651063484,484.60231684716416,0.4939660038048487,120.72037198935378,61.8225252225514,12956.171667208248,1.4709967377964146,20.065406398402732,128.0779001026476,52.87971425157097,302184682.1516985,23075637.291820366,234044666.97462735,9487478.993800987,129415224.01320028,805147595.7003531,7314929963.751646
184,2020-05-01,28.834830895871136,9.302230268233405,62.923206660687775,484.60231684716416,0.4939660038048487,120.72037198935378,61.8225252225514,12956.171667208248,1.344317658607611,3.411201494429135,98.53309273969822,39.3027593148176,185975347.8406737,59996657.60061842,396914416.5087136,8670440.436119977,22001068.178626135,619417565.077451,7314929963.751646
185,2020-06-01,58.749943973767245,14.311123336479342,76.34596490288727,484.60231684716416,0.4939660038048487,120.72037198935378,61.8225252225514,12956.171667208248,2.7775147604491184,5.214476211878149,89.6425328340977,34.97944390482828,378918336.1956623,92302549.16728146,481584072.25442314,17914147.985703826,33631755.225541145,563528011.9041172,7314929963.751646
186,2020-07-01,8.050606670057325,18.60446053646681,85.22965719410497,484.60231684716416,0.4939660038048487,120.72037198935378,61.8225252225514,12956.171667208248,0.9605991041452784,1.4574832765630337,56.20953738844439,18.74323572492682,51923867.06385333,119993315.20123684,537621401.040157,6195586.223360721,9400338.536589358,353355734.3320441,7314929963.751646
187,2020-08-01,2.927896561979297,15.02667964237266,59.978944409493096,484.60231684716416,0.4939660038048487,120.72037198935378,61.8225252225514,12956.171667208248,1.11887868543099,1.381338960364045,45.64886937740088,14.28714886128819,18883957.319848504,96917677.52260004,378341978.39678407,7216446.7706215205,8909226.380278436,286967282.8996112,7314929963.751646
188,2020-09-01,10.449224179463014,7.155561668239671,33.39328309261513,484.60231684716416,0.4939660038048487,120.72037198935378,61.8225252225514,12956.171667208248,0.7114568673123498,0.7194215809562268,42.721020897353654,13.277044609043998,67394090.91091383,46151274.58364073,210642108.10034513,4588694.262017613,4640053.778544794,268561643.855822,7314929963.751646
189,2020-10-01,13.248814615474457,3.5777808341198356,22.728673350556157,484.60231684716416,0.4939660038048487,120.72037198935378,61.8225252225514,12956.171667208248,0.5799671172222262,0.5810510223174203,42.51449674468257,13.393670385023414,85450613.17608076,23075637.291820366,143370564.66611758,3740621.513330262,3747604.183817598,267263328.53977704,7314929963.751646
190,2020-11-01,45.097292587007594,0.0,8.646204505601878,484.60231684716416,0.4939660038048487,120.72037198935378,61.8225252225514,12956.171667208248,1.1732978045078493,3.165692120302072,74.18010732527136,29.979243344616897,290862652.79109085,0.0,54539508.443019584,7567433.708724176,20417587.212981477,466325030.8329237,7314929963.751646
191,2020-12-01,28.299756707875968,0.0,5.827606516122984,484.60231684716416,0.4939660038048487,120.72037198935378,61.8225252225514,12956.171667208248,0.617713190867228,8.22690140360931,87.37077468716818,36.11101011712214,182524187.4103148,0.0,36760034.25136467,3984075.4174759267,53060706.28641034,549246545.1646383,7314929963.751646
192,2021-01-01,34.60894710171322,0.0,5.884669441953226,484.60231684716416,0.4939660038048487,120.72037198935378,61.8225252225514,12956.171667208248,0.9566151072156456,14.041325519796802,100.59616608226709,42.012007561965916,223216356.875182,0.0,37119972.2091294,6169893.620717702,90561669.31823431,632386468.2784091,7314929963.751646
193,2021-02-01,58.2427196224039,0.0,13.219042392279162,484.60231684716416,0.4939660038048487,120.72037198935378,61.8225252225514,12956.171667208248,2.30160146165996,27.771998809218115,114.25708493385494,48.444778686876816,375646323.18793863,0.0,83384658.12975693,14844610.872162778,179119760.9130579,718264223.9791756,7314929963.751646
194,2021-03-01,33.62674946527393,0.0,20.052605512200994,484.60231684716416,0.4939660038048487,120.72037198935378,61.8225252225514,12956.171667208248,0.5650252081111972,15.765802630949572,111.36243724389938,46.95998101271093,216881484.3404168,0.0,126490149.96035294,3644226.9914704678,101683944.71758276,700067442.711542,7314929963.751646
195,2021-04-01,28.489373351779648,3.1319204668209824,31.068775349030194,484.60231684716416,0.4939660038048487,120.72037198935378,61.8225252225514,12956.171667208248,0.5819526045361137,7.529871871544313,103.49759801632106,42.76213895655129,183747028.41865063,20199964.596471764,195979202.45506647,3753426.253075739,48564992.3994559,650625987.1421912,7314929963.751646
196,2021-05-01,41.110723938688544,8.142993098444638,57.47563146693076,484.60231684716416,0.4939660038048487,120.72037198935378,61.8225252225514,12956.171667208248,2.6924454182274933,5.191674449904161,88.47185861545421,35.53264309818708,265150778.24918774,52519907.20724183,362551390.35919994,17365489.02681567,33484507.737610262,556168382.0064384,7314929963.751646
197,2021-06-01,9.302920660333722,12.52768186728393,81.2305808023344,484.60231684716416,0.4939660038048487,120.72037198935378,61.8225252225514,12956.171667208248,0.5777894087749218,0.717260655373594,47.79400140320817,16.024297058831905,60000849.2509131,80799858.38588706,512395355.5942034,3726572.40531162,4626117.325391758,300452259.2651797,7314929963.751646
198,2021-07-01,27.196896989595043,16.285986196889276,70.66269559746742,484.60231684716416,0.4939660038048487,120.72037198935378,61.8225252225514,12956.171667208248,2.579710188693016,2.425116936011873,41.97019031836212,13.402993396421728,175411442.8191426,105039814.41448367,445733998.6957725,16638373.407160066,15641287.793730386,263841562.85135746,7314929963.751646
199,2021-08-01,51.96502074333646,13.154066031018257,70.99196862409143,484.60231684716416,0.4939660038048487,120.72037198935378,61.8225252225514,12956.171667208248,3.294518798673803,3.389808336770616,42.99997414069201,13.951405622408314,335157717.8823962,84839851.75904737,447811370.9108079,21248681.69862537,21863240.03170612,270315158.0866628,7314929963.751646
200,2021-09-01,21.109801595158075,6.263840933641965,60.69701634384996,484.60231684716416,0.4939660038048487,120.72037198935378,61.8225252225514,12956.171667208248,0.5778742315825431,0.17318102430033933,36.049454650239916,11.139786040102218,136151505.76315168,40399929.19294353,382871767.6168156,3727122.4833291764,1116966.0336730063,226621441.49887374,7314929963.751646
201,2021-10-01,81.14101531465097,3.1319204668209824,26.736249615163242,484.60231684716416,0.4939660038048487,120.72037198935378,61.8225252225514,12956.171667208248,2.4093920713739934,7.919876153041256,83.0844600271693,34.78991941912425,523333333.2728893,20199964.596471764,168650057.06020406,15539868.280500919,51080622.79499239,522301087.6799218,7314929963.751646
202,2021-11-01,27.747363376877058,0.0,11.541180879971087,484.60231684716416,0.4939660038048487,120.72037198935378,61.8225252225514,12956.171667208248,0.3128483058190636,9.18574144782931,89.69203141591133,37.65464608268082,178961214.05959052,0.0,72800866.47014113,2017773.864502552,59244666.09102642,563838714.670854,7314929963.751646
203,2021-12-01,85.3995075173089,0.0,3.4846399935748975,484.60231684716416,0.4939660038048487,120.72037198935378,61.8225252225514,12956.171667208248,6.606923297872566,38.97069336018213,125.3873448003611,54.07567693225328,550798877.2984309,0.0,21980800.993568625,42612521.087048985,251347694.7260609,788233256.1044742,7314929963.751646
204,2022-01-01,52.44969086115393,0.0,2.352965585554231,484.60231684716416,0.4939660038048487,120.72037198935378,61.8225252225514,12956.171667208248,2.4190805724669913,40.089273008750524,131.5009055227956,56.22632887235137,338283190.2121158,0.0,14842268.202807838,15602274.139284026,258562283.03660336,826665607.4033397,7314929963.751646
205,2022-02-01,18.896925687751686,0.0,8.087635696788787,484.60231684716416,0.4939660038048487,120.72037198935378,61.8225252225514,12956.171667208248,0.453747972512199,14.781100400617978,126.67560699988393,52.497025681375916,121878952.72821209,0.0,51016169.6585176,2926543.5128422217,95332898.65872747,796332141.1103275,7314929963.751646
206,2022-03-01,49.226335352133205,0.0,29.978087729396165,484.60231684716416,0.4939660038048487,120.72037198935378,61.8225252225514,12956.171667208248,1.1383204647627054,19.485037322732925,124.74013567032868,51.54074078257224,317493614.1097389,0.0,189099314.87390587,7341817.879805017,125671625.45906782,784164970.3206232,7314929963.751646
207,2022-04-01,56.61336782352163,3.4653888565718787,39.55366966950888,484.60231684716416,0.4939660038048487,120.72037198935378,61.8225252225514,12956.171667208248,1.685407854812436,23.31876574991321,119.48720076252216,49.2114138708102,365137271.3099983,22350742.37568975,249501222.78096464,10870312.965622047,150397885.10578164,751142834.584734,7314929963.751646
208,2022-05-01,52.02342059824758,9.010011154760221,52.64526751174588,484.60231684716416,0.4939660038048487,120.72037198935378,61.8225252225514,12956.171667208248,2.831581196987572,12.583233983017315,112.3341410255237,45.12781172729616,335534125.605854,58111931.0002474,332081949.47874516,18262865.630499568,81157507.60544246,706175959.4429679,7314929963.751646
209,2022-06-01,19.64446992847116,13.861555426287515,89.61423962948582,484.60231684716416,0.4939660038048487,120.72037198935378,61.8225252225514,12956.171667208248,0.2939653771504095,0.63831472672793,63.39901699444409,22.11980800207595,126700596.19332694,89402969.502759,565279113.4517887,1895991.646468685,4116930.4683531825,398551349.9707149,7314929963.751646
210,2022-07-01,6.115298957670809,18.020022309520442,90.58421566921437,484.60231684716416,0.4939660038048487,120.72037198935378,61.8225252225514,12956.171667208248,0.770055009866091,0.9697355460279422,37.717315324468636,11.27873830171374,39441738.317732014,116223862.0004948,571397454.7714198,4966628.504569484,6254506.643260289,237106288.39830717,7314929963.751646
211,2022-08-01,52.56575666410032,14.554633897213497,72.85712182258692,484.60231684716416,0.4939660038048487,120.72037198935378,61.8225252225514,12956.171667208248,2.580040730979819,2.2907245438737034,41.38858952734544,12.826132568532751,339032468.8529938,93873122.49018288,459576492.5477177,16640513.082863234,14774497.576399947,260185397.24919194,7314929963.751646
212,2022-09-01,39.72194019196503,6.930777713143757,54.744990429277,484.60231684716416,0.4939660038048487,120.72037198935378,61.8225252225514,12956.171667208248,1.0320497903860049,0.6325272978072743,41.29082229368398,13.341403321369336,256193702.2760317,44701484.7513795,345326707.1384786,6656428.124755165,4079608.781142653,259570771.04473194,7314929963.751646
213,2022-10-01,19.121244305316317,3.4653888565718787,30.070020212296015,484.60231684716416,0.4939660038048487,120.72037198935378,61.8225252225514,12956.171667208248,0.3488940094686884,0.23458540541388406,39.95676868666723,13.022428760451643,123325759.6292102,22350742.37568975,189679120.7165883,2250267.9579347037,1513003.0708629843,251184340.2269485,7314929963.751646
214,2022-11-01,68.61662109851194,0.0,8.614761668919913,484.60231684716416,0.4939660038048487,120.72037198935378,61.8225252225514,12956.171667208248,1.4542074016983033,7.3860092868102445,91.21630877036196,37.67447628191437,442554574.50898814,0.0,54341168.98349801,9379210.2196193,47637133.94340542,573420897.8618535,7314929963.751646
215,2022-12-01,72.41886668036109,0.0,4.657140562464024,484.60231684716416,0.4939660038048487,120.72037198935378,61.8225252225514,12956.171667208248,4.848371088105696,29.90554045761273,122.8337224588822,52.81102971562916,467078024.42869973,0.0,29376802.328407843,31270456.278191686,192880379.11500886,772180288.8050029,7314929963.751646
216,2023-01-01,84.35302841818219,0.0,2.249213594442288,484.60231684716416,0.4939660038048487,120.72037198935378,61.8225252225514,12956.171667208248,7.6887306275854295,58.11240220239572,137.5695548683476,59.045884633160654,544049565.8623065,0.0,14187803.828972545,49589836.77710535,374805879.9807471,864815398.7684432,7314929963.749161
217,2023-02-01,49.620136342069905,0.0,4.978850710107487,484.60231684716416,0.4939660038048487,120.72037198935378,61.8225252225514,12956.171667208248,3.6648784158072423,40.80261847938668,136.33775515469793,57.834008183845526,320033708.9022028,0.0,31406125.099505857,23637362.243255652,263163281.7795938,857072012.3316743,7314929963.749161
218,2023-03-01,129.29295407186365,0.0,6.062149463905656,484.60231684716416,0.4939660038048487,120.72037198935378,61.8225252225514,12956.171667208248,18.936550652442456,84.98977110202858,153.61056387639428,66.18588302129416,833897613.2734598,0.0,38239508.801545076,122134421.69864053,548156734.7496927,965655205.3455313,7314929963.749161
219,2023-04-01,94.65853463288354,3.554999047684059,16.839399253082036,484.60231684716416,0.4939660038048487,120.72037198935378,61.8225252225514,12956.171667208248,10.050368497036404,68.36862629804008,155.58147087134972,66.40824138970237,610516815.9717994,22928702.938334104,106221520.98881568,64821534.63836701,440955378.21068144,978045149.7362307,7314929963.749161
220,2023-05-01,40.24690437543588,9.242997783189699,62.27652027253136,484.60231684716416,0.4939660038048487,120.72037198935378,61.8225252225514,12956.171667208248,1.9072341980408793,20.649229955056327,119.4019238244619,48.83379548725213,259579411.59588206,59614629.311504595,392835244.1821099,12301103.766765779,133180394.28096303,750606777.7928605,7314929963.749161
221,2023-06-01,51.5248460344098,14.219996190736236,95.62019623328466,484.60231684716416,0.4939660038048487,120.72037198935378,61.8225252225514,12956.171667208248,2.0909502602907777,3.0271593383514164,84.90514543271634,32.275156390901444,332319109.3991953,91714811.75333641,603164202.9663923,13486024.799895255,19524206.98353063,533747166.2433868,7314929963.749161
222,2023-07-01,15.147697236729673,18.485995566379398,132.29396174387932,484.60231684716416,0.4939660038048487,120.72037198935378,61.8225252225514,12956.171667208248,0.6247083432935467,0.5917277439566259,35.098718207827254,10.052814214966391,97697860.65860228,119229258.62300919,834498962.6163607,4029190.0691087674,3816469.5509601515,220644869.21368766,7314929963.749161
223,2023-08-01,53.865468949173206,14.93099602182727,89.82059244782948,484.60231684716416,0.4939660038048487,120.72037198935378,61.8225252225514,12956.171667208248,2.6898019172834458,1.6158526250234297,35.69520033754355,10.302778988436147,347415177.24111146,96300552.48002292,566580791.9848155,17348445.399477497,10421767.470535373,224394573.90087453,7314929963.749161
224,2023-09-01,43.485318861549246,7.109998095368118,55.42807233592567,484.60231684716416,0.4939660038048487,120.72037198935378,61.8225252225514,12956.171667208248,1.2780470472953052,0.7617109856946781,37.51626075807336,11.348300404585562,280466339.6752367,45857405.87666821,349635733.36604726,8243037.684844779,4912801.93260803,235842362.4837125,7314929963.749161
225,2023-10-01,31.347426483450384,3.554999047684059,25.485911628093746,484.60231684716416,0.4939660038048487,120.72037198935378,61.8225252225514,12956.171667208248,0.8711563309804904,0.7002674434706823,46.67940524204964,15.94106713486924,202180681.72327757,22928702.938334104,160763152.0672,5618708.369096748,4516506.925340162,293445040.4021427,7314929963.749161
226,2023-11-01,29.10387001028157,0.0,9.767143641158116,484.60231684716416,0.4939660038048487,120.72037198935378,61.8225252225514,12956.171667208248,0.21275692666559484,2.0664159135168516,64.05859346102068,24.941588941656722,187710363.74626046,0.0,61610354.34232935,1372221.067421233,13327618.0993817,402696997.38392204,7314929963.749161
227,2023-12-01,40.90502004887504,0.0,6.116816362589846,484.60231684716416,0.4939660038048487,120.72037198935378,61.8225252225514,12956.171667208248,1.1916341140595115,11.294982698455515,85.86789827828568,35.35370461965423,263823618.03342128,0.0,38584374.17708234,7685692.2881001355,72848312.6668523,539798562.9582253,7314929963.749161
228,2024-01-01,65.61005018290174,0.0,4.164000696052578,484.60231684716416,0.4939660038048487,120.72037198935378,61.8225252225514,12956.171667208248,4.438334635871228,27.479361665934924,114.78778338886565,48.646909827834975,423163167.2381445,0.0,26266169.173309777,28625858.362355992,177232121.6794497,721600237.9880474,7314929963.749161
229,2024-02-01,87.30667520060322,0.0,8.58520620557645,484.60231684716416,0.4939660038048487,120.72037198935378,61.8225252225514,12956.171667208248,8.034891976875775,50.00058649554434,134.3850157300997,57.25441045569708,563099549.6134416,0.0,54154709.54738818,51822445.05665297,322487079.5559245,844796071.5954195,7314929963.749161
230,2024-03-01,76.67363322057233,0.0,21.235707497289408,484.60231684716416,0.4939660038048487,120.72037198935378,61.8225252225514,12956.171667208248,5.160251269088148,46.021730949273596,137.34333174637308,58.120947301492606,494519978.7995402,0.0,133953076.51651758,33281907.289468452,296824836.6327083,863393286.3334177,7314929963.749161
231,2024-04-01,50.186864818056385,3.6962160631515637,39.20810633541702,484.60231684716416,0.4939660038048487,120.72037198935378,61.8225252225514,12956.171667208248,2.5981142675109856,20.489325597498514,128.1625715040043,53.08079111847169,323688489.6590396,23839511.62035985,247321523.2261018,16756897.33958154,132148892.26845479,805679463.9738845,7314929963.749161
232,2024-05-01,40.41618478094854,9.610161983646194,51.95300306530843,484.60231684716416,0.4939660038048487,120.72037198935378,61.8225252225514,12956.171667208248,2.374124187406559,12.193309769919395,111.8428466294064,44.87594122373014,260670955.98983648,61982731.62833536,327715151.45150584,15312404.702137124,78642467.73183767,703087476.2297034,7314929963.749161
233,2024-06-01,9.329799269406243,14.784864252606255,79.74424083419218,484.60231684716416,0.4939660038048487,120.72037198935378,61.8225252225514,12956.171667208248,0.8941401786679148,0.9896857441717071,62.742492777380676,21.68786760013362,60174295.25845977,95358046.4814394,503019759.98059624,5766948.073514736,6383173.8073795205,394424359.0980984,7314929963.749161
234,2024-07-01,14.80313715175698,19.220323967292387,90.45155072483168,484.60231684716416,0.4939660038048487,120.72037198935378,61.8225252225514,12956.171667208248,2.110256599101673,1.5029428795080872,41.73521715615154,12.644749642699017,95475544.05715692,123965463.25667071,570560675.5947292,13610549.125564236,9693540.304105515,262364543.92547256,7314929963.749161
235,2024-08-01,43.50234323525612,15.524107627414754,83.30681194533305,484.60231684716416,0.4939660038048487,120.72037198935378,61.8225252225514,12956.171667208248,2.8618588190159473,1.5821537659653895,39.563127620308386,11.76822171402356,280576257.2774306,100125949.85151455,525492243.19225854,18458173.883734655,10204424.603997236,248709930.5916432,7314929963.749161
236,2024-09-01,12.214462381502944,7.392432126303127,52.57026784638654,484.60231684716416,0.4939660038048487,120.72037198935378,61.8225252225514,12956.171667208248,0.6699031061256293,0.16570727095714233,34.478717529389925,9.984961320693111,78779359.21565612,47679023.2407197,331608841.34714514,4320687.033252836,1068763.3725932757,216747300.1202418,7314929963.749161
237,2024-10-01,34.72308013836609,3.6962160631515637,27.168029769633364,484.60231684716416,0.4939660038048487,120.72037198935378,61.8225252225514,12956.171667208248,0.7621781176961321,0.46004170469674743,45.99482245278237,15.855359853795623,223952765.07463616,23839511.62035985,171373598.62697244,4915834.141835276,2967133.1603587926,289141952.6536979,7314929963.749161
238,2024-11-01,42.96309727186463,0.0,9.164014081679088,484.60231684716416,0.4939660038048487,120.72037198935378,61.8225252225514,12956.171667208248,0.774404757470222,3.2709525892148243,75.96386724162711,30.25652256327023,277098087.90767443,0.0,57805801.17870588,4994689.632821702,21096599.445126362,477538627.41564584,7314929963.749161
239,2024-12-01,50.47715648376952,0.0,6.7680404781345755,484.60231684716416,0.4939660038048487,120.72037198935378,61.8225252225514,12956.171667208248,1.9945966274843754,12.150960047331127,104.86041109595534,43.82250164403815,325560997.68771106,0.0,42692222.68364707,12864562.852292344,78369376.07710952,659193150.6070472,7314929963.749161
