,Date,precip_and_snowmelt_input_Escalante_mean,irrigation_Escalante_mean,AET_Escalante_mean,soil_thickness_Escalante_mean,soil_porosity_Escalante_mean,field_capacity_Escalante_mean,wilting_point_Escalante_mean,Geo_K_Escalante_mean,Runoff_Escalante_mean,Recharge_Escalante_mean,Soil_Water_End_Of_Previous_Timestep_Escalante_mean,Soil_Saturation_Percent_End_Of_Timestep_Escalante_mean,precip_and_snowmelt_input_m3_Escalante_sum,irrigation_m3_Escalante_sum,AET_m3_Escalante_sum,Runoff_m3_Escalante_sum,Recharge_m3_Escalante_sum,Soil_Water_End_Of_Previous_Timestep_m3_Escalante_sum,Escalante_area_m2
0,2024-01-01,22.299822111370737,0.0,12.377149084196752,312.01744691751713,0.4589903757760728,64.29030471859795,29.584329258938283,15718.141697047744,0.18499083434304076,3.283337883731965,32.470130929028976,23.501509745283148,117010800.06580736,0.0,64944946.46534415,970694.5529728462,17228450.266144644,170328509.75428534,5244765854.95548
1,2024-01-01,22.299822111370737,0.0,12.377149084196752,312.01744691751713,0.4589903757760728,64.29030471859795,29.584329258938283,15718.141697047744,0.18499083434304076,3.283337883731965,32.470130929028976,23.501509745283148,117010800.06580736,0.0,64944946.46534415,970694.5529728462,17228450.266144644,170328509.75428534,5244765854.955694
2,2024-01-01,22.299822111370737,0.0,12.377149084196752,312.01744691751713,0.4589903757760728,64.29030471859795,29.584329258938283,15718.141697047744,0.18499083434304076,3.283337883731965,32.470130929028976,23.501509745283148,117010800.06580736,0.0,64944946.46534415,970694.5529728462,17228450.266144644,170328509.75428534,5244765854.955694
3,2024-01-01,22.299822111370737,0.0,12.377149084196752,312.01744691751713,0.4589903757760728,64.29030471859795,29.584329258938283,15718.141697047744,0.18499083434304076,3.283337883731965,32.470130929028976,23.501509745283148,117010800.06580736,0.0,64944946.46534415,970694.5529728462,17228450.266144644,170328509.75428534,5244765854.955694
4,2024-01-01,22.299822111370737,0.0,12.377149084196752,312.01744691751713,0.4589903757760728,64.29030471859795,29.584329258938283,15718.141697047744,0.18499083434304076,3.283337883731965,32.470130929028976,23.501509745283148,117010800.06580736,0.0,64944946.46534415,970694.5529728462,17228450.266144644,170328509.75428534,5244765854.955694
5,2024-01-01,22.299822111370737,0.0,12.377149084196752,312.01744691751713,0.4589903757760728,64.29030471859795,29.584329258938283,15718.141697047744,0.18499083434304076,3.283337883731965,32.470130929028976,23.501509745283148,117010800.06580736,0.0,64944946.46534415,970694.5529728462,17228450.266144644,170328509.75428534,5244765854.95548
6,2024-01-01,22.299822111370737,0.0,12.377149084196752,312.01744691751713,0.4589903757760728,64.29030471859795,29.584329258938283,15718.141697047744,0.18499083434304076,3.283337883731965,32.470130929028976,23.501509745283148,117010800.06580736,0.0,64944946.46534415,970694.5529728462,17228450.266144644,170328509.75428534,5244765854.95548
7,2024-01-01,22.299822111370737,0.0,12.377149084196752,312.01744691751713,0.4589903757760728,64.29030471859795,29.584329258938283,15718.141697047744,0.18499083434304076,3.283337883731965,32.470130929028976,23.501509745283148,117010800.06580736,0.0,64944946.46534415,970694.5529728462,17228450.266144644,170328509.75428534,5244765854.955694
8,2024-01-01,22.299822111370737,0.0,12.377149084196752,312.01744691751713,0.4589903757760728,64.29030471859795,29.584329258938283,15718.141697047744,0.18499083434304076,3.283337883731965,32.470130929028976,23.501509745283148,117010800.06580736,0.0,64944946.46534415,970694.5529728462,17228450.266144644,170328509.75428534,5244765854.955694
9,2024-01-01,22.299822111370737,0.0,12.377149084196752,312.01744691751713,0.4589903757760728,64.29030471859795,29.584329258938283,15718.141697047744,0.18499083434304076,3.283337883731965,32.470130929028976,23.501509745283148,117010800.06580736,0.0,64944946.46534415,970694.5529728462,17228450.266144644,170328509.75428534,5244765854.955694
10,2024-01-01,22.299822111370737,0.0,12.377149084196752,312.01744691751713,0.4589903757760728,64.29030471859795,29.584329258938283,15718.141697047744,0.18499083434304076,3.283337883731965,32.470130929028976,23.501509745283148,117010800.06580736,0.0,64944946.46534415,970694.5529728462,17228450.266144644,170328509.75428534,5244765854.95548
11,2024-01-01,22.299822111370737,0.0,12.377149084196752,312.01744691751713,0.4589903757760728,64.29030471859795,29.584329258938283,15718.141697047744,0.18499083434304076,3.283337883731965,32.470130929028976,23.501509745283148,117010800.06580736,0.0,64944946.46534415,970694.5529728462,17228450.266144644,170328509.75428534,5244765854.955694
12,2024-01-01,22.299822111370737,0.0,12.377149084196752,312.01744691751713,0.4589903757760728,64.29030471859795,29.584329258938283,15718.141697047744,0.18499083434304076,3.283337883731965,32.470130929028976,23.501509745283148,117010800.06580736,0.0,64944946.46534415,970694.5529728462,17228450.266144644,170328509.75428534,5244765854.95548
13,2024-01-01,22.299822111370737,0.0,12.377149084196752,312.01744691751713,0.4589903757760728,64.29030471859795,29.584329258938283,15718.141697047744,0.18499083434304076,3.283337883731965,32.470130929028976,23.501509745283148,117010800.06580736,0.0,64944946.46534415,970694.5529728462,17228450.266144644,170328509.75428534,5244765854.955694
14,2024-01-01,22.299822111370737,0.0,12.377149084196752,312.01744691751713,0.4589903757760728,64.29030471859795,29.584329258938283,15718.141697047744,0.18499083434304076,3.283337883731965,32.470130929028976,23.501509745283148,117010800.06580736,0.0,64944946.46534415,970694.5529728462,17228450.266144644,170328509.75428534,5244765854.955694
15,2024-01-01,22.299822111370737,0.0,12.377149084196752,312.01744691751713,0.4589903757760728,64.29030471859795,29.584329258938283,15718.141697047744,0.18499083434304076,3.283337883731965,32.470130929028976,23.501509745283148,117010800.06580736,0.0,64944946.46534415,970694.5529728462,17228450.266144644,170328509.75428534,5244765854.955694
16,2024-01-01,22.299822111370737,0.0,12.377149084196752,312.01744691751713,0.4589903757760728,64.29030471859795,29.584329258938283,15718.141697047744,0.18499083434304076,3.283337883731965,32.470130929028976,23.501509745283148,117010800.06580736,0.0,64944946.46534415,970694.5529728462,17228450.266144644,170328509.75428534,5244765854.955694
17,2024-01-01,22.299822111370737,0.0,12.377149084196752,312.01744691751713,0.4589903757760728,64.29030471859795,29.584329258938283,15718.141697047744,0.18499083434304076,3.283337883731965,32.470130929028976,23.501509745283148,117010800.06580736,0.0,64944946.46534415,970694.5529728462,17228450.266144644,170328509.75428534,5244765854.955694
18,2024-01-01,22.299822111370737,0.0,12.377149084196752,312.01744691751713,0.4589903757760728,64.29030471859795,29.584329258938283,15718.141697047744,0.18499083434304076,3.283337883731965,32.470130929028976,23.501509745283148,117010800.06580736,0.0,64944946.46534415,970694.5529728462,17228450.266144644,170328509.75428534,5244765854.95548
19,2024-01-01,22.299822111370737,0.0,12.377149084196752,312.01744691751713,0.4589903757760728,64.29030471859795,29.584329258938283,15718.141697047744,0.18499083434304076,3.283337883731965,32.470130929028976,23.501509745283148,117010800.06580736,0.0,64944946.46534415,970694.5529728462,17228450.266144644,170328509.75428534,5244765854.955694
20,2024-02-01,55.06767973218777,0.0,13.339484062727427,312.01744691751713,0.4589903757760728,64.29030471859795,29.584329258938283,15718.141697047744,1.5635810757283848,15.972506354416778,56.920053653933685,49.86077477706775,288947483.23952127,0.0,69994817.61764437,8204398.3357711835,83810253.66084437,298582056.05996335,5244765854.95548
21,2024-02-01,55.06767973218777,0.0,13.339484062727427,312.01744691751713,0.4589903757760728,64.29030471859795,29.584329258938283,15718.141697047744,1.5635810757283848,15.972506354416778,56.920053653933685,49.86077477706775,288947483.23952127,0.0,69994817.61764437,8204398.3357711835,83810253.66084437,298582056.05996335,5244765854.955694
22,2024-02-01,55.06767973218777,0.0,13.339484062727427,312.01744691751713,0.4589903757760728,64.29030471859795,29.584329258938283,15718.141697047744,1.5635810757283848,15.972506354416778,56.920053653933685,49.86077477706775,288947483.23952127,0.0,69994817.61764437,8204398.3357711835,83810253.66084437,298582056.05996335,5244765854.955694
23,2024-02-01,55.06767973218777,0.0,13.339484062727427,312.01744691751713,0.4589903757760728,64.29030471859795,29.584329258938283,15718.141697047744,1.5635810757283848,15.972506354416778,56.920053653933685,49.86077477706775,288947483.23952127,0.0,69994817.61764437,8204398.3357711835,83810253.66084437,298582056.05996335,5244765854.955694
24,2024-02-01,55.06767973218777,0.0,13.339484062727427,312.01744691751713,0.4589903757760728,64.29030471859795,29.584329258938283,15718.141697047744,1.5635810757283848,15.972506354416778,56.920053653933685,49.86077477706775,288947483.23952127,0.0,69994817.61764437,8204398.3357711835,83810253.66084437,298582056.05996335,5244765854.955694
25,2024-02-01,55.06767973218777,0.0,13.339484062727427,312.01744691751713,0.4589903757760728,64.29030471859795,29.584329258938283,15718.141697047744,1.5635810757283848,15.972506354416778,56.920053653933685,49.86077477706775,288947483.23952127,0.0,69994817.61764437,8204398.3357711835,83810253.66084437,298582056.05996335,5244765854.955694
26,2024-02-01,55.06767973218777,0.0,13.339484062727427,312.01744691751713,0.4589903757760728,64.29030471859795,29.584329258938283,15718.141697047744,1.5635810757283848,15.972506354416778,56.920053653933685,49.86077477706775,288947483.23952127,0.0,69994817.61764437,8204398.3357711835,83810253.66084437,298582056.05996335,5244765854.955694
27,2024-02-01,55.06767973218777,0.0,13.339484062727427,312.01744691751713,0.4589903757760728,64.29030471859795,29.584329258938283,15718.141697047744,1.5635810757283848,15.972506354416778,56.920053653933685,49.86077477706775,288947483.23952127,0.0,69994817.61764437,8204398.3357711835,83810253.66084437,298582056.05996335,5244765854.95548
28,2024-02-01,55.06767973218777,0.0,13.339484062727427,312.01744691751713,0.4589903757760728,64.29030471859795,29.584329258938283,15718.141697047744,1.5635810757283848,15.972506354416778,56.920053653933685,49.86077477706775,288947483.23952127,0.0,69994817.61764437,8204398.3357711835,83810253.66084437,298582056.05996335,5244765854.955694
29,2024-02-01,55.06767973218777,0.0,13.339484062727427,312.01744691751713,0.4589903757760728,64.29030471859795,29.584329258938283,15718.141697047744,1.5635810757283848,15.972506354416778,56.920053653933685,49.86077477706775,288947483.23952127,0.0,69994817.61764437,8204398.3357711835,83810253.66084437,298582056.05996335,5244765854.955694
30,2024-02-01,55.06767973218777,0.0,13.339484062727427,312.01744691751713,0.4589903757760728,64.29030471859795,29.584329258938283,15718.141697047744,1.5635810757283848,15.972506354416778,56.920053653933685,49.86077477706775,288947483.23952127,0.0,69994817.61764437,8204398.3357711835,83810253.66084437,298582056.05996335,5244765854.955694
31,2024-02-01,55.06767973218777,0.0,13.339484062727427,312.01744691751713,0.4589903757760728,64.29030471859795,29.584329258938283,15718.141697047744,1.5635810757283848,15.972506354416778,56.920053653933685,49.86077477706775,288947483.23952127,0.0,69994817.61764437,8204398.3357711835,83810253.66084437,298582056.05996335,5244765854.955694
32,2024-02-01,55.06767973218777,0.0,13.339484062727427,312.01744691751713,0.4589903757760728,64.29030471859795,29.584329258938283,15718.141697047744,1.5635810757283848,15.972506354416778,56.920053653933685,49.86077477706775,288947483.23952127,0.0,69994817.61764437,8204398.3357711835,83810253.66084437,298582056.05996335,5244765854.95548
33,2024-02-01,55.06767973218777,0.0,13.339484062727427,312.01744691751713,0.4589903757760728,64.29030471859795,29.584329258938283,15718.141697047744,1.5635810757283848,15.972506354416778,56.920053653933685,49.86077477706775,288947483.23952127,0.0,69994817.61764437,8204398.3357711835,83810253.66084437,298582056.05996335,5244765854.95548
34,2024-02-01,55.06767973218777,0.0,13.339484062727427,312.01744691751713,0.4589903757760728,64.29030471859795,29.584329258938283,15718.141697047744,1.5635810757283848,15.972506354416778,56.920053653933685,49.86077477706775,288947483.23952127,0.0,69994817.61764437,8204398.3357711835,83810253.66084437,298582056.05996335,5244765854.955694
35,2024-02-01,55.06767973218777,0.0,13.339484062727427,312.01744691751713,0.4589903757760728,64.29030471859795,29.584329258938283,15718.141697047744,1.5635810757283848,15.972506354416778,56.920053653933685,49.86077477706775,288947483.23952127,0.0,69994817.61764437,8204398.3357711835,83810253.66084437,298582056.05996335,5244765854.955694
36,2024-02-01,55.06767973218777,0.0,13.339484062727427,312.01744691751713,0.4589903757760728,64.29030471859795,29.584329258938283,15718.141697047744,1.5635810757283848,15.972506354416778,56.920053653933685,49.86077477706775,288947483.23952127,0.0,69994817.61764437,8204398.3357711835,83810253.66084437,298582056.05996335,5244765854.95548
37,2024-02-01,55.06767973218777,0.0,13.339484062727427,312.01744691751713,0.4589903757760728,64.29030471859795,29.584329258938283,15718.141697047744,1.5635810757283848,15.972506354416778,56.920053653933685,49.86077477706775,288947483.23952127,0.0,69994817.61764437,8204398.3357711835,83810253.66084437,298582056.05996335,5244765854.95548
38,2024-02-01,55.06767973218777,0.0,13.339484062727427,312.01744691751713,0.4589903757760728,64.29030471859795,29.584329258938283,15718.141697047744,1.5635810757283848,15.972506354416778,56.920053653933685,49.86077477706775,288947483.23952127,0.0,69994817.61764437,8204398.3357711835,83810253.66084437,298582056.05996335,5244765854.955694
39,2024-02-01,55.06767973218777,0.0,13.339484062727427,312.01744691751713,0.4589903757760728,64.29030471859795,29.584329258938283,15718.141697047744,1.5635810757283848,15.972506354416778,56.920053653933685,49.86077477706775,288947483.23952127,0.0,69994817.61764437,8204398.3357711835,83810253.66084437,298582056.05996335,5244765854.955694
40,2024-03-01,76.65226241060877,0.0,19.37713861317269,312.01744691751713,0.4589903757760728,64.29030471859795,29.584329258938283,15718.141697047744,13.169540877228707,28.728225661268713,72.33614620967278,66.2989180098161,402208046.40303546,0.0,101674857.31272294,69102990.83789408,150742091.39618048,379449887.22079897,5244765854.955694
41,2024-03-01,76.65226241060877,0.0,19.37713861317269,312.01744691751713,0.4589903757760728,64.29030471859795,29.584329258938283,15718.141697047744,13.169540877228707,28.728225661268713,72.33614620967278,66.2989180098161,402208046.40303546,0.0,101674857.31272294,69102990.83789408,150742091.39618048,379449887.22079897,5244765854.95548
42,2024-03-01,76.65226241060877,0.0,19.37713861317269,312.01744691751713,0.4589903757760728,64.29030471859795,29.584329258938283,15718.141697047744,13.169540877228707,28.728225661268713,72.33614620967278,66.2989180098161,402208046.40303546,0.0,101674857.31272294,69102990.83789408,150742091.39618048,379449887.22079897,5244765854.955694
43,2024-03-01,76.65226241060877,0.0,19.37713861317269,312.01744691751713,0.4589903757760728,64.29030471859795,29.584329258938283,15718.141697047744,13.169540877228707,28.728225661268713,72.33614620967278,66.2989180098161,402208046.40303546,0.0,101674857.31272294,69102990.83789408,150742091.39618048,379449887.22079897,5244765854.955694
44,2024-03-01,76.65226241060877,0.0,19.37713861317269,312.01744691751713,0.4589903757760728,64.29030471859795,29.584329258938283,15718.141697047744,13.169540877228707,28.728225661268713,72.33614620967278,66.2989180098161,402208046.40303546,0.0,101674857.31272294,69102990.83789408,150742091.39618048,379449887.22079897,5244765854.955694
45,2024-03-01,76.65226241060877,0.0,19.37713861317269,312.01744691751713,0.4589903757760728,64.29030471859795,29.584329258938283,15718.141697047744,13.169540877228707,28.728225661268713,72.33614620967278,66.2989180098161,402208046.40303546,0.0,101674857.31272294,69102990.83789408,150742091.39618048,379449887.22079897,5244765854.95548
46,2024-03-01,76.65226241060877,0.0,19.37713861317269,312.01744691751713,0.4589903757760728,64.29030471859795,29.584329258938283,15718.141697047744,13.169540877228707,28.728225661268713,72.33614620967278,66.2989180098161,402208046.40303546,0.0,101674857.31272294,69102990.83789408,150742091.39618048,379449887.22079897,5244765854.955694
47,2024-03-01,76.65226241060877,0.0,19.37713861317269,312.01744691751713,0.4589903757760728,64.29030471859795,29.584329258938283,15718.141697047744,13.169540877228707,28.728225661268713,72.33614620967278,66.2989180098161,402208046.40303546,0.0,101674857.31272294,69102990.83789408,150742091.39618048,379449887.22079897,5244765854.955694
48,2024-03-01,76.65226241060877,0.0,19.37713861317269,312.01744691751713,0.4589903757760728,64.29030471859795,29.584329258938283,15718.141697047744,13.169540877228707,28.728225661268713,72.33614620967278,66.2989180098161,402208046.40303546,0.0,101674857.31272294,69102990.83789408,150742091.39618048,379449887.22079897,5244765854.955694
49,2024-03-01,76.65226241060877,0.0,19.37713861317269,312.01744691751713,0.4589903757760728,64.29030471859795,29.584329258938283,15718.141697047744,13.169540877228707,28.728225661268713,72.33614620967278,66.2989180098161,402208046.40303546,0.0,101674857.31272294,69102990.83789408,150742091.39618048,379449887.22079897,5244765854.955694
50,2024-03-01,76.65226241060877,0.0,19.37713861317269,312.01744691751713,0.4589903757760728,64.29030471859795,29.584329258938283,15718.141697047744,13.169540877228707,28.728225661268713,72.33614620967278,66.2989180098161,402208046.40303546,0.0,101674857.31272294,69102990.83789408,150742091.39618048,379449887.22079897,5244765854.955694
51,2024-03-01,76.65226241060877,0.0,19.37713861317269,312.01744691751713,0.4589903757760728,64.29030471859795,29.584329258938283,15718.141697047744,13.169540877228707,28.728225661268713,72.33614620967278,66.2989180098161,402208046.40303546,0.0,101674857.31272294,69102990.83789408,150742091.39618048,379449887.22079897,5244765854.955694
52,2024-03-01,76.65226241060877,0.0,19.37713861317269,312.01744691751713,0.4589903757760728,64.29030471859795,29.584329258938283,15718.141697047744,13.169540877228707,28.728225661268713,72.33614620967278,66.2989180098161,402208046.40303546,0.0,101674857.31272294,69102990.83789408,150742091.39618048,379449887.22079897,5244765854.955694
53,2024-03-01,76.65226241060877,0.0,19.37713861317269,312.01744691751713,0.4589903757760728,64.29030471859795,29.584329258938283,15718.141697047744,13.169540877228707,28.728225661268713,72.33614620967278,66.2989180098161,402208046.40303546,0.0,101674857.31272294,69102990.83789408,150742091.39618048,379449887.22079897,5244765854.955694
54,2024-03-01,76.65226241060877,0.0,19.37713861317269,312.01744691751713,0.4589903757760728,64.29030471859795,29.584329258938283,15718.141697047744,13.169540877228707,28.728225661268713,72.33614620967278,66.2989180098161,402208046.40303546,0.0,101674857.31272294,69102990.83789408,150742091.39618048,379449887.22079897,5244765854.95548
55,2024-03-01,76.65226241060877,0.0,19.37713861317269,312.01744691751713,0.4589903757760728,64.29030471859795,29.584329258938283,15718.141697047744,13.169540877228707,28.728225661268713,72.33614620967278,66.2989180098161,402208046.40303546,0.0,101674857.31272294,69102990.83789408,150742091.39618048,379449887.22079897,5244765854.95548
56,2024-03-01,76.65226241060877,0.0,19.37713861317269,312.01744691751713,0.4589903757760728,64.29030471859795,29.584329258938283,15718.141697047744,13.169540877228707,28.728225661268713,72.33614620967278,66.2989180098161,402208046.40303546,0.0,101674857.31272294,69102990.83789408,150742091.39618048,379449887.22079897,5244765854.95548
57,2024-03-01,76.65226241060877,0.0,19.37713861317269,312.01744691751713,0.4589903757760728,64.29030471859795,29.584329258938283,15718.141697047744,13.169540877228707,28.728225661268713,72.33614620967278,66.2989180098161,402208046.40303546,0.0,101674857.31272294,69102990.83789408,150742091.39618048,379449887.22079897,5244765854.955694
58,2024-03-01,76.65226241060877,0.0,19.37713861317269,312.01744691751713,0.4589903757760728,64.29030471859795,29.584329258938283,15718.141697047744,13.169540877228707,28.728225661268713,72.33614620967278,66.2989180098161,402208046.40303546,0.0,101674857.31272294,69102990.83789408,150742091.39618048,379449887.22079897,5244765854.95548
59,2024-03-01,76.65226241060877,0.0,19.37713861317269,312.01744691751713,0.4589903757760728,64.29030471859795,29.584329258938283,15718.141697047744,13.169540877228707,28.728225661268713,72.33614620967278,66.2989180098161,402208046.40303546,0.0,101674857.31272294,69102990.83789408,150742091.39618048,379449887.22079897,5244765854.955694
60,2024-04-01,13.640773302465934,0.15728180654969798,26.820539362449267,312.01744691751713,0.4589903757760728,64.29030471859795,29.584329258938283,15718.141697047744,0.20418739094814284,5.869438702448718,54.926924705336155,32.482106592057356,71574097.35346723,825288.3920345475,140731530.1362455,1071408.0096155715,30797552.915201765,288127032.0583075,5244765854.955694
61,2024-04-01,13.640773302465934,0.15728180654969798,26.820539362449267,312.01744691751713,0.4589903757760728,64.29030471859795,29.584329258938283,15718.141697047744,0.20418739094814284,5.869438702448718,54.926924705336155,32.482106592057356,71574097.35346723,825288.3920345475,140731530.1362455,1071408.0096155715,30797552.915201765,288127032.0583075,5244765854.955694
62,2024-04-01,13.640773302465934,0.15728180654969798,26.820539362449267,312.01744691751713,0.4589903757760728,64.29030471859795,29.584329258938283,15718.141697047744,0.20418739094814284,5.869438702448718,54.926924705336155,32.482106592057356,71574097.35346723,825288.3920345475,140731530.1362455,1071408.0096155715,30797552.915201765,288127032.0583075,5244765854.955694
63,2024-04-01,13.640773302465934,0.15728180654969798,26.820539362449267,312.01744691751713,0.4589903757760728,64.29030471859795,29.584329258938283,15718.141697047744,0.20418739094814284,5.869438702448718,54.926924705336155,32.482106592057356,71574097.35346723,825288.3920345475,140731530.1362455,1071408.0096155715,30797552.915201765,288127032.0583075,5244765854.95548
64,2024-04-01,13.640773302465934,0.15728180654969798,26.820539362449267,312.01744691751713,0.4589903757760728,64.29030471859795,29.584329258938283,15718.141697047744,0.20418739094814284,5.869438702448718,54.926924705336155,32.482106592057356,71574097.35346723,825288.3920345475,140731530.1362455,1071408.0096155715,30797552.915201765,288127032.0583075,5244765854.955694
65,2024-04-01,13.640773302465934,0.15728180654969798,26.820539362449267,312.01744691751713,0.4589903757760728,64.29030471859795,29.584329258938283,15718.141697047744,0.20418739094814284,5.869438702448718,54.926924705336155,32.482106592057356,71574097.35346723,825288.3920345475,140731530.1362455,1071408.0096155715,30797552.915201765,288127032.0583075,5244765854.955694
66,2024-04-01,13.640773302465934,0.15728180654969798,26.820539362449267,312.01744691751713,0.4589903757760728,64.29030471859795,29.584329258938283,15718.141697047744,0.20418739094814284,5.869438702448718,54.926924705336155,32.482106592057356,71574097.35346723,825288.3920345475,140731530.1362455,1071408.0096155715,30797552.915201765,288127032.0583075,5244765854.955694
67,2024-04-01,13.640773302465934,0.15728180654969798,26.820539362449267,312.01744691751713,0.4589903757760728,64.29030471859795,29.584329258938283,15718.141697047744,0.20418739094814284,5.869438702448718,54.926924705336155,32.482106592057356,71574097.35346723,825288.3920345475,140731530.1362455,1071408.0096155715,30797552.915201765,288127032.0583075,5244765854.955694
68,2024-04-01,13.640773302465934,0.15728180654969798,26.820539362449267,312.01744691751713,0.4589903757760728,64.29030471859795,29.584329258938283,15718.141697047744,0.20418739094814284,5.869438702448718,54.926924705336155,32.482106592057356,71574097.35346723,825288.3920345475,140731530.1362455,1071408.0096155715,30797552.915201765,288127032.0583075,5244765854.95548
69,2024-04-01,13.640773302465934,0.15728180654969798,26.820539362449267,312.01744691751713,0.4589903757760728,64.29030471859795,29.584329258938283,15718.141697047744,0.20418739094814284,5.869438702448718,54.926924705336155,32.482106592057356,71574097.35346723,825288.3920345475,140731530.1362455,1071408.0096155715,30797552.915201765,288127032.0583075,5244765854.955694
70,2024-04-01,13.640773302465934,0.15728180654969798,26.820539362449267,312.01744691751713,0.4589903757760728,64.29030471859795,29.584329258938283,15718.141697047744,0.20418739094814284,5.869438702448718,54.926924705336155,32.482106592057356,71574097.35346723,825288.3920345475,140731530.1362455,1071408.0096155715,30797552.915201765,288127032.0583075,5244765854.95548
71,2024-04-01,13.640773302465934,0.15728180654969798,26.820539362449267,312.01744691751713,0.4589903757760728,64.29030471859795,29.584329258938283,15718.141697047744,0.20418739094814284,5.869438702448718,54.926924705336155,32.482106592057356,71574097.35346723,825288.3920345475,140731530.1362455,1071408.0096155715,30797552.915201765,288127032.0583075,5244765854.955694
72,2024-04-01,13.640773302465934,0.15728180654969798,26.820539362449267,312.01744691751713,0.4589903757760728,64.29030471859795,29.584329258938283,15718.141697047744,0.20418739094814284,5.869438702448718,54.926924705336155,32.482106592057356,71574097.35346723,825288.3920345475,140731530.1362455,1071408.0096155715,30797552.915201765,288127032.0583075,5244765854.955694
73,2024-04-01,13.640773302465934,0.15728180654969798,26.820539362449267,312.01744691751713,0.4589903757760728,64.29030471859795,29.584329258938283,15718.141697047744,0.20418739094814284,5.869438702448718,54.926924705336155,32.482106592057356,71574097.35346723,825288.3920345475,140731530.1362455,1071408.0096155715,30797552.915201765,288127032.0583075,5244765854.955694
74,2024-04-01,13.640773302465934,0.15728180654969798,26.820539362449267,312.01744691751713,0.4589903757760728,64.29030471859795,29.584329258938283,15718.141697047744,0.20418739094814284,5.869438702448718,54.926924705336155,32.482106592057356,71574097.35346723,825288.3920345475,140731530.1362455,1071408.0096155715,30797552.915201765,288127032.0583075,5244765854.95548
75,2024-04-01,13.640773302465934,0.15728180654969798,26.820539362449267,312.01744691751713,0.4589903757760728,64.29030471859795,29.584329258938283,15718.141697047744,0.20418739094814284,5.869438702448718,54.926924705336155,32.482106592057356,71574097.35346723,825288.3920345475,140731530.1362455,1071408.0096155715,30797552.915201765,288127032.0583075,5244765854.95548
76,2024-04-01,13.640773302465934,0.15728180654969798,26.820539362449267,312.01744691751713,0.4589903757760728,64.29030471859795,29.584329258938283,15718.141697047744,0.20418739094814284,5.869438702448718,54.926924705336155,32.482106592057356,71574097.35346723,825288.3920345475,140731530.1362455,1071408.0096155715,30797552.915201765,288127032.0583075,5244765854.95548
77,2024-04-01,13.640773302465934,0.15728180654969798,26.820539362449267,312.01744691751713,0.4589903757760728,64.29030471859795,29.584329258938283,15718.141697047744,0.20418739094814284,5.869438702448718,54.926924705336155,32.482106592057356,71574097.35346723,825288.3920345475,140731530.1362455,1071408.0096155715,30797552.915201765,288127032.0583075,5244765854.955694
78,2024-04-01,13.640773302465934,0.15728180654969798,26.820539362449267,312.01744691751713,0.4589903757760728,64.29030471859795,29.584329258938283,15718.141697047744,0.20418739094814284,5.869438702448718,54.926924705336155,32.482106592057356,71574097.35346723,825288.3920345475,140731530.1362455,1071408.0096155715,30797552.915201765,288127032.0583075,5244765854.955694
79,2024-04-01,13.640773302465934,0.15728180654969798,26.820539362449267,312.01744691751713,0.4589903757760728,64.29030471859795,29.584329258938283,15718.141697047744,0.20418739094814284,5.869438702448718,54.926924705336155,32.482106592057356,71574097.35346723,825288.3920345475,140731530.1362455,1071408.0096155715,30797552.915201765,288127032.0583075,5244765854.955694
80,2024-05-01,7.287153527226362,0.40893270599154896,37.33783936401991,312.01744691751713,0.4589903757760728,64.29030471859795,29.584329258938283,15718.141697047744,0.0,1.6374854178088634,36.416833101587905,16.103636550071485,38236438.76632572,2145749.8663173267,195917407.88792047,0.0,8592119.869785136,191030513.82625368,5244765854.955694
81,2024-05-01,7.287153527226362,0.40893270599154896,37.33783936401991,312.01744691751713,0.4589903757760728,64.29030471859795,29.584329258938283,15718.141697047744,0.0,1.6374854178088634,36.416833101587905,16.103636550071485,38236438.76632572,2145749.8663173267,195917407.88792047,0.0,8592119.869785136,191030513.82625368,5244765854.95548
82,2024-05-01,7.287153527226362,0.40893270599154896,37.33783936401991,312.01744691751713,0.4589903757760728,64.29030471859795,29.584329258938283,15718.141697047744,0.0,1.6374854178088634,36.416833101587905,16.103636550071485,38236438.76632572,2145749.8663173267,195917407.88792047,0.0,8592119.869785136,191030513.82625368,5244765854.95548
83,2024-05-01,7.287153527226362,0.40893270599154896,37.33783936401991,312.01744691751713,0.4589903757760728,64.29030471859795,29.584329258938283,15718.141697047744,0.0,1.6374854178088634,36.416833101587905,16.103636550071485,38236438.76632572,2145749.8663173267,195917407.88792047,0.0,8592119.869785136,191030513.82625368,5244765854.955694
84,2024-05-01,7.287153527226362,0.40893270599154896,37.33783936401991,312.01744691751713,0.4589903757760728,64.29030471859795,29.584329258938283,15718.141697047744,0.0,1.6374854178088634,36.416833101587905,16.103636550071485,38236438.76632572,2145749.8663173267,195917407.88792047,0.0,8592119.869785136,191030513.82625368,5244765854.95548
85,2024-05-01,7.287153527226362,0.40893270599154896,37.33783936401991,312.01744691751713,0.4589903757760728,64.29030471859795,29.584329258938283,15718.141697047744,0.0,1.6374854178088634,36.416833101587905,16.103636550071485,38236438.76632572,2145749.8663173267,195917407.88792047,0.0,8592119.869785136,191030513.82625368,5244765854.955694
86,2024-05-01,7.287153527226362,0.40893270599154896,37.33783936401991,312.01744691751713,0.4589903757760728,64.29030471859795,29.584329258938283,15718.141697047744,0.0,1.6374854178088634,36.416833101587905,16.103636550071485,38236438.76632572,2145749.8663173267,195917407.88792047,0.0,8592119.869785136,191030513.82625368,5244765854.955694
87,2024-05-01,7.287153527226362,0.40893270599154896,37.33783936401991,312.01744691751713,0.4589903757760728,64.29030471859795,29.584329258938283,15718.141697047744,0.0,1.6374854178088634,36.416833101587905,16.103636550071485,38236438.76632572,2145749.8663173267,195917407.88792047,0.0,8592119.869785136,191030513.82625368,5244765854.95548
88,2024-05-01,7.287153527226362,0.40893270599154896,37.33783936401991,312.01744691751713,0.4589903757760728,64.29030471859795,29.584329258938283,15718.141697047744,0.0,1.6374854178088634,36.416833101587905,16.103636550071485,38236438.76632572,2145749.8663173267,195917407.88792047,0.0,8592119.869785136,191030513.82625368,5244765854.955694
89,2024-05-01,7.287153527226362,0.40893270599154896,37.33783936401991,312.01744691751713,0.4589903757760728,64.29030471859795,29.584329258938283,15718.141697047744,0.0,1.6374854178088634,36.416833101587905,16.103636550071485,38236438.76632572,2145749.8663173267,195917407.88792047,0.0,8592119.869785136,191030513.82625368,5244765854.955694
90,2024-05-01,7.287153527226362,0.40893270599154896,37.33783936401991,312.01744691751713,0.4589903757760728,64.29030471859795,29.584329258938283,15718.141697047744,0.0,1.6374854178088634,36.416833101587905,16.103636550071485,38236438.76632572,2145749.8663173267,195917407.88792047,0.0,8592119.869785136,191030513.82625368,5244765854.955694
91,2024-05-01,7.287153527226362,0.40893270599154896,37.33783936401991,312.01744691751713,0.4589903757760728,64.29030471859795,29.584329258938283,15718.141697047744,0.0,1.6374854178088634,36.416833101587905,16.103636550071485,38236438.76632572,2145749.8663173267,195917407.88792047,0.0,8592119.869785136,191030513.82625368,5244765854.955694
92,2024-05-01,7.287153527226362,0.40893270599154896,37.33783936401991,312.01744691751713,0.4589903757760728,64.29030471859795,29.584329258938283,15718.141697047744,0.0,1.6374854178088634,36.416833101587905,16.103636550071485,38236438.76632572,2145749.8663173267,195917407.88792047,0.0,8592119.869785136,191030513.82625368,5244765854.955694
93,2024-05-01,7.287153527226362,0.40893270599154896,37.33783936401991,312.01744691751713,0.4589903757760728,64.29030471859795,29.584329258938283,15718.141697047744,0.0,1.6374854178088634,36.416833101587905,16.103636550071485,38236438.76632572,2145749.8663173267,195917407.88792047,0.0,8592119.869785136,191030513.82625368,5244765854.955694
94,2024-05-01,7.287153527226362,0.40893270599154896,37.33783936401991,312.01744691751713,0.4589903757760728,64.29030471859795,29.584329258938283,15718.141697047744,0.0,1.6374854178088634,36.416833101587905,16.103636550071485,38236438.76632572,2145749.8663173267,195917407.88792047,0.0,8592119.869785136,191030513.82625368,5244765854.955694
95,2024-05-01,7.287153527226362,0.40893270599154896,37.33783936401991,312.01744691751713,0.4589903757760728,64.29030471859795,29.584329258938283,15718.141697047744,0.0,1.6374854178088634,36.416833101587905,16.103636550071485,38236438.76632572,2145749.8663173267,195917407.88792047,0.0,8592119.869785136,191030513.82625368,5244765854.955694
96,2024-05-01,7.287153527226362,0.40893270599154896,37.33783936401991,312.01744691751713,0.4589903757760728,64.29030471859795,29.584329258938283,15718.141697047744,0.0,1.6374854178088634,36.416833101587905,16.103636550071485,38236438.76632572,2145749.8663173267,195917407.88792047,0.0,8592119.869785136,191030513.82625368,5244765854.955694
97,2024-05-01,7.287153527226362,0.40893270599154896,37.33783936401991,312.01744691751713,0.4589903757760728,64.29030471859795,29.584329258938283,15718.141697047744,0.0,1.6374854178088634,36.416833101587905,16.103636550071485,38236438.76632572,2145749.8663173267,195917407.88792047,0.0,8592119.869785136,191030513.82625368,5244765854.955694
98,2024-05-01,7.287153527226362,0.40893270599154896,37.33783936401991,312.01744691751713,0.4589903757760728,64.29030471859795,29.584329258938283,15718.141697047744,0.0,1.6374854178088634,36.416833101587905,16.103636550071485,38236438.76632572,2145749.8663173267,195917407.88792047,0.0,8592119.869785136,191030513.82625368,5244765854.95548
99,2024-05-01,7.287153527226362,0.40893270599154896,37.33783936401991,312.01744691751713,0.4589903757760728,64.29030471859795,29.584329258938283,15718.141697047744,0.0,1.6374854178088634,36.416833101587905,16.103636550071485,38236438.76632572,2145749.8663173267,195917407.88792047,0.0,8592119.869785136,191030513.82625368,5244765854.95548
100,2024-06-01,9.171397232768179,0.6291272261987919,51.44654579614565,312.01744691751713,0.4589903757760728,64.29030471859795,29.584329258938283,15718.141697047744,0.0029971443524944583,0.29339734527692096,20.939708958174098,9.177136454344208,48123496.623757705,3301153.56813819,269947307.2166635,15726.627576090947,1539527.0540974438,109844080.47988704,5244765854.95548
101,2024-06-01,9.171397232768179,0.6291272261987919,51.44654579614565,312.01744691751713,0.4589903757760728,64.29030471859795,29.584329258938283,15718.141697047744,0.0029971443524944583,0.29339734527692096,20.939708958174098,9.177136454344208,48123496.623757705,3301153.56813819,269947307.2166635,15726.627576090947,1539527.0540974438,109844080.47988704,5244765854.95548
102,2024-06-01,9.171397232768179,0.6291272261987919,51.44654579614565,312.01744691751713,0.4589903757760728,64.29030471859795,29.584329258938283,15718.141697047744,0.0029971443524944583,0.29339734527692096,20.939708958174098,9.177136454344208,48123496.623757705,3301153.56813819,269947307.2166635,15726.627576090947,1539527.0540974438,109844080.47988704,5244765854.955694
103,2024-06-01,9.171397232768179,0.6291272261987919,51.44654579614565,312.01744691751713,0.4589903757760728,64.29030471859795,29.584329258938283,15718.141697047744,0.0029971443524944583,0.29339734527692096,20.939708958174098,9.177136454344208,48123496.623757705,3301153.56813819,269947307.2166635,15726.627576090947,1539527.0540974438,109844080.47988704,5244765854.955694
104,2024-06-01,9.171397232768179,0.6291272261987919,51.44654579614565,312.01744691751713,0.4589903757760728,64.29030471859795,29.584329258938283,15718.141697047744,0.0029971443524944583,0.29339734527692096,20.939708958174098,9.177136454344208,48123496.623757705,3301153.56813819,269947307.2166635,15726.627576090947,1539527.0540974438,109844080.47988704,5244765854.955694
105,2024-06-01,9.171397232768179,0.6291272261987919,51.44654579614565,312.01744691751713,0.4589903757760728,64.29030471859795,29.584329258938283,15718.141697047744,0.0029971443524944583,0.29339734527692096,20.939708958174098,9.177136454344208,48123496.623757705,3301153.56813819,269947307.2166635,15726.627576090947,1539527.0540974438,109844080.47988704,5244765854.95548
106,2024-06-01,9.171397232768179,0.6291272261987919,51.44654579614565,312.01744691751713,0.4589903757760728,64.29030471859795,29.584329258938283,15718.141697047744,0.0029971443524944583,0.29339734527692096,20.939708958174098,9.177136454344208,48123496.623757705,3301153.56813819,269947307.2166635,15726.627576090947,1539527.0540974438,109844080.47988704,5244765854.955694
107,2024-06-01,9.171397232768179,0.6291272261987919,51.44654579614565,312.01744691751713,0.4589903757760728,64.29030471859795,29.584329258938283,15718.141697047744,0.0029971443524944583,0.29339734527692096,20.939708958174098,9.177136454344208,48123496.623757705,3301153.56813819,269947307.2166635,15726.627576090947,1539527.0540974438,109844080.47988704,5244765854.95548
108,2024-06-01,9.171397232768179,0.6291272261987919,51.44654579614565,312.01744691751713,0.4589903757760728,64.29030471859795,29.584329258938283,15718.141697047744,0.0029971443524944583,0.29339734527692096,20.939708958174098,9.177136454344208,48123496.623757705,3301153.56813819,269947307.2166635,15726.627576090947,1539527.0540974438,109844080.47988704,5244765854.955694
109,2024-06-01,9.171397232768179,0.6291272261987919,51.44654579614565,312.01744691751713,0.4589903757760728,64.29030471859795,29.584329258938283,15718.141697047744,0.0029971443524944583,0.29339734527692096,20.939708958174098,9.177136454344208,48123496.623757705,3301153.56813819,269947307.2166635,15726.627576090947,1539527.0540974438,109844080.47988704,5244765854.955694
110,2024-06-01,9.171397232768179,0.6291272261987919,51.44654579614565,312.01744691751713,0.4589903757760728,64.29030471859795,29.584329258938283,15718.141697047744,0.0029971443524944583,0.29339734527692096,20.939708958174098,9.177136454344208,48123496.623757705,3301153.56813819,269947307.2166635,15726.627576090947,1539527.0540974438,109844080.47988704,5244765854.95548
111,2024-06-01,9.171397232768179,0.6291272261987919,51.44654579614565,312.01744691751713,0.4589903757760728,64.29030471859795,29.584329258938283,15718.141697047744,0.0029971443524944583,0.29339734527692096,20.939708958174098,9.177136454344208,48123496.623757705,3301153.56813819,269947307.2166635,15726.627576090947,1539527.0540974438,109844080.47988704,5244765854.955694
112,2024-06-01,9.171397232768179,0.6291272261987919,51.44654579614565,312.01744691751713,0.4589903757760728,64.29030471859795,29.584329258938283,15718.141697047744,0.0029971443524944583,0.29339734527692096,20.939708958174098,9.177136454344208,48123496.623757705,3301153.56813819,269947307.2166635,15726.627576090947,1539527.0540974438,109844080.47988704,5244765854.955694
113,2024-06-01,9.171397232768179,0.6291272261987919,51.44654579614565,312.01744691751713,0.4589903757760728,64.29030471859795,29.584329258938283,15718.141697047744,0.0029971443524944583,0.29339734527692096,20.939708958174098,9.177136454344208,48123496.623757705,3301153.56813819,269947307.2166635,15726.627576090947,1539527.0540974438,109844080.47988704,5244765854.955694
114,2024-06-01,9.171397232768179,0.6291272261987919,51.44654579614565,312.01744691751713,0.4589903757760728,64.29030471859795,29.584329258938283,15718.141697047744,0.0029971443524944583,0.29339734527692096,20.939708958174098,9.177136454344208,48123496.623757705,3301153.56813819,269947307.2166635,15726.627576090947,1539527.0540974438,109844080.47988704,5244765854.955694
115,2024-06-01,9.171397232768179,0.6291272261987919,51.44654579614565,312.01744691751713,0.4589903757760728,64.29030471859795,29.584329258938283,15718.141697047744,0.0029971443524944583,0.29339734527692096,20.939708958174098,9.177136454344208,48123496.623757705,3301153.56813819,269947307.2166635,15726.627576090947,1539527.0540974438,109844080.47988704,5244765854.955694
116,2024-06-01,9.171397232768179,0.6291272261987919,51.44654579614565,312.01744691751713,0.4589903757760728,64.29030471859795,29.584329258938283,15718.141697047744,0.0029971443524944583,0.29339734527692096,20.939708958174098,9.177136454344208,48123496.623757705,3301153.56813819,269947307.2166635,15726.627576090947,1539527.0540974438,109844080.47988704,5244765854.955694
117,2024-06-01,9.171397232768179,0.6291272261987919,51.44654579614565,312.01744691751713,0.4589903757760728,64.29030471859795,29.584329258938283,15718.141697047744,0.0029971443524944583,0.29339734527692096,20.939708958174098,9.177136454344208,48123496.623757705,3301153.56813819,269947307.2166635,15726.627576090947,1539527.0540974438,109844080.47988704,5244765854.955694
118,2024-06-01,9.171397232768179,0.6291272261987919,51.44654579614565,312.01744691751713,0.4589903757760728,64.29030471859795,29.584329258938283,15718.141697047744,0.0029971443524944583,0.29339734527692096,20.939708958174098,9.177136454344208,48123496.623757705,3301153.56813819,269947307.2166635,15726.627576090947,1539527.0540974438,109844080.47988704,5244765854.95548
119,2024-06-01,9.171397232768179,0.6291272261987919,51.44654579614565,312.01744691751713,0.4589903757760728,64.29030471859795,29.584329258938283,15718.141697047744,0.0029971443524944583,0.29339734527692096,20.939708958174098,9.177136454344208,48123496.623757705,3301153.56813819,269947307.2166635,15726.627576090947,1539527.0540974438,109844080.47988704,5244765854.955694
120,2024-07-01,13.07103109680547,0.8178654119830979,49.88813655412065,312.01744691751713,0.4589903757760728,64.29030471859795,29.584329258938283,15718.141697047744,0.03499472793407315,0.5449854671726482,16.435794541010093,7.502133335073975,68585682.83960102,4291499.732634653,261769642.9988353,183624.37163174181,2859679.354296413,86218250.19446659,5244765854.955694
121,2024-07-01,13.07103109680547,0.8178654119830979,49.88813655412065,312.01744691751713,0.4589903757760728,64.29030471859795,29.584329258938283,15718.141697047744,0.03499472793407315,0.5449854671726482,16.435794541010093,7.502133335073975,68585682.83960102,4291499.732634653,261769642.9988353,183624.37163174181,2859679.354296413,86218250.19446659,5244765854.955694
122,2024-07-01,13.07103109680547,0.8178654119830979,49.88813655412065,312.01744691751713,0.4589903757760728,64.29030471859795,29.584329258938283,15718.141697047744,0.03499472793407315,0.5449854671726482,16.435794541010093,7.502133335073975,68585682.83960102,4291499.732634653,261769642.9988353,183624.37163174181,2859679.354296413,86218250.19446659,5244765854.955694
123,2024-07-01,13.07103109680547,0.8178654119830979,49.88813655412065,312.01744691751713,0.4589903757760728,64.29030471859795,29.584329258938283,15718.141697047744,0.03499472793407315,0.5449854671726482,16.435794541010093,7.502133335073975,68585682.83960102,4291499.732634653,261769642.9988353,183624.37163174181,2859679.354296413,86218250.19446659,5244765854.95548
124,2024-07-01,13.07103109680547,0.8178654119830979,49.88813655412065,312.01744691751713,0.4589903757760728,64.29030471859795,29.584329258938283,15718.141697047744,0.03499472793407315,0.5449854671726482,16.435794541010093,7.502133335073975,68585682.83960102,4291499.732634653,261769642.9988353,183624.37163174181,2859679.354296413,86218250.19446659,5244765854.955694
125,2024-07-01,13.07103109680547,0.8178654119830979,49.88813655412065,312.01744691751713,0.4589903757760728,64.29030471859795,29.584329258938283,15718.141697047744,0.03499472793407315,0.5449854671726482,16.435794541010093,7.502133335073975,68585682.83960102,4291499.732634653,261769642.9988353,183624.37163174181,2859679.354296413,86218250.19446659,5244765854.955694
126,2024-07-01,13.07103109680547,0.8178654119830979,49.88813655412065,312.01744691751713,0.4589903757760728,64.29030471859795,29.584329258938283,15718.141697047744,0.03499472793407315,0.5449854671726482,16.435794541010093,7.502133335073975,68585682.83960102,4291499.732634653,261769642.9988353,183624.37163174181,2859679.354296413,86218250.19446659,5244765854.95548
127,2024-07-01,13.07103109680547,0.8178654119830979,49.88813655412065,312.01744691751713,0.4589903757760728,64.29030471859795,29.584329258938283,15718.141697047744,0.03499472793407315,0.5449854671726482,16.435794541010093,7.502133335073975,68585682.83960102,4291499.732634653,261769642.9988353,183624.37163174181,2859679.354296413,86218250.19446659,5244765854.955694
128,2024-07-01,13.07103109680547,0.8178654119830979,49.88813655412065,312.01744691751713,0.4589903757760728,64.29030471859795,29.584329258938283,15718.141697047744,0.03499472793407315,0.5449854671726482,16.435794541010093,7.502133335073975,68585682.83960102,4291499.732634653,261769642.9988353,183624.37163174181,2859679.354296413,86218250.19446659,5244765854.955694
129,2024-07-01,13.07103109680547,0.8178654119830979,49.88813655412065,312.01744691751713,0.4589903757760728,64.29030471859795,29.584329258938283,15718.141697047744,0.03499472793407315,0.5449854671726482,16.435794541010093,7.502133335073975,68585682.83960102,4291499.732634653,261769642.9988353,183624.37163174181,2859679.354296413,86218250.19446659,5244765854.95548
130,2024-07-01,13.07103109680547,0.8178654119830979,49.88813655412065,312.01744691751713,0.4589903757760728,64.29030471859795,29.584329258938283,15718.141697047744,0.03499472793407315,0.5449854671726482,16.435794541010093,7.502133335073975,68585682.83960102,4291499.732634653,261769642.9988353,183624.37163174181,2859679.354296413,86218250.19446659,5244765854.955694
131,2024-07-01,13.07103109680547,0.8178654119830979,49.88813655412065,312.01744691751713,0.4589903757760728,64.29030471859795,29.584329258938283,15718.141697047744,0.03499472793407315,0.5449854671726482,16.435794541010093,7.502133335073975,68585682.83960102,4291499.732634653,261769642.9988353,183624.37163174181,2859679.354296413,86218250.19446659,5244765854.955694
132,2024-07-01,13.07103109680547,0.8178654119830979,49.88813655412065,312.01744691751713,0.4589903757760728,64.29030471859795,29.584329258938283,15718.141697047744,0.03499472793407315,0.5449854671726482,16.435794541010093,7.502133335073975,68585682.83960102,4291499.732634653,261769642.9988353,183624.37163174181,2859679.354296413,86218250.19446659,5244765854.955694
133,2024-07-01,13.07103109680547,0.8178654119830979,49.88813655412065,312.01744691751713,0.4589903757760728,64.29030471859795,29.584329258938283,15718.141697047744,0.03499472793407315,0.5449854671726482,16.435794541010093,7.502133335073975,68585682.83960102,4291499.732634653,261769642.9988353,183624.37163174181,2859679.354296413,86218250.19446659,5244765854.955694
134,2024-07-01,13.07103109680547,0.8178654119830979,49.88813655412065,312.01744691751713,0.4589903757760728,64.29030471859795,29.584329258938283,15718.141697047744,0.03499472793407315,0.5449854671726482,16.435794541010093,7.502133335073975,68585682.83960102,4291499.732634653,261769642.9988353,183624.37163174181,2859679.354296413,86218250.19446659,5244765854.95548
135,2024-07-01,13.07103109680547,0.8178654119830979,49.88813655412065,312.01744691751713,0.4589903757760728,64.29030471859795,29.584329258938283,15718.141697047744,0.03499472793407315,0.5449854671726482,16.435794541010093,7.502133335073975,68585682.83960102,4291499.732634653,261769642.9988353,183624.37163174181,2859679.354296413,86218250.19446659,5244765854.955694
136,2024-07-01,13.07103109680547,0.8178654119830979,49.88813655412065,312.01744691751713,0.4589903757760728,64.29030471859795,29.584329258938283,15718.141697047744,0.03499472793407315,0.5449854671726482,16.435794541010093,7.502133335073975,68585682.83960102,4291499.732634653,261769642.9988353,183624.37163174181,2859679.354296413,86218250.19446659,5244765854.955694
137,2024-07-01,13.07103109680547,0.8178654119830979,49.88813655412065,312.01744691751713,0.4589903757760728,64.29030471859795,29.584329258938283,15718.141697047744,0.03499472793407315,0.5449854671726482,16.435794541010093,7.502133335073975,68585682.83960102,4291499.732634653,261769642.9988353,183624.37163174181,2859679.354296413,86218250.19446659,5244765854.955694
138,2024-07-01,13.07103109680547,0.8178654119830979,49.88813655412065,312.01744691751713,0.4589903757760728,64.29030471859795,29.584329258938283,15718.141697047744,0.03499472793407315,0.5449854671726482,16.435794541010093,7.502133335073975,68585682.83960102,4291499.732634653,261769642.9988353,183624.37163174181,2859679.354296413,86218250.19446659,5244765854.95548
139,2024-07-01,13.07103109680547,0.8178654119830979,49.88813655412065,312.01744691751713,0.4589903757760728,64.29030471859795,29.584329258938283,15718.141697047744,0.03499472793407315,0.5449854671726482,16.435794541010093,7.502133335073975,68585682.83960102,4291499.732634653,261769642.9988353,183624.37163174181,2859679.354296413,86218250.19446659,5244765854.95548
140,2024-08-01,62.55715127644185,0.6605836129781533,42.47887732671767,312.01744691751713,0.4589903757760728,64.29030471859795,29.584329258938283,15718.141697047744,0.6547383160704379,5.9967156263815395,32.014531040600104,31.107567903371468,328247468.0983567,3466211.380188005,222892572.44983354,3435564.936315946,31466307.741227053,167939151.65908757,5244765854.95548
141,2024-08-01,62.55715127644185,0.6605836129781533,42.47887732671767,312.01744691751713,0.4589903757760728,64.29030471859795,29.584329258938283,15718.141697047744,0.6547383160704379,5.9967156263815395,32.014531040600104,31.107567903371468,328247468.0983567,3466211.380188005,222892572.44983354,3435564.936315946,31466307.741227053,167939151.65908757,5244765854.955694
142,2024-08-01,62.55715127644185,0.6605836129781533,42.47887732671767,312.01744691751713,0.4589903757760728,64.29030471859795,29.584329258938283,15718.141697047744,0.6547383160704379,5.9967156263815395,32.014531040600104,31.107567903371468,328247468.0983567,3466211.380188005,222892572.44983354,3435564.936315946,31466307.741227053,167939151.65908757,5244765854.955694
143,2024-08-01,62.55715127644185,0.6605836129781533,42.47887732671767,312.01744691751713,0.4589903757760728,64.29030471859795,29.584329258938283,15718.141697047744,0.6547383160704379,5.9967156263815395,32.014531040600104,31.107567903371468,328247468.0983567,3466211.380188005,222892572.44983354,3435564.936315946,31466307.741227053,167939151.65908757,5244765854.955694
144,2024-08-01,62.55715127644185,0.6605836129781533,42.47887732671767,312.01744691751713,0.4589903757760728,64.29030471859795,29.584329258938283,15718.141697047744,0.6547383160704379,5.9967156263815395,32.014531040600104,31.107567903371468,328247468.0983567,3466211.380188005,222892572.44983354,3435564.936315946,31466307.741227053,167939151.65908757,5244765854.955694
145,2024-08-01,62.55715127644185,0.6605836129781533,42.47887732671767,312.01744691751713,0.4589903757760728,64.29030471859795,29.584329258938283,15718.141697047744,0.6547383160704379,5.9967156263815395,32.014531040600104,31.107567903371468,328247468.0983567,3466211.380188005,222892572.44983354,3435564.936315946,31466307.741227053,167939151.65908757,5244765854.955694
146,2024-08-01,62.55715127644185,0.6605836129781533,42.47887732671767,312.01744691751713,0.4589903757760728,64.29030471859795,29.584329258938283,15718.141697047744,0.6547383160704379,5.9967156263815395,32.014531040600104,31.107567903371468,328247468.0983567,3466211.380188005,222892572.44983354,3435564.936315946,31466307.741227053,167939151.65908757,5244765854.95548
147,2024-08-01,62.55715127644185,0.6605836129781533,42.47887732671767,312.01744691751713,0.4589903757760728,64.29030471859795,29.584329258938283,15718.141697047744,0.6547383160704379,5.9967156263815395,32.014531040600104,31.107567903371468,328247468.0983567,3466211.380188005,222892572.44983354,3435564.936315946,31466307.741227053,167939151.65908757,5244765854.95548
148,2024-08-01,62.55715127644185,0.6605836129781533,42.47887732671767,312.01744691751713,0.4589903757760728,64.29030471859795,29.584329258938283,15718.141697047744,0.6547383160704379,5.9967156263815395,32.014531040600104,31.107567903371468,328247468.0983567,3466211.380188005,222892572.44983354,3435564.936315946,31466307.741227053,167939151.65908757,5244765854.955694
149,2024-08-01,62.55715127644185,0.6605836129781533,42.47887732671767,312.01744691751713,0.4589903757760728,64.29030471859795,29.584329258938283,15718.141697047744,0.6547383160704379,5.9967156263815395,32.014531040600104,31.107567903371468,328247468.0983567,3466211.380188005,222892572.44983354,3435564.936315946,31466307.741227053,167939151.65908757,5244765854.955694
150,2024-08-01,62.55715127644185,0.6605836129781533,42.47887732671767,312.01744691751713,0.4589903757760728,64.29030471859795,29.584329258938283,15718.141697047744,0.6547383160704379,5.9967156263815395,32.014531040600104,31.107567903371468,328247468.0983567,3466211.380188005,222892572.44983354,3435564.936315946,31466307.741227053,167939151.65908757,5244765854.95548
151,2024-08-01,62.55715127644185,0.6605836129781533,42.47887732671767,312.01744691751713,0.4589903757760728,64.29030471859795,29.584329258938283,15718.141697047744,0.6547383160704379,5.9967156263815395,32.014531040600104,31.107567903371468,328247468.0983567,3466211.380188005,222892572.44983354,3435564.936315946,31466307.741227053,167939151.65908757,5244765854.955694
152,2024-08-01,62.55715127644185,0.6605836129781533,42.47887732671767,312.01744691751713,0.4589903757760728,64.29030471859795,29.584329258938283,15718.141697047744,0.6547383160704379,5.9967156263815395,32.014531040600104,31.107567903371468,328247468.0983567,3466211.380188005,222892572.44983354,3435564.936315946,31466307.741227053,167939151.65908757,5244765854.955694
153,2024-08-01,62.55715127644185,0.6605836129781533,42.47887732671767,312.01744691751713,0.4589903757760728,64.29030471859795,29.584329258938283,15718.141697047744,0.6547383160704379,5.9967156263815395,32.014531040600104,31.107567903371468,328247468.0983567,3466211.380188005,222892572.44983354,3435564.936315946,31466307.741227053,167939151.65908757,5244765854.955694
154,2024-08-01,62.55715127644185,0.6605836129781533,42.47887732671767,312.01744691751713,0.4589903757760728,64.29030471859795,29.584329258938283,15718.141697047744,0.6547383160704379,5.9967156263815395,32.014531040600104,31.107567903371468,328247468.0983567,3466211.380188005,222892572.44983354,3435564.936315946,31466307.741227053,167939151.65908757,5244765854.955694
155,2024-08-01,62.55715127644185,0.6605836129781533,42.47887732671767,312.01744691751713,0.4589903757760728,64.29030471859795,29.584329258938283,15718.141697047744,0.6547383160704379,5.9967156263815395,32.014531040600104,31.107567903371468,328247468.0983567,3466211.380188005,222892572.44983354,3435564.936315946,31466307.741227053,167939151.65908757,5244765854.95548
156,2024-08-01,62.55715127644185,0.6605836129781533,42.47887732671767,312.01744691751713,0.4589903757760728,64.29030471859795,29.584329258938283,15718.141697047744,0.6547383160704379,5.9967156263815395,32.014531040600104,31.107567903371468,328247468.0983567,3466211.380188005,222892572.44983354,3435564.936315946,31466307.741227053,167939151.65908757,5244765854.955694
157,2024-08-01,62.55715127644185,0.6605836129781533,42.47887732671767,312.01744691751713,0.4589903757760728,64.29030471859795,29.584329258938283,15718.141697047744,0.6547383160704379,5.9967156263815395,32.014531040600104,31.107567903371468,328247468.0983567,3466211.380188005,222892572.44983354,3435564.936315946,31466307.741227053,167939151.65908757,5244765854.955694
158,2024-08-01,62.55715127644185,0.6605836129781533,42.47887732671767,312.01744691751713,0.4589903757760728,64.29030471859795,29.584329258938283,15718.141697047744,0.6547383160704379,5.9967156263815395,32.014531040600104,31.107567903371468,328247468.0983567,3466211.380188005,222892572.44983354,3435564.936315946,31466307.741227053,167939151.65908757,5244765854.95548
159,2024-08-01,62.55715127644185,0.6605836129781533,42.47887732671767,312.01744691751713,0.4589903757760728,64.29030471859795,29.584329258938283,15718.141697047744,0.6547383160704379,5.9967156263815395,32.014531040600104,31.107567903371468,328247468.0983567,3466211.380188005,222892572.44983354,3435564.936315946,31466307.741227053,167939151.65908757,5244765854.955694
160,2024-09-01,4.664064379973817,0.31456361309939596,35.15481334277722,312.01744691751713,0.4589903757760728,64.29030471859795,29.584329258938283,15718.141697047744,0.013821333102425492,0.5662733135028327,20.636765582091602,11.901660927393284,24473339.86470597,1650576.784069095,184462348.2900369,72524.14674090585,2971397.407891079,108255626.73195198,5244765854.955694
161,2024-09-01,4.664064379973817,0.31456361309939596,35.15481334277722,312.01744691751713,0.4589903757760728,64.29030471859795,29.584329258938283,15718.141697047744,0.013821333102425492,0.5662733135028327,20.636765582091602,11.901660927393284,24473339.86470597,1650576.784069095,184462348.2900369,72524.14674090585,2971397.407891079,108255626.73195198,5244765854.955694
162,2024-09-01,4.664064379973817,0.31456361309939596,35.15481334277722,312.01744691751713,0.4589903757760728,64.29030471859795,29.584329258938283,15718.141697047744,0.013821333102425492,0.5662733135028327,20.636765582091602,11.901660927393284,24473339.86470597,1650576.784069095,184462348.2900369,72524.14674090585,2971397.407891079,108255626.73195198,5244765854.95548
163,2024-09-01,4.664064379973817,0.31456361309939596,35.15481334277722,312.01744691751713,0.4589903757760728,64.29030471859795,29.584329258938283,15718.141697047744,0.013821333102425492,0.5662733135028327,20.636765582091602,11.901660927393284,24473339.86470597,1650576.784069095,184462348.2900369,72524.14674090585,2971397.407891079,108255626.73195198,5244765854.95548
164,2024-09-01,4.664064379973817,0.31456361309939596,35.15481334277722,312.01744691751713,0.4589903757760728,64.29030471859795,29.584329258938283,15718.141697047744,0.013821333102425492,0.5662733135028327,20.636765582091602,11.901660927393284,24473339.86470597,1650576.784069095,184462348.2900369,72524.14674090585,2971397.407891079,108255626.73195198,5244765854.95548
165,2024-09-01,4.664064379973817,0.31456361309939596,35.15481334277722,312.01744691751713,0.4589903757760728,64.29030471859795,29.584329258938283,15718.141697047744,0.013821333102425492,0.5662733135028327,20.636765582091602,11.901660927393284,24473339.86470597,1650576.784069095,184462348.2900369,72524.14674090585,2971397.407891079,108255626.73195198,5244765854.955694
166,2024-09-01,4.664064379973817,0.31456361309939596,35.15481334277722,312.01744691751713,0.4589903757760728,64.29030471859795,29.584329258938283,15718.141697047744,0.013821333102425492,0.5662733135028327,20.636765582091602,11.901660927393284,24473339.86470597,1650576.784069095,184462348.2900369,72524.14674090585,2971397.407891079,108255626.73195198,5244765854.955694
167,2024-09-01,4.664064379973817,0.31456361309939596,35.15481334277722,312.01744691751713,0.4589903757760728,64.29030471859795,29.584329258938283,15718.141697047744,0.013821333102425492,0.5662733135028327,20.636765582091602,11.901660927393284,24473339.86470597,1650576.784069095,184462348.2900369,72524.14674090585,2971397.407891079,108255626.73195198,5244765854.955694
168,2024-09-01,4.664064379973817,0.31456361309939596,35.15481334277722,312.01744691751713,0.4589903757760728,64.29030471859795,29.584329258938283,15718.141697047744,0.013821333102425492,0.5662733135028327,20.636765582091602,11.901660927393284,24473339.86470597,1650576.784069095,184462348.2900369,72524.14674090585,2971397.407891079,108255626.73195198,5244765854.95548
169,2024-09-01,4.664064379973817,0.31456361309939596,35.15481334277722,312.01744691751713,0.4589903757760728,64.29030471859795,29.584329258938283,15718.141697047744,0.013821333102425492,0.5662733135028327,20.636765582091602,11.901660927393284,24473339.86470597,1650576.784069095,184462348.2900369,72524.14674090585,2971397.407891079,108255626.73195198,5244765854.955694
170,2024-09-01,4.664064379973817,0.31456361309939596,35.15481334277722,312.01744691751713,0.4589903757760728,64.29030471859795,29.584329258938283,15718.141697047744,0.013821333102425492,0.5662733135028327,20.636765582091602,11.901660927393284,24473339.86470597,1650576.784069095,184462348.2900369,72524.14674090585,2971397.407891079,108255626.73195198,5244765854.955694
171,2024-09-01,4.664064379973817,0.31456361309939596,35.15481334277722,312.01744691751713,0.4589903757760728,64.29030471859795,29.584329258938283,15718.141697047744,0.013821333102425492,0.5662733135028327,20.636765582091602,11.901660927393284,24473339.86470597,1650576.784069095,184462348.2900369,72524.14674090585,2971397.407891079,108255626.73195198,5244765854.955694
172,2024-09-01,4.664064379973817,0.31456361309939596,35.15481334277722,312.01744691751713,0.4589903757760728,64.29030471859795,29.584329258938283,15718.141697047744,0.013821333102425492,0.5662733135028327,20.636765582091602,11.901660927393284,24473339.86470597,1650576.784069095,184462348.2900369,72524.14674090585,2971397.407891079,108255626.73195198,5244765854.955694
173,2024-09-01,4.664064379973817,0.31456361309939596,35.15481334277722,312.01744691751713,0.4589903757760728,64.29030471859795,29.584329258938283,15718.141697047744,0.013821333102425492,0.5662733135028327,20.636765582091602,11.901660927393284,24473339.86470597,1650576.784069095,184462348.2900369,72524.14674090585,2971397.407891079,108255626.73195198,5244765854.955694
174,2024-09-01,4.664064379973817,0.31456361309939596,35.15481334277722,312.01744691751713,0.4589903757760728,64.29030471859795,29.584329258938283,15718.141697047744,0.013821333102425492,0.5662733135028327,20.636765582091602,11.901660927393284,24473339.86470597,1650576.784069095,184462348.2900369,72524.14674090585,2971397.407891079,108255626.73195198,5244765854.955694
175,2024-09-01,4.664064379973817,0.31456361309939596,35.15481334277722,312.01744691751713,0.4589903757760728,64.29030471859795,29.584329258938283,15718.141697047744,0.013821333102425492,0.5662733135028327,20.636765582091602,11.901660927393284,24473339.86470597,1650576.784069095,184462348.2900369,72524.14674090585,2971397.407891079,108255626.73195198,5244765854.955694
176,2024-09-01,4.664064379973817,0.31456361309939596,35.15481334277722,312.01744691751713,0.4589903757760728,64.29030471859795,29.584329258938283,15718.141697047744,0.013821333102425492,0.5662733135028327,20.636765582091602,11.901660927393284,24473339.86470597,1650576.784069095,184462348.2900369,72524.14674090585,2971397.407891079,108255626.73195198,5244765854.955694
177,2024-09-01,4.664064379973817,0.31456361309939596,35.15481334277722,312.01744691751713,0.4589903757760728,64.29030471859795,29.584329258938283,15718.141697047744,0.013821333102425492,0.5662733135028327,20.636765582091602,11.901660927393284,24473339.86470597,1650576.784069095,184462348.2900369,72524.14674090585,2971397.407891079,108255626.73195198,5244765854.95548
178,2024-09-01,4.664064379973817,0.31456361309939596,35.15481334277722,312.01744691751713,0.4589903757760728,64.29030471859795,29.584329258938283,15718.141697047744,0.013821333102425492,0.5662733135028327,20.636765582091602,11.901660927393284,24473339.86470597,1650576.784069095,184462348.2900369,72524.14674090585,2971397.407891079,108255626.73195198,5244765854.955694
179,2024-09-01,4.664064379973817,0.31456361309939596,35.15481334277722,312.01744691751713,0.4589903757760728,64.29030471859795,29.584329258938283,15718.141697047744,0.013821333102425492,0.5662733135028327,20.636765582091602,11.901660927393284,24473339.86470597,1650576.784069095,184462348.2900369,72524.14674090585,2971397.407891079,108255626.73195198,5244765854.95548
180,2024-10-01,23.214434625611723,0.15728180654969798,24.921612418036204,312.01744691751713,0.4589903757760728,64.29030471859795,29.584329258938283,15718.141697047744,0.1577779031975091,1.8320721376100855,23.208348099322354,16.638145275956372,121810488.43617825,825288.3920345475,130767418.32291627,827902.4973953274,9613416.765444186,121745483.39730416,5244765854.95548
181,2024-10-01,23.214434625611723,0.15728180654969798,24.921612418036204,312.01744691751713,0.4589903757760728,64.29030471859795,29.584329258938283,15718.141697047744,0.1577779031975091,1.8320721376100855,23.208348099322354,16.638145275956372,121810488.43617825,825288.3920345475,130767418.32291627,827902.4973953274,9613416.765444186,121745483.39730416,5244765854.95548
182,2024-10-01,23.214434625611723,0.15728180654969798,24.921612418036204,312.01744691751713,0.4589903757760728,64.29030471859795,29.584329258938283,15718.141697047744,0.1577779031975091,1.8320721376100855,23.208348099322354,16.638145275956372,121810488.43617825,825288.3920345475,130767418.32291627,827902.4973953274,9613416.765444186,121745483.39730416,5244765854.955694
183,2024-10-01,23.214434625611723,0.15728180654969798,24.921612418036204,312.01744691751713,0.4589903757760728,64.29030471859795,29.584329258938283,15718.141697047744,0.1577779031975091,1.8320721376100855,23.208348099322354,16.638145275956372,121810488.43617825,825288.3920345475,130767418.32291627,827902.4973953274,9613416.765444186,121745483.39730416,5244765854.955694
184,2024-10-01,23.214434625611723,0.15728180654969798,24.921612418036204,312.01744691751713,0.4589903757760728,64.29030471859795,29.584329258938283,15718.141697047744,0.1577779031975091,1.8320721376100855,23.208348099322354,16.638145275956372,121810488.43617825,825288.3920345475,130767418.32291627,827902.4973953274,9613416.765444186,121745483.39730416,5244765854.95548
185,2024-10-01,23.214434625611723,0.15728180654969798,24.921612418036204,312.01744691751713,0.4589903757760728,64.29030471859795,29.584329258938283,15718.141697047744,0.1577779031975091,1.8320721376100855,23.208348099322354,16.638145275956372,121810488.43617825,825288.3920345475,130767418.32291627,827902.4973953274,9613416.765444186,121745483.39730416,5244765854.955694
186,2024-10-01,23.214434625611723,0.15728180654969798,24.921612418036204,312.01744691751713,0.4589903757760728,64.29030471859795,29.584329258938283,15718.141697047744,0.1577779031975091,1.8320721376100855,23.208348099322354,16.638145275956372,121810488.43617825,825288.3920345475,130767418.32291627,827902.4973953274,9613416.765444186,121745483.39730416,5244765854.955694
187,2024-10-01,23.214434625611723,0.15728180654969798,24.921612418036204,312.01744691751713,0.4589903757760728,64.29030471859795,29.584329258938283,15718.141697047744,0.1577779031975091,1.8320721376100855,23.208348099322354,16.638145275956372,121810488.43617825,825288.3920345475,130767418.32291627,827902.4973953274,9613416.765444186,121745483.39730416,5244765854.95548
188,2024-10-01,23.214434625611723,0.15728180654969798,24.921612418036204,312.01744691751713,0.4589903757760728,64.29030471859795,29.584329258938283,15718.141697047744,0.1577779031975091,1.8320721376100855,23.208348099322354,16.638145275956372,121810488.43617825,825288.3920345475,130767418.32291627,827902.4973953274,9613416.765444186,121745483.39730416,5244765854.955694
189,2024-10-01,23.214434625611723,0.15728180654969798,24.921612418036204,312.01744691751713,0.4589903757760728,64.29030471859795,29.584329258938283,15718.141697047744,0.1577779031975091,1.8320721376100855,23.208348099322354,16.638145275956372,121810488.43617825,825288.3920345475,130767418.32291627,827902.4973953274,9613416.765444186,121745483.39730416,5244765854.955694
190,2024-10-01,23.214434625611723,0.15728180654969798,24.921612418036204,312.01744691751713,0.4589903757760728,64.29030471859795,29.584329258938283,15718.141697047744,0.1577779031975091,1.8320721376100855,23.208348099322354,16.638145275956372,121810488.43617825,825288.3920345475,130767418.32291627,827902.4973953274,9613416.765444186,121745483.39730416,5244765854.95548
191,2024-10-01,23.214434625611723,0.15728180654969798,24.921612418036204,312.01744691751713,0.4589903757760728,64.29030471859795,29.584329258938283,15718.141697047744,0.1577779031975091,1.8320721376100855,23.208348099322354,16.638145275956372,121810488.43617825,825288.3920345475,130767418.32291627,827902.4973953274,9613416.765444186,121745483.39730416,5244765854.955694
192,2024-10-01,23.214434625611723,0.15728180654969798,24.921612418036204,312.01744691751713,0.4589903757760728,64.29030471859795,29.584329258938283,15718.141697047744,0.1577779031975091,1.8320721376100855,23.208348099322354,16.638145275956372,121810488.43617825,825288.3920345475,130767418.32291627,827902.4973953274,9613416.765444186,121745483.39730416,5244765854.955694
193,2024-10-01,23.214434625611723,0.15728180654969798,24.921612418036204,312.01744691751713,0.4589903757760728,64.29030471859795,29.584329258938283,15718.141697047744,0.1577779031975091,1.8320721376100855,23.208348099322354,16.638145275956372,121810488.43617825,825288.3920345475,130767418.32291627,827902.4973953274,9613416.765444186,121745483.39730416,5244765854.95548
194,2024-10-01,23.214434625611723,0.15728180654969798,24.921612418036204,312.01744691751713,0.4589903757760728,64.29030471859795,29.584329258938283,15718.141697047744,0.1577779031975091,1.8320721376100855,23.208348099322354,16.638145275956372,121810488.43617825,825288.3920345475,130767418.32291627,827902.4973953274,9613416.765444186,121745483.39730416,5244765854.955694
195,2024-10-01,23.214434625611723,0.15728180654969798,24.921612418036204,312.01744691751713,0.4589903757760728,64.29030471859795,29.584329258938283,15718.141697047744,0.1577779031975091,1.8320721376100855,23.208348099322354,16.638145275956372,121810488.43617825,825288.3920345475,130767418.32291627,827902.4973953274,9613416.765444186,121745483.39730416,5244765854.955694
196,2024-10-01,23.214434625611723,0.15728180654969798,24.921612418036204,312.01744691751713,0.4589903757760728,64.29030471859795,29.584329258938283,15718.141697047744,0.1577779031975091,1.8320721376100855,23.208348099322354,16.638145275956372,121810488.43617825,825288.3920345475,130767418.32291627,827902.4973953274,9613416.765444186,121745483.39730416,5244765854.955694
197,2024-10-01,23.214434625611723,0.15728180654969798,24.921612418036204,312.01744691751713,0.4589903757760728,64.29030471859795,29.584329258938283,15718.141697047744,0.1577779031975091,1.8320721376100855,23.208348099322354,16.638145275956372,121810488.43617825,825288.3920345475,130767418.32291627,827902.4973953274,9613416.765444186,121745483.39730416,5244765854.955694
198,2024-10-01,23.214434625611723,0.15728180654969798,24.921612418036204,312.01744691751713,0.4589903757760728,64.29030471859795,29.584329258938283,15718.141697047744,0.1577779031975091,1.8320721376100855,23.208348099322354,16.638145275956372,121810488.43617825,825288.3920345475,130767418.32291627,827902.4973953274,9613416.765444186,121745483.39730416,5244765854.955694
199,2024-10-01,23.214434625611723,0.15728180654969798,24.921612418036204,312.01744691751713,0.4589903757760728,64.29030471859795,29.584329258938283,15718.141697047744,0.1577779031975091,1.8320721376100855,23.208348099322354,16.638145275956372,121810488.43617825,825288.3920345475,130767418.32291627,827902.4973953274,9613416.765444186,121745483.39730416,5244765854.955694
200,2024-11-01,16.47138211611447,0.0,15.812211906601467,312.01744691751713,0.4589903757760728,64.29030471859795,29.584329258938283,15718.141697047744,0.059124858468317956,1.4089291371711705,26.38145511515309,17.88692253001342,86427463.39548066,0.0,82969339.3614995,310246.54561468685,7393005.158664347,138389899.0759281,5244765854.955694
201,2024-11-01,16.47138211611447,0.0,15.812211906601467,312.01744691751713,0.4589903757760728,64.29030471859795,29.584329258938283,15718.141697047744,0.059124858468317956,1.4089291371711705,26.38145511515309,17.88692253001342,86427463.39548066,0.0,82969339.3614995,310246.54561468685,7393005.158664347,138389899.0759281,5244765854.955694
202,2024-11-01,16.47138211611447,0.0,15.812211906601467,312.01744691751713,0.4589903757760728,64.29030471859795,29.584329258938283,15718.141697047744,0.059124858468317956,1.4089291371711705,26.38145511515309,17.88692253001342,86427463.39548066,0.0,82969339.3614995,310246.54561468685,7393005.158664347,138389899.0759281,5244765854.955694
203,2024-11-01,16.47138211611447,0.0,15.812211906601467,312.01744691751713,0.4589903757760728,64.29030471859795,29.584329258938283,15718.141697047744,0.059124858468317956,1.4089291371711705,26.38145511515309,17.88692253001342,86427463.39548066,0.0,82969339.3614995,310246.54561468685,7393005.158664347,138389899.0759281,5244765854.95548
204,2024-11-01,16.47138211611447,0.0,15.812211906601467,312.01744691751713,0.4589903757760728,64.29030471859795,29.584329258938283,15718.141697047744,0.059124858468317956,1.4089291371711705,26.38145511515309,17.88692253001342,86427463.39548066,0.0,82969339.3614995,310246.54561468685,7393005.158664347,138389899.0759281,5244765854.955694
205,2024-11-01,16.47138211611447,0.0,15.812211906601467,312.01744691751713,0.4589903757760728,64.29030471859795,29.584329258938283,15718.141697047744,0.059124858468317956,1.4089291371711705,26.38145511515309,17.88692253001342,86427463.39548066,0.0,82969339.3614995,310246.54561468685,7393005.158664347,138389899.0759281,5244765854.95548
206,2024-11-01,16.47138211611447,0.0,15.812211906601467,312.01744691751713,0.4589903757760728,64.29030471859795,29.584329258938283,15718.141697047744,0.059124858468317956,1.4089291371711705,26.38145511515309,17.88692253001342,86427463.39548066,0.0,82969339.3614995,310246.54561468685,7393005.158664347,138389899.0759281,5244765854.955694
207,2024-11-01,16.47138211611447,0.0,15.812211906601467,312.01744691751713,0.4589903757760728,64.29030471859795,29.584329258938283,15718.141697047744,0.059124858468317956,1.4089291371711705,26.38145511515309,17.88692253001342,86427463.39548066,0.0,82969339.3614995,310246.54561468685,7393005.158664347,138389899.0759281,5244765854.95548
208,2024-11-01,16.47138211611447,0.0,15.812211906601467,312.01744691751713,0.4589903757760728,64.29030471859795,29.584329258938283,15718.141697047744,0.059124858468317956,1.4089291371711705,26.38145511515309,17.88692253001342,86427463.39548066,0.0,82969339.3614995,310246.54561468685,7393005.158664347,138389899.0759281,5244765854.955694
209,2024-11-01,16.47138211611447,0.0,15.812211906601467,312.01744691751713,0.4589903757760728,64.29030471859795,29.584329258938283,15718.141697047744,0.059124858468317956,1.4089291371711705,26.38145511515309,17.88692253001342,86427463.39548066,0.0,82969339.3614995,310246.54561468685,7393005.158664347,138389899.0759281,5244765854.95548
210,2024-11-01,16.47138211611447,0.0,15.812211906601467,312.01744691751713,0.4589903757760728,64.29030471859795,29.584329258938283,15718.141697047744,0.059124858468317956,1.4089291371711705,26.38145511515309,17.88692253001342,86427463.39548066,0.0,82969339.3614995,310246.54561468685,7393005.158664347,138389899.0759281,5244765854.95548
211,2024-11-01,16.47138211611447,0.0,15.812211906601467,312.01744691751713,0.4589903757760728,64.29030471859795,29.584329258938283,15718.141697047744,0.059124858468317956,1.4089291371711705,26.38145511515309,17.88692253001342,86427463.39548066,0.0,82969339.3614995,310246.54561468685,7393005.158664347,138389899.0759281,5244765854.955694
212,2024-11-01,16.47138211611447,0.0,15.812211906601467,312.01744691751713,0.4589903757760728,64.29030471859795,29.584329258938283,15718.141697047744,0.059124858468317956,1.4089291371711705,26.38145511515309,17.88692253001342,86427463.39548066,0.0,82969339.3614995,310246.54561468685,7393005.158664347,138389899.0759281,5244765854.955694
213,2024-11-01,16.47138211611447,0.0,15.812211906601467,312.01744691751713,0.4589903757760728,64.29030471859795,29.584329258938283,15718.141697047744,0.059124858468317956,1.4089291371711705,26.38145511515309,17.88692253001342,86427463.39548066,0.0,82969339.3614995,310246.54561468685,7393005.158664347,138389899.0759281,5244765854.955694
214,2024-11-01,16.47138211611447,0.0,15.812211906601467,312.01744691751713,0.4589903757760728,64.29030471859795,29.584329258938283,15718.141697047744,0.059124858468317956,1.4089291371711705,26.38145511515309,17.88692253001342,86427463.39548066,0.0,82969339.3614995,310246.54561468685,7393005.158664347,138389899.0759281,5244765854.95548
215,2024-11-01,16.47138211611447,0.0,15.812211906601467,312.01744691751713,0.4589903757760728,64.29030471859795,29.584329258938283,15718.141697047744,0.059124858468317956,1.4089291371711705,26.38145511515309,17.88692253001342,86427463.39548066,0.0,82969339.3614995,310246.54561468685,7393005.158664347,138389899.0759281,5244765854.955694
216,2024-11-01,16.47138211611447,0.0,15.812211906601467,312.01744691751713,0.4589903757760728,64.29030471859795,29.584329258938283,15718.141697047744,0.059124858468317956,1.4089291371711705,26.38145511515309,17.88692253001342,86427463.39548066,0.0,82969339.3614995,310246.54561468685,7393005.158664347,138389899.0759281,5244765854.955694
217,2024-11-01,16.47138211611447,0.0,15.812211906601467,312.01744691751713,0.4589903757760728,64.29030471859795,29.584329258938283,15718.141697047744,0.059124858468317956,1.4089291371711705,26.38145511515309,17.88692253001342,86427463.39548066,0.0,82969339.3614995,310246.54561468685,7393005.158664347,138389899.0759281,5244765854.955694
218,2024-11-01,16.47138211611447,0.0,15.812211906601467,312.01744691751713,0.4589903757760728,64.29030471859795,29.584329258938283,15718.141697047744,0.059124858468317956,1.4089291371711705,26.38145511515309,17.88692253001342,86427463.39548066,0.0,82969339.3614995,310246.54561468685,7393005.158664347,138389899.0759281,5244765854.955694
219,2024-11-01,16.47138211611447,0.0,15.812211906601467,312.01744691751713,0.4589903757760728,64.29030471859795,29.584329258938283,15718.141697047744,0.059124858468317956,1.4089291371711705,26.38145511515309,17.88692253001342,86427463.39548066,0.0,82969339.3614995,310246.54561468685,7393005.158664347,138389899.0759281,5244765854.955694
220,2024-12-01,4.074905947729137,0.0,15.035101116435559,312.01744691751713,0.4589903757760728,64.29030471859795,29.584329258938283,15718.141697047744,0.00016536802464976302,0.13443296885118883,23.939157054178498,12.941725868764943,21381127.827231027,0.0,78891572.81942911,867.7412386084537,705398.2826359674,125578156.29065447,5244765854.955694
221,2024-12-01,4.074905947729137,0.0,15.035101116435559,312.01744691751713,0.4589903757760728,64.29030471859795,29.584329258938283,15718.141697047744,0.00016536802464976302,0.13443296885118883,23.939157054178498,12.941725868764943,21381127.827231027,0.0,78891572.81942911,867.7412386084537,705398.2826359674,125578156.29065447,5244765854.95548
222,2024-12-01,4.074905947729137,0.0,15.035101116435559,312.01744691751713,0.4589903757760728,64.29030471859795,29.584329258938283,15718.141697047744,0.00016536802464976302,0.13443296885118883,23.939157054178498,12.941725868764943,21381127.827231027,0.0,78891572.81942911,867.7412386084537,705398.2826359674,125578156.29065447,5244765854.95548
223,2024-12-01,4.074905947729137,0.0,15.035101116435559,312.01744691751713,0.4589903757760728,64.29030471859795,29.584329258938283,15718.141697047744,0.00016536802464976302,0.13443296885118883,23.939157054178498,12.941725868764943,21381127.827231027,0.0,78891572.81942911,867.7412386084537,705398.2826359674,125578156.29065447,5244765854.95548
224,2024-12-01,4.074905947729137,0.0,15.035101116435559,312.01744691751713,0.4589903757760728,64.29030471859795,29.584329258938283,15718.141697047744,0.00016536802464976302,0.13443296885118883,23.939157054178498,12.941725868764943,21381127.827231027,0.0,78891572.81942911,867.7412386084537,705398.2826359674,125578156.29065447,5244765854.955694
225,2024-12-01,4.074905947729137,0.0,15.035101116435559,312.01744691751713,0.4589903757760728,64.29030471859795,29.584329258938283,15718.141697047744,0.00016536802464976302,0.13443296885118883,23.939157054178498,12.941725868764943,21381127.827231027,0.0,78891572.81942911,867.7412386084537,705398.2826359674,125578156.29065447,5244765854.95548
226,2024-12-01,4.074905947729137,0.0,15.035101116435559,312.01744691751713,0.4589903757760728,64.29030471859795,29.584329258938283,15718.141697047744,0.00016536802464976302,0.13443296885118883,23.939157054178498,12.941725868764943,21381127.827231027,0.0,78891572.81942911,867.7412386084537,705398.2826359674,125578156.29065447,5244765854.95548
227,2024-12-01,4.074905947729137,0.0,15.035101116435559,312.01744691751713,0.4589903757760728,64.29030471859795,29.584329258938283,15718.141697047744,0.00016536802464976302,0.13443296885118883,23.939157054178498,12.941725868764943,21381127.827231027,0.0,78891572.81942911,867.7412386084537,705398.2826359674,125578156.29065447,5244765854.955694
228,2024-12-01,4.074905947729137,0.0,15.035101116435559,312.01744691751713,0.4589903757760728,64.29030471859795,29.584329258938283,15718.141697047744,0.00016536802464976302,0.13443296885118883,23.939157054178498,12.941725868764943,21381127.827231027,0.0,78891572.81942911,867.7412386084537,705398.2826359674,125578156.29065447,5244765854.955694
229,2024-12-01,4.074905947729137,0.0,15.035101116435559,312.01744691751713,0.4589903757760728,64.29030471859795,29.584329258938283,15718.141697047744,0.00016536802464976302,0.13443296885118883,23.939157054178498,12.941725868764943,21381127.827231027,0.0,78891572.81942911,867.7412386084537,705398.2826359674,125578156.29065447,5244765854.955694
230,2024-12-01,4.074905947729137,0.0,15.035101116435559,312.01744691751713,0.4589903757760728,64.29030471859795,29.584329258938283,15718.141697047744,0.00016536802464976302,0.13443296885118883,23.939157054178498,12.941725868764943,21381127.827231027,0.0,78891572.81942911,867.7412386084537,705398.2826359674,125578156.29065447,5244765854.955694
231,2024-12-01,4.074905947729137,0.0,15.035101116435559,312.01744691751713,0.4589903757760728,64.29030471859795,29.584329258938283,15718.141697047744,0.00016536802464976302,0.13443296885118883,23.939157054178498,12.941725868764943,21381127.827231027,0.0,78891572.81942911,867.7412386084537,705398.2826359674,125578156.29065447,5244765854.955694
232,2024-12-01,4.074905947729137,0.0,15.035101116435559,312.01744691751713,0.4589903757760728,64.29030471859795,29.584329258938283,15718.141697047744,0.00016536802464976302,0.13443296885118883,23.939157054178498,12.941725868764943,21381127.827231027,0.0,78891572.81942911,867.7412386084537,705398.2826359674,125578156.29065447,5244765854.955694
233,2024-12-01,4.074905947729137,0.0,15.035101116435559,312.01744691751713,0.4589903757760728,64.29030471859795,29.584329258938283,15718.141697047744,0.00016536802464976302,0.13443296885118883,23.939157054178498,12.941725868764943,21381127.827231027,0.0,78891572.81942911,867.7412386084537,705398.2826359674,125578156.29065447,5244765854.955694
234,2024-12-01,4.074905947729137,0.0,15.035101116435559,312.01744691751713,0.4589903757760728,64.29030471859795,29.584329258938283,15718.141697047744,0.00016536802464976302,0.13443296885118883,23.939157054178498,12.941725868764943,21381127.827231027,0.0,78891572.81942911,867.7412386084537,705398.2826359674,125578156.29065447,5244765854.955694
235,2024-12-01,4.074905947729137,0.0,15.035101116435559,312.01744691751713,0.4589903757760728,64.29030471859795,29.584329258938283,15718.141697047744,0.00016536802464976302,0.13443296885118883,23.939157054178498,12.941725868764943,21381127.827231027,0.0,78891572.81942911,867.7412386084537,705398.2826359674,125578156.29065447,5244765854.955694
236,2024-12-01,4.074905947729137,0.0,15.035101116435559,312.01744691751713,0.4589903757760728,64.29030471859795,29.584329258938283,15718.141697047744,0.00016536802464976302,0.13443296885118883,23.939157054178498,12.941725868764943,21381127.827231027,0.0,78891572.81942911,867.7412386084537,705398.2826359674,125578156.29065447,5244765854.95548
237,2024-12-01,4.074905947729137,0.0,15.035101116435559,312.01744691751713,0.4589903757760728,64.29030471859795,29.584329258938283,15718.141697047744,0.00016536802464976302,0.13443296885118883,23.939157054178498,12.941725868764943,21381127.827231027,0.0,78891572.81942911,867.7412386084537,705398.2826359674,125578156.29065447,5244765854.955694
238,2024-12-01,4.074905947729137,0.0,15.035101116435559,312.01744691751713,0.4589903757760728,64.29030471859795,29.584329258938283,15718.141697047744,0.00016536802464976302,0.13443296885118883,23.939157054178498,12.941725868764943,21381127.827231027,0.0,78891572.81942911,867.7412386084537,705398.2826359674,125578156.29065447,5244765854.955694
239,2024-12-01,4.074905947729137,0.0,15.035101116435559,312.01744691751713,0.4589903757760728,64.29030471859795,29.584329258938283,15718.141697047744,0.00016536802464976302,0.13443296885118883,23.939157054178498,12.941725868764943,21381127.827231027,0.0,78891572.81942911,867.7412386084537,705398.2826359674,125578156.29065447,5244765854.955694
