,Date,precip_and_snowmelt_input_Colorado Headwaters_mean,irrigation_Colorado Headwaters_mean,AET_Colorado Headwaters_mean,soil_thickness_Colorado Headwaters_mean,soil_porosity_Colorado Headwaters_mean,field_capacity_Colorado Headwaters_mean,wilting_point_Colorado Headwaters_mean,Geo_K_Colorado Headwaters_mean,Runoff_Colorado Headwaters_mean,Recharge_Colorado Headwaters_mean,Soil_Water_End_Of_Previous_Timestep_Colorado Headwaters_mean,Soil_Saturation_Percent_End_Of_Timestep_Colorado Headwaters_mean,precip_and_snowmelt_input_m3_Colorado Headwaters_sum,irrigation_m3_Colorado Headwaters_sum,AET_m3_Colorado Headwaters_sum,Runoff_m3_Colorado Headwaters_sum,Recharge_m3_Colorado Headwaters_sum,Soil_Water_End_Of_Previous_Timestep_m3_Colorado Headwaters_sum,Colorado Headwaters_area_m2
0,2005-01-01,64.22523601801761,0,10.820094305404426,251.3034006619514,0.46978902706513603,53.12057045050415,29.181113439464706,9518.980861484288,6.009099780050412,33.84516112285759,58.08028623992023,58.2349436972003,14940433.598946853,0,2517008.048392156,1397887.3427931056,7873246.215535821,13510966.156388966,233699732.82400423
1,2005-02-01,30.410258256429426,0,22.217990569459552,251.3034006619514,0.46978902706513603,53.12057045050415,29.181113439464706,9518.980861484288,0.0,14.212718774075363,52.05983515281475,46.7719165660308,7074191.200041143,0,5168464.50112941,0.0,3306236.147544955,12110456.707755748,233699732.82400423
2,2005-03-01,38.313136776956604,0,38.21835328255351,251.3034006619514,0.46978902706513603,53.12057045050415,29.181113439464706,9518.980861484288,0.0,4.08585009474114,48.07492615614274,38.046535906475484,8912602.162326159,0,8890559.91702745,0.0,950468.4808536427,11183462.876895363,233699732.82400423
3,2005-04-01,21.246661966519785,0,59.843307943416775,251.3034006619514,0.46978902706513603,53.12057045050415,29.181113439464706,9518.980861484288,0.0,0.0,19.8764199795885,11.67454387811313,4942516.820550882,0,13921094.201960789,0.0,0.0,4623767.606565281,233699732.82400423
4,2005-05-01,18.8813341472723,0,71.02357635110629,251.3034006619514,0.46978902706513603,53.12057045050415,29.181113439464706,9518.980861484288,0.0,0.0,3.312146304744069,1.5787524783247258,4392273.634044837,0,16521949.984054904,0.0,0.0,770480.739881384,233699732.82400423
5,2005-06-01,48.86581015315507,0,71.48603554588323,251.3034006619514,0.46978902706513603,53.12057045050415,29.181113439464706,9518.980861484288,0.0,0.07501196695471617,4.35711644437261,5.012593792006864,11367421.039755253,0,16629538.254094116,0.0,17448.873723474797,1013559.4199254673,233699732.82400423
6,2005-07-01,13.521678228701624,0,81.1726514327167,251.3034006619514,0.46978902706513603,53.12057045050415,29.181113439464706,9518.980861484288,0.0,0.0,1.4093517698243627,1.5607318804257126,3145484.0683160755,0,18882896.27894902,0.0,0.0,327844.63430691505,233699732.82400423
7,2005-08-01,41.18062231074793,0,60.001088139281826,251.3034006619514,0.46978902706513603,53.12057045050415,29.181113439464706,9518.980861484288,0.0,0.3298463080533286,4.759996919366492,5.67640890288622,9579648.433599424,0,13957838.305341182,0.0,76727.04517735675,1107279.594203751,233699732.82400423
8,2005-09-01,52.729528192044185,0,48.69894813202757,251.3034006619514,0.46978902706513603,53.12057045050415,29.181113439464706,9518.980861484288,0.0,2.568328786422908,11.301557348071555,13.206441229285373,12266205.45863589,0,11328640.00707451,0.0,597444.9113638569,2628993.938755378,233699732.82400423
9,2005-10-01,47.46764228933457,0,34.190061661225975,251.3034006619514,0.46978902706513603,53.12057045050415,29.181113439464706,9518.980861484288,0.0,3.6488144245408307,21.26274339773137,23.23452861806938,11042159.988406522,0,7953464.667929413,0.0,848791.1925651957,4946229.510826356,233699732.82400423
10,2005-11-01,13.158738913987483,0,18.82408414943779,251.3034006619514,0.46978902706513603,53.12057045050415,29.181113439464706,9518.980861484288,0.0,0.4403636171171158,16.609069377112405,16.672704417500036,3061058.232411617,0,4378944.644149019,0.0,102439.02444500163,3863680.656163906,233699732.82400423
11,2005-12-01,15.176900523359425,0,14.65215814290896,251.3034006619514,0.46978902706513603,53.12057045050415,29.181113439464706,9518.980861484288,0.0,0.4091077364665418,17.867289663429336,17.74789400063961,3530543.1016508276,0,3408454.6598588238,0.0,95167.98344535756,4156391.8814544086,233699732.82400423
12,2006-01-01,11.764761443603588,0,17.923830250272037,251.3034006619514,0.46978902706513603,53.12057045050415,29.181113439464706,9518.980861484288,0.0,0.6943040526349658,14.783167119116913,13.209206312350153,2736782.2879074286,0,4169536.8013882353,0.0,161511.59418154522,3438944.7363851294,233699732.82400423
13,2006-02-01,2.5328231627274453,0,30.73993471164309,251.3034006619514,0.46978902706513603,53.12057045050415,29.181113439464706,9518.980861484288,0.0,0.0,3.9766297561652575,3.3825699892893493,589200.3968266032,0,7150902.182392159,0.0,0.0,925054.8134228043,233699732.82400423
14,2006-03-01,54.48423309534165,0,34.16938701487123,251.3034006619514,0.46978902706513603,53.12057045050415,29.181113439464706,9518.980861484288,0.0,3.943214849708579,20.394163407335746,24.251117302743538,12674413.36708845,0,7948668.641019607,0.0,917278.8527448828,4744198.256870959,233699732.82400423
15,2006-04-01,15.985931836478677,0,50.48277112803774,251.3034006619514,0.46978902706513603,53.12057045050415,29.181113439464706,9518.980861484288,0.0,0.0,3.0785880688372496,4.041858100435087,3718739.3151448215,0,11743606.156360788,0.0,0.0,716145.0275278556,233699732.82400423
16,2006-05-01,4.213907057680161,0,60.3195502357635,251.3034006619514,0.46978902706513603,53.12057045050415,29.181113439464706,9518.980861484288,0.0,0.0,0.18069545032627346,0.19547617104355774,980260.9056714701,0,14031939.456494117,0.0,0.0,42033.274718213506,233699732.82400423
17,2006-06-01,7.1369752083750635,0,60.66050054406964,251.3034006619514,0.46978902706513603,53.12057045050415,29.181113439464706,9518.980861484288,0.0,0.0,0.0,0.0,1660239.533075398,0,14111258.660321567,0.0,0.0,0.0,233699732.82400423
18,2006-07-01,31.964895508410837,0,62.391004715270235,251.3034006619514,0.46978902706513603,53.12057045050415,29.181113439464706,9518.980861484288,0.0,0.4325252907863397,2.8369252963844755,3.9800525544659506,7435844.347880636,0,14513814.501082351,0.0,100611.66887806237,659930.1567238502,233699732.82400423
19,2006-08-01,36.567266144843245,0,49.191149800507795,251.3034006619514,0.46978902706513603,53.12057045050415,29.181113439464706,9518.980861484288,0.0,1.8248275750360732,6.432685133264208,7.644911081703358,8506469.62710005,0,11443184.253192157,0.0,424488.0787747781,1496389.8894297115,233699732.82400423
20,2006-09-01,49.285682673391086,0,43.853463910047154,251.3034006619514,0.46978902706513603,53.12057045050415,29.181113439464706,9518.980861484288,0.0,3.292797986798871,13.493130085063113,15.13843756482393,11465079.350839466,0,10201456.560588233,0.0,765976.8718024928,3138806.393344819,233699732.82400423
21,2006-10-01,110.68494899750783,0,29.065651070003625,251.3034006619514,0.46978902706513603,53.12057045050415,29.181113439464706,9518.980861484288,8.578208082141149,28.532425349297597,58.00179458112856,60.97165228923379,25748118.73549133,0,6761401.560666667,1995497.3297826762,6637327.061219326,13492699.177167488,233699732.82400423
22,2006-11-01,7.698810617296646,0,21.392092854552057,251.3034006619514,0.46978902706513603,53.12057045050415,29.181113439464706,9518.980861484288,0.0,2.9018470430932526,41.40666530077992,35.085679985304786,1790938.3177104641,0,4976344.160996078,0.0,675036.7324479205,9632256.601433955,233699732.82400423
23,2006-12-01,9.926128875137316,0,13.583605368153796,251.3034006619514,0.46978902706513603,53.12057045050415,29.181113439464706,9518.980861484288,0.0,0.2550255285548309,38.214413821191755,30.283791996465588,2309064.0217344663,0,3159894.52197647,0.0,59322.79564356969,8889650.668701941,233699732.82400423
24,2007-01-01,9.789474340293891,0,17.332970620239387,251.3034006619514,0.46978902706513603,53.12057045050415,29.181113439464706,9518.980861484288,0.0,1.2328063667996552,30.741266269556455,21.254924006331454,2277284.946922399,0,4032095.5732392166,0.0,286780.0077837881,7151204.500318707,233699732.82400423
25,2007-02-01,15.763178010011227,0,21.21508886470802,251.3034006619514,0.46978902706513603,53.12057045050415,29.181113439464706,9518.980861484288,0.0,0.2507196974848655,27.512227905328132,18.707645039894512,3666914.1905843564,0,4935175.015098039,0.0,58323.34966188853,6400037.851127161,233699732.82400423
26,2007-03-01,22.035808081775166,0,37.78636198766776,251.3034006619514,0.46978902706513603,53.12057045050415,29.181113439464706,9518.980861484288,0.0,0.013123226704998643,19.509194644715578,12.687841762679549,5126091.9049841175,0,8790070.083192158,0.0,3052.7738645427785,4538333.378008148,233699732.82400423
27,2007-04-01,25.511346376790588,0,55.199492201668484,251.3034006619514,0.46978902706513603,53.12057045050415,29.181113439464706,9518.980861484288,0.0,0.0,5.906832318504033,3.696234741911607,5934579.968238346,0,12840809.59887843,0.0,0.0,1374068.2065392968,233699732.82400423
28,2007-05-01,23.036325456359094,0,60.38556401886109,251.3034006619514,0.46978902706513603,53.12057045050415,29.181113439464706,9518.980861484288,0.0,0.0,3.7933627329789403,2.384711094816652,5358828.444379932,0,14047260.673921572,0.0,0.0,882426.3452159923,233699732.82400423
29,2007-06-01,9.4769152422335,0,58.1639463184621,251.3034006619514,0.46978902706513603,53.12057045050415,29.181113439464706,9518.980861484288,0.0,0.0,2.857420273802378,1.84686984265156,2204567.1476398576,0,13530486.396737259,0.0,0.0,664703.7386601914,233699732.82400423
30,2007-07-01,26.922709810137345,0,58.76931447225246,251.3034006619514,0.46978902706513603,53.12057045050415,29.181113439464706,9518.980861484288,0.0,0.0,3.2888301172055936,3.953557131938394,6262911.463654133,0,13671306.749082357,0.0,0.0,765056.3199460348,233699732.82400423
31,2007-08-01,37.70268337678532,0,58.429815016322095,251.3034006619514,0.46978902706513603,53.12057045050415,29.181113439464706,9518.980861484288,0.0,0.9061209193267109,6.066191139755684,7.0281807285083175,8770601.503183274,0,13592316.888564711,0.0,210778.5258801533,1411136.8602355618,233699732.82400423
32,2007-09-01,55.093023575441514,0,42.992383025027216,251.3034006619514,0.46978902706513603,53.12057045050415,29.181113439464706,9518.980861484288,0.0,3.4873627183014673,17.421472154403983,18.0716734134157,12816015.57359389,0,10001149.939458823,0.0,811236.279921111,4052634.2321740873,233699732.82400423
33,2007-10-01,25.307841363664064,0,28.64744287268771,251.3034006619514,0.46978902706513603,53.12057045050415,29.181113439464706,9518.980861484288,0.0,0.8375191800512358,16.55298456604604,15.908518827063777,5887248.980254421,0,6664124.941184314,0.0,194823.65702716462,3850608.3397426703,233699732.82400423
34,2007-11-01,7.302047497735912,0,15.231048240841497,251.3034006619514,0.46978902706513603,53.12057045050415,29.181113439464706,9518.980861484288,0.0,0.11675550766608508,14.205350059260187,12.590112605489244,1698644.4225496256,0,3543121.5294352937,0.0,27160.10096881775,3304495.745812188,233699732.82400423
35,2007-12-01,56.53944920348946,0,8.392818280739935,251.3034006619514,0.46978902706513603,53.12057045050415,29.181113439464706,9518.980861484288,1.837191739747872,15.252511663373028,45.262277578888806,47.40681223389335,13152521.735972894,0,1952378.5597882355,427373.62946259935,3548106.662386518,10529158.630147731,233699732.82400423
36,2008-01-01,41.00085725532764,0,1.6866158868335144,251.3034006619514,0.46978902706513603,53.12057045050415,29.181113439464706,9518.980861484288,3.977756731884159,25.585860660416454,55.01290155508233,56.17189082059923,9537829.534349428,0,392345.0943294118,925327.3333130857,5951902.895825138,12797412.841029521,233699732.82400423
37,2008-02-01,42.31079866423583,0,20.056220529561116,251.3034006619514,0.46978902706513603,53.12057045050415,29.181113439464706,9518.980861484288,0.4722691129686844,22.629556645736223,54.165653931052105,53.71372348524971,9842564.07616948,0,4665571.905780392,109860.60592312695,5264218.0048679495,12600326.400627533,233699732.82400423
38,2008-03-01,10.066409107777918,0,42.83242655059848,251.3034006619514,0.46978902706513603,53.12057045050415,29.181113439464706,9518.980861484288,0.0,0.05573456428416465,27.023960414569736,16.49785184215351,2341692.894626445,0,9963907.7976549,0.0,12964.75063630932,6286470.653373157,233699732.82400423
39,2008-04-01,30.771030112704967,0,52.417482771128036,251.3034006619514,0.46978902706513603,53.12057045050415,29.181113439464706,9518.980861484288,0.0,0.0,17.312567476538696,10.195960082030204,7158119.667644784,0,12193671.788627451,0.0,0.0,4027342.551486595,233699732.82400423
40,2008-05-01,31.351074564154068,0,53.34566557852739,251.3034006619514,0.46978902706513603,53.12057045050415,29.181113439464706,9518.980861484288,0.0,0.7500425495463597,12.97503275046017,10.261494479276438,7293026.544610832,0,12409600.50595294,0.0,174475.77827896847,3018290.189632276,233699732.82400423
41,2008-06-01,26.69230196429604,0,59.45266594124048,251.3034006619514,0.46978902706513603,53.12057045050415,29.181113439464706,9518.980861484288,0.0,1.5682804208703653,12.188598917146528,9.973231139770558,6209294.115717281,0,13830271.490564708,0.0,364810.2304210803,2835347.9158294788,233699732.82400423
42,2008-07-01,8.601413204572033,0,54.380123322451944,251.3034006619514,0.46978902706513603,53.12057045050415,29.181113439464706,9518.980861484288,0.0,0.0,8.377733561239348,7.423821259768828,2000903.804064066,0,12650253.868917648,0.0,0.0,1948851.9804644492,233699732.82400423
43,2008-08-01,25.93191507618377,0,54.20094305404426,251.3034006619514,0.46978902706513603,53.12057045050415,29.181113439464706,9518.980861484288,0.0,1.748708608063326,9.320853561178119,8.545705116050156,6032423.70137521,0,12608628.021733336,0.0,406783.7159805582,2168246.797166828,233699732.82400423
44,2008-09-01,20.359467348096608,0,41.4171200580341,251.3034006619514,0.46978902706513603,53.12057045050415,29.181113439464706,9518.980861484288,0.0,0.26413243308550877,8.2606164285491,7.807446833764566,4736135.311394422,0,9634714.307984317,0.0,61441.54740289833,1921609.9997243397,233699732.82400423
45,2008-10-01,18.578686782498703,0,22.821182444686258,251.3034006619514,0.46978902706513603,53.12057045050415,29.181113439464706,9518.980861484288,0.0,0.5321408550095907,8.161597328150487,7.84349377195522,4321882.568682286,0,5308797.299113726,0.0,123785.86354234355,1898577.3195831021,233699732.82400423
46,2008-11-01,26.898757542285598,0,13.730866884294523,251.3034006619514,0.46978902706513603,53.12057045050415,29.181113439464706,9518.980861484288,0.0,3.814520069653392,17.556721787694467,17.577745494751777,6257319.141202118,0,3194150.2105019614,0.0,887338.0698123386,4084121.4017617935,233699732.82400423
47,2008-12-01,51.155201982156676,0,6.0199492201668505,251.3034006619514,0.46978902706513603,53.12057045050415,29.181113439464706,9518.980861484288,1.031035821332245,15.05116017928165,46.609778549070406,50.57186915641375,11899997.234288415,0,1400391.8845882353,239843.3921416282,3501273.974852865,10842609.384467484,233699732.82400423
48,2009-01-01,24.44017132759118,0,7.075444323540081,251.3034006619514,0.46978902706513603,53.12057045050415,29.181113439464706,9518.980861484288,2.72450230001025,12.938394111640212,48.311609141471024,47.62628898859542,5685447.259907018,0,1645915.7342039214,633798.1381050512,3009806.3447569422,11238536.427308587,233699732.82400423
49,2009-02-01,9.025953166438303,0,28.809212912586155,251.3034006619514,0.46978902706513603,53.12057045050415,29.181113439464706,9518.980861484288,0.0,0.604746586045688,29.31820159626644,20.789569772046644,2099668.781117702,0,6701748.8507686285,0.0,140678.3003478304,6820188.500095921,233699732.82400423
50,2009-03-01,5.898314725224898,0,44.15415306492565,251.3034006619514,0.46978902706513603,53.12057045050415,29.181113439464706,9518.980861484288,0.0,0.0,8.65630986277395,4.058673029447945,1372092.6097678451,0,10271383.136972552,0.0,0.0,2013687.8689409571,233699732.82400423
51,2009-04-01,44.96852433287615,0,49.59956474428727,251.3034006619514,0.46978902706513603,53.12057045050415,29.181113439464706,9518.980861484288,0.0,0.0,10.395972733392911,8.25509607716461,10460819.034458658,0,11538140.653749019,0.0,0.0,2418360.563782353,233699732.82400423
52,2009-05-01,63.414428774492976,0,56.67936162495467,251.3034006619514,0.46978902706513603,53.12057045050415,29.181113439464706,9518.980861484288,0.0,6.514743422309716,21.501900575226745,21.45079121074158,14751750.618265785,0,13185103.923435299,0.0,1515479.313897882,5001835.7396655725,233699732.82400423
53,2009-06-01,23.34310585002817,0,61.63511062749366,251.3034006619514,0.46978902706513603,53.12057045050415,29.181113439464706,9518.980861484288,0.0,2.208335882379064,12.48425595434079,10.491212032614126,5430189.169810379,0,14337959.34901961,0.0,513700.1199706442,2904122.1426535705,233699732.82400423
54,2009-07-01,15.480873588361115,0,59.396082698585424,251.3034006619514,0.46978902706513603,53.12057045050415,29.181113439464706,9518.980861484288,0.0,0.021756170646794415,9.182222607288034,7.5824703445620285,3601247.7393399817,0,13817096.038070591,0.0,5060.8019629784785,2135991.737366276,233699732.82400423
55,2009-08-01,5.468583317156626,0,47.98911860718174,251.3034006619514,0.46978902706513603,53.12057045050415,29.181113439464706,9518.980861484288,0.0,0.0,6.666865011983716,5.341527291142746,1272130.5917699535,0,11163552.055749021,0.0,0.0,1550861.3400439098,233699732.82400423
56,2009-09-01,21.941918539634507,0,39.76532462821909,251.3034006619514,0.46978902706513603,53.12057045050415,29.181113439464706,9518.980861484288,0.0,0.1212178749356358,7.204943770581909,6.487432624752431,5104241.498567799,0,9250450.442886278,0.0,28197.03946780572,1676028.710632347,233699732.82400423
57,2009-10-01,19.48455703171027,0,23.575625680087057,251.3034006619514,0.46978902706513603,53.12057045050415,29.181113439464706,9518.980861484288,0.0,0.18340017502103523,8.162335312349324,7.211485856007762,4532609.175030672,0,5484303.5292470595,0.0,42661.54621351415,1898740.2222731018,233699732.82400423
58,2009-11-01,13.881870898310114,0,19.796517954298153,251.3034006619514,0.46978902706513603,53.12057045050415,29.181113439464706,9518.980861484288,0.0,0.0,8.399888050668906,6.947259819676692,3229279.5191963105,0,4605166.624933333,0.0,0.0,1954007.0625383111,233699732.82400423
59,2009-12-01,49.784594538954664,0,11.84729778745013,251.3034006619514,0.46978902706513603,53.12057045050415,29.181113439464706,9518.980861484288,0.0,7.887970770466876,38.44921403170657,41.18523598150585,11581141.082821388,0,2755977.1412000004,0.0,1834931.3571451562,8944239.647014542,233699732.82400423
60,2010-01-01,22.889891784545295,0,1.0253899165759883,251.3034006619514,0.46978902706513603,53.12057045050415,29.181113439464706,9518.980861484288,0.4436738513147603,13.164622017271197,46.705420031089915,47.030165192034,5324765.316130954,0,238531.3730039216,103209.06345074675,3062412.477885059,10864852.048805773,233699732.82400423
61,2010-02-01,17.902520849826377,0,18.6177003989844,251.3034006619514,0.46978902706513603,53.12057045050415,29.181113439464706,9518.980861484288,0.0,6.209386743654474,39.88050858035405,32.5323249882027,4164602.407252589,0,4330938.865215687,0.0,1444459.4349764418,9277237.320497973,233699732.82400423
62,2010-03-01,53.03680427792768,0,45.292346753717815,251.3034006619514,0.46978902706513603,53.12057045050415,29.181113439464706,9518.980861484288,0.0,7.808577525090038,40.22376130189973,32.296354968908645,12337697.255317466,0,10536131.437780393,0.0,1816470.4709223593,9357093.483027408,233699732.82400423
63,2010-04-01,28.232973202413593,0,56.820094305404425,251.3034006619514,0.46978902706513603,53.12057045050415,29.181113439464706,9518.980861484288,0.0,0.3425672683505028,22.829519165318267,13.357605144333865,6567698.272375021,0,13217835.405678432,0.0,79689.27361971803,5310729.8746315185,233699732.82400423
64,2010-05-01,15.662746959028294,0,60.78708741385564,251.3034006619514,0.46978902706513603,53.12057045050415,29.181113439464706,9518.980861484288,0.0,0.0,10.02940603768631,5.786797903327042,3643552.0153728593,0,14140676.708078427,0.0,0.0,2333077.8933123006,233699732.82400423
65,2010-06-01,15.002211896643807,0,58.54951033732317,251.3034006619514,0.46978902706513603,53.12057045050415,29.181113439464706,9518.980861484288,0.0,0.0,5.422497591556137,4.587857336596234,3489893.578151044,0,13620179.785600003,0.0,0.0,1261399.129346713,233699732.82400423
66,2010-07-01,6.705867605148071,0,61.47261516140732,251.3034006619514,0.46978902706513603,53.12057045050415,29.181113439464706,9518.980861484288,0.0,0.0,2.361179405944166,2.833009986459655,1559944.4074375865,0,14300167.921066666,0.0,0.0,549262.3213307881,233699732.82400423
67,2010-08-01,24.419578162357247,0,52.53862894450491,251.3034006619514,0.46978902706513603,53.12057045050415,29.181113439464706,9518.980861484288,0.0,0.8740736801019116,2.821584266024121,4.155490810846331,5680611.129278005,0,12221879.85174902,0.0,203322.8611277994,656360.5909376803,233699732.82400423
68,2010-09-01,20.75253557000078,0,43.63692419296337,251.3034006619514,0.46978902706513603,53.12057045050415,29.181113439464706,9518.980861484288,0.0,0.6297098233468831,2.5420184053476853,4.041733291456487,4827550.386196713,0,10151079.6310902,0.0,146481.80804315556,591327.3859110235,233699732.82400423
69,2010-10-01,57.75610878147623,0,29.939426913311568,251.3034006619514,0.46978902706513603,53.12057045050415,29.181113439464706,9518.980861484288,0.0,4.1863110225019655,26.357447679026162,29.907513531263433,13435538.150692496,0,6964673.955835295,0.0,973825.6945469233,6131413.1661821315,233699732.82400423
70,2010-11-01,25.149996788856253,0,21.067101922379397,251.3034006619514,0.46978902706513603,53.12057045050415,29.181113439464706,9518.980861484288,0.0,3.156442437059908,27.894495573298077,27.77630871521956,5850534.243019038,0,4900736.713552942,0.0,734261.370488713,6488985.6771693295,233699732.82400423
71,2010-12-01,61.34683479846527,0,12.493289807762057,251.3034006619514,0.46978902706513603,53.12057045050415,29.181113439464706,9518.980861484288,4.1673519353260104,19.792916314698203,52.78777231397706,56.163449823695686,14270830.401446328,0,2906254.1237960784,969439.4233360754,4604338.107041644,12279784.424441857,233699732.82400423
72,2011-01-01,6.2117566290039035,0,22.44722524483134,251.3034006619514,0.46978902706513603,53.12057045050415,29.181113439464706,9518.980861484288,0.0,3.0782617364495715,33.95880640521156,28.85487846369115,1445017.6498432828,0,5221798.914580393,0.0,716076.644168968,7899693.454932848,233699732.82400423
73,2011-02-01,10.331562605135916,0,36.683714182081964,251.3034006619514,0.46978902706513603,53.12057045050415,29.181113439464706,9518.980861484288,0.0,0.04244352994215124,15.687793138727839,9.1468983237745,2403388.8949946417,0,8533563.751294117,0.0,9873.371986859354,3649385.0746210143,233699732.82400423
74,2011-03-01,25.87778366277289,0,46.69604642727604,251.3034006619514,0.46978902706513603,53.12057045050415,29.181113439464706,9518.980861484288,0.0,0.0,9.53612438463673,5.316786663250693,6019818.816921603,0,10862691.16280784,0.0,0.0,2218344.99946839,233699732.82400423
75,2011-04-01,46.22193349891849,0,53.856002901704755,251.3034006619514,0.46978902706513603,53.12057045050415,29.181113439464706,9518.980861484288,0.0,0.18705312287893566,9.529060088959854,7.7589484152724735,10752377.415414423,0,12528297.61804706,0.0,43511.274976518354,2216682.32108814,233699732.82400423
76,2011-05-01,47.88921058824448,0,44.109176641276754,251.3034006619514,0.46978902706513603,53.12057045050415,29.181113439464706,9518.980861484288,0.0,2.615757222724883,16.70302356471432,15.552051769902805,11140220.024030639,0,10260945.114580391,0.0,608476.8959665289,3885509.9377803947,233699732.82400423
77,2011-06-01,26.067841197653454,0,58.37976060935803,251.3034006619514,0.46978902706513603,53.12057045050415,29.181113439464706,9518.980861484288,0.0,1.6490835525111582,8.245836614933937,7.9300148761181655,6064035.70813936,0,13580674.322854903,0.0,383606.5744079469,1918171.6650865297,233699732.82400423
78,2011-07-01,47.08135136256123,0,74.34929270946684,251.3034006619514,0.46978902706513603,53.12057045050415,29.181113439464706,9518.980861484288,0.0,3.0778343635889924,12.406837034657554,12.18313616701265,10952316.926896103,0,17295617.68571765,0.0,715969.7365474766,2886116.2281924877,233699732.82400423
79,2011-08-01,18.74754810470829,0,57.04207471889736,251.3034006619514,0.46978902706513603,53.12057045050415,29.181113439464706,9518.980861484288,0.0,0.5557832329834528,9.75119262003616,9.025984822474308,4361159.084285991,0,13269490.5464,0.0,129286.08715018688,2268356.574955923,233699732.82400423
80,2011-09-01,28.920784734862337,0,47.821545157780186,251.3034006619514,0.46978902706513603,53.12057045050415,29.181113439464706,9518.980861484288,0.0,1.2332273540308063,9.446532613658219,8.871136604703036,6727692.934309576,0,11124524.595466666,0.0,286872.1869359059,2197485.901378212,233699732.82400423
81,2011-10-01,37.81409275853112,0,30.575988393180996,251.3034006619514,0.46978902706513603,53.12057045050415,29.181113439464706,9518.980861484288,0.0,2.5163453676961,14.945060885590417,14.683633728748685,8796514.221258758,0,7112754.129184315,0.0,585355.4830887668,3476583.0464396374,233699732.82400423
82,2011-11-01,22.614907294547926,0,18.339862169024297,251.3034006619514,0.46978902706513603,53.12057045050415,29.181113439464706,9518.980861484288,0.0,0.4049417649652327,19.986704633998706,20.212147021485535,5260812.586769249,0,4266312.547654903,0.0,94197.96669379903,4649409.513942742,233699732.82400423
83,2011-12-01,9.993701818307468,0,14.632934348929993,251.3034006619514,0.46978902706513603,53.12057045050415,29.181113439464706,9518.980861484288,0.0,0.04322419715702775,17.65834644116488,16.437848023429822,2324786.1516191442,0,3403987.813215686,0.0,10054.973701441686,4107767.161345529,233699732.82400423
84,2012-01-01,21.1385506552362,0,17.45266594124048,251.3034006619514,0.46978902706513603,53.12057045050415,29.181113439464706,9518.980861484288,0.0,1.0493700237042416,23.032640958306228,19.990853685001884,4917385.7566379225,0,4059927.5651294114,0.0,244108.36257052043,5357981.855809825,233699732.82400423
85,2012-02-01,23.3630824953121,0,25.46028291621327,251.3034006619514,0.46978902706513603,53.12057045050415,29.181113439464706,9518.980861484288,0.0,1.9931520906047853,23.25870030249813,19.0550628802685,5434867.728290945,0,5922713.424713726,0.0,463654.01725681644,5410573.366350489,233699732.82400423
86,2012-03-01,7.632153959227066,0,45.90859630032644,251.3034006619514,0.46978902706513603,53.12057045050415,29.181113439464706,9518.980861484288,0.0,0.0,5.122092507130183,3.8210067102434797,1775432.2622659714,0,10679522.82164706,0.0,0.0,1191520.2577655779,233699732.82400423
87,2012-04-01,17.116303352155466,0,45.34856728327893,251.3034006619514,0.46978902706513603,53.12057045050415,29.181113439464706,9518.980861484288,0.0,0.0,1.8796134744887085,1.8711747815628499,3981692.0339840204,0,10549264.185050981,0.0,0.0,437242.5478193485,233699732.82400423
88,2012-05-01,0.7121349815049445,0,42.39136742836417,251.3034006619514,0.46978902706513603,53.12057045050415,29.181113439464706,9518.980861484288,0.0,0.0,1.7180780136476381,1.7257743091435986,165661.49388832017,0,9861371.239419611,0.0,0.0,399665.70533383347,233699732.82400423
89,2012-06-01,0.6758147401030524,0,42.82553500181357,251.3034006619514,0.46978902706513603,53.12057045050415,29.181113439464706,9518.980861484288,0.0,0.0,1.6378510448021284,1.6145564235902683,157211.43525745816,0,9962381.40195294,0.0,0.0,381003.0090908606,233699732.82400423
90,2012-07-01,29.97766543844065,0,42.969169387014865,251.3034006619514,0.46978902706513603,53.12057045050415,29.181113439464706,9518.980861484288,0.0,1.1953888376505704,8.80987604396164,8.824885391198304,6973556.673909799,0,9995789.624988236,0.0,278070.62998130196,2049376.5828742923,233699732.82400423
91,2012-08-01,13.800846561353751,0,41.442872687704046,251.3034006619514,0.46978902706513603,53.12057045050415,29.181113439464706,9518.980861484288,0.0,0.0,8.202109615772862,7.102040006332082,3210425.480641331,0,9640706.436635293,0.0,0.0,1907998.4112488495,233699732.82400423
92,2012-09-01,21.890821469060015,0,32.589046064562936,251.3034006619514,0.46978902706513603,53.12057045050415,29.181113439464706,9518.980861484288,0.0,1.0300926580563607,10.411170673715766,8.893381086460291,5092352.943969299,0,7581070.062556862,0.0,239619.46896221396,2421876.5034282906,233699732.82400423
93,2012-10-01,18.593594931973215,0,22.361624954660865,251.3034006619514,0.46978902706513603,53.12057045050415,29.181113439464706,9518.980861484288,0.0,0.5736504672530961,11.192747343532018,9.44144566992113,4325345.309147069,0,5201892.426839215,0.0,133441.054030773,2603690.2796842274,233699732.82400423
94,2012-11-01,11.361334624506078,0,16.97315923104824,251.3034006619514,0.46978902706513603,53.12057045050415,29.181113439464706,9518.980861484288,0.0,0.06127686452554432,10.011344783409433,8.286689238957788,2642935.336098646,0,3948383.166713726,0.0,14253.889275056154,2328868.778144778,233699732.82400423
95,2012-12-01,63.3006127355604,0,15.150163220892276,251.3034006619514,0.46978902706513603,53.12057045050415,29.181113439464706,9518.980861484288,1.2482308966323754,12.58548180686161,44.328081594583566,46.85436371414942,14725337.576374058,0,3524302.6420549024,290367.51970209036,2927694.3462987505,10311841.846463094,233699732.82400423
96,2013-01-01,20.37936118451407,0,7.525933986216902,251.3034006619514,0.46978902706513603,53.12057045050415,29.181113439464706,9518.980861484288,0.325553359571906,10.565876081137331,46.290079352171496,44.37237813549124,4740764.015119984,0,1750715.4910823528,75731.29475702612,2457893.0991012193,10768265.97664248,233699732.82400423
97,2013-02-01,17.593908292682265,0,14.683714182081971,251.3034006619514,0.46978902706513603,53.12057045050415,29.181113439464706,9518.980861484288,0.0,6.885029374712834,42.315244088058925,38.86237737851682,4092786.43629819,0,3415798.325388235,0.0,1601644.9840854644,9843609.10346697,233699732.82400423
98,2013-03-01,14.661821540829477,0,38.546971345665575,251.3034006619514,0.46978902706513603,53.12057045050415,29.181113439464706,9518.980861484288,0.0,0.01749003630152296,23.433170769422127,14.32743583134938,3410720.1325782933,0,8967013.98348235,0.0,4068.905225863119,5451155.470348478,233699732.82400423
99,2013-04-01,38.92154249553023,0,42.036634022488215,251.3034006619514,0.46978902706513603,53.12057045050415,29.181113439464706,9518.980861484288,0.0,0.10819410680719854,25.640343177730262,18.74231077448965,9054137.854399823,0,9778815.396894118,0.0,25167.52171613677,5964578.668703918,233699732.82400423
100,2013-05-01,29.29206712189874,0,49.35146898803049,251.3034006619514,0.46978902706513603,53.12057045050415,29.181113439464706,9518.980861484288,0.0,0.3531605021917198,18.1778515323533,14.292880588945904,6814063.122018263,0,11480448.210211767,0.0,82151.02276941242,4228591.807158588,233699732.82400423
101,2013-06-01,0.07658206693905814,0,53.82372143634387,251.3034006619514,0.46978902706513603,53.12057045050415,29.181113439464706,9518.980861484288,0.0,0.0,11.156654756583071,7.631988137400988,17815.023385847177,0,12520852.238901963,0.0,0.0,2595298.2090731696,233699732.82400423
102,2013-07-01,33.37711955786711,0,54.42292346753718,251.3034006619514,0.46978902706513603,53.12057045050415,29.181113439464706,9518.980861484288,0.0,3.4298846966654932,17.0479837842931,13.728253460060795,7764348.788152877,0,12660238.431929413,0.0,797863.9355284285,3965755.7933439394,233699732.82400423
103,2013-08-01,34.14933447645274,0,47.26949582879942,251.3034006619514,0.46978902706513603,53.12057045050415,29.181113439464706,9518.980861484288,0.0,3.406888366768795,18.104627508053888,14.25408465428604,7944004.784782642,0,10996138.857231371,0.0,792520.3076224987,4211555.579925204,233699732.82400423
104,2013-09-01,75.3547948261168,0,46.75589408777656,251.3034006619514,0.46978902706513603,53.12057045050415,29.181113439464706,9518.980861484288,0.58496840375197,14.962182199174691,31.413297201462953,31.10131278660062,17529404.270783104,0,10876628.225356862,136072.15253337668,3480552.3613555976,7307472.829442181,233699732.82400423
105,2013-10-01,56.45371963987127,0,34.62640551323903,251.3034006619514,0.46978902706513603,53.12057045050415,29.181113439464706,9518.980861484288,0.22418353446968342,11.358546960001874,41.65877991864076,42.60660378652109,13132558.920416966,0,8054981.457733333,52148.34836790524,2642268.951815024,9690842.142710607,233699732.82400423
106,2013-11-01,27.79732417335859,0,20.81719260065288,251.3034006619514,0.46978902706513603,53.12057045050415,29.181113439464706,9518.980861484288,0.0,6.578378983068566,42.07186539595896,40.76134674437785,6466333.948920904,0,4842599.135827451,0.0,1530273.2939981823,9786940.004275775,233699732.82400423
107,2013-12-01,39.60950783813849,0,18.334784185709104,251.3034006619514,0.46978902706513603,53.12057045050415,29.181113439464706,9518.980861484288,0.17577464946001853,16.73476629578208,46.436048103146234,44.752557981239384,9214145.787646668,0,4265122.962917648,40887.73814006856,3892902.5567666073,10802172.53409812,233699732.82400423
108,2014-01-01,18.54507336084732,0,13.606819006166125,251.3034006619514,0.46978902706513603,53.12057045050415,29.181113439464706,9518.980861484288,0.0,4.811611167027452,46.56299160831968,41.26664442029688,4314048.066536981,0,3165301.002478431,0.0,1119280.5564019307,10831708.908020554,233699732.82400423
109,2014-02-01,30.965314761240872,0,28.488211824446864,251.3034006619514,0.46978902706513603,53.12057045050415,29.181113439464706,9518.980861484288,0.0,4.705544415505618,44.374340852888686,39.81959750418699,7203305.560650166,0,6627070.814627453,0.0,1094619.8208457276,10322580.43297522,233699732.82400423
110,2014-03-01,7.951728757858191,0,45.79724338048603,251.3034006619514,0.46978902706513603,53.12057045050415,29.181113439464706,9518.980861484288,0.0,0.0,17.73780825362909,9.760558191403813,1849780.1482076594,0,10653567.642141175,0.0,0.0,4126256.299661948,233699732.82400423
111,2014-04-01,27.980727327805297,0,51.24338048603555,251.3034006619514,0.46978902706513603,53.12057045050415,29.181113439464706,9518.980861484288,0.0,0.0,9.253825840942303,5.156197582730538,6509008.467952336,0,11920515.300086278,0.0,0.0,2152658.054849391,233699732.82400423
112,2014-05-01,48.30542054297427,0,68.93978962640551,251.3034006619514,0.46978902706513603,53.12057045050415,29.181113439464706,9518.980861484288,0.0,1.6294336389019377,14.311346672097809,10.653378138607124,11237013.013613472,0,16037149.414603919,0.0,379044.920785523,3329151.656866923,233699732.82400423
113,2014-06-01,1.8702545742766286,0,65.08959013420386,251.3034006619514,0.46978902706513603,53.12057045050415,29.181113439464706,9518.980861484288,0.0,0.0,6.862141324354846,4.862055094458027,435069.8326525548,0,15141604.926133333,0.0,0.0,1596292.2605623254,233699732.82400423
114,2014-07-01,29.465092615888636,0,75.22959738846573,251.3034006619514,0.46978902706513603,53.12057045050415,29.181113439464706,9518.980861484288,0.0,0.0,3.7398292487540328,2.3870708942509276,6854329.186747827,0,17500392.382345095,0.0,0.0,869969.3695953281,233699732.82400423
115,2014-08-01,53.30003835816462,0,66.48095756256802,251.3034006619514,0.46978902706513603,53.12057045050415,29.181113439464706,9518.980861484288,0.0,0.004789674421996587,8.110570997719046,6.58926179824789,12398934.371771209,0,15465197.859733336,0.0,1114.2345705930911,1886710.2509332404,233699732.82400423
116,2014-09-01,61.309413616709946,0,51.933623503808484,251.3034006619514,0.46978902706513603,53.12057045050415,29.181113439464706,9518.980861484288,0.0,2.8560494478688123,16.89083387791574,16.14181213717026,14262095.082519809,0,12081084.641788235,0.0,664386.6550984519,3929194.9550053193,233699732.82400423
117,2014-10-01,10.264593831677917,0,36.578164671744645,251.3034006619514,0.46978902706513603,53.12057045050415,29.181113439464706,9518.980861484288,0.0,0.0,6.120110483351963,4.1321635567055095,2387800.3539193813,0,8508998.874486275,0.0,0.0,1423679.6377055026,233699732.82400423
118,2014-11-01,13.355130390810446,0,18.241929633659776,251.3034006619514,0.46978902706513603,53.12057045050415,29.181113439464706,9518.980861484288,0.0,0.0,5.371903859863167,3.6170775121281022,3106741.6357704788,0,4243531.05452549,0.0,0.0,1249629.0338237344,233699732.82400423
119,2014-12-01,23.861258571404978,0,16.776206021037357,251.3034006619514,0.46978902706513603,53.12057045050415,29.181113439464706,9518.980861484288,0.0,0.16011750110606487,13.790850035359677,12.32601751471665,5550715.334815134,0,3902569.2773098038,0.0,37245.657874892,3208078.766228479,233699732.82400423
120,2015-01-01,26.973677664635133,0,22.80159593761335,251.3034006619514,0.46978902706513603,53.12057045050415,29.181113439464706,9518.980861484288,0.0,0.48185566890099024,19.43083881828597,15.89751335766076,6274753.739105329,0,5304226.05829804,0.0,112090.40923271087,4520082.39894928,233699732.82397625
121,2015-02-01,7.059832290311352,0,28.778019586507074,251.3034006619514,0.46978902706513603,53.12057045050415,29.181113439464706,9518.980861484288,0.0,0.0,8.203043279695809,6.274854809044512,1642286.7115329285,0,6694498.924031372,0.0,0.0,1908215.329991786,233699732.82397625
122,2015-03-01,11.593020386987071,0,44.22742110990206,251.3034006619514,0.46978902706513603,53.12057045050415,29.181113439464706,9518.980861484288,0.0,0.0,3.7120755952378195,2.3865537429319112,2696828.2388591073,0,10288429.775984311,0.0,0.0,863514.6779970005,233699732.82397625
123,2015-04-01,50.31996452208331,0,49.95937613347843,251.3034006619514,0.46978902706513603,53.12057045050415,29.181113439464706,9518.980861484288,0.0,2.219023653598739,13.190178362474112,12.719007914610579,11705656.56943123,0,11621830.902431374,0.0,516191.1606700932,3068340.8680817336,233699732.82397625
124,2015-05-01,89.6072982033696,0,66.80014508523759,251.3034006619514,0.46978902706513603,53.12057045050415,29.181113439464706,9518.980861484288,0.0,8.774004013501589,28.47601787575462,28.924993112076596,20844903.984096196,0,15539438.292870585,0.0,2041036.5363954543,6624182.938851064,233699732.82397625
125,2015-06-01,34.33786715162812,0,79.71817192600655,251.3034006619514,0.46978902706513603,53.12057045050415,29.181113439464706,9518.980861484288,0.0,1.7792674375349937,14.005053130682697,11.47591493709769,7987865.384342959,0,18544536.450894117,0.0,413896.6818144726,3257894.8180323015,233699732.82397625
126,2015-07-01,44.06089938507389,0,58.4885745375408,251.3034006619514,0.46978902706513603,53.12057045050415,29.181113439464706,9518.980861484288,0.0,4.848690297326409,17.46663339332473,15.05980821392868,10249670.546299243,0,13605970.136235291,0.0,1127912.1281056062,4063141.2914053234,233699732.82397625
127,2015-08-01,21.335089320859172,0,51.57417482771129,251.3034006619514,0.46978902706513603,53.12057045050415,29.181113439464706,9518.980861484288,0.0,0.2626385126474952,15.691856066897028,12.587526247043346,4963093.930932008,0,11997509.844407845,0.0,61096.055943920044,3650292.2016168684,233699732.82397625
128,2015-09-01,19.159189584118025,0,38.327529923830255,251.3034006619514,0.46978902706513603,53.12057045050415,29.181113439464706,9518.980861484288,0.0,0.2697069687653198,14.940396071775174,12.344605528222933,4456904.437878377,0,8915978.41952157,0.0,62740.23941217199,3475484.5281657437,233699732.82397625
129,2015-10-01,60.587404994353854,0,28.094305404425103,251.3034006619514,0.46978902706513603,53.12057045050415,29.181113439464706,9518.980861484288,0.0,10.09272227894004,37.340773382763885,38.28669365124045,14094146.13308087,0,6535439.0720470585,0.0,2347807.22013336,8686384.369066197,233699732.82397625
130,2015-11-01,42.006828418512484,0,26.469350743561847,251.3034006619514,0.46978902706513603,53.12057045050415,29.181113439464706,9518.980861484288,0.11896033255568135,9.261907983599892,43.49738274155898,43.003576669380614,9771866.382040942,0,6157436.323066667,27672.874357079367,2154551.68485383,10118589.868829565,233699732.82397625
131,2015-12-01,37.49898146046477,0,15.21291258614436,251.3034006619514,0.46978902706513603,53.12057045050415,29.181113439464706,9518.980861484288,0.9893934784747261,14.05725581800075,50.736802319403914,49.37839540051468,8723233.892449357,0,3538901.4279764704,230155.77409203665,3270082.2410262297,11802684.318184188,233699732.82397625
132,2016-01-01,26.711977250584464,0,8.849474066013785,251.3034006619514,0.46978902706513603,53.12057045050415,29.181113439464706,9518.980861484288,0.13628221170834595,16.87908994830766,51.58393334395859,48.54374368090268,6213872.52094807,0,2058609.6988549016,31702.288951668637,3926504.2828530944,11999740.568472587,233699732.82400423
133,2016-02-01,19.655302318545484,0,37.147986942328615,251.3034006619514,0.46978902706513603,53.12057045050415,29.181113439464706,9518.980861484288,0.0,0.6390574625708307,34.66402237868891,24.731766153536764,4572330.619446285,0,8641555.45105098,0.0,148659.55304242458,8063747.459378838,233699732.82400423
134,2016-03-01,25.274998903675996,0,53.60500544069643,251.3034006619514,0.46978902706513603,53.12057045050415,29.181113439464706,9518.980861484288,0.0,0.0,17.167304877378204,9.018449334547634,5879610.659279604,0,12469896.987529412,0.0,0.0,3993550.8722617454,233699732.82400423
135,2016-04-01,43.733392675150306,0,55.796880667392095,251.3034006619514,0.46978902706513603,53.12057045050415,29.181113439464706,9518.980861484288,0.0,0.06613633882075601,14.176474305102943,7.464092611219733,10173490.292148817,0,12979793.02597647,0.0,15384.881415760834,3297797.5498436643,233699732.82400423
136,2016-05-01,39.69968584395647,0,72.68552774755169,251.3034006619514,0.46978902706513603,53.12057045050415,29.181113439464706,9518.980861484288,0.0,0.0,9.652534326431669,5.438079399432836,9235143.532955714,0,16908515.114250988,0.0,0.0,2245408.342740358,233699732.82400423
137,2016-06-01,9.606139329954908,0,53.753717809212915,251.3034006619514,0.46978902706513603,53.12057045050415,29.181113439464706,9518.980861484288,0.0,0.0,6.435477230935695,3.9107883255286504,2234636.963223701,0,12504533.326313728,0.0,0.0,1497044.5703521033,233699732.82400423
138,2016-07-01,26.8121096024655,0,51.95067101922378,251.3034006619514,0.46978902706513603,53.12057045050415,29.181113439464706,9518.980861484288,0.0,0.30503501127770083,8.591409744085572,6.954615263342185,6237171.019351433,0,12085106.656007838,0.0,70958.38021638241,1998558.5903490535,233699732.82400423
139,2016-08-01,15.620551281160791,0,47.09902067464635,251.3034006619514,0.46978902706513603,53.12057045050415,29.181113439464706,9518.980861484288,0.0,0.07876703563077668,8.158972125432083,6.118521782347908,3633734.8708671136,0,10956471.96867451,0.0,18323.081142045223,1897966.252246074,233699732.82400423
140,2016-09-01,33.100440232533536,0,37.279651795429814,251.3034006619514,0.46978902706513603,53.12057045050415,29.181113439464706,9518.980861484288,0.0,0.4165462983997006,10.441865618456367,8.8234532313691,7700003.6983049745,0,8672208.118784314,0.0,96898.55107374488,2429019.518677436,233699732.82400423
141,2016-10-01,25.52211695769758,0,28.126586869786,251.3034006619514,0.46978902706513603,53.12057045050415,29.181113439464706,9518.980861484288,0.0,0.0,10.85608926221579,8.441765151138496,5937102.335058928,0,6542967.246313726,0.0,0.0,2525380.7295773784,233699732.82400423
142,2016-11-01,24.12393494540536,0,18.414943779470438,251.3034006619514,0.46978902706513603,53.12057045050415,29.181113439464706,9518.980861484288,0.0,0.017047643224572785,17.166593958743345,14.648830482411007,5611845.617935949,0,4283776.557568627,0.0,3965.686249114521,3993373.706718214,233699732.82400423
143,2016-12-01,26.639355066041055,0,18.115342763873777,251.3034006619514,0.46978902706513603,53.12057045050415,29.181113439464706,9518.980861484288,0.0,1.4099895919808405,24.556703772360937,20.73038853524301,6196984.860353233,0,4214082.685686274,0.0,327996.26608905866,5712503.047640966,233699732.82400423
144,2017-01-01,68.19822661948045,0,17.968081247733043,251.3034006619514,0.46978902706513603,53.12057045050415,29.181113439464706,9518.980861484288,3.9294933004156003,20.060879119442145,50.79647672425059,52.190207180946196,15864652.895725165,0,4179822.507411765,914107.65643356,4666650.1987551935,11816575.580765612,233699732.82400423
145,2017-02-01,23.079155872051423,0,27.17373957199856,251.3034006619514,0.46978902706513603,53.12057045050415,29.181113439464706,9518.980861484288,0.0,7.894665011030526,38.91908326261248,33.69651231739755,5368814.255072835,0,6321303.09388235,0.0,1836508.0397513034,9053597.858884307,233699732.82400423
146,2017-03-01,14.790635899711795,0,49.514327167210745,251.3034006619514,0.46978902706513603,53.12057045050415,29.181113439464706,9518.980861484288,0.0,0.0,15.014378776011679,7.93547172070644,3440681.0833197385,0,11518293.88524706,0.0,0.0,3492745.6554791895,233699732.82400423
147,2017-04-01,7.510195136473242,0,55.65252085600291,251.3034006619514,0.46978902706513603,53.12057045050415,29.181113439464706,9518.980861484288,0.0,0.0,2.156522880561108,0.9760502432351763,1747059.6437512923,0,12946207.127505882,0.0,0.0,501658.39608206763,233699732.82400423
148,2017-05-01,30.23221341077504,0,59.682263329706196,251.3034006619514,0.46978902706513603,53.12057045050415,29.181113439464706,9518.980861484288,0.0,0.0,4.278696550366345,2.83993714162754,7032773.706007783,0,13883645.01026667,0.0,0.0,995325.4161205128,233699732.82400423
149,2017-06-01,1.343508054711372,0,56.7562568008705,251.3034006619514,0.46978902706513603,53.12057045050415,29.181113439464706,9518.980861484288,0.0,0.0,3.239001793345624,2.052887285303495,312536.6901277192,0,13203004.509780398,0.0,0.0,753468.5636228136,233699732.82400423
150,2017-07-01,33.72810541225331,0,56.866884294523054,251.3034006619514,0.46978902706513603,53.12057045050415,29.181113439464706,9518.980861484288,0.0,0.0,6.6670458872461005,5.845439702833581,7846012.543749162,0,13228743.060815688,0.0,0.0,1550907.1919603874,233699732.82400423
151,2017-08-01,19.94369883536959,0,51.44867609720713,251.3034006619514,0.46978902706513603,53.12057045050415,29.181113439464706,9518.980861484288,0.0,0.0,6.6125225099123845,4.458662635197141,4639417.818852954,0,11968320.61779608,0.0,0.0,1538231.0996970031,233699732.82400423
152,2017-09-01,36.05842083661861,0,35.433442147261516,251.3034006619514,0.46978902706513603,53.12057045050415,29.181113439464706,9518.980861484288,0.0,0.970356083916175,12.062204075985585,10.527004046042096,8388088.537807538,0,8242738.61992157,0.0,225724.1741839121,2805948.710188787,233699732.82400423
153,2017-10-01,18.88995212878016,0,25.778019586507074,251.3034006619514,0.46978902706513603,53.12057045050415,29.181113439464706,9518.980861484288,0.0,0.5392940315510069,12.621689877318556,10.640391164423125,4394284.548097211,0,5996618.996258823,0.0,125450.4213737962,2936106.5957921324,233699732.82400423
154,2017-11-01,2.7041221961678183,0,14.69931084512151,251.3034006619514,0.46978902706513603,53.12057045050415,29.181113439464706,9518.980861484288,0.0,0.0,8.748893703952223,7.170135750952931,629048.2795972414,0,3419432.762556863,0.0,0.0,2035195.4052715462,233699732.82400423
155,2017-12-01,11.108632086466665,0,12.179905694595574,251.3034006619514,0.46978902706513603,53.12057045050415,29.181113439464706,9518.980861484288,0.0,0.36434493228220344,10.064110235035892,8.586596996901708,2584134.8650610964,0,2833349.6297411756,0.0,84751.92656950372,2341145.902915495,233699732.82400423
156,2018-01-01,17.620567238905224,0,23.10772578890098,251.3034006619514,0.46978902706513603,53.12057045050415,29.181113439464706,9518.980861484288,0.0,0.0,8.601559555469645,6.0142832706858185,4098984.925714682,0,5375430.334917647,0.0,0.0,2000924.2277743528,233699732.82400423
157,2018-02-01,21.650395953709925,0,32.96989481320276,251.3034006619514,0.46978902706513603,53.12057045050415,29.181113439464706,9518.980861484288,0.0,0.061936117155803494,8.618222126758065,5.824620756727162,5036441.335332943,0,7669633.062392156,0.0,14407.24101830807,2004805.0914080292,233699732.82400423
158,2018-03-01,28.308283383775997,0,48.63511062749365,251.3034006619514,0.46978902706513603,53.12057045050415,29.181113439464706,9518.980861484288,0.0,0.0,7.223407859911575,3.865680093491446,6585230.764973086,0,11313775.042556863,0.0,0.0,1680334.3555079072,233699732.82400423
159,2018-04-01,21.424403904687544,0,50.54842219804135,251.3034006619514,0.46978902706513603,53.12057045050415,29.181113439464706,9518.980861484288,0.0,0.0,4.836673328719355,2.3706008688360343,4983846.568510373,0,11758861.923568629,0.0,0.0,1125123.8221772304,233699732.82400423
160,2018-05-01,16.856412852683007,0,42.22415669205659,251.3034006619514,0.46978902706513603,53.12057045050415,29.181113439464706,9518.980861484288,0.0,0.0,4.651466633309706,2.518488970236016,3921240.892783896,0,9822456.292086273,0.0,0.0,1082040.2406374132,233699732.82400423
161,2018-06-01,3.5741137967140815,0,49.632934348930014,251.3034006619514,0.46978902706513603,53.12057045050415,29.181113439464706,9518.980861484288,0.0,0.0,3.8992751712789313,2.1665949744000823,831425.3042550859,0,11545935.88989804,0.0,0.0,907062.8322722444,233699732.82400423
162,2018-07-01,15.298946832710703,0,52.072905331882474,251.3034006619514,0.46978902706513603,53.12057045050415,29.181113439464706,9518.980861484288,0.0,0.0,4.383252051897706,2.4802418575083447,3558939.383337353,0,12113565.0844,0.0,0.0,1019647.4736175167,233699732.82400423
163,2018-08-01,27.426814680792035,0,53.75698222705841,251.3034006619514,0.46978902706513603,53.12057045050415,29.181113439464706,9518.980861484288,0.0,0.02459960729612826,7.146611998708899,6.145615710990003,6380167.087260087,0,12505295.976078434,0.0,5722.22618314136,1662464.4209333723,233699732.82400423
164,2018-09-01,0.2092400216779843,0,32.47624229234677,251.3034006619514,0.46978902706513603,53.12057045050415,29.181113439464706,9518.980861484288,0.0,0.0,4.957425154477324,3.8964290755747344,48674.218187685576,0,7554831.98065098,0.0,0.0,1153210.6788439723,233699732.82400423
165,2018-10-01,89.19403296304735,0,24.305404425099752,251.3034006619514,0.46978902706513603,53.12057045050415,29.181113439464706,9518.980861484288,3.2106902784136615,13.984512595201707,52.650850818809566,56.519449295240676,20748802.996413957,0,5654056.774007843,746887.2185114626,3253141.279011589,12247928.403727038,233699732.82400423
166,2018-11-01,2.589571021463479,0,13.9702575262967,251.3034006619514,0.46978902706513603,53.12057045050415,29.181113439464706,9518.980861484288,0.0,2.3128346152664325,38.95732969870992,33.428173081701324,602394.943715532,0,3249828.277192157,0.0,538018.6909405111,9062476.3793099,233699732.82400423
167,2018-12-01,8.148046282646717,0,12.6354733405876,251.3034006619514,0.46978902706513603,53.12057045050415,29.181113439464706,9518.980861484288,0.0,0.0003865235639632365,35.31944150892875,27.346852498577906,1895449.993457769,0,2939319.5214745095,0.0,89.91800264563187,8216224.594748118,233699732.82400423
168,2019-01-01,49.87856641963485,0,12.004715270221253,251.3034006619514,0.46978902706513603,53.12057045050415,29.181113439464706,9518.980861484288,0.5273319504926283,22.31886106265002,50.34709964519968,49.35288121907627,11603041.077100553,0,2792600.21812549,122671.19839308405,5191954.159123657,11712040.096206438,233699732.82400423
169,2019-02-01,55.815777826682755,0,17.491476242292347,251.3034006619514,0.46978902706513603,53.12057045050415,29.181113439464706,9518.980861484288,6.173399050036818,28.267580607497045,54.23042157205622,54.03521046472923,12984168.480772017,0,4068942.2757882355,1436107.9072560486,6575762.518139173,12615395.875794997,233699732.82400423
170,2019-03-01,81.44083820400276,0,39.07109176641277,251.3034006619514,0.46978902706513603,53.12057045050415,29.181113439464706,9518.980861484288,6.133544718857875,30.313774369889558,60.152848920898776,59.4128050874457,18945235.272230733,0,9088918.65781176,1426840.5796572366,7051772.910806616,13993098.999750108,233699732.82400423
171,2019-04-01,49.02693181450309,0,60.430540442509994,251.3034006619514,0.46978902706513603,53.12057045050415,29.181113439464706,9518.980861484288,0.0,5.080692809011072,44.640739704151365,34.96843083906497,11404894.989659434,0,14057691.621247059,0.0,1181887.240115324,10384570.102587331,233699732.82400423
172,2019-05-01,45.42562266132097,0,75.38121146173378,251.3034006619514,0.46978902706513603,53.12057045050415,29.181113439464706,9518.980861484288,0.0,0.09513122841612526,23.788296545628675,14.843759840186253,10567156.389817992,0,17535616.597317647,0.0,22129.78060494662,5533751.401535081,233699732.82400423
173,2019-06-01,19.4095015044946,0,75.56111715632933,251.3034006619514,0.46978902706513603,53.12057045050415,29.181113439464706,9518.980861484288,0.0,0.0,7.264092200791724,3.6198261342922833,4515138.524526239,0,17577488.548125494,0.0,0.0,1689798.866225211,233699732.82400423
174,2019-07-01,16.728839483872274,0,69.15814290895904,251.3034006619514,0.46978902706513603,53.12057045050415,29.181113439464706,9518.980861484288,0.0,0.0,5.73952910509708,2.8318855646625396,3891554.8307993226,0,16088011.62989804,0.0,0.0,1335151.606227624,233699732.82400423
175,2019-08-01,5.781629982608666,0,55.32208922742112,251.3034006619514,0.46978902706513603,53.12057045050415,29.181113439464706,9518.980861484288,0.0,0.0,3.789337927724717,1.9107602015076741,1344961.8475930884,0,12869379.419835292,0.0,0.0,881490.4703939946,233699732.82400423
176,2019-09-01,17.20450332039059,0,39.26804497642365,251.3034006619514,0.46978902706513603,53.12057045050415,29.181113439464706,9518.980861484288,0.0,0.0,4.102043352692648,2.2020167581203345,4002203.1202854137,0,9134775.690737257,0.0,0.0,954233.1710796072,233699732.82400423
177,2019-10-01,3.7406389493532264,0,24.95937613347842,251.3034006619514,0.46978902706513603,53.12057045050415,29.181113439464706,9518.980861484288,0.0,0.0,3.3970587296724,1.7679922350200765,870171.831034139,0,5806194.204541178,0.0,0.0,790236.990846356,233699732.82400423
178,2019-11-01,30.22309188959798,0,16.569096844396082,251.3034006619514,0.46978902706513603,53.12057045050415,29.181113439464706,9518.980861484288,0.0,0.6725333002863746,17.710942576999972,20.104000858044245,7030674.343289778,0,3854393.2690039217,0.0,156447.46523504966,4120024.43499498,233699732.82400423
179,2019-12-01,28.831053754983387,0,16.531011969532102,251.3034006619514,0.46978902706513603,53.12057045050415,29.181113439464706,9518.980861484288,0.14284890761123137,5.446902404448262,25.591600456248607,29.219309342361548,6706849.810000882,0,3845529.826447059,33230.044830967374,1267096.1255561556,5953275.460464851,233699732.82400423
180,2020-01-01,15.35226639884585,0,10.235038084874866,251.3034006619514,0.46978902706513603,53.12057045050415,29.181113439464706,9518.980861484288,0.0,4.5447561459214745,26.670511337481226,27.703294034480724,3571327.1376704816,0,2380928.8242588234,0.0,1057229.7490648332,6204256.993830112,233699732.82400423
181,2020-02-01,18.502349006957473,0,16.986942328618067,251.3034006619514,0.46978902706513603,53.12057045050415,29.181113439464706,9518.980861484288,0.0,3.094307615830495,28.314391408208447,23.061912127964348,4304144.874523893,0,3951618.1247215676,0.0,719812.7303055623,6586683.697168616,233699732.82400423
182,2020-03-01,65.84351663049718,0,40.837141820819745,251.3034006619514,0.46978902706513603,53.12057045050415,29.181113439464706,9518.980861484288,0.10046202243558466,19.89809948305516,33.64466617274024,31.25423114483172,15316910.17778806,0,9499779.409866666,23368.928686984073,4628827.612420178,7826632.67550797,233699732.82400423
183,2020-04-01,9.138698268555,0,63.435981138919146,251.3034006619514,0.46978902706513603,53.12057045050415,29.181113439464706,9518.980861484288,0.0,0.0,7.144573885921808,4.129399676136634,2125881.8820239636,0,14756847.307654904,0.0,0.0,1662009.7210101532,233699732.82400423
184,2020-05-01,5.621530133757249,0,61.074718897352206,251.3034006619514,0.46978902706513603,53.12057045050415,29.181113439464706,9518.980861484288,0.0,0.0,1.524161125045823,0.966580828823015,1307709.6499515169,0,14207572.716400003,0.0,0.0,354556.0365972881,233699732.82400423
185,2020-06-01,24.06629552909097,0,57.47261516140732,251.3034006619514,0.46978902706513603,53.12057045050415,29.181113439464706,9518.980861484288,0.0,0.0,3.2838323974747263,2.8901392740030847,5598425.306274486,0,13369655.054423528,0.0,0.0,763895.0157578017,233699732.82400423
186,2020-07-01,9.939047558855188,0,52.41240478781284,251.3034006619514,0.46978902706513603,53.12057045050415,29.181113439464706,9518.980861484288,0.0,0.0,2.862279879368372,2.276322847944044,2312087.490863761,0,12192564.546917647,0.0,0.0,665833.9145520556,233699732.82400423
187,2020-08-01,2.3230111572187395,0,52.42147261516141,251.3034006619514,0.46978902706513603,53.12057045050415,29.181113439464706,9518.980861484288,0.0,0.0,1.91883564678464,1.3214450028546767,540392.7612803746,0,12194643.387827454,0.0,0.0,446366.9732522105,233699732.82400423
188,2020-09-01,17.46238452415449,0,42.417120058034094,251.3034006619514,0.46978902706513603,53.12057045050415,29.181113439464706,9518.980861484288,0.0,0.0,2.8990082946593603,2.5845486096478743,4062167.2488785237,0,9867330.068917647,0.0,0.0,674376.062493485,233699732.82400423
189,2020-10-01,12.126802274270144,0,23.478055857816468,251.3034006619514,0.46978902706513603,53.12057045050415,29.181113439464706,9518.980861484288,0.0,0.28667931258097623,5.526381901892846,5.727643924004801,2820976.8225013525,0,5461603.335662745,0.0,66685.77464950096,1285564.2432135849,233699732.82400423
190,2020-11-01,15.286933289835083,0,14.7145447950671,251.3034006619514,0.46978902706513603,53.12057045050415,29.181113439464706,9518.980861484288,0.0,0.0,9.282742048789471,8.789845041742534,3556141.1663286462,0,3422969.2601882354,0.0,0.0,2159400.949845477,233699732.82400423
191,2020-12-01,15.767902972897447,0,12.137830975698225,251.3034006619514,0.46978902706513603,53.12057045050415,29.181113439464706,9518.980861484288,0.0,0.028381091961108,15.719222306870604,15.256268062848765,3668023.4250524454,0,2823553.103772549,0.0,6602.368755679683,3656704.674550072,233699732.82400423
192,2021-01-01,10.76155738142051,0,11.361987667754805,251.3034006619514,0.46978902706513603,53.12057045050415,29.181113439464706,9518.980861484288,0.0,0.4988199112821557,18.79638124574207,16.678101731416216,2503414.4655368393,0,2643075.25665098,0.0,116041.09439287455,4372537.127691875,233699732.82400423
193,2021-02-01,19.063742923999378,0,23.305041712005803,251.3034006619514,0.46978902706513603,53.12057045050415,29.181113439464706,9518.980861484288,0.0,0.7909938401248977,20.95277812065809,15.762053089076627,4434724.210284154,0,5421346.223286275,0.0,184003.70395906921,4874171.557362813,233699732.82400423
194,2021-03-01,28.488280212304414,0,41.80739934711642,251.3034006619514,0.46978902706513603,53.12057045050415,29.181113439464706,9518.980861484288,0.0,0.296476088111977,16.833774042222412,10.786494148224579,6627085.788032071,0,9725470.439662747,0.0,68967.37163775296,3915970.416931456,233699732.82400423
195,2021-04-01,13.836059039958634,0,52.89227421109903,251.3034006619514,0.46978902706513603,53.12057045050415,29.181113439464706,9518.980861484288,0.0,0.0,7.678946825986215,4.562719378979416,3218612.7734097308,0,12304124.974533334,0.0,0.0,1786305.6104044782,233699732.82400423
196,2021-05-01,14.864241143856768,0,45.67247007616974,251.3034006619514,0.46978902706513603,53.12057045050415,29.181113439464706,9518.980861484288,0.0,0.0,5.638062503632635,4.238051006226534,3457791.1338003157,0,10624648.919513727,0.0,0.0,1311544.6391180262,233699732.82400423
197,2021-06-01,10.775482020610005,0,57.404062386652164,251.3034006619514,0.46978902706513603,53.12057045050415,29.181113439464706,9518.980861484288,0.0,0.0,5.536580873902557,3.9735157871700215,2506655.8808017867,0,13353778.561450982,0.0,0.0,1287939.8081439226,233699732.82400423
198,2021-07-01,30.77261581512107,0,51.16721073630757,251.3034006619514,0.46978902706513603,53.12057045050415,29.181113439464706,9518.980861484288,0.0,0.40388859840286406,7.685838934890563,6.336577441056761,7158512.77440502,0,11902881.870392157,0.0,93954.0697655886,1787904.3079433928,233699732.82400423
199,2021-08-01,32.309257912598326,0,50.063474791439965,251.3034006619514,0.46978902706513603,53.12057045050415,29.181113439464706,9518.980861484288,0.0,0.5606971105461586,9.484908069577271,7.971692087667323,7515965.374511114,0,11646089.542956864,0.0,130431.2919022777,2206408.4964748295,233699732.82400423
200,2021-09-01,44.734043080363975,0,35.01487123685166,251.3034006619514,0.46978902706513603,53.12057045050415,29.181113439464706,9518.980861484288,0.0,6.517095841898404,19.78859052617105,19.706749831978648,10406237.400877353,0,8145384.765098044,0.0,1516021.550864456,4603278.1002681255,233699732.82400423
201,2021-10-01,54.81632803855215,0,32.5582154515778,251.3034006619514,0.46978902706513603,53.12057045050415,29.181113439464706,9518.980861484288,0.0,7.875416473377147,34.175891900317694,35.41817703705213,12751667.852030428,0,7573865.869615688,0.0,1832002.8404962942,7950148.535044715,233699732.82400423
202,2021-11-01,3.4086721259754253,0,16.356546971345665,251.3034006619514,0.46978902706513603,53.12057045050415,29.181113439464706,9518.980861484288,0.0,0.5188707510546109,22.42474508441908,19.788101922799196,792941.9480108004,0,3804940.1712078424,0.0,120698.64033433952,5216538.636765823,233699732.82400423
203,2021-12-01,34.11309339086737,0,13.830612985128766,251.3034006619514,0.46978902706513603,53.12057045050415,29.181113439464706,9518.980861484288,0.0,4.416292050608514,38.463458329008375,35.691120646914136,7935585.23430046,0,3217339.1772862743,0.0,1027340.8899633603,8947577.182322266,233699732.82400423
204,2022-01-01,20.718474148769403,0,17.623141095393546,251.3034006619514,0.46978902706513603,53.12057045050415,29.181113439464706,9518.980861484288,0.011028725981253087,8.80730918969483,34.31469957547087,29.715065925652265,4819677.189962576,0,4099573.0040470595,2565.4421911468644,2048817.041176252,7982499.699354987,233699732.82400423
205,2022-02-01,21.356225682092358,0,28.523757707653253,251.3034006619514,0.46978902706513603,53.12057045050415,29.181113439464706,9518.980861484288,0.0,7.259242455031012,26.40411700526026,23.10236055881391,4968018.252509032,0,6635317.596203922,0.0,1688694.7381395244,6142313.920230442,233699732.82400423
206,2022-03-01,24.83557280300619,0,49.66412767500906,251.3034006619514,0.46978902706513603,53.12057045050415,29.181113439464706,9518.980861484288,0.0,0.0,16.09999727859453,9.853371458041037,5777399.831083051,0,11553129.584462749,0.0,0.0,3745297.4769904707,233699732.82400423
207,2022-04-01,17.815368536183314,0,54.553862894450496,251.3034006619514,0.46978902706513603,53.12057045050415,29.181113439464706,9518.980861484288,0.0,0.0,6.6934449694641955,3.1576283785889343,4144298.937389896,0,12690603.549725492,0.0,0.0,1557082.1778461505,233699732.82400423
208,2022-05-01,16.604171571082766,0,56.36960464272762,251.3034006619514,0.46978902706513603,53.12057045050415,29.181113439464706,9518.980861484288,0.0,0.0,0.4273884267346508,0.20327119694338808,3862549.7047794163,0,13113057.083827449,0.0,0.0,99420.68734106603,233699732.82400423
209,2022-06-01,6.352383087762921,0,56.461371055495114,251.3034006619514,0.46978902706513603,53.12057045050415,29.181113439464706,9518.980861484288,0.0,0.0,0.0,0.0,1477731.98789848,0,13134416.399592157,0.0,0.0,0.0,233699732.82400423
210,2022-07-01,27.216586660196203,0,59.58070366340226,251.3034006619514,0.46978902706513603,53.12057045050415,29.181113439464706,9518.980861484288,0.0,0.0,1.3457543236710952,0.7058783921783132,6331278.7431753315,0,13860050.096690191,0.0,0.0,313054.0033376703,233699732.82400423
211,2022-08-01,31.167758579663403,0,53.70402611534277,251.3034006619514,0.46978902706513603,53.12057045050415,29.181113439464706,9518.980861484288,0.0,0.0,2.636955414961885,1.858098171766132,7250428.484803565,0,12492979.188047059,0.0,0.0,613416.419715138,233699732.82400423
212,2022-09-01,40.37267727913556,0,43.52484584693507,251.3034006619514,0.46978902706513603,53.12057045050415,29.181113439464706,9518.980861484288,0.0,0.15537844925429276,8.827460361295321,8.734743722943449,9391690.762153205,0,10125001.863450978,0.0,36143.28553768225,2053472.0332447852,233699732.82400423
213,2022-10-01,59.784506820238775,0,31.257889009793267,251.3034006619514,0.46978902706513603,53.12057045050415,29.181113439464706,9518.980861484288,0.0,6.333418710964763,31.02273964829712,33.70332910985289,13907381.706421511,0,7271375.700188234,0.0,1473304.5661141926,7216657.37433124,233699732.82400423
214,2022-11-01,27.09990026970958,0,17.45302865433442,251.3034006619514,0.46978902706513603,53.12057045050415,29.181113439464706,9518.980861484288,0.0,5.270762822206408,35.401307320958445,35.15702074178997,6304113.300727363,0,4060006.3014588235,0.0,1226104.7970333567,8235231.570270389,233699732.82400423
215,2022-12-01,26.566924000468422,0,9.94196590496917,251.3034006619514,0.46978902706513603,53.12057045050415,29.181113439464706,9518.980861484288,0.27026019183614297,7.270399814616296,44.48560541000529,44.920298585539754,6180157.043976992,0,2312747.711301961,62868.93222300547,1691287.9623450604,10348484.008377358,233699732.82400423
216,2023-01-01,53.736146439716,0,17.60536815379035,251.3034006619514,0.46978902706513603,53.12057045050415,29.181113439464706,9518.980861484288,5.262425452212627,22.441705897402706,52.912252346315576,53.223387839021974,12500455.97395498,0,4095441.107952941,1224191.7374847794,5220553.847684818,12308753.289209798,233699732.82397625
217,2023-02-01,21.31757026247825,0,25.02212549873051,251.3034006619514,0.46978902706513603,53.12057045050415,29.181113439464706,9518.980861484288,0.0,15.54087477720166,35.11670847431715,28.80182266453088,4959038.679985934,0,5820763.864964706,0.0,3615234.739836127,8169066.151254593,233699732.82397625
218,2023-03-01,76.53920681459539,0,30.13347841857092,251.3034006619514,0.46978902706513603,53.12057045050415,29.181113439464706,9518.980861484288,2.6007902275019603,28.08371327983927,50.8379333630004,50.92627011937138,17804951.46550653,0,7009788.29009412,605008.0107517897,6533010.782465489,11826210.533449728,233699732.82397625
219,2023-04-01,23.239128532968348,0,73.50598476605005,251.3034006619514,0.46978902706513603,53.12057045050415,29.181113439464706,9518.980861484288,0.0,0.03207682210270122,17.256196428882053,10.986887110801254,5405996.1921833875,0,17099362.305796076,0.0,7461.829805577879,4014220.3200791287,233699732.82397625
220,2023-05-01,10.238130945283004,0,73.60174102285092,251.3034006619514,0.46978902706513603,53.12057045050415,29.181113439464706,9518.980861484288,0.0,0.0,2.579667840656805,1.1970064122196424,2381659.8529620925,0,17121648.71803922,0.0,0.0,600090.9603129781,233699732.82397625
221,2023-06-01,9.897088363343627,0,65.34203844758795,251.3034006619514,0.46978902706513603,53.12057045050415,29.181113439464706,9518.980861484288,0.0,0.0,1.4226961606399426,0.6219824722471451,2302312.401927155,0,15200265.125152944,0.0,0.0,330952.87874076393,233699732.82397625
222,2023-07-01,2.928560043569872,0,65.0417120058034,251.3034006619514,0.46978902706513603,53.12057045050415,29.181113439464706,9518.980861484288,0.0,0.0,0.4089088394160241,0.15534546180541517,681263.939918878,0,15130430.365035292,0.0,0.0,95121.89692450242,233699732.82397625
223,2023-08-01,26.525307426287682,0,63.553862894450496,251.3034006619514,0.46978902706513603,53.12057045050415,29.181113439464706,9518.980861484288,0.0,0.0,0.28377301305363817,0.42266731063321716,6170473.558542849,0,14784302.270611767,0.0,0.0,66010.95845922461,233699732.82397625
224,2023-09-01,8.069632629408172,0,38.11498005077984,251.3034006619514,0.46978902706513603,53.12057045050415,29.181113439464706,9518.980861484288,0.0,0.0,0.05283096338641239,0.028251390246826647,1877204.9622220625,0,8866548.716501959,0.0,0.0,12289.735435510247,233699732.82397625
225,2023-10-01,22.3724767426466,0,25.152339499455945,251.3034006619514,0.46978902706513603,53.12057045050415,29.181113439464706,9518.980861484288,0.0,0.0,1.837255082722322,1.8951177925850378,5204407.899762997,0,5851074.250862745,0.0,0.0,427389.5681353718,233699732.82397625
226,2023-11-01,18.864344042093535,0,13.63982589771491,251.3034006619514,0.46978902706513603,53.12057045050415,29.181113439464706,9518.980861484288,0.0,0.0,7.925990014446323,9.102383351964573,4388327.085285742,0,3172963.5192470592,0.0,0.0,1843788.1910091455,233699732.82397625
227,2023-12-01,8.525756673794692,0,14.447587957925279,251.3034006619514,0.46978902706513603,53.12057045050415,29.181113439464706,9518.980861484288,0.0,0.0,6.596809691446672,7.088945948725327,1983303.1139700396,0,3360867.11362353,0.0,0.0,1534588.502920823,233699732.82397625
228,2024-01-01,7.479396868667908,0,14.364889372506347,251.3034006619514,0.46978902706513603,53.12057045050415,29.181113439464706,9518.980861484288,0.0,0.0,4.51081915799133,3.7481507054292136,1739896.8181762525,0,3341635.25025098,0.0,0.0,1049329.6488279745,233699732.82400423
229,2024-02-01,16.707835003481765,0,28.950671019223787,251.3034006619514,0.46978902706513603,53.12057045050415,29.181113439464706,9518.980861484288,0.0,0.0,4.934485334604286,4.107187699082555,3886669.8427041406,0,6734654.768078431,0.0,0.0,1147884.8716789517,233699732.82400423
230,2024-03-01,35.10304355136916,0,44.4247370330069,251.3034006619514,0.46978902706513603,53.12057045050415,29.181113439464706,9518.980861484288,0.0,0.2278098239456,5.449600952205784,4.7464123025391505,8165854.972080745,0,10334317.333450979,0.0,52993.969567127984,1267707.3185087647,233699732.82400423
231,2024-04-01,20.53771724253852,0,55.625317373957195,251.3034006619514,0.46978902706513603,53.12057045050415,29.181113439464706,9518.980861484288,0.0,0.0,1.0675518615261341,1.4583631975102183,4777592.861128843,0,12939859.698752942,0.0,0.0,248337.8893903907,233699732.82400423
232,2024-05-01,30.13256917485377,0,63.65034457743925,251.3034006619514,0.46978902706513603,53.12057045050415,29.181113439464706,9518.980861484288,0.0,0.0,1.751567201637446,1.662962648528419,7009586.143485212,0,14806715.648941178,0.0,0.0,407456.1336764514,233699732.82400423
233,2024-06-01,24.42092181846645,0,53.836416394631854,251.3034006619514,0.46978902706513603,53.12057045050415,29.181113439464706,9518.980861484288,0.0,0.0,4.819453861289343,4.9630868002238655,5680911.483131163,0,12523770.510188237,0.0,0.0,1121113.3772386808,233699732.82400423
234,2024-07-01,5.721715022526356,0,61.478781284004356,251.3034006619514,0.46978902706513603,53.12057045050415,29.181113439464706,9518.980861484288,0.0,0.0,2.7585120778403134,1.7171322853214037,1331014.5290579956,0,14301599.566870589,0.0,0.0,641693.9313952281,233699732.82400423
235,2024-08-01,50.01395357397913,0,61.77874501269495,251.3034006619514,0.46978902706513603,53.12057045050415,29.181113439464706,9518.980861484288,0.0,0.0,6.781317646552069,5.613221780772561,11634534.180168156,0,14371310.48000784,0.0,0.0,1577498.0348055204,233699732.82400423
236,2024-09-01,4.976871400689301,0,36.19441421835328,251.3034006619514,0.46978902706513603,53.12057045050415,29.181113439464706,9518.980861484288,0.0,0.0,4.390252800265868,2.9984850143704938,1157746.0609258306,0,8419750.970517648,0.0,0.0,1021276.0093338065,233699732.82400423
237,2024-10-01,31.596121305862685,0,25.659412404787812,251.3034006619514,0.46978902706513603,53.12057045050415,29.181113439464706,9518.980861484288,0.0,0.10659752349932304,11.932786739977201,13.301809828322652,7350052.6725157825,0,5969024.458870588,0.0,24797.112865524618,2775858.327532829,233699732.82400423
238,2024-11-01,14.136885856334194,0,17.477330431628584,251.3034006619514,0.46978902706513603,53.12057045050415,29.181113439464706,9518.980861484288,0.0,0.4737080501960843,10.451175906888587,11.354282447186934,3288582.0793434787,0,4065656.161858824,0.0,110193.2188273989,2431190.9019253263,233699732.82400423
239,2024-12-01,1.4938182789737982,0,13.566920565832431,251.3034006619514,0.46978902706513603,53.12057045050415,29.181113439464706,9518.980861484288,0.0,0.0,6.188439226642274,5.331173347973946,347501.21092051937,0,3155988.776047059,0.0,0.0,1439578.419816844,233699732.82400423
