,Date,precip_and_snowmelt_input_Lower Green-Diamond_mean,irrigation_Lower Green-Diamond_mean,AET_Lower Green-Diamond_mean,soil_thickness_Lower Green-Diamond_mean,soil_porosity_Lower Green-Diamond_mean,field_capacity_Lower Green-Diamond_mean,wilting_point_Lower Green-Diamond_mean,Geo_K_Lower Green-Diamond_mean,Runoff_Lower Green-Diamond_mean,Recharge_Lower Green-Diamond_mean,Soil_Water_End_Of_Previous_Timestep_Lower Green-Diamond_mean,Soil_Saturation_Percent_End_Of_Timestep_Lower Green-Diamond_mean,precip_and_snowmelt_input_m3_Lower Green-Diamond_sum,irrigation_m3_Lower Green-Diamond_sum,AET_m3_Lower Green-Diamond_sum,Runoff_m3_Lower Green-Diamond_sum,Recharge_m3_Lower Green-Diamond_sum,Soil_Water_End_Of_Previous_Timestep_m3_Lower Green-Diamond_sum,Lower Green-Diamond_area_m2
0,2024-01-01,11.02544845215823,0.0,6.162128017967433,445.4188671405007,0.4835709483291987,95.17659139861756,46.88953532177782,12948.112307509622,0.0,6.664895791850896,66.4288481502185,30.29778321197073,46406944.33296308,0.0,25935531.73065098,0.0,28053256.353885006,279587665.9379054,4206074648.8933864
1,2024-01-01,11.02544845215823,0.0,6.162128017967433,445.4188671405007,0.4835709483291987,95.17659139861756,46.88953532177782,12948.112307509622,0.0,6.664895791850896,66.4288481502185,30.29778321197073,46406944.33296308,0.0,25935531.73065098,0.0,28053256.353885006,279587665.9379054,4206074648.8933864
2,2024-01-01,11.02544845215823,0.0,6.162128017967433,445.4188671405007,0.4835709483291987,95.17659139861756,46.88953532177782,12948.112307509622,0.0,6.664895791850896,66.4288481502185,30.29778321197073,46406944.33296308,0.0,25935531.73065098,0.0,28053256.353885006,279587665.9379054,4206074648.8933864
3,2024-01-01,11.02544845215823,0.0,6.162128017967433,445.4188671405007,0.4835709483291987,95.17659139861756,46.88953532177782,12948.112307509622,0.0,6.664895791850896,66.4288481502185,30.29778321197073,46406944.33296308,0.0,25935531.73065098,0.0,28053256.353885006,279587665.9379054,4206074648.893094
4,2024-01-01,11.02544845215823,0.0,6.162128017967433,445.4188671405007,0.4835709483291987,95.17659139861756,46.88953532177782,12948.112307509622,0.0,6.664895791850896,66.4288481502185,30.29778321197073,46406944.33296308,0.0,25935531.73065098,0.0,28053256.353885006,279587665.9379054,4206074648.8933864
5,2024-01-01,11.02544845215823,0.0,6.162128017967433,445.4188671405007,0.4835709483291987,95.17659139861756,46.88953532177782,12948.112307509622,0.0,6.664895791850896,66.4288481502185,30.29778321197073,46406944.33296308,0.0,25935531.73065098,0.0,28053256.353885006,279587665.9379054,4206074648.8933864
6,2024-01-01,11.02544845215823,0.0,6.162128017967433,445.4188671405007,0.4835709483291987,95.17659139861756,46.88953532177782,12948.112307509622,0.0,6.664895791850896,66.4288481502185,30.29778321197073,46406944.33296308,0.0,25935531.73065098,0.0,28053256.353885006,279587665.9379054,4206074648.893094
7,2024-01-01,11.02544845215823,0.0,6.162128017967433,445.4188671405007,0.4835709483291987,95.17659139861756,46.88953532177782,12948.112307509622,0.0,6.664895791850896,66.4288481502185,30.29778321197073,46406944.33296308,0.0,25935531.73065098,0.0,28053256.353885006,279587665.9379054,4206074648.893094
8,2024-01-01,11.02544845215823,0.0,6.162128017967433,445.4188671405007,0.4835709483291987,95.17659139861756,46.88953532177782,12948.112307509622,0.0,6.664895791850896,66.4288481502185,30.29778321197073,46406944.33296308,0.0,25935531.73065098,0.0,28053256.353885006,279587665.9379054,4206074648.8933864
9,2024-01-01,11.02544845215823,0.0,6.162128017967433,445.4188671405007,0.4835709483291987,95.17659139861756,46.88953532177782,12948.112307509622,0.0,6.664895791850896,66.4288481502185,30.29778321197073,46406944.33296308,0.0,25935531.73065098,0.0,28053256.353885006,279587665.9379054,4206074648.8933864
10,2024-01-01,11.02544845215823,0.0,6.162128017967433,445.4188671405007,0.4835709483291987,95.17659139861756,46.88953532177782,12948.112307509622,0.0,6.664895791850896,66.4288481502185,30.29778321197073,46406944.33296308,0.0,25935531.73065098,0.0,28053256.353885006,279587665.9379054,4206074648.893094
11,2024-01-01,11.02544845215823,0.0,6.162128017967433,445.4188671405007,0.4835709483291987,95.17659139861756,46.88953532177782,12948.112307509622,0.0,6.664895791850896,66.4288481502185,30.29778321197073,46406944.33296308,0.0,25935531.73065098,0.0,28053256.353885006,279587665.9379054,4206074648.8933864
12,2024-01-01,11.02544845215823,0.0,6.162128017967433,445.4188671405007,0.4835709483291987,95.17659139861756,46.88953532177782,12948.112307509622,0.0,6.664895791850896,66.4288481502185,30.29778321197073,46406944.33296308,0.0,25935531.73065098,0.0,28053256.353885006,279587665.9379054,4206074648.8933864
13,2024-01-01,11.02544845215823,0.0,6.162128017967433,445.4188671405007,0.4835709483291987,95.17659139861756,46.88953532177782,12948.112307509622,0.0,6.664895791850896,66.4288481502185,30.29778321197073,46406944.33296308,0.0,25935531.73065098,0.0,28053256.353885006,279587665.9379054,4206074648.8933864
14,2024-01-01,11.02544845215823,0.0,6.162128017967433,445.4188671405007,0.4835709483291987,95.17659139861756,46.88953532177782,12948.112307509622,0.0,6.664895791850896,66.4288481502185,30.29778321197073,46406944.33296308,0.0,25935531.73065098,0.0,28053256.353885006,279587665.9379054,4206074648.8933864
15,2024-01-01,11.02544845215823,0.0,6.162128017967433,445.4188671405007,0.4835709483291987,95.17659139861756,46.88953532177782,12948.112307509622,0.0,6.664895791850896,66.4288481502185,30.29778321197073,46406944.33296308,0.0,25935531.73065098,0.0,28053256.353885006,279587665.9379054,4206074648.8933864
16,2024-01-01,11.02544845215823,0.0,6.162128017967433,445.4188671405007,0.4835709483291987,95.17659139861756,46.88953532177782,12948.112307509622,0.0,6.664895791850896,66.4288481502185,30.29778321197073,46406944.33296308,0.0,25935531.73065098,0.0,28053256.353885006,279587665.9379054,4206074648.8933864
17,2024-01-01,11.02544845215823,0.0,6.162128017967433,445.4188671405007,0.4835709483291987,95.17659139861756,46.88953532177782,12948.112307509622,0.0,6.664895791850896,66.4288481502185,30.29778321197073,46406944.33296308,0.0,25935531.73065098,0.0,28053256.353885006,279587665.9379054,4206074648.8933864
18,2024-01-01,11.02544845215823,0.0,6.162128017967433,445.4188671405007,0.4835709483291987,95.17659139861756,46.88953532177782,12948.112307509622,0.0,6.664895791850896,66.4288481502185,30.29778321197073,46406944.33296308,0.0,25935531.73065098,0.0,28053256.353885006,279587665.9379054,4206074648.8933864
19,2024-01-01,11.02544845215823,0.0,6.162128017967433,445.4188671405007,0.4835709483291987,95.17659139861756,46.88953532177782,12948.112307509622,0.0,6.664895791850896,66.4288481502185,30.29778321197073,46406944.33296308,0.0,25935531.73065098,0.0,28053256.353885006,279587665.9379054,4206074648.893094
20,2024-02-01,50.10253652967765,0.0,15.075198524103627,445.4188671405007,0.4835709483291987,95.17659139861756,46.88953532177782,12948.112307509622,1.285969903200052,25.74020484805857,74.87467256915342,35.69804559941737,210882173.20168367,0.0,63448654.279945105,5413517.892628882,108341378.75425227,315137671.39727193,4206074648.8933864
21,2024-02-01,50.10253652967765,0.0,15.075198524103627,445.4188671405007,0.4835709483291987,95.17659139861756,46.88953532177782,12948.112307509622,1.285969903200052,25.74020484805857,74.87467256915342,35.69804559941737,210882173.20168367,0.0,63448654.279945105,5413517.892628882,108341378.75425227,315137671.39727193,4206074648.8933864
22,2024-02-01,50.10253652967765,0.0,15.075198524103627,445.4188671405007,0.4835709483291987,95.17659139861756,46.88953532177782,12948.112307509622,1.285969903200052,25.74020484805857,74.87467256915342,35.69804559941737,210882173.20168367,0.0,63448654.279945105,5413517.892628882,108341378.75425227,315137671.39727193,4206074648.8933864
23,2024-02-01,50.10253652967765,0.0,15.075198524103627,445.4188671405007,0.4835709483291987,95.17659139861756,46.88953532177782,12948.112307509622,1.285969903200052,25.74020484805857,74.87467256915342,35.69804559941737,210882173.20168367,0.0,63448654.279945105,5413517.892628882,108341378.75425227,315137671.39727193,4206074648.8933864
24,2024-02-01,50.10253652967765,0.0,15.075198524103627,445.4188671405007,0.4835709483291987,95.17659139861756,46.88953532177782,12948.112307509622,1.285969903200052,25.74020484805857,74.87467256915342,35.69804559941737,210882173.20168367,0.0,63448654.279945105,5413517.892628882,108341378.75425227,315137671.39727193,4206074648.893094
25,2024-02-01,50.10253652967765,0.0,15.075198524103627,445.4188671405007,0.4835709483291987,95.17659139861756,46.88953532177782,12948.112307509622,1.285969903200052,25.74020484805857,74.87467256915342,35.69804559941737,210882173.20168367,0.0,63448654.279945105,5413517.892628882,108341378.75425227,315137671.39727193,4206074648.8933864
26,2024-02-01,50.10253652967765,0.0,15.075198524103627,445.4188671405007,0.4835709483291987,95.17659139861756,46.88953532177782,12948.112307509622,1.285969903200052,25.74020484805857,74.87467256915342,35.69804559941737,210882173.20168367,0.0,63448654.279945105,5413517.892628882,108341378.75425227,315137671.39727193,4206074648.8933864
27,2024-02-01,50.10253652967765,0.0,15.075198524103627,445.4188671405007,0.4835709483291987,95.17659139861756,46.88953532177782,12948.112307509622,1.285969903200052,25.74020484805857,74.87467256915342,35.69804559941737,210882173.20168367,0.0,63448654.279945105,5413517.892628882,108341378.75425227,315137671.39727193,4206074648.8933864
28,2024-02-01,50.10253652967765,0.0,15.075198524103627,445.4188671405007,0.4835709483291987,95.17659139861756,46.88953532177782,12948.112307509622,1.285969903200052,25.74020484805857,74.87467256915342,35.69804559941737,210882173.20168367,0.0,63448654.279945105,5413517.892628882,108341378.75425227,315137671.39727193,4206074648.893094
29,2024-02-01,50.10253652967765,0.0,15.075198524103627,445.4188671405007,0.4835709483291987,95.17659139861756,46.88953532177782,12948.112307509622,1.285969903200052,25.74020484805857,74.87467256915342,35.69804559941737,210882173.20168367,0.0,63448654.279945105,5413517.892628882,108341378.75425227,315137671.39727193,4206074648.8933864
30,2024-02-01,50.10253652967765,0.0,15.075198524103627,445.4188671405007,0.4835709483291987,95.17659139861756,46.88953532177782,12948.112307509622,1.285969903200052,25.74020484805857,74.87467256915342,35.69804559941737,210882173.20168367,0.0,63448654.279945105,5413517.892628882,108341378.75425227,315137671.39727193,4206074648.893094
31,2024-02-01,50.10253652967765,0.0,15.075198524103627,445.4188671405007,0.4835709483291987,95.17659139861756,46.88953532177782,12948.112307509622,1.285969903200052,25.74020484805857,74.87467256915342,35.69804559941737,210882173.20168367,0.0,63448654.279945105,5413517.892628882,108341378.75425227,315137671.39727193,4206074648.8933864
32,2024-02-01,50.10253652967765,0.0,15.075198524103627,445.4188671405007,0.4835709483291987,95.17659139861756,46.88953532177782,12948.112307509622,1.285969903200052,25.74020484805857,74.87467256915342,35.69804559941737,210882173.20168367,0.0,63448654.279945105,5413517.892628882,108341378.75425227,315137671.39727193,4206074648.893094
33,2024-02-01,50.10253652967765,0.0,15.075198524103627,445.4188671405007,0.4835709483291987,95.17659139861756,46.88953532177782,12948.112307509622,1.285969903200052,25.74020484805857,74.87467256915342,35.69804559941737,210882173.20168367,0.0,63448654.279945105,5413517.892628882,108341378.75425227,315137671.39727193,4206074648.8933864
34,2024-02-01,50.10253652967765,0.0,15.075198524103627,445.4188671405007,0.4835709483291987,95.17659139861756,46.88953532177782,12948.112307509622,1.285969903200052,25.74020484805857,74.87467256915342,35.69804559941737,210882173.20168367,0.0,63448654.279945105,5413517.892628882,108341378.75425227,315137671.39727193,4206074648.8933864
35,2024-02-01,50.10253652967765,0.0,15.075198524103627,445.4188671405007,0.4835709483291987,95.17659139861756,46.88953532177782,12948.112307509622,1.285969903200052,25.74020484805857,74.87467256915342,35.69804559941737,210882173.20168367,0.0,63448654.279945105,5413517.892628882,108341378.75425227,315137671.39727193,4206074648.8933864
36,2024-02-01,50.10253652967765,0.0,15.075198524103627,445.4188671405007,0.4835709483291987,95.17659139861756,46.88953532177782,12948.112307509622,1.285969903200052,25.74020484805857,74.87467256915342,35.69804559941737,210882173.20168367,0.0,63448654.279945105,5413517.892628882,108341378.75425227,315137671.39727193,4206074648.893094
37,2024-02-01,50.10253652967765,0.0,15.075198524103627,445.4188671405007,0.4835709483291987,95.17659139861756,46.88953532177782,12948.112307509622,1.285969903200052,25.74020484805857,74.87467256915342,35.69804559941737,210882173.20168367,0.0,63448654.279945105,5413517.892628882,108341378.75425227,315137671.39727193,4206074648.8933864
38,2024-02-01,50.10253652967765,0.0,15.075198524103627,445.4188671405007,0.4835709483291987,95.17659139861756,46.88953532177782,12948.112307509622,1.285969903200052,25.74020484805857,74.87467256915342,35.69804559941737,210882173.20168367,0.0,63448654.279945105,5413517.892628882,108341378.75425227,315137671.39727193,4206074648.8933864
39,2024-02-01,50.10253652967765,0.0,15.075198524103627,445.4188671405007,0.4835709483291987,95.17659139861756,46.88953532177782,12948.112307509622,1.285969903200052,25.74020484805857,74.87467256915342,35.69804559941737,210882173.20168367,0.0,63448654.279945105,5413517.892628882,108341378.75425227,315137671.39727193,4206074648.8933864
40,2024-03-01,42.58898448701239,0.0,17.561743001524007,445.4188671405007,0.4835709483291987,95.17659139861756,46.88953532177782,12948.112307509622,1.69477882136382,24.124341391177676,74.97906804243041,35.683681489744124,179253820.33066958,0.0,73913087.82109801,7134480.723437754,101539230.19732663,315576934.23634434,4206074648.8933864
41,2024-03-01,42.58898448701239,0.0,17.561743001524007,445.4188671405007,0.4835709483291987,95.17659139861756,46.88953532177782,12948.112307509622,1.69477882136382,24.124341391177676,74.97906804243041,35.683681489744124,179253820.33066958,0.0,73913087.82109801,7134480.723437754,101539230.19732663,315576934.23634434,4206074648.8933864
42,2024-03-01,42.58898448701239,0.0,17.561743001524007,445.4188671405007,0.4835709483291987,95.17659139861756,46.88953532177782,12948.112307509622,1.69477882136382,24.124341391177676,74.97906804243041,35.683681489744124,179253820.33066958,0.0,73913087.82109801,7134480.723437754,101539230.19732663,315576934.23634434,4206074648.8933864
43,2024-03-01,42.58898448701239,0.0,17.561743001524007,445.4188671405007,0.4835709483291987,95.17659139861756,46.88953532177782,12948.112307509622,1.69477882136382,24.124341391177676,74.97906804243041,35.683681489744124,179253820.33066958,0.0,73913087.82109801,7134480.723437754,101539230.19732663,315576934.23634434,4206074648.8933864
44,2024-03-01,42.58898448701239,0.0,17.561743001524007,445.4188671405007,0.4835709483291987,95.17659139861756,46.88953532177782,12948.112307509622,1.69477882136382,24.124341391177676,74.97906804243041,35.683681489744124,179253820.33066958,0.0,73913087.82109801,7134480.723437754,101539230.19732663,315576934.23634434,4206074648.8933864
45,2024-03-01,42.58898448701239,0.0,17.561743001524007,445.4188671405007,0.4835709483291987,95.17659139861756,46.88953532177782,12948.112307509622,1.69477882136382,24.124341391177676,74.97906804243041,35.683681489744124,179253820.33066958,0.0,73913087.82109801,7134480.723437754,101539230.19732663,315576934.23634434,4206074648.8933864
46,2024-03-01,42.58898448701239,0.0,17.561743001524007,445.4188671405007,0.4835709483291987,95.17659139861756,46.88953532177782,12948.112307509622,1.69477882136382,24.124341391177676,74.97906804243041,35.683681489744124,179253820.33066958,0.0,73913087.82109801,7134480.723437754,101539230.19732663,315576934.23634434,4206074648.893094
47,2024-03-01,42.58898448701239,0.0,17.561743001524007,445.4188671405007,0.4835709483291987,95.17659139861756,46.88953532177782,12948.112307509622,1.69477882136382,24.124341391177676,74.97906804243041,35.683681489744124,179253820.33066958,0.0,73913087.82109801,7134480.723437754,101539230.19732663,315576934.23634434,4206074648.893094
48,2024-03-01,42.58898448701239,0.0,17.561743001524007,445.4188671405007,0.4835709483291987,95.17659139861756,46.88953532177782,12948.112307509622,1.69477882136382,24.124341391177676,74.97906804243041,35.683681489744124,179253820.33066958,0.0,73913087.82109801,7134480.723437754,101539230.19732663,315576934.23634434,4206074648.8933864
49,2024-03-01,42.58898448701239,0.0,17.561743001524007,445.4188671405007,0.4835709483291987,95.17659139861756,46.88953532177782,12948.112307509622,1.69477882136382,24.124341391177676,74.97906804243041,35.683681489744124,179253820.33066958,0.0,73913087.82109801,7134480.723437754,101539230.19732663,315576934.23634434,4206074648.8933864
50,2024-03-01,42.58898448701239,0.0,17.561743001524007,445.4188671405007,0.4835709483291987,95.17659139861756,46.88953532177782,12948.112307509622,1.69477882136382,24.124341391177676,74.97906804243041,35.683681489744124,179253820.33066958,0.0,73913087.82109801,7134480.723437754,101539230.19732663,315576934.23634434,4206074648.893094
51,2024-03-01,42.58898448701239,0.0,17.561743001524007,445.4188671405007,0.4835709483291987,95.17659139861756,46.88953532177782,12948.112307509622,1.69477882136382,24.124341391177676,74.97906804243041,35.683681489744124,179253820.33066958,0.0,73913087.82109801,7134480.723437754,101539230.19732663,315576934.23634434,4206074648.8933864
52,2024-03-01,42.58898448701239,0.0,17.561743001524007,445.4188671405007,0.4835709483291987,95.17659139861756,46.88953532177782,12948.112307509622,1.69477882136382,24.124341391177676,74.97906804243041,35.683681489744124,179253820.33066958,0.0,73913087.82109801,7134480.723437754,101539230.19732663,315576934.23634434,4206074648.8933864
53,2024-03-01,42.58898448701239,0.0,17.561743001524007,445.4188671405007,0.4835709483291987,95.17659139861756,46.88953532177782,12948.112307509622,1.69477882136382,24.124341391177676,74.97906804243041,35.683681489744124,179253820.33066958,0.0,73913087.82109801,7134480.723437754,101539230.19732663,315576934.23634434,4206074648.8933864
54,2024-03-01,42.58898448701239,0.0,17.561743001524007,445.4188671405007,0.4835709483291987,95.17659139861756,46.88953532177782,12948.112307509622,1.69477882136382,24.124341391177676,74.97906804243041,35.683681489744124,179253820.33066958,0.0,73913087.82109801,7134480.723437754,101539230.19732663,315576934.23634434,4206074648.893094
55,2024-03-01,42.58898448701239,0.0,17.561743001524007,445.4188671405007,0.4835709483291987,95.17659139861756,46.88953532177782,12948.112307509622,1.69477882136382,24.124341391177676,74.97906804243041,35.683681489744124,179253820.33066958,0.0,73913087.82109801,7134480.723437754,101539230.19732663,315576934.23634434,4206074648.8933864
56,2024-03-01,42.58898448701239,0.0,17.561743001524007,445.4188671405007,0.4835709483291987,95.17659139861756,46.88953532177782,12948.112307509622,1.69477882136382,24.124341391177676,74.97906804243041,35.683681489744124,179253820.33066958,0.0,73913087.82109801,7134480.723437754,101539230.19732663,315576934.23634434,4206074648.8933864
57,2024-03-01,42.58898448701239,0.0,17.561743001524007,445.4188671405007,0.4835709483291987,95.17659139861756,46.88953532177782,12948.112307509622,1.69477882136382,24.124341391177676,74.97906804243041,35.683681489744124,179253820.33066958,0.0,73913087.82109801,7134480.723437754,101539230.19732663,315576934.23634434,4206074648.8933864
58,2024-03-01,42.58898448701239,0.0,17.561743001524007,445.4188671405007,0.4835709483291987,95.17659139861756,46.88953532177782,12948.112307509622,1.69477882136382,24.124341391177676,74.97906804243041,35.683681489744124,179253820.33066958,0.0,73913087.82109801,7134480.723437754,101539230.19732663,315576934.23634434,4206074648.893094
59,2024-03-01,42.58898448701239,0.0,17.561743001524007,445.4188671405007,0.4835709483291987,95.17659139861756,46.88953532177782,12948.112307509622,1.69477882136382,24.124341391177676,74.97906804243041,35.683681489744124,179253820.33066958,0.0,73913087.82109801,7134480.723437754,101539230.19732663,315576934.23634434,4206074648.8933864
60,2024-04-01,20.651616162997655,2.7234026756724163,17.439139327825448,445.4188671405007,0.4835709483291987,95.17659139861756,46.88953532177782,12948.112307509622,0.049122661478803585,12.856135336150125,71.90170426457496,33.65643586042201,86920605.91290383,11462853.332928222,73397652.13360785,206772.6600602999,54111933.86202544,302624247.4852017,4206074648.8933864
61,2024-04-01,20.651616162997655,2.7234026756724163,17.439139327825448,445.4188671405007,0.4835709483291987,95.17659139861756,46.88953532177782,12948.112307509622,0.049122661478803585,12.856135336150125,71.90170426457496,33.65643586042201,86920605.91290383,11462853.332928222,73397652.13360785,206772.6600602999,54111933.86202544,302624247.4852017,4206074648.8933864
62,2024-04-01,20.651616162997655,2.7234026756724163,17.439139327825448,445.4188671405007,0.4835709483291987,95.17659139861756,46.88953532177782,12948.112307509622,0.049122661478803585,12.856135336150125,71.90170426457496,33.65643586042201,86920605.91290383,11462853.332928222,73397652.13360785,206772.6600602999,54111933.86202544,302624247.4852017,4206074648.8933864
63,2024-04-01,20.651616162997655,2.7234026756724163,17.439139327825448,445.4188671405007,0.4835709483291987,95.17659139861756,46.88953532177782,12948.112307509622,0.049122661478803585,12.856135336150125,71.90170426457496,33.65643586042201,86920605.91290383,11462853.332928222,73397652.13360785,206772.6600602999,54111933.86202544,302624247.4852017,4206074648.8933864
64,2024-04-01,20.651616162997655,2.7234026756724163,17.439139327825448,445.4188671405007,0.4835709483291987,95.17659139861756,46.88953532177782,12948.112307509622,0.049122661478803585,12.856135336150125,71.90170426457496,33.65643586042201,86920605.91290383,11462853.332928222,73397652.13360785,206772.6600602999,54111933.86202544,302624247.4852017,4206074648.8933864
65,2024-04-01,20.651616162997655,2.7234026756724163,17.439139327825448,445.4188671405007,0.4835709483291987,95.17659139861756,46.88953532177782,12948.112307509622,0.049122661478803585,12.856135336150125,71.90170426457496,33.65643586042201,86920605.91290383,11462853.332928222,73397652.13360785,206772.6600602999,54111933.86202544,302624247.4852017,4206074648.893094
66,2024-04-01,20.651616162997655,2.7234026756724163,17.439139327825448,445.4188671405007,0.4835709483291987,95.17659139861756,46.88953532177782,12948.112307509622,0.049122661478803585,12.856135336150125,71.90170426457496,33.65643586042201,86920605.91290383,11462853.332928222,73397652.13360785,206772.6600602999,54111933.86202544,302624247.4852017,4206074648.8933864
67,2024-04-01,20.651616162997655,2.7234026756724163,17.439139327825448,445.4188671405007,0.4835709483291987,95.17659139861756,46.88953532177782,12948.112307509622,0.049122661478803585,12.856135336150125,71.90170426457496,33.65643586042201,86920605.91290383,11462853.332928222,73397652.13360785,206772.6600602999,54111933.86202544,302624247.4852017,4206074648.8933864
68,2024-04-01,20.651616162997655,2.7234026756724163,17.439139327825448,445.4188671405007,0.4835709483291987,95.17659139861756,46.88953532177782,12948.112307509622,0.049122661478803585,12.856135336150125,71.90170426457496,33.65643586042201,86920605.91290383,11462853.332928222,73397652.13360785,206772.6600602999,54111933.86202544,302624247.4852017,4206074648.8933864
69,2024-04-01,20.651616162997655,2.7234026756724163,17.439139327825448,445.4188671405007,0.4835709483291987,95.17659139861756,46.88953532177782,12948.112307509622,0.049122661478803585,12.856135336150125,71.90170426457496,33.65643586042201,86920605.91290383,11462853.332928222,73397652.13360785,206772.6600602999,54111933.86202544,302624247.4852017,4206074648.8933864
70,2024-04-01,20.651616162997655,2.7234026756724163,17.439139327825448,445.4188671405007,0.4835709483291987,95.17659139861756,46.88953532177782,12948.112307509622,0.049122661478803585,12.856135336150125,71.90170426457496,33.65643586042201,86920605.91290383,11462853.332928222,73397652.13360785,206772.6600602999,54111933.86202544,302624247.4852017,4206074648.893094
71,2024-04-01,20.651616162997655,2.7234026756724163,17.439139327825448,445.4188671405007,0.4835709483291987,95.17659139861756,46.88953532177782,12948.112307509622,0.049122661478803585,12.856135336150125,71.90170426457496,33.65643586042201,86920605.91290383,11462853.332928222,73397652.13360785,206772.6600602999,54111933.86202544,302624247.4852017,4206074648.893094
72,2024-04-01,20.651616162997655,2.7234026756724163,17.439139327825448,445.4188671405007,0.4835709483291987,95.17659139861756,46.88953532177782,12948.112307509622,0.049122661478803585,12.856135336150125,71.90170426457496,33.65643586042201,86920605.91290383,11462853.332928222,73397652.13360785,206772.6600602999,54111933.86202544,302624247.4852017,4206074648.8933864
73,2024-04-01,20.651616162997655,2.7234026756724163,17.439139327825448,445.4188671405007,0.4835709483291987,95.17659139861756,46.88953532177782,12948.112307509622,0.049122661478803585,12.856135336150125,71.90170426457496,33.65643586042201,86920605.91290383,11462853.332928222,73397652.13360785,206772.6600602999,54111933.86202544,302624247.4852017,4206074648.8933864
74,2024-04-01,20.651616162997655,2.7234026756724163,17.439139327825448,445.4188671405007,0.4835709483291987,95.17659139861756,46.88953532177782,12948.112307509622,0.049122661478803585,12.856135336150125,71.90170426457496,33.65643586042201,86920605.91290383,11462853.332928222,73397652.13360785,206772.6600602999,54111933.86202544,302624247.4852017,4206074648.893094
75,2024-04-01,20.651616162997655,2.7234026756724163,17.439139327825448,445.4188671405007,0.4835709483291987,95.17659139861756,46.88953532177782,12948.112307509622,0.049122661478803585,12.856135336150125,71.90170426457496,33.65643586042201,86920605.91290383,11462853.332928222,73397652.13360785,206772.6600602999,54111933.86202544,302624247.4852017,4206074648.8933864
76,2024-04-01,20.651616162997655,2.7234026756724163,17.439139327825448,445.4188671405007,0.4835709483291987,95.17659139861756,46.88953532177782,12948.112307509622,0.049122661478803585,12.856135336150125,71.90170426457496,33.65643586042201,86920605.91290383,11462853.332928222,73397652.13360785,206772.6600602999,54111933.86202544,302624247.4852017,4206074648.8933864
77,2024-04-01,20.651616162997655,2.7234026756724163,17.439139327825448,445.4188671405007,0.4835709483291987,95.17659139861756,46.88953532177782,12948.112307509622,0.049122661478803585,12.856135336150125,71.90170426457496,33.65643586042201,86920605.91290383,11462853.332928222,73397652.13360785,206772.6600602999,54111933.86202544,302624247.4852017,4206074648.8933864
78,2024-04-01,20.651616162997655,2.7234026756724163,17.439139327825448,445.4188671405007,0.4835709483291987,95.17659139861756,46.88953532177782,12948.112307509622,0.049122661478803585,12.856135336150125,71.90170426457496,33.65643586042201,86920605.91290383,11462853.332928222,73397652.13360785,206772.6600602999,54111933.86202544,302624247.4852017,4206074648.893094
79,2024-04-01,20.651616162997655,2.7234026756724163,17.439139327825448,445.4188671405007,0.4835709483291987,95.17659139861756,46.88953532177782,12948.112307509622,0.049122661478803585,12.856135336150125,71.90170426457496,33.65643586042201,86920605.91290383,11462853.332928222,73397652.13360785,206772.6600602999,54111933.86202544,302624247.4852017,4206074648.8933864
80,2024-05-01,35.56638660247828,7.08084688126787,31.778856180316016,445.4188671405007,0.4835709483291987,95.17659139861756,46.88953532177782,12948.112307509622,0.7174568826530183,19.62196217805393,68.96280836754875,31.85881831338168,149692462.5658903,29803418.34789874,133751785.95337254,3019770.3448933135,82585932.90343112,290254160.42077667,4206074648.8933864
81,2024-05-01,35.56638660247828,7.08084688126787,31.778856180316016,445.4188671405007,0.4835709483291987,95.17659139861756,46.88953532177782,12948.112307509622,0.7174568826530183,19.62196217805393,68.96280836754875,31.85881831338168,149692462.5658903,29803418.34789874,133751785.95337254,3019770.3448933135,82585932.90343112,290254160.42077667,4206074648.893094
82,2024-05-01,35.56638660247828,7.08084688126787,31.778856180316016,445.4188671405007,0.4835709483291987,95.17659139861756,46.88953532177782,12948.112307509622,0.7174568826530183,19.62196217805393,68.96280836754875,31.85881831338168,149692462.5658903,29803418.34789874,133751785.95337254,3019770.3448933135,82585932.90343112,290254160.42077667,4206074648.8933864
83,2024-05-01,35.56638660247828,7.08084688126787,31.778856180316016,445.4188671405007,0.4835709483291987,95.17659139861756,46.88953532177782,12948.112307509622,0.7174568826530183,19.62196217805393,68.96280836754875,31.85881831338168,149692462.5658903,29803418.34789874,133751785.95337254,3019770.3448933135,82585932.90343112,290254160.42077667,4206074648.893094
84,2024-05-01,35.56638660247828,7.08084688126787,31.778856180316016,445.4188671405007,0.4835709483291987,95.17659139861756,46.88953532177782,12948.112307509622,0.7174568826530183,19.62196217805393,68.96280836754875,31.85881831338168,149692462.5658903,29803418.34789874,133751785.95337254,3019770.3448933135,82585932.90343112,290254160.42077667,4206074648.893094
85,2024-05-01,35.56638660247828,7.08084688126787,31.778856180316016,445.4188671405007,0.4835709483291987,95.17659139861756,46.88953532177782,12948.112307509622,0.7174568826530183,19.62196217805393,68.96280836754875,31.85881831338168,149692462.5658903,29803418.34789874,133751785.95337254,3019770.3448933135,82585932.90343112,290254160.42077667,4206074648.8933864
86,2024-05-01,35.56638660247828,7.08084688126787,31.778856180316016,445.4188671405007,0.4835709483291987,95.17659139861756,46.88953532177782,12948.112307509622,0.7174568826530183,19.62196217805393,68.96280836754875,31.85881831338168,149692462.5658903,29803418.34789874,133751785.95337254,3019770.3448933135,82585932.90343112,290254160.42077667,4206074648.8933864
87,2024-05-01,35.56638660247828,7.08084688126787,31.778856180316016,445.4188671405007,0.4835709483291987,95.17659139861756,46.88953532177782,12948.112307509622,0.7174568826530183,19.62196217805393,68.96280836754875,31.85881831338168,149692462.5658903,29803418.34789874,133751785.95337254,3019770.3448933135,82585932.90343112,290254160.42077667,4206074648.8933864
88,2024-05-01,35.56638660247828,7.08084688126787,31.778856180316016,445.4188671405007,0.4835709483291987,95.17659139861756,46.88953532177782,12948.112307509622,0.7174568826530183,19.62196217805393,68.96280836754875,31.85881831338168,149692462.5658903,29803418.34789874,133751785.95337254,3019770.3448933135,82585932.90343112,290254160.42077667,4206074648.8933864
89,2024-05-01,35.56638660247828,7.08084688126787,31.778856180316016,445.4188671405007,0.4835709483291987,95.17659139861756,46.88953532177782,12948.112307509622,0.7174568826530183,19.62196217805393,68.96280836754875,31.85881831338168,149692462.5658903,29803418.34789874,133751785.95337254,3019770.3448933135,82585932.90343112,290254160.42077667,4206074648.8933864
90,2024-05-01,35.56638660247828,7.08084688126787,31.778856180316016,445.4188671405007,0.4835709483291987,95.17659139861756,46.88953532177782,12948.112307509622,0.7174568826530183,19.62196217805393,68.96280836754875,31.85881831338168,149692462.5658903,29803418.34789874,133751785.95337254,3019770.3448933135,82585932.90343112,290254160.42077667,4206074648.8933864
91,2024-05-01,35.56638660247828,7.08084688126787,31.778856180316016,445.4188671405007,0.4835709483291987,95.17659139861756,46.88953532177782,12948.112307509622,0.7174568826530183,19.62196217805393,68.96280836754875,31.85881831338168,149692462.5658903,29803418.34789874,133751785.95337254,3019770.3448933135,82585932.90343112,290254160.42077667,4206074648.8933864
92,2024-05-01,35.56638660247828,7.08084688126787,31.778856180316016,445.4188671405007,0.4835709483291987,95.17659139861756,46.88953532177782,12948.112307509622,0.7174568826530183,19.62196217805393,68.96280836754875,31.85881831338168,149692462.5658903,29803418.34789874,133751785.95337254,3019770.3448933135,82585932.90343112,290254160.42077667,4206074648.893094
93,2024-05-01,35.56638660247828,7.08084688126787,31.778856180316016,445.4188671405007,0.4835709483291987,95.17659139861756,46.88953532177782,12948.112307509622,0.7174568826530183,19.62196217805393,68.96280836754875,31.85881831338168,149692462.5658903,29803418.34789874,133751785.95337254,3019770.3448933135,82585932.90343112,290254160.42077667,4206074648.8933864
94,2024-05-01,35.56638660247828,7.08084688126787,31.778856180316016,445.4188671405007,0.4835709483291987,95.17659139861756,46.88953532177782,12948.112307509622,0.7174568826530183,19.62196217805393,68.96280836754875,31.85881831338168,149692462.5658903,29803418.34789874,133751785.95337254,3019770.3448933135,82585932.90343112,290254160.42077667,4206074648.893094
95,2024-05-01,35.56638660247828,7.08084688126787,31.778856180316016,445.4188671405007,0.4835709483291987,95.17659139861756,46.88953532177782,12948.112307509622,0.7174568826530183,19.62196217805393,68.96280836754875,31.85881831338168,149692462.5658903,29803418.34789874,133751785.95337254,3019770.3448933135,82585932.90343112,290254160.42077667,4206074648.8933864
96,2024-05-01,35.56638660247828,7.08084688126787,31.778856180316016,445.4188671405007,0.4835709483291987,95.17659139861756,46.88953532177782,12948.112307509622,0.7174568826530183,19.62196217805393,68.96280836754875,31.85881831338168,149692462.5658903,29803418.34789874,133751785.95337254,3019770.3448933135,82585932.90343112,290254160.42077667,4206074648.8933864
97,2024-05-01,35.56638660247828,7.08084688126787,31.778856180316016,445.4188671405007,0.4835709483291987,95.17659139861756,46.88953532177782,12948.112307509622,0.7174568826530183,19.62196217805393,68.96280836754875,31.85881831338168,149692462.5658903,29803418.34789874,133751785.95337254,3019770.3448933135,82585932.90343112,290254160.42077667,4206074648.8933864
98,2024-05-01,35.56638660247828,7.08084688126787,31.778856180316016,445.4188671405007,0.4835709483291987,95.17659139861756,46.88953532177782,12948.112307509622,0.7174568826530183,19.62196217805393,68.96280836754875,31.85881831338168,149692462.5658903,29803418.34789874,133751785.95337254,3019770.3448933135,82585932.90343112,290254160.42077667,4206074648.8933864
99,2024-05-01,35.56638660247828,7.08084688126787,31.778856180316016,445.4188671405007,0.4835709483291987,95.17659139861756,46.88953532177782,12948.112307509622,0.7174568826530183,19.62196217805393,68.96280836754875,31.85881831338168,149692462.5658903,29803418.34789874,133751785.95337254,3019770.3448933135,82585932.90343112,290254160.42077667,4206074648.8933864
100,2024-06-01,19.004609308859607,10.893610702689665,36.95259485040506,445.4188671405007,0.4835709483291987,95.17659139861756,46.88953532177782,12948.112307509622,1.4767698123512791,11.047704409737706,63.07046203800957,28.590945136314662,79985406.21786988,45851413.33171289,155529379.0843608,6215683.654858386,46497081.610816374,265452153.12748045,4206074648.893094
101,2024-06-01,19.004609308859607,10.893610702689665,36.95259485040506,445.4188671405007,0.4835709483291987,95.17659139861756,46.88953532177782,12948.112307509622,1.4767698123512791,11.047704409737706,63.07046203800957,28.590945136314662,79985406.21786988,45851413.33171289,155529379.0843608,6215683.654858386,46497081.610816374,265452153.12748045,4206074648.8933864
102,2024-06-01,19.004609308859607,10.893610702689665,36.95259485040506,445.4188671405007,0.4835709483291987,95.17659139861756,46.88953532177782,12948.112307509622,1.4767698123512791,11.047704409737706,63.07046203800957,28.590945136314662,79985406.21786988,45851413.33171289,155529379.0843608,6215683.654858386,46497081.610816374,265452153.12748045,4206074648.893094
103,2024-06-01,19.004609308859607,10.893610702689665,36.95259485040506,445.4188671405007,0.4835709483291987,95.17659139861756,46.88953532177782,12948.112307509622,1.4767698123512791,11.047704409737706,63.07046203800957,28.590945136314662,79985406.21786988,45851413.33171289,155529379.0843608,6215683.654858386,46497081.610816374,265452153.12748045,4206074648.8933864
104,2024-06-01,19.004609308859607,10.893610702689665,36.95259485040506,445.4188671405007,0.4835709483291987,95.17659139861756,46.88953532177782,12948.112307509622,1.4767698123512791,11.047704409737706,63.07046203800957,28.590945136314662,79985406.21786988,45851413.33171289,155529379.0843608,6215683.654858386,46497081.610816374,265452153.12748045,4206074648.8933864
105,2024-06-01,19.004609308859607,10.893610702689665,36.95259485040506,445.4188671405007,0.4835709483291987,95.17659139861756,46.88953532177782,12948.112307509622,1.4767698123512791,11.047704409737706,63.07046203800957,28.590945136314662,79985406.21786988,45851413.33171289,155529379.0843608,6215683.654858386,46497081.610816374,265452153.12748045,4206074648.8933864
106,2024-06-01,19.004609308859607,10.893610702689665,36.95259485040506,445.4188671405007,0.4835709483291987,95.17659139861756,46.88953532177782,12948.112307509622,1.4767698123512791,11.047704409737706,63.07046203800957,28.590945136314662,79985406.21786988,45851413.33171289,155529379.0843608,6215683.654858386,46497081.610816374,265452153.12748045,4206074648.893094
107,2024-06-01,19.004609308859607,10.893610702689665,36.95259485040506,445.4188671405007,0.4835709483291987,95.17659139861756,46.88953532177782,12948.112307509622,1.4767698123512791,11.047704409737706,63.07046203800957,28.590945136314662,79985406.21786988,45851413.33171289,155529379.0843608,6215683.654858386,46497081.610816374,265452153.12748045,4206074648.8933864
108,2024-06-01,19.004609308859607,10.893610702689665,36.95259485040506,445.4188671405007,0.4835709483291987,95.17659139861756,46.88953532177782,12948.112307509622,1.4767698123512791,11.047704409737706,63.07046203800957,28.590945136314662,79985406.21786988,45851413.33171289,155529379.0843608,6215683.654858386,46497081.610816374,265452153.12748045,4206074648.8933864
109,2024-06-01,19.004609308859607,10.893610702689665,36.95259485040506,445.4188671405007,0.4835709483291987,95.17659139861756,46.88953532177782,12948.112307509622,1.4767698123512791,11.047704409737706,63.07046203800957,28.590945136314662,79985406.21786988,45851413.33171289,155529379.0843608,6215683.654858386,46497081.610816374,265452153.12748045,4206074648.8933864
110,2024-06-01,19.004609308859607,10.893610702689665,36.95259485040506,445.4188671405007,0.4835709483291987,95.17659139861756,46.88953532177782,12948.112307509622,1.4767698123512791,11.047704409737706,63.07046203800957,28.590945136314662,79985406.21786988,45851413.33171289,155529379.0843608,6215683.654858386,46497081.610816374,265452153.12748045,4206074648.893094
111,2024-06-01,19.004609308859607,10.893610702689665,36.95259485040506,445.4188671405007,0.4835709483291987,95.17659139861756,46.88953532177782,12948.112307509622,1.4767698123512791,11.047704409737706,63.07046203800957,28.590945136314662,79985406.21786988,45851413.33171289,155529379.0843608,6215683.654858386,46497081.610816374,265452153.12748045,4206074648.8933864
112,2024-06-01,19.004609308859607,10.893610702689665,36.95259485040506,445.4188671405007,0.4835709483291987,95.17659139861756,46.88953532177782,12948.112307509622,1.4767698123512791,11.047704409737706,63.07046203800957,28.590945136314662,79985406.21786988,45851413.33171289,155529379.0843608,6215683.654858386,46497081.610816374,265452153.12748045,4206074648.8933864
113,2024-06-01,19.004609308859607,10.893610702689665,36.95259485040506,445.4188671405007,0.4835709483291987,95.17659139861756,46.88953532177782,12948.112307509622,1.4767698123512791,11.047704409737706,63.07046203800957,28.590945136314662,79985406.21786988,45851413.33171289,155529379.0843608,6215683.654858386,46497081.610816374,265452153.12748045,4206074648.8933864
114,2024-06-01,19.004609308859607,10.893610702689665,36.95259485040506,445.4188671405007,0.4835709483291987,95.17659139861756,46.88953532177782,12948.112307509622,1.4767698123512791,11.047704409737706,63.07046203800957,28.590945136314662,79985406.21786988,45851413.33171289,155529379.0843608,6215683.654858386,46497081.610816374,265452153.12748045,4206074648.8933864
115,2024-06-01,19.004609308859607,10.893610702689665,36.95259485040506,445.4188671405007,0.4835709483291987,95.17659139861756,46.88953532177782,12948.112307509622,1.4767698123512791,11.047704409737706,63.07046203800957,28.590945136314662,79985406.21786988,45851413.33171289,155529379.0843608,6215683.654858386,46497081.610816374,265452153.12748045,4206074648.8933864
116,2024-06-01,19.004609308859607,10.893610702689665,36.95259485040506,445.4188671405007,0.4835709483291987,95.17659139861756,46.88953532177782,12948.112307509622,1.4767698123512791,11.047704409737706,63.07046203800957,28.590945136314662,79985406.21786988,45851413.33171289,155529379.0843608,6215683.654858386,46497081.610816374,265452153.12748045,4206074648.8933864
117,2024-06-01,19.004609308859607,10.893610702689665,36.95259485040506,445.4188671405007,0.4835709483291987,95.17659139861756,46.88953532177782,12948.112307509622,1.4767698123512791,11.047704409737706,63.07046203800957,28.590945136314662,79985406.21786988,45851413.33171289,155529379.0843608,6215683.654858386,46497081.610816374,265452153.12748045,4206074648.893094
118,2024-06-01,19.004609308859607,10.893610702689665,36.95259485040506,445.4188671405007,0.4835709483291987,95.17659139861756,46.88953532177782,12948.112307509622,1.4767698123512791,11.047704409737706,63.07046203800957,28.590945136314662,79985406.21786988,45851413.33171289,155529379.0843608,6215683.654858386,46497081.610816374,265452153.12748045,4206074648.8933864
119,2024-06-01,19.004609308859607,10.893610702689665,36.95259485040506,445.4188671405007,0.4835709483291987,95.17659139861756,46.88953532177782,12948.112307509622,1.4767698123512791,11.047704409737706,63.07046203800957,28.590945136314662,79985406.21786988,45851413.33171289,155529379.0843608,6215683.654858386,46497081.610816374,265452153.12748045,4206074648.8933864
120,2024-07-01,10.904620649501569,14.16169376253574,34.91190743563004,445.4188671405007,0.4835709483291987,95.17659139861756,46.88953532177782,12948.112307509622,2.873308149003088,7.591375578606002,61.451176773521055,27.576048289241573,45896336.27085187,59606836.69579748,146942530.50136477,12093964.378561009,31951031.581928633,258636493.494382,4206074648.8933864
121,2024-07-01,10.904620649501569,14.16169376253574,34.91190743563004,445.4188671405007,0.4835709483291987,95.17659139861756,46.88953532177782,12948.112307509622,2.873308149003088,7.591375578606002,61.451176773521055,27.576048289241573,45896336.27085187,59606836.69579748,146942530.50136477,12093964.378561009,31951031.581928633,258636493.494382,4206074648.8933864
122,2024-07-01,10.904620649501569,14.16169376253574,34.91190743563004,445.4188671405007,0.4835709483291987,95.17659139861756,46.88953532177782,12948.112307509622,2.873308149003088,7.591375578606002,61.451176773521055,27.576048289241573,45896336.27085187,59606836.69579748,146942530.50136477,12093964.378561009,31951031.581928633,258636493.494382,4206074648.8933864
123,2024-07-01,10.904620649501569,14.16169376253574,34.91190743563004,445.4188671405007,0.4835709483291987,95.17659139861756,46.88953532177782,12948.112307509622,2.873308149003088,7.591375578606002,61.451176773521055,27.576048289241573,45896336.27085187,59606836.69579748,146942530.50136477,12093964.378561009,31951031.581928633,258636493.494382,4206074648.8933864
124,2024-07-01,10.904620649501569,14.16169376253574,34.91190743563004,445.4188671405007,0.4835709483291987,95.17659139861756,46.88953532177782,12948.112307509622,2.873308149003088,7.591375578606002,61.451176773521055,27.576048289241573,45896336.27085187,59606836.69579748,146942530.50136477,12093964.378561009,31951031.581928633,258636493.494382,4206074648.8933864
125,2024-07-01,10.904620649501569,14.16169376253574,34.91190743563004,445.4188671405007,0.4835709483291987,95.17659139861756,46.88953532177782,12948.112307509622,2.873308149003088,7.591375578606002,61.451176773521055,27.576048289241573,45896336.27085187,59606836.69579748,146942530.50136477,12093964.378561009,31951031.581928633,258636493.494382,4206074648.8933864
126,2024-07-01,10.904620649501569,14.16169376253574,34.91190743563004,445.4188671405007,0.4835709483291987,95.17659139861756,46.88953532177782,12948.112307509622,2.873308149003088,7.591375578606002,61.451176773521055,27.576048289241573,45896336.27085187,59606836.69579748,146942530.50136477,12093964.378561009,31951031.581928633,258636493.494382,4206074648.893094
127,2024-07-01,10.904620649501569,14.16169376253574,34.91190743563004,445.4188671405007,0.4835709483291987,95.17659139861756,46.88953532177782,12948.112307509622,2.873308149003088,7.591375578606002,61.451176773521055,27.576048289241573,45896336.27085187,59606836.69579748,146942530.50136477,12093964.378561009,31951031.581928633,258636493.494382,4206074648.8933864
128,2024-07-01,10.904620649501569,14.16169376253574,34.91190743563004,445.4188671405007,0.4835709483291987,95.17659139861756,46.88953532177782,12948.112307509622,2.873308149003088,7.591375578606002,61.451176773521055,27.576048289241573,45896336.27085187,59606836.69579748,146942530.50136477,12093964.378561009,31951031.581928633,258636493.494382,4206074648.8933864
129,2024-07-01,10.904620649501569,14.16169376253574,34.91190743563004,445.4188671405007,0.4835709483291987,95.17659139861756,46.88953532177782,12948.112307509622,2.873308149003088,7.591375578606002,61.451176773521055,27.576048289241573,45896336.27085187,59606836.69579748,146942530.50136477,12093964.378561009,31951031.581928633,258636493.494382,4206074648.8933864
130,2024-07-01,10.904620649501569,14.16169376253574,34.91190743563004,445.4188671405007,0.4835709483291987,95.17659139861756,46.88953532177782,12948.112307509622,2.873308149003088,7.591375578606002,61.451176773521055,27.576048289241573,45896336.27085187,59606836.69579748,146942530.50136477,12093964.378561009,31951031.581928633,258636493.494382,4206074648.8933864
131,2024-07-01,10.904620649501569,14.16169376253574,34.91190743563004,445.4188671405007,0.4835709483291987,95.17659139861756,46.88953532177782,12948.112307509622,2.873308149003088,7.591375578606002,61.451176773521055,27.576048289241573,45896336.27085187,59606836.69579748,146942530.50136477,12093964.378561009,31951031.581928633,258636493.494382,4206074648.893094
132,2024-07-01,10.904620649501569,14.16169376253574,34.91190743563004,445.4188671405007,0.4835709483291987,95.17659139861756,46.88953532177782,12948.112307509622,2.873308149003088,7.591375578606002,61.451176773521055,27.576048289241573,45896336.27085187,59606836.69579748,146942530.50136477,12093964.378561009,31951031.581928633,258636493.494382,4206074648.8933864
133,2024-07-01,10.904620649501569,14.16169376253574,34.91190743563004,445.4188671405007,0.4835709483291987,95.17659139861756,46.88953532177782,12948.112307509622,2.873308149003088,7.591375578606002,61.451176773521055,27.576048289241573,45896336.27085187,59606836.69579748,146942530.50136477,12093964.378561009,31951031.581928633,258636493.494382,4206074648.8933864
134,2024-07-01,10.904620649501569,14.16169376253574,34.91190743563004,445.4188671405007,0.4835709483291987,95.17659139861756,46.88953532177782,12948.112307509622,2.873308149003088,7.591375578606002,61.451176773521055,27.576048289241573,45896336.27085187,59606836.69579748,146942530.50136477,12093964.378561009,31951031.581928633,258636493.494382,4206074648.8933864
135,2024-07-01,10.904620649501569,14.16169376253574,34.91190743563004,445.4188671405007,0.4835709483291987,95.17659139861756,46.88953532177782,12948.112307509622,2.873308149003088,7.591375578606002,61.451176773521055,27.576048289241573,45896336.27085187,59606836.69579748,146942530.50136477,12093964.378561009,31951031.581928633,258636493.494382,4206074648.8933864
136,2024-07-01,10.904620649501569,14.16169376253574,34.91190743563004,445.4188671405007,0.4835709483291987,95.17659139861756,46.88953532177782,12948.112307509622,2.873308149003088,7.591375578606002,61.451176773521055,27.576048289241573,45896336.27085187,59606836.69579748,146942530.50136477,12093964.378561009,31951031.581928633,258636493.494382,4206074648.893094
137,2024-07-01,10.904620649501569,14.16169376253574,34.91190743563004,445.4188671405007,0.4835709483291987,95.17659139861756,46.88953532177782,12948.112307509622,2.873308149003088,7.591375578606002,61.451176773521055,27.576048289241573,45896336.27085187,59606836.69579748,146942530.50136477,12093964.378561009,31951031.581928633,258636493.494382,4206074648.893094
138,2024-07-01,10.904620649501569,14.16169376253574,34.91190743563004,445.4188671405007,0.4835709483291987,95.17659139861756,46.88953532177782,12948.112307509622,2.873308149003088,7.591375578606002,61.451176773521055,27.576048289241573,45896336.27085187,59606836.69579748,146942530.50136477,12093964.378561009,31951031.581928633,258636493.494382,4206074648.893094
139,2024-07-01,10.904620649501569,14.16169376253574,34.91190743563004,445.4188671405007,0.4835709483291987,95.17659139861756,46.88953532177782,12948.112307509622,2.873308149003088,7.591375578606002,61.451176773521055,27.576048289241573,45896336.27085187,59606836.69579748,146942530.50136477,12093964.378561009,31951031.581928633,258636493.494382,4206074648.8933864
140,2024-08-01,45.712963618298176,11.438291164258047,43.67014919387179,445.4188671405007,0.4835709483291987,95.17659139861756,46.88953532177782,12948.112307509622,3.17282320545695,20.885165789568735,61.26737734139769,27.559842672873256,192400756.95542628,48143983.68859323,183803625.6877881,13354588.703416178,87902777.20500469,257863025.93138283,4206074648.8933864
141,2024-08-01,45.712963618298176,11.438291164258047,43.67014919387179,445.4188671405007,0.4835709483291987,95.17659139861756,46.88953532177782,12948.112307509622,3.17282320545695,20.885165789568735,61.26737734139769,27.559842672873256,192400756.95542628,48143983.68859323,183803625.6877881,13354588.703416178,87902777.20500469,257863025.93138283,4206074648.8933864
142,2024-08-01,45.712963618298176,11.438291164258047,43.67014919387179,445.4188671405007,0.4835709483291987,95.17659139861756,46.88953532177782,12948.112307509622,3.17282320545695,20.885165789568735,61.26737734139769,27.559842672873256,192400756.95542628,48143983.68859323,183803625.6877881,13354588.703416178,87902777.20500469,257863025.93138283,4206074648.8933864
143,2024-08-01,45.712963618298176,11.438291164258047,43.67014919387179,445.4188671405007,0.4835709483291987,95.17659139861756,46.88953532177782,12948.112307509622,3.17282320545695,20.885165789568735,61.26737734139769,27.559842672873256,192400756.95542628,48143983.68859323,183803625.6877881,13354588.703416178,87902777.20500469,257863025.93138283,4206074648.8933864
144,2024-08-01,45.712963618298176,11.438291164258047,43.67014919387179,445.4188671405007,0.4835709483291987,95.17659139861756,46.88953532177782,12948.112307509622,3.17282320545695,20.885165789568735,61.26737734139769,27.559842672873256,192400756.95542628,48143983.68859323,183803625.6877881,13354588.703416178,87902777.20500469,257863025.93138283,4206074648.8933864
145,2024-08-01,45.712963618298176,11.438291164258047,43.67014919387179,445.4188671405007,0.4835709483291987,95.17659139861756,46.88953532177782,12948.112307509622,3.17282320545695,20.885165789568735,61.26737734139769,27.559842672873256,192400756.95542628,48143983.68859323,183803625.6877881,13354588.703416178,87902777.20500469,257863025.93138283,4206074648.8933864
146,2024-08-01,45.712963618298176,11.438291164258047,43.67014919387179,445.4188671405007,0.4835709483291987,95.17659139861756,46.88953532177782,12948.112307509622,3.17282320545695,20.885165789568735,61.26737734139769,27.559842672873256,192400756.95542628,48143983.68859323,183803625.6877881,13354588.703416178,87902777.20500469,257863025.93138283,4206074648.8933864
147,2024-08-01,45.712963618298176,11.438291164258047,43.67014919387179,445.4188671405007,0.4835709483291987,95.17659139861756,46.88953532177782,12948.112307509622,3.17282320545695,20.885165789568735,61.26737734139769,27.559842672873256,192400756.95542628,48143983.68859323,183803625.6877881,13354588.703416178,87902777.20500469,257863025.93138283,4206074648.8933864
148,2024-08-01,45.712963618298176,11.438291164258047,43.67014919387179,445.4188671405007,0.4835709483291987,95.17659139861756,46.88953532177782,12948.112307509622,3.17282320545695,20.885165789568735,61.26737734139769,27.559842672873256,192400756.95542628,48143983.68859323,183803625.6877881,13354588.703416178,87902777.20500469,257863025.93138283,4206074648.8933864
149,2024-08-01,45.712963618298176,11.438291164258047,43.67014919387179,445.4188671405007,0.4835709483291987,95.17659139861756,46.88953532177782,12948.112307509622,3.17282320545695,20.885165789568735,61.26737734139769,27.559842672873256,192400756.95542628,48143983.68859323,183803625.6877881,13354588.703416178,87902777.20500469,257863025.93138283,4206074648.893094
150,2024-08-01,45.712963618298176,11.438291164258047,43.67014919387179,445.4188671405007,0.4835709483291987,95.17659139861756,46.88953532177782,12948.112307509622,3.17282320545695,20.885165789568735,61.26737734139769,27.559842672873256,192400756.95542628,48143983.68859323,183803625.6877881,13354588.703416178,87902777.20500469,257863025.93138283,4206074648.8933864
151,2024-08-01,45.712963618298176,11.438291164258047,43.67014919387179,445.4188671405007,0.4835709483291987,95.17659139861756,46.88953532177782,12948.112307509622,3.17282320545695,20.885165789568735,61.26737734139769,27.559842672873256,192400756.95542628,48143983.68859323,183803625.6877881,13354588.703416178,87902777.20500469,257863025.93138283,4206074648.8933864
152,2024-08-01,45.712963618298176,11.438291164258047,43.67014919387179,445.4188671405007,0.4835709483291987,95.17659139861756,46.88953532177782,12948.112307509622,3.17282320545695,20.885165789568735,61.26737734139769,27.559842672873256,192400756.95542628,48143983.68859323,183803625.6877881,13354588.703416178,87902777.20500469,257863025.93138283,4206074648.8933864
153,2024-08-01,45.712963618298176,11.438291164258047,43.67014919387179,445.4188671405007,0.4835709483291987,95.17659139861756,46.88953532177782,12948.112307509622,3.17282320545695,20.885165789568735,61.26737734139769,27.559842672873256,192400756.95542628,48143983.68859323,183803625.6877881,13354588.703416178,87902777.20500469,257863025.93138283,4206074648.8933864
154,2024-08-01,45.712963618298176,11.438291164258047,43.67014919387179,445.4188671405007,0.4835709483291987,95.17659139861756,46.88953532177782,12948.112307509622,3.17282320545695,20.885165789568735,61.26737734139769,27.559842672873256,192400756.95542628,48143983.68859323,183803625.6877881,13354588.703416178,87902777.20500469,257863025.93138283,4206074648.8933864
155,2024-08-01,45.712963618298176,11.438291164258047,43.67014919387179,445.4188671405007,0.4835709483291987,95.17659139861756,46.88953532177782,12948.112307509622,3.17282320545695,20.885165789568735,61.26737734139769,27.559842672873256,192400756.95542628,48143983.68859323,183803625.6877881,13354588.703416178,87902777.20500469,257863025.93138283,4206074648.893094
156,2024-08-01,45.712963618298176,11.438291164258047,43.67014919387179,445.4188671405007,0.4835709483291987,95.17659139861756,46.88953532177782,12948.112307509622,3.17282320545695,20.885165789568735,61.26737734139769,27.559842672873256,192400756.95542628,48143983.68859323,183803625.6877881,13354588.703416178,87902777.20500469,257863025.93138283,4206074648.8933864
157,2024-08-01,45.712963618298176,11.438291164258047,43.67014919387179,445.4188671405007,0.4835709483291987,95.17659139861756,46.88953532177782,12948.112307509622,3.17282320545695,20.885165789568735,61.26737734139769,27.559842672873256,192400756.95542628,48143983.68859323,183803625.6877881,13354588.703416178,87902777.20500469,257863025.93138283,4206074648.893094
158,2024-08-01,45.712963618298176,11.438291164258047,43.67014919387179,445.4188671405007,0.4835709483291987,95.17659139861756,46.88953532177782,12948.112307509622,3.17282320545695,20.885165789568735,61.26737734139769,27.559842672873256,192400756.95542628,48143983.68859323,183803625.6877881,13354588.703416178,87902777.20500469,257863025.93138283,4206074648.893094
159,2024-08-01,45.712963618298176,11.438291164258047,43.67014919387179,445.4188671405007,0.4835709483291987,95.17659139861756,46.88953532177782,12948.112307509622,3.17282320545695,20.885165789568735,61.26737734139769,27.559842672873256,192400756.95542628,48143983.68859323,183803625.6877881,13354588.703416178,87902777.20500469,257863025.93138283,4206074648.893094
160,2024-09-01,11.42153529881982,5.446805351344833,21.86207588032404,445.4188671405007,0.4835709483291987,95.17659139861756,46.88953532177782,12948.112307509622,0.30566646044512513,6.409066659450193,60.34841038883293,27.077773847887624,48072924.33979326,22925706.665856443,92016288.19305101,1286581.3328143235,26975697.775979917,253995200.07050082,4206074648.8933864
161,2024-09-01,11.42153529881982,5.446805351344833,21.86207588032404,445.4188671405007,0.4835709483291987,95.17659139861756,46.88953532177782,12948.112307509622,0.30566646044512513,6.409066659450193,60.34841038883293,27.077773847887624,48072924.33979326,22925706.665856443,92016288.19305101,1286581.3328143235,26975697.775979917,253995200.07050082,4206074648.893094
162,2024-09-01,11.42153529881982,5.446805351344833,21.86207588032404,445.4188671405007,0.4835709483291987,95.17659139861756,46.88953532177782,12948.112307509622,0.30566646044512513,6.409066659450193,60.34841038883293,27.077773847887624,48072924.33979326,22925706.665856443,92016288.19305101,1286581.3328143235,26975697.775979917,253995200.07050082,4206074648.893094
163,2024-09-01,11.42153529881982,5.446805351344833,21.86207588032404,445.4188671405007,0.4835709483291987,95.17659139861756,46.88953532177782,12948.112307509622,0.30566646044512513,6.409066659450193,60.34841038883293,27.077773847887624,48072924.33979326,22925706.665856443,92016288.19305101,1286581.3328143235,26975697.775979917,253995200.07050082,4206074648.8933864
164,2024-09-01,11.42153529881982,5.446805351344833,21.86207588032404,445.4188671405007,0.4835709483291987,95.17659139861756,46.88953532177782,12948.112307509622,0.30566646044512513,6.409066659450193,60.34841038883293,27.077773847887624,48072924.33979326,22925706.665856443,92016288.19305101,1286581.3328143235,26975697.775979917,253995200.07050082,4206074648.8933864
165,2024-09-01,11.42153529881982,5.446805351344833,21.86207588032404,445.4188671405007,0.4835709483291987,95.17659139861756,46.88953532177782,12948.112307509622,0.30566646044512513,6.409066659450193,60.34841038883293,27.077773847887624,48072924.33979326,22925706.665856443,92016288.19305101,1286581.3328143235,26975697.775979917,253995200.07050082,4206074648.8933864
166,2024-09-01,11.42153529881982,5.446805351344833,21.86207588032404,445.4188671405007,0.4835709483291987,95.17659139861756,46.88953532177782,12948.112307509622,0.30566646044512513,6.409066659450193,60.34841038883293,27.077773847887624,48072924.33979326,22925706.665856443,92016288.19305101,1286581.3328143235,26975697.775979917,253995200.07050082,4206074648.8933864
167,2024-09-01,11.42153529881982,5.446805351344833,21.86207588032404,445.4188671405007,0.4835709483291987,95.17659139861756,46.88953532177782,12948.112307509622,0.30566646044512513,6.409066659450193,60.34841038883293,27.077773847887624,48072924.33979326,22925706.665856443,92016288.19305101,1286581.3328143235,26975697.775979917,253995200.07050082,4206074648.8933864
168,2024-09-01,11.42153529881982,5.446805351344833,21.86207588032404,445.4188671405007,0.4835709483291987,95.17659139861756,46.88953532177782,12948.112307509622,0.30566646044512513,6.409066659450193,60.34841038883293,27.077773847887624,48072924.33979326,22925706.665856443,92016288.19305101,1286581.3328143235,26975697.775979917,253995200.07050082,4206074648.8933864
169,2024-09-01,11.42153529881982,5.446805351344833,21.86207588032404,445.4188671405007,0.4835709483291987,95.17659139861756,46.88953532177782,12948.112307509622,0.30566646044512513,6.409066659450193,60.34841038883293,27.077773847887624,48072924.33979326,22925706.665856443,92016288.19305101,1286581.3328143235,26975697.775979917,253995200.07050082,4206074648.893094
170,2024-09-01,11.42153529881982,5.446805351344833,21.86207588032404,445.4188671405007,0.4835709483291987,95.17659139861756,46.88953532177782,12948.112307509622,0.30566646044512513,6.409066659450193,60.34841038883293,27.077773847887624,48072924.33979326,22925706.665856443,92016288.19305101,1286581.3328143235,26975697.775979917,253995200.07050082,4206074648.8933864
171,2024-09-01,11.42153529881982,5.446805351344833,21.86207588032404,445.4188671405007,0.4835709483291987,95.17659139861756,46.88953532177782,12948.112307509622,0.30566646044512513,6.409066659450193,60.34841038883293,27.077773847887624,48072924.33979326,22925706.665856443,92016288.19305101,1286581.3328143235,26975697.775979917,253995200.07050082,4206074648.8933864
172,2024-09-01,11.42153529881982,5.446805351344833,21.86207588032404,445.4188671405007,0.4835709483291987,95.17659139861756,46.88953532177782,12948.112307509622,0.30566646044512513,6.409066659450193,60.34841038883293,27.077773847887624,48072924.33979326,22925706.665856443,92016288.19305101,1286581.3328143235,26975697.775979917,253995200.07050082,4206074648.8933864
173,2024-09-01,11.42153529881982,5.446805351344833,21.86207588032404,445.4188671405007,0.4835709483291987,95.17659139861756,46.88953532177782,12948.112307509622,0.30566646044512513,6.409066659450193,60.34841038883293,27.077773847887624,48072924.33979326,22925706.665856443,92016288.19305101,1286581.3328143235,26975697.775979917,253995200.07050082,4206074648.8933864
174,2024-09-01,11.42153529881982,5.446805351344833,21.86207588032404,445.4188671405007,0.4835709483291987,95.17659139861756,46.88953532177782,12948.112307509622,0.30566646044512513,6.409066659450193,60.34841038883293,27.077773847887624,48072924.33979326,22925706.665856443,92016288.19305101,1286581.3328143235,26975697.775979917,253995200.07050082,4206074648.8933864
175,2024-09-01,11.42153529881982,5.446805351344833,21.86207588032404,445.4188671405007,0.4835709483291987,95.17659139861756,46.88953532177782,12948.112307509622,0.30566646044512513,6.409066659450193,60.34841038883293,27.077773847887624,48072924.33979326,22925706.665856443,92016288.19305101,1286581.3328143235,26975697.775979917,253995200.07050082,4206074648.893094
176,2024-09-01,11.42153529881982,5.446805351344833,21.86207588032404,445.4188671405007,0.4835709483291987,95.17659139861756,46.88953532177782,12948.112307509622,0.30566646044512513,6.409066659450193,60.34841038883293,27.077773847887624,48072924.33979326,22925706.665856443,92016288.19305101,1286581.3328143235,26975697.775979917,253995200.07050082,4206074648.8933864
177,2024-09-01,11.42153529881982,5.446805351344833,21.86207588032404,445.4188671405007,0.4835709483291987,95.17659139861756,46.88953532177782,12948.112307509622,0.30566646044512513,6.409066659450193,60.34841038883293,27.077773847887624,48072924.33979326,22925706.665856443,92016288.19305101,1286581.3328143235,26975697.775979917,253995200.07050082,4206074648.8933864
178,2024-09-01,11.42153529881982,5.446805351344833,21.86207588032404,445.4188671405007,0.4835709483291987,95.17659139861756,46.88953532177782,12948.112307509622,0.30566646044512513,6.409066659450193,60.34841038883293,27.077773847887624,48072924.33979326,22925706.665856443,92016288.19305101,1286581.3328143235,26975697.775979917,253995200.07050082,4206074648.8933864
179,2024-09-01,11.42153529881982,5.446805351344833,21.86207588032404,445.4188671405007,0.4835709483291987,95.17659139861756,46.88953532177782,12948.112307509622,0.30566646044512513,6.409066659450193,60.34841038883293,27.077773847887624,48072924.33979326,22925706.665856443,92016288.19305101,1286581.3328143235,26975697.775979917,253995200.07050082,4206074648.893094
180,2024-10-01,43.45993551337523,2.7234026756724163,20.44940643298307,445.4188671405007,0.4835709483291987,95.17659139861756,46.88953532177782,12948.112307509622,0.5845007466789549,20.738993796277835,65.7968225220167,30.528859147163047,182913526.9620269,11462853.332928222,86068863.19483921,2460126.0153014497,87284541.54675274,276926773.3894299,4206074648.8933864
181,2024-10-01,43.45993551337523,2.7234026756724163,20.44940643298307,445.4188671405007,0.4835709483291987,95.17659139861756,46.88953532177782,12948.112307509622,0.5845007466789549,20.738993796277835,65.7968225220167,30.528859147163047,182913526.9620269,11462853.332928222,86068863.19483921,2460126.0153014497,87284541.54675274,276926773.3894299,4206074648.893094
182,2024-10-01,43.45993551337523,2.7234026756724163,20.44940643298307,445.4188671405007,0.4835709483291987,95.17659139861756,46.88953532177782,12948.112307509622,0.5845007466789549,20.738993796277835,65.7968225220167,30.528859147163047,182913526.9620269,11462853.332928222,86068863.19483921,2460126.0153014497,87284541.54675274,276926773.3894299,4206074648.8933864
183,2024-10-01,43.45993551337523,2.7234026756724163,20.44940643298307,445.4188671405007,0.4835709483291987,95.17659139861756,46.88953532177782,12948.112307509622,0.5845007466789549,20.738993796277835,65.7968225220167,30.528859147163047,182913526.9620269,11462853.332928222,86068863.19483921,2460126.0153014497,87284541.54675274,276926773.3894299,4206074648.8933864
184,2024-10-01,43.45993551337523,2.7234026756724163,20.44940643298307,445.4188671405007,0.4835709483291987,95.17659139861756,46.88953532177782,12948.112307509622,0.5845007466789549,20.738993796277835,65.7968225220167,30.528859147163047,182913526.9620269,11462853.332928222,86068863.19483921,2460126.0153014497,87284541.54675274,276926773.3894299,4206074648.8933864
185,2024-10-01,43.45993551337523,2.7234026756724163,20.44940643298307,445.4188671405007,0.4835709483291987,95.17659139861756,46.88953532177782,12948.112307509622,0.5845007466789549,20.738993796277835,65.7968225220167,30.528859147163047,182913526.9620269,11462853.332928222,86068863.19483921,2460126.0153014497,87284541.54675274,276926773.3894299,4206074648.893094
186,2024-10-01,43.45993551337523,2.7234026756724163,20.44940643298307,445.4188671405007,0.4835709483291987,95.17659139861756,46.88953532177782,12948.112307509622,0.5845007466789549,20.738993796277835,65.7968225220167,30.528859147163047,182913526.9620269,11462853.332928222,86068863.19483921,2460126.0153014497,87284541.54675274,276926773.3894299,4206074648.8933864
187,2024-10-01,43.45993551337523,2.7234026756724163,20.44940643298307,445.4188671405007,0.4835709483291987,95.17659139861756,46.88953532177782,12948.112307509622,0.5845007466789549,20.738993796277835,65.7968225220167,30.528859147163047,182913526.9620269,11462853.332928222,86068863.19483921,2460126.0153014497,87284541.54675274,276926773.3894299,4206074648.893094
188,2024-10-01,43.45993551337523,2.7234026756724163,20.44940643298307,445.4188671405007,0.4835709483291987,95.17659139861756,46.88953532177782,12948.112307509622,0.5845007466789549,20.738993796277835,65.7968225220167,30.528859147163047,182913526.9620269,11462853.332928222,86068863.19483921,2460126.0153014497,87284541.54675274,276926773.3894299,4206074648.8933864
189,2024-10-01,43.45993551337523,2.7234026756724163,20.44940643298307,445.4188671405007,0.4835709483291987,95.17659139861756,46.88953532177782,12948.112307509622,0.5845007466789549,20.738993796277835,65.7968225220167,30.528859147163047,182913526.9620269,11462853.332928222,86068863.19483921,2460126.0153014497,87284541.54675274,276926773.3894299,4206074648.8933864
190,2024-10-01,43.45993551337523,2.7234026756724163,20.44940643298307,445.4188671405007,0.4835709483291987,95.17659139861756,46.88953532177782,12948.112307509622,0.5845007466789549,20.738993796277835,65.7968225220167,30.528859147163047,182913526.9620269,11462853.332928222,86068863.19483921,2460126.0153014497,87284541.54675274,276926773.3894299,4206074648.8933864
191,2024-10-01,43.45993551337523,2.7234026756724163,20.44940643298307,445.4188671405007,0.4835709483291987,95.17659139861756,46.88953532177782,12948.112307509622,0.5845007466789549,20.738993796277835,65.7968225220167,30.528859147163047,182913526.9620269,11462853.332928222,86068863.19483921,2460126.0153014497,87284541.54675274,276926773.3894299,4206074648.8933864
192,2024-10-01,43.45993551337523,2.7234026756724163,20.44940643298307,445.4188671405007,0.4835709483291987,95.17659139861756,46.88953532177782,12948.112307509622,0.5845007466789549,20.738993796277835,65.7968225220167,30.528859147163047,182913526.9620269,11462853.332928222,86068863.19483921,2460126.0153014497,87284541.54675274,276926773.3894299,4206074648.893094
193,2024-10-01,43.45993551337523,2.7234026756724163,20.44940643298307,445.4188671405007,0.4835709483291987,95.17659139861756,46.88953532177782,12948.112307509622,0.5845007466789549,20.738993796277835,65.7968225220167,30.528859147163047,182913526.9620269,11462853.332928222,86068863.19483921,2460126.0153014497,87284541.54675274,276926773.3894299,4206074648.8933864
194,2024-10-01,43.45993551337523,2.7234026756724163,20.44940643298307,445.4188671405007,0.4835709483291987,95.17659139861756,46.88953532177782,12948.112307509622,0.5845007466789549,20.738993796277835,65.7968225220167,30.528859147163047,182913526.9620269,11462853.332928222,86068863.19483921,2460126.0153014497,87284541.54675274,276926773.3894299,4206074648.8933864
195,2024-10-01,43.45993551337523,2.7234026756724163,20.44940643298307,445.4188671405007,0.4835709483291987,95.17659139861756,46.88953532177782,12948.112307509622,0.5845007466789549,20.738993796277835,65.7968225220167,30.528859147163047,182913526.9620269,11462853.332928222,86068863.19483921,2460126.0153014497,87284541.54675274,276926773.3894299,4206074648.8933864
196,2024-10-01,43.45993551337523,2.7234026756724163,20.44940643298307,445.4188671405007,0.4835709483291987,95.17659139861756,46.88953532177782,12948.112307509622,0.5845007466789549,20.738993796277835,65.7968225220167,30.528859147163047,182913526.9620269,11462853.332928222,86068863.19483921,2460126.0153014497,87284541.54675274,276926773.3894299,4206074648.893094
197,2024-10-01,43.45993551337523,2.7234026756724163,20.44940643298307,445.4188671405007,0.4835709483291987,95.17659139861756,46.88953532177782,12948.112307509622,0.5845007466789549,20.738993796277835,65.7968225220167,30.528859147163047,182913526.9620269,11462853.332928222,86068863.19483921,2460126.0153014497,87284541.54675274,276926773.3894299,4206074648.8933864
198,2024-10-01,43.45993551337523,2.7234026756724163,20.44940643298307,445.4188671405007,0.4835709483291987,95.17659139861756,46.88953532177782,12948.112307509622,0.5845007466789549,20.738993796277835,65.7968225220167,30.528859147163047,182913526.9620269,11462853.332928222,86068863.19483921,2460126.0153014497,87284541.54675274,276926773.3894299,4206074648.8933864
199,2024-10-01,43.45993551337523,2.7234026756724163,20.44940643298307,445.4188671405007,0.4835709483291987,95.17659139861756,46.88953532177782,12948.112307509622,0.5845007466789549,20.738993796277835,65.7968225220167,30.528859147163047,182913526.9620269,11462853.332928222,86068863.19483921,2460126.0153014497,87284541.54675274,276926773.3894299,4206074648.8933864
200,2024-11-01,16.71076194010368,0.0,8.183103392957408,445.4188671405007,0.4835709483291987,95.17659139861756,46.88953532177782,12948.112307509622,0.0,9.611393225733998,66.01640076031144,30.79060726173982,70337673.5848559,0.0,34441509.671545096,0.0,40455591.045653105,277852718.9331058,4206074648.8933864
201,2024-11-01,16.71076194010368,0.0,8.183103392957408,445.4188671405007,0.4835709483291987,95.17659139861756,46.88953532177782,12948.112307509622,0.0,9.611393225733998,66.01640076031144,30.79060726173982,70337673.5848559,0.0,34441509.671545096,0.0,40455591.045653105,277852718.9331058,4206074648.893094
202,2024-11-01,16.71076194010368,0.0,8.183103392957408,445.4188671405007,0.4835709483291987,95.17659139861756,46.88953532177782,12948.112307509622,0.0,9.611393225733998,66.01640076031144,30.79060726173982,70337673.5848559,0.0,34441509.671545096,0.0,40455591.045653105,277852718.9331058,4206074648.8933864
203,2024-11-01,16.71076194010368,0.0,8.183103392957408,445.4188671405007,0.4835709483291987,95.17659139861756,46.88953532177782,12948.112307509622,0.0,9.611393225733998,66.01640076031144,30.79060726173982,70337673.5848559,0.0,34441509.671545096,0.0,40455591.045653105,277852718.9331058,4206074648.893094
204,2024-11-01,16.71076194010368,0.0,8.183103392957408,445.4188671405007,0.4835709483291987,95.17659139861756,46.88953532177782,12948.112307509622,0.0,9.611393225733998,66.01640076031144,30.79060726173982,70337673.5848559,0.0,34441509.671545096,0.0,40455591.045653105,277852718.9331058,4206074648.893094
205,2024-11-01,16.71076194010368,0.0,8.183103392957408,445.4188671405007,0.4835709483291987,95.17659139861756,46.88953532177782,12948.112307509622,0.0,9.611393225733998,66.01640076031144,30.79060726173982,70337673.5848559,0.0,34441509.671545096,0.0,40455591.045653105,277852718.9331058,4206074648.8933864
206,2024-11-01,16.71076194010368,0.0,8.183103392957408,445.4188671405007,0.4835709483291987,95.17659139861756,46.88953532177782,12948.112307509622,0.0,9.611393225733998,66.01640076031144,30.79060726173982,70337673.5848559,0.0,34441509.671545096,0.0,40455591.045653105,277852718.9331058,4206074648.8933864
207,2024-11-01,16.71076194010368,0.0,8.183103392957408,445.4188671405007,0.4835709483291987,95.17659139861756,46.88953532177782,12948.112307509622,0.0,9.611393225733998,66.01640076031144,30.79060726173982,70337673.5848559,0.0,34441509.671545096,0.0,40455591.045653105,277852718.9331058,4206074648.8933864
208,2024-11-01,16.71076194010368,0.0,8.183103392957408,445.4188671405007,0.4835709483291987,95.17659139861756,46.88953532177782,12948.112307509622,0.0,9.611393225733998,66.01640076031144,30.79060726173982,70337673.5848559,0.0,34441509.671545096,0.0,40455591.045653105,277852718.9331058,4206074648.8933864
209,2024-11-01,16.71076194010368,0.0,8.183103392957408,445.4188671405007,0.4835709483291987,95.17659139861756,46.88953532177782,12948.112307509622,0.0,9.611393225733998,66.01640076031144,30.79060726173982,70337673.5848559,0.0,34441509.671545096,0.0,40455591.045653105,277852718.9331058,4206074648.8933864
210,2024-11-01,16.71076194010368,0.0,8.183103392957408,445.4188671405007,0.4835709483291987,95.17659139861756,46.88953532177782,12948.112307509622,0.0,9.611393225733998,66.01640076031144,30.79060726173982,70337673.5848559,0.0,34441509.671545096,0.0,40455591.045653105,277852718.9331058,4206074648.8933864
211,2024-11-01,16.71076194010368,0.0,8.183103392957408,445.4188671405007,0.4835709483291987,95.17659139861756,46.88953532177782,12948.112307509622,0.0,9.611393225733998,66.01640076031144,30.79060726173982,70337673.5848559,0.0,34441509.671545096,0.0,40455591.045653105,277852718.9331058,4206074648.8933864
212,2024-11-01,16.71076194010368,0.0,8.183103392957408,445.4188671405007,0.4835709483291987,95.17659139861756,46.88953532177782,12948.112307509622,0.0,9.611393225733998,66.01640076031144,30.79060726173982,70337673.5848559,0.0,34441509.671545096,0.0,40455591.045653105,277852718.9331058,4206074648.8933864
213,2024-11-01,16.71076194010368,0.0,8.183103392957408,445.4188671405007,0.4835709483291987,95.17659139861756,46.88953532177782,12948.112307509622,0.0,9.611393225733998,66.01640076031144,30.79060726173982,70337673.5848559,0.0,34441509.671545096,0.0,40455591.045653105,277852718.9331058,4206074648.893094
214,2024-11-01,16.71076194010368,0.0,8.183103392957408,445.4188671405007,0.4835709483291987,95.17659139861756,46.88953532177782,12948.112307509622,0.0,9.611393225733998,66.01640076031144,30.79060726173982,70337673.5848559,0.0,34441509.671545096,0.0,40455591.045653105,277852718.9331058,4206074648.893094
215,2024-11-01,16.71076194010368,0.0,8.183103392957408,445.4188671405007,0.4835709483291987,95.17659139861756,46.88953532177782,12948.112307509622,0.0,9.611393225733998,66.01640076031144,30.79060726173982,70337673.5848559,0.0,34441509.671545096,0.0,40455591.045653105,277852718.9331058,4206074648.8933864
216,2024-11-01,16.71076194010368,0.0,8.183103392957408,445.4188671405007,0.4835709483291987,95.17659139861756,46.88953532177782,12948.112307509622,0.0,9.611393225733998,66.01640076031144,30.79060726173982,70337673.5848559,0.0,34441509.671545096,0.0,40455591.045653105,277852718.9331058,4206074648.8933864
217,2024-11-01,16.71076194010368,0.0,8.183103392957408,445.4188671405007,0.4835709483291987,95.17659139861756,46.88953532177782,12948.112307509622,0.0,9.611393225733998,66.01640076031144,30.79060726173982,70337673.5848559,0.0,34441509.671545096,0.0,40455591.045653105,277852718.9331058,4206074648.8933864
218,2024-11-01,16.71076194010368,0.0,8.183103392957408,445.4188671405007,0.4835709483291987,95.17659139861756,46.88953532177782,12948.112307509622,0.0,9.611393225733998,66.01640076031144,30.79060726173982,70337673.5848559,0.0,34441509.671545096,0.0,40455591.045653105,277852718.9331058,4206074648.8933864
219,2024-11-01,16.71076194010368,0.0,8.183103392957408,445.4188671405007,0.4835709483291987,95.17659139861756,46.88953532177782,12948.112307509622,0.0,9.611393225733998,66.01640076031144,30.79060726173982,70337673.5848559,0.0,34441509.671545096,0.0,40455591.045653105,277852718.9331058,4206074648.8933864
220,2024-12-01,13.156897869311564,0.0,3.982955001203176,445.4188671405007,0.4835709483291987,95.17659139861756,46.88953532177782,12948.112307509622,0.0,8.380886032684714,67.24261378312907,31.569446225313527,55378378.64576519,0.0,16763577.43338039,0.0,35276767.73219279,283013862.5102133,4206074648.8933864
221,2024-12-01,13.156897869311564,0.0,3.982955001203176,445.4188671405007,0.4835709483291987,95.17659139861756,46.88953532177782,12948.112307509622,0.0,8.380886032684714,67.24261378312907,31.569446225313527,55378378.64576519,0.0,16763577.43338039,0.0,35276767.73219279,283013862.5102133,4206074648.893094
222,2024-12-01,13.156897869311564,0.0,3.982955001203176,445.4188671405007,0.4835709483291987,95.17659139861756,46.88953532177782,12948.112307509622,0.0,8.380886032684714,67.24261378312907,31.569446225313527,55378378.64576519,0.0,16763577.43338039,0.0,35276767.73219279,283013862.5102133,4206074648.8933864
223,2024-12-01,13.156897869311564,0.0,3.982955001203176,445.4188671405007,0.4835709483291987,95.17659139861756,46.88953532177782,12948.112307509622,0.0,8.380886032684714,67.24261378312907,31.569446225313527,55378378.64576519,0.0,16763577.43338039,0.0,35276767.73219279,283013862.5102133,4206074648.8933864
224,2024-12-01,13.156897869311564,0.0,3.982955001203176,445.4188671405007,0.4835709483291987,95.17659139861756,46.88953532177782,12948.112307509622,0.0,8.380886032684714,67.24261378312907,31.569446225313527,55378378.64576519,0.0,16763577.43338039,0.0,35276767.73219279,283013862.5102133,4206074648.8933864
225,2024-12-01,13.156897869311564,0.0,3.982955001203176,445.4188671405007,0.4835709483291987,95.17659139861756,46.88953532177782,12948.112307509622,0.0,8.380886032684714,67.24261378312907,31.569446225313527,55378378.64576519,0.0,16763577.43338039,0.0,35276767.73219279,283013862.5102133,4206074648.893094
226,2024-12-01,13.156897869311564,0.0,3.982955001203176,445.4188671405007,0.4835709483291987,95.17659139861756,46.88953532177782,12948.112307509622,0.0,8.380886032684714,67.24261378312907,31.569446225313527,55378378.64576519,0.0,16763577.43338039,0.0,35276767.73219279,283013862.5102133,4206074648.8933864
227,2024-12-01,13.156897869311564,0.0,3.982955001203176,445.4188671405007,0.4835709483291987,95.17659139861756,46.88953532177782,12948.112307509622,0.0,8.380886032684714,67.24261378312907,31.569446225313527,55378378.64576519,0.0,16763577.43338039,0.0,35276767.73219279,283013862.5102133,4206074648.8933864
228,2024-12-01,13.156897869311564,0.0,3.982955001203176,445.4188671405007,0.4835709483291987,95.17659139861756,46.88953532177782,12948.112307509622,0.0,8.380886032684714,67.24261378312907,31.569446225313527,55378378.64576519,0.0,16763577.43338039,0.0,35276767.73219279,283013862.5102133,4206074648.8933864
229,2024-12-01,13.156897869311564,0.0,3.982955001203176,445.4188671405007,0.4835709483291987,95.17659139861756,46.88953532177782,12948.112307509622,0.0,8.380886032684714,67.24261378312907,31.569446225313527,55378378.64576519,0.0,16763577.43338039,0.0,35276767.73219279,283013862.5102133,4206074648.8933864
230,2024-12-01,13.156897869311564,0.0,3.982955001203176,445.4188671405007,0.4835709483291987,95.17659139861756,46.88953532177782,12948.112307509622,0.0,8.380886032684714,67.24261378312907,31.569446225313527,55378378.64576519,0.0,16763577.43338039,0.0,35276767.73219279,283013862.5102133,4206074648.893094
231,2024-12-01,13.156897869311564,0.0,3.982955001203176,445.4188671405007,0.4835709483291987,95.17659139861756,46.88953532177782,12948.112307509622,0.0,8.380886032684714,67.24261378312907,31.569446225313527,55378378.64576519,0.0,16763577.43338039,0.0,35276767.73219279,283013862.5102133,4206074648.8933864
232,2024-12-01,13.156897869311564,0.0,3.982955001203176,445.4188671405007,0.4835709483291987,95.17659139861756,46.88953532177782,12948.112307509622,0.0,8.380886032684714,67.24261378312907,31.569446225313527,55378378.64576519,0.0,16763577.43338039,0.0,35276767.73219279,283013862.5102133,4206074648.893094
233,2024-12-01,13.156897869311564,0.0,3.982955001203176,445.4188671405007,0.4835709483291987,95.17659139861756,46.88953532177782,12948.112307509622,0.0,8.380886032684714,67.24261378312907,31.569446225313527,55378378.64576519,0.0,16763577.43338039,0.0,35276767.73219279,283013862.5102133,4206074648.8933864
234,2024-12-01,13.156897869311564,0.0,3.982955001203176,445.4188671405007,0.4835709483291987,95.17659139861756,46.88953532177782,12948.112307509622,0.0,8.380886032684714,67.24261378312907,31.569446225313527,55378378.64576519,0.0,16763577.43338039,0.0,35276767.73219279,283013862.5102133,4206074648.8933864
235,2024-12-01,13.156897869311564,0.0,3.982955001203176,445.4188671405007,0.4835709483291987,95.17659139861756,46.88953532177782,12948.112307509622,0.0,8.380886032684714,67.24261378312907,31.569446225313527,55378378.64576519,0.0,16763577.43338039,0.0,35276767.73219279,283013862.5102133,4206074648.8933864
236,2024-12-01,13.156897869311564,0.0,3.982955001203176,445.4188671405007,0.4835709483291987,95.17659139861756,46.88953532177782,12948.112307509622,0.0,8.380886032684714,67.24261378312907,31.569446225313527,55378378.64576519,0.0,16763577.43338039,0.0,35276767.73219279,283013862.5102133,4206074648.8933864
237,2024-12-01,13.156897869311564,0.0,3.982955001203176,445.4188671405007,0.4835709483291987,95.17659139861756,46.88953532177782,12948.112307509622,0.0,8.380886032684714,67.24261378312907,31.569446225313527,55378378.64576519,0.0,16763577.43338039,0.0,35276767.73219279,283013862.5102133,4206074648.8933864
238,2024-12-01,13.156897869311564,0.0,3.982955001203176,445.4188671405007,0.4835709483291987,95.17659139861756,46.88953532177782,12948.112307509622,0.0,8.380886032684714,67.24261378312907,31.569446225313527,55378378.64576519,0.0,16763577.43338039,0.0,35276767.73219279,283013862.5102133,4206074648.893094
239,2024-12-01,13.156897869311564,0.0,3.982955001203176,445.4188671405007,0.4835709483291987,95.17659139861756,46.88953532177782,12948.112307509622,0.0,8.380886032684714,67.24261378312907,31.569446225313527,55378378.64576519,0.0,16763577.43338039,0.0,35276767.73219279,283013862.5102133,4206074648.8933864
