,Date,precip_and_snowmelt_input_Upper Weber_mean,irrigation_Upper Weber_mean,AET_Upper Weber_mean,soil_thickness_Upper Weber_mean,soil_porosity_Upper Weber_mean,field_capacity_Upper Weber_mean,wilting_point_Upper Weber_mean,Geo_K_Upper Weber_mean,Runoff_Upper Weber_mean,Recharge_Upper Weber_mean,Soil_Water_End_Of_Previous_Timestep_Upper Weber_mean,Soil_Saturation_Percent_End_Of_Timestep_Upper Weber_mean,precip_and_snowmelt_input_m3_Upper Weber_sum,irrigation_m3_Upper Weber_sum,AET_m3_Upper Weber_sum,Runoff_m3_Upper Weber_sum,Recharge_m3_Upper Weber_sum,Soil_Water_End_Of_Previous_Timestep_m3_Upper Weber_sum,Upper Weber_area_m2
0,2024-01-01,107.27552335497907,0.0,7.321199921719925,423.61482089938215,0.5085531329534743,101.4197172894,52.10628843179555,16503.17444222092,6.2197504928419916,72.07596044873878,112.68375674519045,54.714641168156234,323986844.2193207,0.0,22111000.29636078,18784723.49470654,217679047.81900203,340320293.42993325,3016627290.2777324
1,2024-01-01,107.27552335497907,0.0,7.321199921719925,423.61482089938215,0.5085531329534743,101.4197172894,52.10628843179555,16503.17444222092,6.2197504928419916,72.07596044873878,112.68375674519045,54.714641168156234,323986844.2193207,0.0,22111000.29636078,18784723.49470654,217679047.81900203,340320293.42993325,3016627290.2777324
2,2024-01-01,107.27552335497907,0.0,7.321199921719925,423.61482089938215,0.5085531329534743,101.4197172894,52.10628843179555,16503.17444222092,6.2197504928419916,72.07596044873878,112.68375674519045,54.714641168156234,323986844.2193207,0.0,22111000.29636078,18784723.49470654,217679047.81900203,340320293.42993325,3016627290.2777414
3,2024-01-01,107.27552335497907,0.0,7.321199921719925,423.61482089938215,0.5085531329534743,101.4197172894,52.10628843179555,16503.17444222092,6.2197504928419916,72.07596044873878,112.68375674519045,54.714641168156234,323986844.2193207,0.0,22111000.29636078,18784723.49470654,217679047.81900203,340320293.42993325,3016627290.2777324
4,2024-01-01,107.27552335497907,0.0,7.321199921719925,423.61482089938215,0.5085531329534743,101.4197172894,52.10628843179555,16503.17444222092,6.2197504928419916,72.07596044873878,112.68375674519045,54.714641168156234,323986844.2193207,0.0,22111000.29636078,18784723.49470654,217679047.81900203,340320293.42993325,3016627290.2777324
5,2024-01-01,107.27552335497907,0.0,7.321199921719925,423.61482089938215,0.5085531329534743,101.4197172894,52.10628843179555,16503.17444222092,6.2197504928419916,72.07596044873878,112.68375674519045,54.714641168156234,323986844.2193207,0.0,22111000.29636078,18784723.49470654,217679047.81900203,340320293.42993325,3016627290.2777414
6,2024-01-01,107.27552335497907,0.0,7.321199921719925,423.61482089938215,0.5085531329534743,101.4197172894,52.10628843179555,16503.17444222092,6.2197504928419916,72.07596044873878,112.68375674519045,54.714641168156234,323986844.2193207,0.0,22111000.29636078,18784723.49470654,217679047.81900203,340320293.42993325,3016627290.2777414
7,2024-01-01,107.27552335497907,0.0,7.321199921719925,423.61482089938215,0.5085531329534743,101.4197172894,52.10628843179555,16503.17444222092,6.2197504928419916,72.07596044873878,112.68375674519045,54.714641168156234,323986844.2193207,0.0,22111000.29636078,18784723.49470654,217679047.81900203,340320293.42993325,3016627290.2777414
8,2024-01-01,107.27552335497907,0.0,7.321199921719925,423.61482089938215,0.5085531329534743,101.4197172894,52.10628843179555,16503.17444222092,6.2197504928419916,72.07596044873878,112.68375674519045,54.714641168156234,323986844.2193207,0.0,22111000.29636078,18784723.49470654,217679047.81900203,340320293.42993325,3016627290.2777414
9,2024-01-01,107.27552335497907,0.0,7.321199921719925,423.61482089938215,0.5085531329534743,101.4197172894,52.10628843179555,16503.17444222092,6.2197504928419916,72.07596044873878,112.68375674519045,54.714641168156234,323986844.2193207,0.0,22111000.29636078,18784723.49470654,217679047.81900203,340320293.42993325,3016627290.2777414
10,2024-01-01,107.27552335497907,0.0,7.321199921719925,423.61482089938215,0.5085531329534743,101.4197172894,52.10628843179555,16503.17444222092,6.2197504928419916,72.07596044873878,112.68375674519045,54.714641168156234,323986844.2193207,0.0,22111000.29636078,18784723.49470654,217679047.81900203,340320293.42993325,3016627290.2777414
11,2024-01-01,107.27552335497907,0.0,7.321199921719925,423.61482089938215,0.5085531329534743,101.4197172894,52.10628843179555,16503.17444222092,6.2197504928419916,72.07596044873878,112.68375674519045,54.714641168156234,323986844.2193207,0.0,22111000.29636078,18784723.49470654,217679047.81900203,340320293.42993325,3016627290.2777414
12,2024-01-01,107.27552335497907,0.0,7.321199921719925,423.61482089938215,0.5085531329534743,101.4197172894,52.10628843179555,16503.17444222092,6.2197504928419916,72.07596044873878,112.68375674519045,54.714641168156234,323986844.2193207,0.0,22111000.29636078,18784723.49470654,217679047.81900203,340320293.42993325,3016627290.2777414
13,2024-01-01,107.27552335497907,0.0,7.321199921719925,423.61482089938215,0.5085531329534743,101.4197172894,52.10628843179555,16503.17444222092,6.2197504928419916,72.07596044873878,112.68375674519045,54.714641168156234,323986844.2193207,0.0,22111000.29636078,18784723.49470654,217679047.81900203,340320293.42993325,3016627290.2777414
14,2024-01-01,107.27552335497907,0.0,7.321199921719925,423.61482089938215,0.5085531329534743,101.4197172894,52.10628843179555,16503.17444222092,6.2197504928419916,72.07596044873878,112.68375674519045,54.714641168156234,323986844.2193207,0.0,22111000.29636078,18784723.49470654,217679047.81900203,340320293.42993325,3016627290.2777414
15,2024-01-01,107.27552335497907,0.0,7.321199921719925,423.61482089938215,0.5085531329534743,101.4197172894,52.10628843179555,16503.17444222092,6.2197504928419916,72.07596044873878,112.68375674519045,54.714641168156234,323986844.2193207,0.0,22111000.29636078,18784723.49470654,217679047.81900203,340320293.42993325,3016627290.2777414
16,2024-01-01,107.27552335497907,0.0,7.321199921719925,423.61482089938215,0.5085531329534743,101.4197172894,52.10628843179555,16503.17444222092,6.2197504928419916,72.07596044873878,112.68375674519045,54.714641168156234,323986844.2193207,0.0,22111000.29636078,18784723.49470654,217679047.81900203,340320293.42993325,3016627290.2777414
17,2024-01-01,107.27552335497907,0.0,7.321199921719925,423.61482089938215,0.5085531329534743,101.4197172894,52.10628843179555,16503.17444222092,6.2197504928419916,72.07596044873878,112.68375674519045,54.714641168156234,323986844.2193207,0.0,22111000.29636078,18784723.49470654,217679047.81900203,340320293.42993325,3016627290.2777414
18,2024-01-01,107.27552335497907,0.0,7.321199921719925,423.61482089938215,0.5085531329534743,101.4197172894,52.10628843179555,16503.17444222092,6.2197504928419916,72.07596044873878,112.68375674519045,54.714641168156234,323986844.2193207,0.0,22111000.29636078,18784723.49470654,217679047.81900203,340320293.42993325,3016627290.2777414
19,2024-01-01,107.27552335497907,0.0,7.321199921719925,423.61482089938215,0.5085531329534743,101.4197172894,52.10628843179555,16503.17444222092,6.2197504928419916,72.07596044873878,112.68375674519045,54.714641168156234,323986844.2193207,0.0,22111000.29636078,18784723.49470654,217679047.81900203,340320293.42993325,3016627290.2777414
20,2024-02-01,128.18998237053736,0.0,9.721239061757387,423.61482089938215,0.5085531329534743,101.4197172894,52.10628843179555,16503.17444222092,14.6540982027878,91.31062040208316,125.18778144909933,60.91169897116866,387151737.74229825,0.0,29359270.320768625,44257937.4510907,275770549.7440751,378084273.65629727,3016627290.2777324
21,2024-02-01,128.18998237053736,0.0,9.721239061757387,423.61482089938215,0.5085531329534743,101.4197172894,52.10628843179555,16503.17444222092,14.6540982027878,91.31062040208316,125.18778144909933,60.91169897116866,387151737.74229825,0.0,29359270.320768625,44257937.4510907,275770549.7440751,378084273.65629727,3016627290.2777414
22,2024-02-01,128.18998237053736,0.0,9.721239061757387,423.61482089938215,0.5085531329534743,101.4197172894,52.10628843179555,16503.17444222092,14.6540982027878,91.31062040208316,125.18778144909933,60.91169897116866,387151737.74229825,0.0,29359270.320768625,44257937.4510907,275770549.7440751,378084273.65629727,3016627290.2777324
23,2024-02-01,128.18998237053736,0.0,9.721239061757387,423.61482089938215,0.5085531329534743,101.4197172894,52.10628843179555,16503.17444222092,14.6540982027878,91.31062040208316,125.18778144909933,60.91169897116866,387151737.74229825,0.0,29359270.320768625,44257937.4510907,275770549.7440751,378084273.65629727,3016627290.2777414
24,2024-02-01,128.18998237053736,0.0,9.721239061757387,423.61482089938215,0.5085531329534743,101.4197172894,52.10628843179555,16503.17444222092,14.6540982027878,91.31062040208316,125.18778144909933,60.91169897116866,387151737.74229825,0.0,29359270.320768625,44257937.4510907,275770549.7440751,378084273.65629727,3016627290.2777324
25,2024-02-01,128.18998237053736,0.0,9.721239061757387,423.61482089938215,0.5085531329534743,101.4197172894,52.10628843179555,16503.17444222092,14.6540982027878,91.31062040208316,125.18778144909933,60.91169897116866,387151737.74229825,0.0,29359270.320768625,44257937.4510907,275770549.7440751,378084273.65629727,3016627290.2777324
26,2024-02-01,128.18998237053736,0.0,9.721239061757387,423.61482089938215,0.5085531329534743,101.4197172894,52.10628843179555,16503.17444222092,14.6540982027878,91.31062040208316,125.18778144909933,60.91169897116866,387151737.74229825,0.0,29359270.320768625,44257937.4510907,275770549.7440751,378084273.65629727,3016627290.2777414
27,2024-02-01,128.18998237053736,0.0,9.721239061757387,423.61482089938215,0.5085531329534743,101.4197172894,52.10628843179555,16503.17444222092,14.6540982027878,91.31062040208316,125.18778144909933,60.91169897116866,387151737.74229825,0.0,29359270.320768625,44257937.4510907,275770549.7440751,378084273.65629727,3016627290.2777414
28,2024-02-01,128.18998237053736,0.0,9.721239061757387,423.61482089938215,0.5085531329534743,101.4197172894,52.10628843179555,16503.17444222092,14.6540982027878,91.31062040208316,125.18778144909933,60.91169897116866,387151737.74229825,0.0,29359270.320768625,44257937.4510907,275770549.7440751,378084273.65629727,3016627290.2777414
29,2024-02-01,128.18998237053736,0.0,9.721239061757387,423.61482089938215,0.5085531329534743,101.4197172894,52.10628843179555,16503.17444222092,14.6540982027878,91.31062040208316,125.18778144909933,60.91169897116866,387151737.74229825,0.0,29359270.320768625,44257937.4510907,275770549.7440751,378084273.65629727,3016627290.2777414
30,2024-02-01,128.18998237053736,0.0,9.721239061757387,423.61482089938215,0.5085531329534743,101.4197172894,52.10628843179555,16503.17444222092,14.6540982027878,91.31062040208316,125.18778144909933,60.91169897116866,387151737.74229825,0.0,29359270.320768625,44257937.4510907,275770549.7440751,378084273.65629727,3016627290.2777414
31,2024-02-01,128.18998237053736,0.0,9.721239061757387,423.61482089938215,0.5085531329534743,101.4197172894,52.10628843179555,16503.17444222092,14.6540982027878,91.31062040208316,125.18778144909933,60.91169897116866,387151737.74229825,0.0,29359270.320768625,44257937.4510907,275770549.7440751,378084273.65629727,3016627290.2777414
32,2024-02-01,128.18998237053736,0.0,9.721239061757387,423.61482089938215,0.5085531329534743,101.4197172894,52.10628843179555,16503.17444222092,14.6540982027878,91.31062040208316,125.18778144909933,60.91169897116866,387151737.74229825,0.0,29359270.320768625,44257937.4510907,275770549.7440751,378084273.65629727,3016627290.2777414
33,2024-02-01,128.18998237053736,0.0,9.721239061757387,423.61482089938215,0.5085531329534743,101.4197172894,52.10628843179555,16503.17444222092,14.6540982027878,91.31062040208316,125.18778144909933,60.91169897116866,387151737.74229825,0.0,29359270.320768625,44257937.4510907,275770549.7440751,378084273.65629727,3016627290.2777414
34,2024-02-01,128.18998237053736,0.0,9.721239061757387,423.61482089938215,0.5085531329534743,101.4197172894,52.10628843179555,16503.17444222092,14.6540982027878,91.31062040208316,125.18778144909933,60.91169897116866,387151737.74229825,0.0,29359270.320768625,44257937.4510907,275770549.7440751,378084273.65629727,3016627290.2777414
35,2024-02-01,128.18998237053736,0.0,9.721239061757387,423.61482089938215,0.5085531329534743,101.4197172894,52.10628843179555,16503.17444222092,14.6540982027878,91.31062040208316,125.18778144909933,60.91169897116866,387151737.74229825,0.0,29359270.320768625,44257937.4510907,275770549.7440751,378084273.65629727,3016627290.2777414
36,2024-02-01,128.18998237053736,0.0,9.721239061757387,423.61482089938215,0.5085531329534743,101.4197172894,52.10628843179555,16503.17444222092,14.6540982027878,91.31062040208316,125.18778144909933,60.91169897116866,387151737.74229825,0.0,29359270.320768625,44257937.4510907,275770549.7440751,378084273.65629727,3016627290.2777414
37,2024-02-01,128.18998237053736,0.0,9.721239061757387,423.61482089938215,0.5085531329534743,101.4197172894,52.10628843179555,16503.17444222092,14.6540982027878,91.31062040208316,125.18778144909933,60.91169897116866,387151737.74229825,0.0,29359270.320768625,44257937.4510907,275770549.7440751,378084273.65629727,3016627290.2777414
38,2024-02-01,128.18998237053736,0.0,9.721239061757387,423.61482089938215,0.5085531329534743,101.4197172894,52.10628843179555,16503.17444222092,14.6540982027878,91.31062040208316,125.18778144909933,60.91169897116866,387151737.74229825,0.0,29359270.320768625,44257937.4510907,275770549.7440751,378084273.65629727,3016627290.2777414
39,2024-02-01,128.18998237053736,0.0,9.721239061757387,423.61482089938215,0.5085531329534743,101.4197172894,52.10628843179555,16503.17444222092,14.6540982027878,91.31062040208316,125.18778144909933,60.91169897116866,387151737.74229825,0.0,29359270.320768625,44257937.4510907,275770549.7440751,378084273.65629727,3016627290.2777414
40,2024-03-01,98.58944715073571,0.0,27.99628169644104,423.61482089938215,0.5085531329534743,101.4197172894,52.10628843179555,16503.17444222092,10.160571042742937,63.88569098193862,121.73468487871246,59.074133377419614,297753932.8918454,0.0,84552323.50468236,30686690.46906875,192943764.16985384,367655428.4045378,3016627290.2777414
41,2024-03-01,98.58944715073571,0.0,27.99628169644104,423.61482089938215,0.5085531329534743,101.4197172894,52.10628843179555,16503.17444222092,10.160571042742937,63.88569098193862,121.73468487871246,59.074133377419614,297753932.8918454,0.0,84552323.50468236,30686690.46906875,192943764.16985384,367655428.4045378,3016627290.2777414
42,2024-03-01,98.58944715073571,0.0,27.99628169644104,423.61482089938215,0.5085531329534743,101.4197172894,52.10628843179555,16503.17444222092,10.160571042742937,63.88569098193862,121.73468487871246,59.074133377419614,297753932.8918454,0.0,84552323.50468236,30686690.46906875,192943764.16985384,367655428.4045378,3016627290.2777414
43,2024-03-01,98.58944715073571,0.0,27.99628169644104,423.61482089938215,0.5085531329534743,101.4197172894,52.10628843179555,16503.17444222092,10.160571042742937,63.88569098193862,121.73468487871246,59.074133377419614,297753932.8918454,0.0,84552323.50468236,30686690.46906875,192943764.16985384,367655428.4045378,3016627290.2777414
44,2024-03-01,98.58944715073571,0.0,27.99628169644104,423.61482089938215,0.5085531329534743,101.4197172894,52.10628843179555,16503.17444222092,10.160571042742937,63.88569098193862,121.73468487871246,59.074133377419614,297753932.8918454,0.0,84552323.50468236,30686690.46906875,192943764.16985384,367655428.4045378,3016627290.2777324
45,2024-03-01,98.58944715073571,0.0,27.99628169644104,423.61482089938215,0.5085531329534743,101.4197172894,52.10628843179555,16503.17444222092,10.160571042742937,63.88569098193862,121.73468487871246,59.074133377419614,297753932.8918454,0.0,84552323.50468236,30686690.46906875,192943764.16985384,367655428.4045378,3016627290.2777414
46,2024-03-01,98.58944715073571,0.0,27.99628169644104,423.61482089938215,0.5085531329534743,101.4197172894,52.10628843179555,16503.17444222092,10.160571042742937,63.88569098193862,121.73468487871246,59.074133377419614,297753932.8918454,0.0,84552323.50468236,30686690.46906875,192943764.16985384,367655428.4045378,3016627290.2777324
47,2024-03-01,98.58944715073571,0.0,27.99628169644104,423.61482089938215,0.5085531329534743,101.4197172894,52.10628843179555,16503.17444222092,10.160571042742937,63.88569098193862,121.73468487871246,59.074133377419614,297753932.8918454,0.0,84552323.50468236,30686690.46906875,192943764.16985384,367655428.4045378,3016627290.2777414
48,2024-03-01,98.58944715073571,0.0,27.99628169644104,423.61482089938215,0.5085531329534743,101.4197172894,52.10628843179555,16503.17444222092,10.160571042742937,63.88569098193862,121.73468487871246,59.074133377419614,297753932.8918454,0.0,84552323.50468236,30686690.46906875,192943764.16985384,367655428.4045378,3016627290.2777414
49,2024-03-01,98.58944715073571,0.0,27.99628169644104,423.61482089938215,0.5085531329534743,101.4197172894,52.10628843179555,16503.17444222092,10.160571042742937,63.88569098193862,121.73468487871246,59.074133377419614,297753932.8918454,0.0,84552323.50468236,30686690.46906875,192943764.16985384,367655428.4045378,3016627290.2777324
50,2024-03-01,98.58944715073571,0.0,27.99628169644104,423.61482089938215,0.5085531329534743,101.4197172894,52.10628843179555,16503.17444222092,10.160571042742937,63.88569098193862,121.73468487871246,59.074133377419614,297753932.8918454,0.0,84552323.50468236,30686690.46906875,192943764.16985384,367655428.4045378,3016627290.2777414
51,2024-03-01,98.58944715073571,0.0,27.99628169644104,423.61482089938215,0.5085531329534743,101.4197172894,52.10628843179555,16503.17444222092,10.160571042742937,63.88569098193862,121.73468487871246,59.074133377419614,297753932.8918454,0.0,84552323.50468236,30686690.46906875,192943764.16985384,367655428.4045378,3016627290.2777414
52,2024-03-01,98.58944715073571,0.0,27.99628169644104,423.61482089938215,0.5085531329534743,101.4197172894,52.10628843179555,16503.17444222092,10.160571042742937,63.88569098193862,121.73468487871246,59.074133377419614,297753932.8918454,0.0,84552323.50468236,30686690.46906875,192943764.16985384,367655428.4045378,3016627290.2777414
53,2024-03-01,98.58944715073571,0.0,27.99628169644104,423.61482089938215,0.5085531329534743,101.4197172894,52.10628843179555,16503.17444222092,10.160571042742937,63.88569098193862,121.73468487871246,59.074133377419614,297753932.8918454,0.0,84552323.50468236,30686690.46906875,192943764.16985384,367655428.4045378,3016627290.2777414
54,2024-03-01,98.58944715073571,0.0,27.99628169644104,423.61482089938215,0.5085531329534743,101.4197172894,52.10628843179555,16503.17444222092,10.160571042742937,63.88569098193862,121.73468487871246,59.074133377419614,297753932.8918454,0.0,84552323.50468236,30686690.46906875,192943764.16985384,367655428.4045378,3016627290.2777414
55,2024-03-01,98.58944715073571,0.0,27.99628169644104,423.61482089938215,0.5085531329534743,101.4197172894,52.10628843179555,16503.17444222092,10.160571042742937,63.88569098193862,121.73468487871246,59.074133377419614,297753932.8918454,0.0,84552323.50468236,30686690.46906875,192943764.16985384,367655428.4045378,3016627290.2777324
56,2024-03-01,98.58944715073571,0.0,27.99628169644104,423.61482089938215,0.5085531329534743,101.4197172894,52.10628843179555,16503.17444222092,10.160571042742937,63.88569098193862,121.73468487871246,59.074133377419614,297753932.8918454,0.0,84552323.50468236,30686690.46906875,192943764.16985384,367655428.4045378,3016627290.2777414
57,2024-03-01,98.58944715073571,0.0,27.99628169644104,423.61482089938215,0.5085531329534743,101.4197172894,52.10628843179555,16503.17444222092,10.160571042742937,63.88569098193862,121.73468487871246,59.074133377419614,297753932.8918454,0.0,84552323.50468236,30686690.46906875,192943764.16985384,367655428.4045378,3016627290.2777414
58,2024-03-01,98.58944715073571,0.0,27.99628169644104,423.61482089938215,0.5085531329534743,101.4197172894,52.10628843179555,16503.17444222092,10.160571042742937,63.88569098193862,121.73468487871246,59.074133377419614,297753932.8918454,0.0,84552323.50468236,30686690.46906875,192943764.16985384,367655428.4045378,3016627290.2777414
59,2024-03-01,98.58944715073571,0.0,27.99628169644104,423.61482089938215,0.5085531329534743,101.4197172894,52.10628843179555,16503.17444222092,10.160571042742937,63.88569098193862,121.73468487871246,59.074133377419614,297753932.8918454,0.0,84552323.50468236,30686690.46906875,192943764.16985384,367655428.4045378,3016627290.2777414
60,2024-04-01,86.7279140427778,1.2407805496622792,57.18557969191196,423.61482089938215,0.5085531329534743,101.4197172894,52.10628843179555,16503.17444222092,1.74272293217584,40.069403229936974,110.7056736171278,52.93395962140254,261929899.9910955,3747308.1766629666,172707986.95608628,5263287.087103833,121015292.11039402,334346070.418712,3016627290.2777414
61,2024-04-01,86.7279140427778,1.2407805496622792,57.18557969191196,423.61482089938215,0.5085531329534743,101.4197172894,52.10628843179555,16503.17444222092,1.74272293217584,40.069403229936974,110.7056736171278,52.93395962140254,261929899.9910955,3747308.1766629666,172707986.95608628,5263287.087103833,121015292.11039402,334346070.418712,3016627290.2777414
62,2024-04-01,86.7279140427778,1.2407805496622792,57.18557969191196,423.61482089938215,0.5085531329534743,101.4197172894,52.10628843179555,16503.17444222092,1.74272293217584,40.069403229936974,110.7056736171278,52.93395962140254,261929899.9910955,3747308.1766629666,172707986.95608628,5263287.087103833,121015292.11039402,334346070.418712,3016627290.2777414
63,2024-04-01,86.7279140427778,1.2407805496622792,57.18557969191196,423.61482089938215,0.5085531329534743,101.4197172894,52.10628843179555,16503.17444222092,1.74272293217584,40.069403229936974,110.7056736171278,52.93395962140254,261929899.9910955,3747308.1766629666,172707986.95608628,5263287.087103833,121015292.11039402,334346070.418712,3016627290.2777414
64,2024-04-01,86.7279140427778,1.2407805496622792,57.18557969191196,423.61482089938215,0.5085531329534743,101.4197172894,52.10628843179555,16503.17444222092,1.74272293217584,40.069403229936974,110.7056736171278,52.93395962140254,261929899.9910955,3747308.1766629666,172707986.95608628,5263287.087103833,121015292.11039402,334346070.418712,3016627290.2777414
65,2024-04-01,86.7279140427778,1.2407805496622792,57.18557969191196,423.61482089938215,0.5085531329534743,101.4197172894,52.10628843179555,16503.17444222092,1.74272293217584,40.069403229936974,110.7056736171278,52.93395962140254,261929899.9910955,3747308.1766629666,172707986.95608628,5263287.087103833,121015292.11039402,334346070.418712,3016627290.2777324
66,2024-04-01,86.7279140427778,1.2407805496622792,57.18557969191196,423.61482089938215,0.5085531329534743,101.4197172894,52.10628843179555,16503.17444222092,1.74272293217584,40.069403229936974,110.7056736171278,52.93395962140254,261929899.9910955,3747308.1766629666,172707986.95608628,5263287.087103833,121015292.11039402,334346070.418712,3016627290.2777414
67,2024-04-01,86.7279140427778,1.2407805496622792,57.18557969191196,423.61482089938215,0.5085531329534743,101.4197172894,52.10628843179555,16503.17444222092,1.74272293217584,40.069403229936974,110.7056736171278,52.93395962140254,261929899.9910955,3747308.1766629666,172707986.95608628,5263287.087103833,121015292.11039402,334346070.418712,3016627290.2777414
68,2024-04-01,86.7279140427778,1.2407805496622792,57.18557969191196,423.61482089938215,0.5085531329534743,101.4197172894,52.10628843179555,16503.17444222092,1.74272293217584,40.069403229936974,110.7056736171278,52.93395962140254,261929899.9910955,3747308.1766629666,172707986.95608628,5263287.087103833,121015292.11039402,334346070.418712,3016627290.2777414
69,2024-04-01,86.7279140427778,1.2407805496622792,57.18557969191196,423.61482089938215,0.5085531329534743,101.4197172894,52.10628843179555,16503.17444222092,1.74272293217584,40.069403229936974,110.7056736171278,52.93395962140254,261929899.9910955,3747308.1766629666,172707986.95608628,5263287.087103833,121015292.11039402,334346070.418712,3016627290.2777324
70,2024-04-01,86.7279140427778,1.2407805496622792,57.18557969191196,423.61482089938215,0.5085531329534743,101.4197172894,52.10628843179555,16503.17444222092,1.74272293217584,40.069403229936974,110.7056736171278,52.93395962140254,261929899.9910955,3747308.1766629666,172707986.95608628,5263287.087103833,121015292.11039402,334346070.418712,3016627290.2777414
71,2024-04-01,86.7279140427778,1.2407805496622792,57.18557969191196,423.61482089938215,0.5085531329534743,101.4197172894,52.10628843179555,16503.17444222092,1.74272293217584,40.069403229936974,110.7056736171278,52.93395962140254,261929899.9910955,3747308.1766629666,172707986.95608628,5263287.087103833,121015292.11039402,334346070.418712,3016627290.2777414
72,2024-04-01,86.7279140427778,1.2407805496622792,57.18557969191196,423.61482089938215,0.5085531329534743,101.4197172894,52.10628843179555,16503.17444222092,1.74272293217584,40.069403229936974,110.7056736171278,52.93395962140254,261929899.9910955,3747308.1766629666,172707986.95608628,5263287.087103833,121015292.11039402,334346070.418712,3016627290.2777414
73,2024-04-01,86.7279140427778,1.2407805496622792,57.18557969191196,423.61482089938215,0.5085531329534743,101.4197172894,52.10628843179555,16503.17444222092,1.74272293217584,40.069403229936974,110.7056736171278,52.93395962140254,261929899.9910955,3747308.1766629666,172707986.95608628,5263287.087103833,121015292.11039402,334346070.418712,3016627290.2777324
74,2024-04-01,86.7279140427778,1.2407805496622792,57.18557969191196,423.61482089938215,0.5085531329534743,101.4197172894,52.10628843179555,16503.17444222092,1.74272293217584,40.069403229936974,110.7056736171278,52.93395962140254,261929899.9910955,3747308.1766629666,172707986.95608628,5263287.087103833,121015292.11039402,334346070.418712,3016627290.2777414
75,2024-04-01,86.7279140427778,1.2407805496622792,57.18557969191196,423.61482089938215,0.5085531329534743,101.4197172894,52.10628843179555,16503.17444222092,1.74272293217584,40.069403229936974,110.7056736171278,52.93395962140254,261929899.9910955,3747308.1766629666,172707986.95608628,5263287.087103833,121015292.11039402,334346070.418712,3016627290.2777324
76,2024-04-01,86.7279140427778,1.2407805496622792,57.18557969191196,423.61482089938215,0.5085531329534743,101.4197172894,52.10628843179555,16503.17444222092,1.74272293217584,40.069403229936974,110.7056736171278,52.93395962140254,261929899.9910955,3747308.1766629666,172707986.95608628,5263287.087103833,121015292.11039402,334346070.418712,3016627290.2777414
77,2024-04-01,86.7279140427778,1.2407805496622792,57.18557969191196,423.61482089938215,0.5085531329534743,101.4197172894,52.10628843179555,16503.17444222092,1.74272293217584,40.069403229936974,110.7056736171278,52.93395962140254,261929899.9910955,3747308.1766629666,172707986.95608628,5263287.087103833,121015292.11039402,334346070.418712,3016627290.2777414
78,2024-04-01,86.7279140427778,1.2407805496622792,57.18557969191196,423.61482089938215,0.5085531329534743,101.4197172894,52.10628843179555,16503.17444222092,1.74272293217584,40.069403229936974,110.7056736171278,52.93395962140254,261929899.9910955,3747308.1766629666,172707986.95608628,5263287.087103833,121015292.11039402,334346070.418712,3016627290.2777414
79,2024-04-01,86.7279140427778,1.2407805496622792,57.18557969191196,423.61482089938215,0.5085531329534743,101.4197172894,52.10628843179555,16503.17444222092,1.74272293217584,40.069403229936974,110.7056736171278,52.93395962140254,261929899.9910955,3747308.1766629666,172707986.95608628,5263287.087103833,121015292.11039402,334346070.418712,3016627290.2777414
80,2024-05-01,73.42492929501445,3.226029366820541,94.61178674271018,423.61482089938215,0.5085531329534743,101.4197172894,52.10628843179555,16503.17444222092,0.09305229685429392,15.606642812457531,77.68777973131674,36.011591352825185,221753745.01029736,9743001.071166994,285740126.03479975,281035.37251640955,47134511.57163504,234627949.81002325,3016627290.2777414
81,2024-05-01,73.42492929501445,3.226029366820541,94.61178674271018,423.61482089938215,0.5085531329534743,101.4197172894,52.10628843179555,16503.17444222092,0.09305229685429392,15.606642812457531,77.68777973131674,36.011591352825185,221753745.01029736,9743001.071166994,285740126.03479975,281035.37251640955,47134511.57163504,234627949.81002325,3016627290.2777414
82,2024-05-01,73.42492929501445,3.226029366820541,94.61178674271018,423.61482089938215,0.5085531329534743,101.4197172894,52.10628843179555,16503.17444222092,0.09305229685429392,15.606642812457531,77.68777973131674,36.011591352825185,221753745.01029736,9743001.071166994,285740126.03479975,281035.37251640955,47134511.57163504,234627949.81002325,3016627290.2777324
83,2024-05-01,73.42492929501445,3.226029366820541,94.61178674271018,423.61482089938215,0.5085531329534743,101.4197172894,52.10628843179555,16503.17444222092,0.09305229685429392,15.606642812457531,77.68777973131674,36.011591352825185,221753745.01029736,9743001.071166994,285740126.03479975,281035.37251640955,47134511.57163504,234627949.81002325,3016627290.2777414
84,2024-05-01,73.42492929501445,3.226029366820541,94.61178674271018,423.61482089938215,0.5085531329534743,101.4197172894,52.10628843179555,16503.17444222092,0.09305229685429392,15.606642812457531,77.68777973131674,36.011591352825185,221753745.01029736,9743001.071166994,285740126.03479975,281035.37251640955,47134511.57163504,234627949.81002325,3016627290.2777414
85,2024-05-01,73.42492929501445,3.226029366820541,94.61178674271018,423.61482089938215,0.5085531329534743,101.4197172894,52.10628843179555,16503.17444222092,0.09305229685429392,15.606642812457531,77.68777973131674,36.011591352825185,221753745.01029736,9743001.071166994,285740126.03479975,281035.37251640955,47134511.57163504,234627949.81002325,3016627290.2777324
86,2024-05-01,73.42492929501445,3.226029366820541,94.61178674271018,423.61482089938215,0.5085531329534743,101.4197172894,52.10628843179555,16503.17444222092,0.09305229685429392,15.606642812457531,77.68777973131674,36.011591352825185,221753745.01029736,9743001.071166994,285740126.03479975,281035.37251640955,47134511.57163504,234627949.81002325,3016627290.2777414
87,2024-05-01,73.42492929501445,3.226029366820541,94.61178674271018,423.61482089938215,0.5085531329534743,101.4197172894,52.10628843179555,16503.17444222092,0.09305229685429392,15.606642812457531,77.68777973131674,36.011591352825185,221753745.01029736,9743001.071166994,285740126.03479975,281035.37251640955,47134511.57163504,234627949.81002325,3016627290.2777414
88,2024-05-01,73.42492929501445,3.226029366820541,94.61178674271018,423.61482089938215,0.5085531329534743,101.4197172894,52.10628843179555,16503.17444222092,0.09305229685429392,15.606642812457531,77.68777973131674,36.011591352825185,221753745.01029736,9743001.071166994,285740126.03479975,281035.37251640955,47134511.57163504,234627949.81002325,3016627290.2777414
89,2024-05-01,73.42492929501445,3.226029366820541,94.61178674271018,423.61482089938215,0.5085531329534743,101.4197172894,52.10628843179555,16503.17444222092,0.09305229685429392,15.606642812457531,77.68777973131674,36.011591352825185,221753745.01029736,9743001.071166994,285740126.03479975,281035.37251640955,47134511.57163504,234627949.81002325,3016627290.2777414
90,2024-05-01,73.42492929501445,3.226029366820541,94.61178674271018,423.61482089938215,0.5085531329534743,101.4197172894,52.10628843179555,16503.17444222092,0.09305229685429392,15.606642812457531,77.68777973131674,36.011591352825185,221753745.01029736,9743001.071166994,285740126.03479975,281035.37251640955,47134511.57163504,234627949.81002325,3016627290.2777414
91,2024-05-01,73.42492929501445,3.226029366820541,94.61178674271018,423.61482089938215,0.5085531329534743,101.4197172894,52.10628843179555,16503.17444222092,0.09305229685429392,15.606642812457531,77.68777973131674,36.011591352825185,221753745.01029736,9743001.071166994,285740126.03479975,281035.37251640955,47134511.57163504,234627949.81002325,3016627290.2777414
92,2024-05-01,73.42492929501445,3.226029366820541,94.61178674271018,423.61482089938215,0.5085531329534743,101.4197172894,52.10628843179555,16503.17444222092,0.09305229685429392,15.606642812457531,77.68777973131674,36.011591352825185,221753745.01029736,9743001.071166994,285740126.03479975,281035.37251640955,47134511.57163504,234627949.81002325,3016627290.2777414
93,2024-05-01,73.42492929501445,3.226029366820541,94.61178674271018,423.61482089938215,0.5085531329534743,101.4197172894,52.10628843179555,16503.17444222092,0.09305229685429392,15.606642812457531,77.68777973131674,36.011591352825185,221753745.01029736,9743001.071166994,285740126.03479975,281035.37251640955,47134511.57163504,234627949.81002325,3016627290.2777414
94,2024-05-01,73.42492929501445,3.226029366820541,94.61178674271018,423.61482089938215,0.5085531329534743,101.4197172894,52.10628843179555,16503.17444222092,0.09305229685429392,15.606642812457531,77.68777973131674,36.011591352825185,221753745.01029736,9743001.071166994,285740126.03479975,281035.37251640955,47134511.57163504,234627949.81002325,3016627290.2777324
95,2024-05-01,73.42492929501445,3.226029366820541,94.61178674271018,423.61482089938215,0.5085531329534743,101.4197172894,52.10628843179555,16503.17444222092,0.09305229685429392,15.606642812457531,77.68777973131674,36.011591352825185,221753745.01029736,9743001.071166994,285740126.03479975,281035.37251640955,47134511.57163504,234627949.81002325,3016627290.2777324
96,2024-05-01,73.42492929501445,3.226029366820541,94.61178674271018,423.61482089938215,0.5085531329534743,101.4197172894,52.10628843179555,16503.17444222092,0.09305229685429392,15.606642812457531,77.68777973131674,36.011591352825185,221753745.01029736,9743001.071166994,285740126.03479975,281035.37251640955,47134511.57163504,234627949.81002325,3016627290.2777414
97,2024-05-01,73.42492929501445,3.226029366820541,94.61178674271018,423.61482089938215,0.5085531329534743,101.4197172894,52.10628843179555,16503.17444222092,0.09305229685429392,15.606642812457531,77.68777973131674,36.011591352825185,221753745.01029736,9743001.071166994,285740126.03479975,281035.37251640955,47134511.57163504,234627949.81002325,3016627290.2777414
98,2024-05-01,73.42492929501445,3.226029366820541,94.61178674271018,423.61482089938215,0.5085531329534743,101.4197172894,52.10628843179555,16503.17444222092,0.09305229685429392,15.606642812457531,77.68777973131674,36.011591352825185,221753745.01029736,9743001.071166994,285740126.03479975,281035.37251640955,47134511.57163504,234627949.81002325,3016627290.2777414
99,2024-05-01,73.42492929501445,3.226029366820541,94.61178674271018,423.61482089938215,0.5085531329534743,101.4197172894,52.10628843179555,16503.17444222092,0.09305229685429392,15.606642812457531,77.68777973131674,36.011591352825185,221753745.01029736,9743001.071166994,285740126.03479975,281035.37251640955,47134511.57163504,234627949.81002325,3016627290.2777414
100,2024-06-01,4.917844911592505,4.963122198649117,129.47602672705412,423.61482089938215,0.5085531329534743,101.4197172894,52.10628843179555,16503.17444222092,0.0,0.7291719430400729,11.562758232048408,4.002434428076901,14852571.728046238,14989232.706651866,391035237.7809176,0.0,2202178.5093030585,34921122.35833881,3016627290.2777414
101,2024-06-01,4.917844911592505,4.963122198649117,129.47602672705412,423.61482089938215,0.5085531329534743,101.4197172894,52.10628843179555,16503.17444222092,0.0,0.7291719430400729,11.562758232048408,4.002434428076901,14852571.728046238,14989232.706651866,391035237.7809176,0.0,2202178.5093030585,34921122.35833881,3016627290.2777414
102,2024-06-01,4.917844911592505,4.963122198649117,129.47602672705412,423.61482089938215,0.5085531329534743,101.4197172894,52.10628843179555,16503.17444222092,0.0,0.7291719430400729,11.562758232048408,4.002434428076901,14852571.728046238,14989232.706651866,391035237.7809176,0.0,2202178.5093030585,34921122.35833881,3016627290.2777414
103,2024-06-01,4.917844911592505,4.963122198649117,129.47602672705412,423.61482089938215,0.5085531329534743,101.4197172894,52.10628843179555,16503.17444222092,0.0,0.7291719430400729,11.562758232048408,4.002434428076901,14852571.728046238,14989232.706651866,391035237.7809176,0.0,2202178.5093030585,34921122.35833881,3016627290.2777414
104,2024-06-01,4.917844911592505,4.963122198649117,129.47602672705412,423.61482089938215,0.5085531329534743,101.4197172894,52.10628843179555,16503.17444222092,0.0,0.7291719430400729,11.562758232048408,4.002434428076901,14852571.728046238,14989232.706651866,391035237.7809176,0.0,2202178.5093030585,34921122.35833881,3016627290.2777414
105,2024-06-01,4.917844911592505,4.963122198649117,129.47602672705412,423.61482089938215,0.5085531329534743,101.4197172894,52.10628843179555,16503.17444222092,0.0,0.7291719430400729,11.562758232048408,4.002434428076901,14852571.728046238,14989232.706651866,391035237.7809176,0.0,2202178.5093030585,34921122.35833881,3016627290.2777414
106,2024-06-01,4.917844911592505,4.963122198649117,129.47602672705412,423.61482089938215,0.5085531329534743,101.4197172894,52.10628843179555,16503.17444222092,0.0,0.7291719430400729,11.562758232048408,4.002434428076901,14852571.728046238,14989232.706651866,391035237.7809176,0.0,2202178.5093030585,34921122.35833881,3016627290.2777414
107,2024-06-01,4.917844911592505,4.963122198649117,129.47602672705412,423.61482089938215,0.5085531329534743,101.4197172894,52.10628843179555,16503.17444222092,0.0,0.7291719430400729,11.562758232048408,4.002434428076901,14852571.728046238,14989232.706651866,391035237.7809176,0.0,2202178.5093030585,34921122.35833881,3016627290.2777324
108,2024-06-01,4.917844911592505,4.963122198649117,129.47602672705412,423.61482089938215,0.5085531329534743,101.4197172894,52.10628843179555,16503.17444222092,0.0,0.7291719430400729,11.562758232048408,4.002434428076901,14852571.728046238,14989232.706651866,391035237.7809176,0.0,2202178.5093030585,34921122.35833881,3016627290.2777414
109,2024-06-01,4.917844911592505,4.963122198649117,129.47602672705412,423.61482089938215,0.5085531329534743,101.4197172894,52.10628843179555,16503.17444222092,0.0,0.7291719430400729,11.562758232048408,4.002434428076901,14852571.728046238,14989232.706651866,391035237.7809176,0.0,2202178.5093030585,34921122.35833881,3016627290.2777414
110,2024-06-01,4.917844911592505,4.963122198649117,129.47602672705412,423.61482089938215,0.5085531329534743,101.4197172894,52.10628843179555,16503.17444222092,0.0,0.7291719430400729,11.562758232048408,4.002434428076901,14852571.728046238,14989232.706651866,391035237.7809176,0.0,2202178.5093030585,34921122.35833881,3016627290.2777414
111,2024-06-01,4.917844911592505,4.963122198649117,129.47602672705412,423.61482089938215,0.5085531329534743,101.4197172894,52.10628843179555,16503.17444222092,0.0,0.7291719430400729,11.562758232048408,4.002434428076901,14852571.728046238,14989232.706651866,391035237.7809176,0.0,2202178.5093030585,34921122.35833881,3016627290.2777414
112,2024-06-01,4.917844911592505,4.963122198649117,129.47602672705412,423.61482089938215,0.5085531329534743,101.4197172894,52.10628843179555,16503.17444222092,0.0,0.7291719430400729,11.562758232048408,4.002434428076901,14852571.728046238,14989232.706651866,391035237.7809176,0.0,2202178.5093030585,34921122.35833881,3016627290.2777414
113,2024-06-01,4.917844911592505,4.963122198649117,129.47602672705412,423.61482089938215,0.5085531329534743,101.4197172894,52.10628843179555,16503.17444222092,0.0,0.7291719430400729,11.562758232048408,4.002434428076901,14852571.728046238,14989232.706651866,391035237.7809176,0.0,2202178.5093030585,34921122.35833881,3016627290.2777324
114,2024-06-01,4.917844911592505,4.963122198649117,129.47602672705412,423.61482089938215,0.5085531329534743,101.4197172894,52.10628843179555,16503.17444222092,0.0,0.7291719430400729,11.562758232048408,4.002434428076901,14852571.728046238,14989232.706651866,391035237.7809176,0.0,2202178.5093030585,34921122.35833881,3016627290.2777414
115,2024-06-01,4.917844911592505,4.963122198649117,129.47602672705412,423.61482089938215,0.5085531329534743,101.4197172894,52.10628843179555,16503.17444222092,0.0,0.7291719430400729,11.562758232048408,4.002434428076901,14852571.728046238,14989232.706651866,391035237.7809176,0.0,2202178.5093030585,34921122.35833881,3016627290.2777414
116,2024-06-01,4.917844911592505,4.963122198649117,129.47602672705412,423.61482089938215,0.5085531329534743,101.4197172894,52.10628843179555,16503.17444222092,0.0,0.7291719430400729,11.562758232048408,4.002434428076901,14852571.728046238,14989232.706651866,391035237.7809176,0.0,2202178.5093030585,34921122.35833881,3016627290.2777414
117,2024-06-01,4.917844911592505,4.963122198649117,129.47602672705412,423.61482089938215,0.5085531329534743,101.4197172894,52.10628843179555,16503.17444222092,0.0,0.7291719430400729,11.562758232048408,4.002434428076901,14852571.728046238,14989232.706651866,391035237.7809176,0.0,2202178.5093030585,34921122.35833881,3016627290.2777324
118,2024-06-01,4.917844911592505,4.963122198649117,129.47602672705412,423.61482089938215,0.5085531329534743,101.4197172894,52.10628843179555,16503.17444222092,0.0,0.7291719430400729,11.562758232048408,4.002434428076901,14852571.728046238,14989232.706651866,391035237.7809176,0.0,2202178.5093030585,34921122.35833881,3016627290.2777414
119,2024-06-01,4.917844911592505,4.963122198649117,129.47602672705412,423.61482089938215,0.5085531329534743,101.4197172894,52.10628843179555,16503.17444222092,0.0,0.7291719430400729,11.562758232048408,4.002434428076901,14852571.728046238,14989232.706651866,391035237.7809176,0.0,2202178.5093030585,34921122.35833881,3016627290.2777324
120,2024-07-01,8.29755036215868,6.452058733641082,132.9435265173754,423.61482089938215,0.5085531329534743,101.4197172894,52.10628843179555,16503.17444222092,0.01751625180414841,0.770373975504497,8.21335137146577,2.5850850174346927,25059802.767103128,19486002.142333988,401507215.4545883,52901.59564215727,2326609.153226988,24805415.021683272,3016627290.2777414
121,2024-07-01,8.29755036215868,6.452058733641082,132.9435265173754,423.61482089938215,0.5085531329534743,101.4197172894,52.10628843179555,16503.17444222092,0.01751625180414841,0.770373975504497,8.21335137146577,2.5850850174346927,25059802.767103128,19486002.142333988,401507215.4545883,52901.59564215727,2326609.153226988,24805415.021683272,3016627290.2777414
122,2024-07-01,8.29755036215868,6.452058733641082,132.9435265173754,423.61482089938215,0.5085531329534743,101.4197172894,52.10628843179555,16503.17444222092,0.01751625180414841,0.770373975504497,8.21335137146577,2.5850850174346927,25059802.767103128,19486002.142333988,401507215.4545883,52901.59564215727,2326609.153226988,24805415.021683272,3016627290.2777414
123,2024-07-01,8.29755036215868,6.452058733641082,132.9435265173754,423.61482089938215,0.5085531329534743,101.4197172894,52.10628843179555,16503.17444222092,0.01751625180414841,0.770373975504497,8.21335137146577,2.5850850174346927,25059802.767103128,19486002.142333988,401507215.4545883,52901.59564215727,2326609.153226988,24805415.021683272,3016627290.2777414
124,2024-07-01,8.29755036215868,6.452058733641082,132.9435265173754,423.61482089938215,0.5085531329534743,101.4197172894,52.10628843179555,16503.17444222092,0.01751625180414841,0.770373975504497,8.21335137146577,2.5850850174346927,25059802.767103128,19486002.142333988,401507215.4545883,52901.59564215727,2326609.153226988,24805415.021683272,3016627290.2777324
125,2024-07-01,8.29755036215868,6.452058733641082,132.9435265173754,423.61482089938215,0.5085531329534743,101.4197172894,52.10628843179555,16503.17444222092,0.01751625180414841,0.770373975504497,8.21335137146577,2.5850850174346927,25059802.767103128,19486002.142333988,401507215.4545883,52901.59564215727,2326609.153226988,24805415.021683272,3016627290.2777414
126,2024-07-01,8.29755036215868,6.452058733641082,132.9435265173754,423.61482089938215,0.5085531329534743,101.4197172894,52.10628843179555,16503.17444222092,0.01751625180414841,0.770373975504497,8.21335137146577,2.5850850174346927,25059802.767103128,19486002.142333988,401507215.4545883,52901.59564215727,2326609.153226988,24805415.021683272,3016627290.2777414
127,2024-07-01,8.29755036215868,6.452058733641082,132.9435265173754,423.61482089938215,0.5085531329534743,101.4197172894,52.10628843179555,16503.17444222092,0.01751625180414841,0.770373975504497,8.21335137146577,2.5850850174346927,25059802.767103128,19486002.142333988,401507215.4545883,52901.59564215727,2326609.153226988,24805415.021683272,3016627290.2777414
128,2024-07-01,8.29755036215868,6.452058733641082,132.9435265173754,423.61482089938215,0.5085531329534743,101.4197172894,52.10628843179555,16503.17444222092,0.01751625180414841,0.770373975504497,8.21335137146577,2.5850850174346927,25059802.767103128,19486002.142333988,401507215.4545883,52901.59564215727,2326609.153226988,24805415.021683272,3016627290.2777414
129,2024-07-01,8.29755036215868,6.452058733641082,132.9435265173754,423.61482089938215,0.5085531329534743,101.4197172894,52.10628843179555,16503.17444222092,0.01751625180414841,0.770373975504497,8.21335137146577,2.5850850174346927,25059802.767103128,19486002.142333988,401507215.4545883,52901.59564215727,2326609.153226988,24805415.021683272,3016627290.2777414
130,2024-07-01,8.29755036215868,6.452058733641082,132.9435265173754,423.61482089938215,0.5085531329534743,101.4197172894,52.10628843179555,16503.17444222092,0.01751625180414841,0.770373975504497,8.21335137146577,2.5850850174346927,25059802.767103128,19486002.142333988,401507215.4545883,52901.59564215727,2326609.153226988,24805415.021683272,3016627290.2777324
131,2024-07-01,8.29755036215868,6.452058733641082,132.9435265173754,423.61482089938215,0.5085531329534743,101.4197172894,52.10628843179555,16503.17444222092,0.01751625180414841,0.770373975504497,8.21335137146577,2.5850850174346927,25059802.767103128,19486002.142333988,401507215.4545883,52901.59564215727,2326609.153226988,24805415.021683272,3016627290.2777414
132,2024-07-01,8.29755036215868,6.452058733641082,132.9435265173754,423.61482089938215,0.5085531329534743,101.4197172894,52.10628843179555,16503.17444222092,0.01751625180414841,0.770373975504497,8.21335137146577,2.5850850174346927,25059802.767103128,19486002.142333988,401507215.4545883,52901.59564215727,2326609.153226988,24805415.021683272,3016627290.2777414
133,2024-07-01,8.29755036215868,6.452058733641082,132.9435265173754,423.61482089938215,0.5085531329534743,101.4197172894,52.10628843179555,16503.17444222092,0.01751625180414841,0.770373975504497,8.21335137146577,2.5850850174346927,25059802.767103128,19486002.142333988,401507215.4545883,52901.59564215727,2326609.153226988,24805415.021683272,3016627290.2777414
134,2024-07-01,8.29755036215868,6.452058733641082,132.9435265173754,423.61482089938215,0.5085531329534743,101.4197172894,52.10628843179555,16503.17444222092,0.01751625180414841,0.770373975504497,8.21335137146577,2.5850850174346927,25059802.767103128,19486002.142333988,401507215.4545883,52901.59564215727,2326609.153226988,24805415.021683272,3016627290.2777324
135,2024-07-01,8.29755036215868,6.452058733641082,132.9435265173754,423.61482089938215,0.5085531329534743,101.4197172894,52.10628843179555,16503.17444222092,0.01751625180414841,0.770373975504497,8.21335137146577,2.5850850174346927,25059802.767103128,19486002.142333988,401507215.4545883,52901.59564215727,2326609.153226988,24805415.021683272,3016627290.2777414
136,2024-07-01,8.29755036215868,6.452058733641082,132.9435265173754,423.61482089938215,0.5085531329534743,101.4197172894,52.10628843179555,16503.17444222092,0.01751625180414841,0.770373975504497,8.21335137146577,2.5850850174346927,25059802.767103128,19486002.142333988,401507215.4545883,52901.59564215727,2326609.153226988,24805415.021683272,3016627290.2777414
137,2024-07-01,8.29755036215868,6.452058733641082,132.9435265173754,423.61482089938215,0.5085531329534743,101.4197172894,52.10628843179555,16503.17444222092,0.01751625180414841,0.770373975504497,8.21335137146577,2.5850850174346927,25059802.767103128,19486002.142333988,401507215.4545883,52901.59564215727,2326609.153226988,24805415.021683272,3016627290.2777324
138,2024-07-01,8.29755036215868,6.452058733641082,132.9435265173754,423.61482089938215,0.5085531329534743,101.4197172894,52.10628843179555,16503.17444222092,0.01751625180414841,0.770373975504497,8.21335137146577,2.5850850174346927,25059802.767103128,19486002.142333988,401507215.4545883,52901.59564215727,2326609.153226988,24805415.021683272,3016627290.2777414
139,2024-07-01,8.29755036215868,6.452058733641082,132.9435265173754,423.61482089938215,0.5085531329534743,101.4197172894,52.10628843179555,16503.17444222092,0.01751625180414841,0.770373975504497,8.21335137146577,2.5850850174346927,25059802.767103128,19486002.142333988,401507215.4545883,52901.59564215727,2326609.153226988,24805415.021683272,3016627290.2777414
140,2024-08-01,52.915400071757006,5.211278283964975,90.0244066090749,423.61482089938215,0.5085531329534743,101.4197172894,52.10628843179555,16503.17444222092,0.6912418165788374,1.6187399321729807,10.336294565150354,3.722422358735662,159811794.36194435,15738694.267643392,271885840.03003144,2087649.5428630153,4888761.888702225,31216999.628161777,3016627290.2777414
141,2024-08-01,52.915400071757006,5.211278283964975,90.0244066090749,423.61482089938215,0.5085531329534743,101.4197172894,52.10628843179555,16503.17444222092,0.6912418165788374,1.6187399321729807,10.336294565150354,3.722422358735662,159811794.36194435,15738694.267643392,271885840.03003144,2087649.5428630153,4888761.888702225,31216999.628161777,3016627290.2777414
142,2024-08-01,52.915400071757006,5.211278283964975,90.0244066090749,423.61482089938215,0.5085531329534743,101.4197172894,52.10628843179555,16503.17444222092,0.6912418165788374,1.6187399321729807,10.336294565150354,3.722422358735662,159811794.36194435,15738694.267643392,271885840.03003144,2087649.5428630153,4888761.888702225,31216999.628161777,3016627290.2777414
143,2024-08-01,52.915400071757006,5.211278283964975,90.0244066090749,423.61482089938215,0.5085531329534743,101.4197172894,52.10628843179555,16503.17444222092,0.6912418165788374,1.6187399321729807,10.336294565150354,3.722422358735662,159811794.36194435,15738694.267643392,271885840.03003144,2087649.5428630153,4888761.888702225,31216999.628161777,3016627290.2777324
144,2024-08-01,52.915400071757006,5.211278283964975,90.0244066090749,423.61482089938215,0.5085531329534743,101.4197172894,52.10628843179555,16503.17444222092,0.6912418165788374,1.6187399321729807,10.336294565150354,3.722422358735662,159811794.36194435,15738694.267643392,271885840.03003144,2087649.5428630153,4888761.888702225,31216999.628161777,3016627290.2777414
145,2024-08-01,52.915400071757006,5.211278283964975,90.0244066090749,423.61482089938215,0.5085531329534743,101.4197172894,52.10628843179555,16503.17444222092,0.6912418165788374,1.6187399321729807,10.336294565150354,3.722422358735662,159811794.36194435,15738694.267643392,271885840.03003144,2087649.5428630153,4888761.888702225,31216999.628161777,3016627290.2777414
146,2024-08-01,52.915400071757006,5.211278283964975,90.0244066090749,423.61482089938215,0.5085531329534743,101.4197172894,52.10628843179555,16503.17444222092,0.6912418165788374,1.6187399321729807,10.336294565150354,3.722422358735662,159811794.36194435,15738694.267643392,271885840.03003144,2087649.5428630153,4888761.888702225,31216999.628161777,3016627290.2777414
147,2024-08-01,52.915400071757006,5.211278283964975,90.0244066090749,423.61482089938215,0.5085531329534743,101.4197172894,52.10628843179555,16503.17444222092,0.6912418165788374,1.6187399321729807,10.336294565150354,3.722422358735662,159811794.36194435,15738694.267643392,271885840.03003144,2087649.5428630153,4888761.888702225,31216999.628161777,3016627290.2777324
148,2024-08-01,52.915400071757006,5.211278283964975,90.0244066090749,423.61482089938215,0.5085531329534743,101.4197172894,52.10628843179555,16503.17444222092,0.6912418165788374,1.6187399321729807,10.336294565150354,3.722422358735662,159811794.36194435,15738694.267643392,271885840.03003144,2087649.5428630153,4888761.888702225,31216999.628161777,3016627290.2777414
149,2024-08-01,52.915400071757006,5.211278283964975,90.0244066090749,423.61482089938215,0.5085531329534743,101.4197172894,52.10628843179555,16503.17444222092,0.6912418165788374,1.6187399321729807,10.336294565150354,3.722422358735662,159811794.36194435,15738694.267643392,271885840.03003144,2087649.5428630153,4888761.888702225,31216999.628161777,3016627290.2777414
150,2024-08-01,52.915400071757006,5.211278283964975,90.0244066090749,423.61482089938215,0.5085531329534743,101.4197172894,52.10628843179555,16503.17444222092,0.6912418165788374,1.6187399321729807,10.336294565150354,3.722422358735662,159811794.36194435,15738694.267643392,271885840.03003144,2087649.5428630153,4888761.888702225,31216999.628161777,3016627290.2777414
151,2024-08-01,52.915400071757006,5.211278283964975,90.0244066090749,423.61482089938215,0.5085531329534743,101.4197172894,52.10628843179555,16503.17444222092,0.6912418165788374,1.6187399321729807,10.336294565150354,3.722422358735662,159811794.36194435,15738694.267643392,271885840.03003144,2087649.5428630153,4888761.888702225,31216999.628161777,3016627290.2777414
152,2024-08-01,52.915400071757006,5.211278283964975,90.0244066090749,423.61482089938215,0.5085531329534743,101.4197172894,52.10628843179555,16503.17444222092,0.6912418165788374,1.6187399321729807,10.336294565150354,3.722422358735662,159811794.36194435,15738694.267643392,271885840.03003144,2087649.5428630153,4888761.888702225,31216999.628161777,3016627290.2777414
153,2024-08-01,52.915400071757006,5.211278283964975,90.0244066090749,423.61482089938215,0.5085531329534743,101.4197172894,52.10628843179555,16503.17444222092,0.6912418165788374,1.6187399321729807,10.336294565150354,3.722422358735662,159811794.36194435,15738694.267643392,271885840.03003144,2087649.5428630153,4888761.888702225,31216999.628161777,3016627290.2777324
154,2024-08-01,52.915400071757006,5.211278283964975,90.0244066090749,423.61482089938215,0.5085531329534743,101.4197172894,52.10628843179555,16503.17444222092,0.6912418165788374,1.6187399321729807,10.336294565150354,3.722422358735662,159811794.36194435,15738694.267643392,271885840.03003144,2087649.5428630153,4888761.888702225,31216999.628161777,3016627290.2777414
155,2024-08-01,52.915400071757006,5.211278283964975,90.0244066090749,423.61482089938215,0.5085531329534743,101.4197172894,52.10628843179555,16503.17444222092,0.6912418165788374,1.6187399321729807,10.336294565150354,3.722422358735662,159811794.36194435,15738694.267643392,271885840.03003144,2087649.5428630153,4888761.888702225,31216999.628161777,3016627290.2777414
156,2024-08-01,52.915400071757006,5.211278283964975,90.0244066090749,423.61482089938215,0.5085531329534743,101.4197172894,52.10628843179555,16503.17444222092,0.6912418165788374,1.6187399321729807,10.336294565150354,3.722422358735662,159811794.36194435,15738694.267643392,271885840.03003144,2087649.5428630153,4888761.888702225,31216999.628161777,3016627290.2777414
157,2024-08-01,52.915400071757006,5.211278283964975,90.0244066090749,423.61482089938215,0.5085531329534743,101.4197172894,52.10628843179555,16503.17444222092,0.6912418165788374,1.6187399321729807,10.336294565150354,3.722422358735662,159811794.36194435,15738694.267643392,271885840.03003144,2087649.5428630153,4888761.888702225,31216999.628161777,3016627290.2777324
158,2024-08-01,52.915400071757006,5.211278283964975,90.0244066090749,423.61482089938215,0.5085531329534743,101.4197172894,52.10628843179555,16503.17444222092,0.6912418165788374,1.6187399321729807,10.336294565150354,3.722422358735662,159811794.36194435,15738694.267643392,271885840.03003144,2087649.5428630153,4888761.888702225,31216999.628161777,3016627290.2777414
159,2024-08-01,52.915400071757006,5.211278283964975,90.0244066090749,423.61482089938215,0.5085531329534743,101.4197172894,52.10628843179555,16503.17444222092,0.6912418165788374,1.6187399321729807,10.336294565150354,3.722422358735662,159811794.36194435,15738694.267643392,271885840.03003144,2087649.5428630153,4888761.888702225,31216999.628161777,3016627290.2777414
160,2024-09-01,16.44701975113493,2.4815610993245585,68.92641672957032,423.61482089938215,0.5085531329534743,101.4197172894,52.10628843179555,16503.17444222092,0.07795813412976309,0.04394932999087649,8.279382187919365,2.687047479545557,49672193.967484996,7494616.353325933,208167145.86101946,235444.75923628052,132731.8148605516,25004865.429032788,3016627290.2777324
161,2024-09-01,16.44701975113493,2.4815610993245585,68.92641672957032,423.61482089938215,0.5085531329534743,101.4197172894,52.10628843179555,16503.17444222092,0.07795813412976309,0.04394932999087649,8.279382187919365,2.687047479545557,49672193.967484996,7494616.353325933,208167145.86101946,235444.75923628052,132731.8148605516,25004865.429032788,3016627290.2777414
162,2024-09-01,16.44701975113493,2.4815610993245585,68.92641672957032,423.61482089938215,0.5085531329534743,101.4197172894,52.10628843179555,16503.17444222092,0.07795813412976309,0.04394932999087649,8.279382187919365,2.687047479545557,49672193.967484996,7494616.353325933,208167145.86101946,235444.75923628052,132731.8148605516,25004865.429032788,3016627290.2777414
163,2024-09-01,16.44701975113493,2.4815610993245585,68.92641672957032,423.61482089938215,0.5085531329534743,101.4197172894,52.10628843179555,16503.17444222092,0.07795813412976309,0.04394932999087649,8.279382187919365,2.687047479545557,49672193.967484996,7494616.353325933,208167145.86101946,235444.75923628052,132731.8148605516,25004865.429032788,3016627290.2777414
164,2024-09-01,16.44701975113493,2.4815610993245585,68.92641672957032,423.61482089938215,0.5085531329534743,101.4197172894,52.10628843179555,16503.17444222092,0.07795813412976309,0.04394932999087649,8.279382187919365,2.687047479545557,49672193.967484996,7494616.353325933,208167145.86101946,235444.75923628052,132731.8148605516,25004865.429032788,3016627290.2777324
165,2024-09-01,16.44701975113493,2.4815610993245585,68.92641672957032,423.61482089938215,0.5085531329534743,101.4197172894,52.10628843179555,16503.17444222092,0.07795813412976309,0.04394932999087649,8.279382187919365,2.687047479545557,49672193.967484996,7494616.353325933,208167145.86101946,235444.75923628052,132731.8148605516,25004865.429032788,3016627290.2777414
166,2024-09-01,16.44701975113493,2.4815610993245585,68.92641672957032,423.61482089938215,0.5085531329534743,101.4197172894,52.10628843179555,16503.17444222092,0.07795813412976309,0.04394932999087649,8.279382187919365,2.687047479545557,49672193.967484996,7494616.353325933,208167145.86101946,235444.75923628052,132731.8148605516,25004865.429032788,3016627290.2777414
167,2024-09-01,16.44701975113493,2.4815610993245585,68.92641672957032,423.61482089938215,0.5085531329534743,101.4197172894,52.10628843179555,16503.17444222092,0.07795813412976309,0.04394932999087649,8.279382187919365,2.687047479545557,49672193.967484996,7494616.353325933,208167145.86101946,235444.75923628052,132731.8148605516,25004865.429032788,3016627290.2777414
168,2024-09-01,16.44701975113493,2.4815610993245585,68.92641672957032,423.61482089938215,0.5085531329534743,101.4197172894,52.10628843179555,16503.17444222092,0.07795813412976309,0.04394932999087649,8.279382187919365,2.687047479545557,49672193.967484996,7494616.353325933,208167145.86101946,235444.75923628052,132731.8148605516,25004865.429032788,3016627290.2777414
169,2024-09-01,16.44701975113493,2.4815610993245585,68.92641672957032,423.61482089938215,0.5085531329534743,101.4197172894,52.10628843179555,16503.17444222092,0.07795813412976309,0.04394932999087649,8.279382187919365,2.687047479545557,49672193.967484996,7494616.353325933,208167145.86101946,235444.75923628052,132731.8148605516,25004865.429032788,3016627290.2777414
170,2024-09-01,16.44701975113493,2.4815610993245585,68.92641672957032,423.61482089938215,0.5085531329534743,101.4197172894,52.10628843179555,16503.17444222092,0.07795813412976309,0.04394932999087649,8.279382187919365,2.687047479545557,49672193.967484996,7494616.353325933,208167145.86101946,235444.75923628052,132731.8148605516,25004865.429032788,3016627290.2777414
171,2024-09-01,16.44701975113493,2.4815610993245585,68.92641672957032,423.61482089938215,0.5085531329534743,101.4197172894,52.10628843179555,16503.17444222092,0.07795813412976309,0.04394932999087649,8.279382187919365,2.687047479545557,49672193.967484996,7494616.353325933,208167145.86101946,235444.75923628052,132731.8148605516,25004865.429032788,3016627290.2777414
172,2024-09-01,16.44701975113493,2.4815610993245585,68.92641672957032,423.61482089938215,0.5085531329534743,101.4197172894,52.10628843179555,16503.17444222092,0.07795813412976309,0.04394932999087649,8.279382187919365,2.687047479545557,49672193.967484996,7494616.353325933,208167145.86101946,235444.75923628052,132731.8148605516,25004865.429032788,3016627290.2777414
173,2024-09-01,16.44701975113493,2.4815610993245585,68.92641672957032,423.61482089938215,0.5085531329534743,101.4197172894,52.10628843179555,16503.17444222092,0.07795813412976309,0.04394932999087649,8.279382187919365,2.687047479545557,49672193.967484996,7494616.353325933,208167145.86101946,235444.75923628052,132731.8148605516,25004865.429032788,3016627290.2777414
174,2024-09-01,16.44701975113493,2.4815610993245585,68.92641672957032,423.61482089938215,0.5085531329534743,101.4197172894,52.10628843179555,16503.17444222092,0.07795813412976309,0.04394932999087649,8.279382187919365,2.687047479545557,49672193.967484996,7494616.353325933,208167145.86101946,235444.75923628052,132731.8148605516,25004865.429032788,3016627290.2777324
175,2024-09-01,16.44701975113493,2.4815610993245585,68.92641672957032,423.61482089938215,0.5085531329534743,101.4197172894,52.10628843179555,16503.17444222092,0.07795813412976309,0.04394932999087649,8.279382187919365,2.687047479545557,49672193.967484996,7494616.353325933,208167145.86101946,235444.75923628052,132731.8148605516,25004865.429032788,3016627290.2777324
176,2024-09-01,16.44701975113493,2.4815610993245585,68.92641672957032,423.61482089938215,0.5085531329534743,101.4197172894,52.10628843179555,16503.17444222092,0.07795813412976309,0.04394932999087649,8.279382187919365,2.687047479545557,49672193.967484996,7494616.353325933,208167145.86101946,235444.75923628052,132731.8148605516,25004865.429032788,3016627290.2777414
177,2024-09-01,16.44701975113493,2.4815610993245585,68.92641672957032,423.61482089938215,0.5085531329534743,101.4197172894,52.10628843179555,16503.17444222092,0.07795813412976309,0.04394932999087649,8.279382187919365,2.687047479545557,49672193.967484996,7494616.353325933,208167145.86101946,235444.75923628052,132731.8148605516,25004865.429032788,3016627290.2777414
178,2024-09-01,16.44701975113493,2.4815610993245585,68.92641672957032,423.61482089938215,0.5085531329534743,101.4197172894,52.10628843179555,16503.17444222092,0.07795813412976309,0.04394932999087649,8.279382187919365,2.687047479545557,49672193.967484996,7494616.353325933,208167145.86101946,235444.75923628052,132731.8148605516,25004865.429032788,3016627290.2777414
179,2024-09-01,16.44701975113493,2.4815610993245585,68.92641672957032,423.61482089938215,0.5085531329534743,101.4197172894,52.10628843179555,16503.17444222092,0.07795813412976309,0.04394932999087649,8.279382187919365,2.687047479545557,49672193.967484996,7494616.353325933,208167145.86101946,235444.75923628052,132731.8148605516,25004865.429032788,3016627290.2777414
180,2024-10-01,42.561455088765115,1.2407805496622792,25.8620034107747,423.61482089938215,0.5085531329534743,101.4197172894,52.10628843179555,16503.17444222092,0.2683539847548673,0.8245425744937089,25.92700251119295,12.037856545326504,128541640.42682177,3747308.1766629666,78106685.6878275,810467.5674450783,2490236.607345676,78303348.71873976,3016627290.2777324
181,2024-10-01,42.561455088765115,1.2407805496622792,25.8620034107747,423.61482089938215,0.5085531329534743,101.4197172894,52.10628843179555,16503.17444222092,0.2683539847548673,0.8245425744937089,25.92700251119295,12.037856545326504,128541640.42682177,3747308.1766629666,78106685.6878275,810467.5674450783,2490236.607345676,78303348.71873976,3016627290.2777414
182,2024-10-01,42.561455088765115,1.2407805496622792,25.8620034107747,423.61482089938215,0.5085531329534743,101.4197172894,52.10628843179555,16503.17444222092,0.2683539847548673,0.8245425744937089,25.92700251119295,12.037856545326504,128541640.42682177,3747308.1766629666,78106685.6878275,810467.5674450783,2490236.607345676,78303348.71873976,3016627290.2777414
183,2024-10-01,42.561455088765115,1.2407805496622792,25.8620034107747,423.61482089938215,0.5085531329534743,101.4197172894,52.10628843179555,16503.17444222092,0.2683539847548673,0.8245425744937089,25.92700251119295,12.037856545326504,128541640.42682177,3747308.1766629666,78106685.6878275,810467.5674450783,2490236.607345676,78303348.71873976,3016627290.2777414
184,2024-10-01,42.561455088765115,1.2407805496622792,25.8620034107747,423.61482089938215,0.5085531329534743,101.4197172894,52.10628843179555,16503.17444222092,0.2683539847548673,0.8245425744937089,25.92700251119295,12.037856545326504,128541640.42682177,3747308.1766629666,78106685.6878275,810467.5674450783,2490236.607345676,78303348.71873976,3016627290.2777414
185,2024-10-01,42.561455088765115,1.2407805496622792,25.8620034107747,423.61482089938215,0.5085531329534743,101.4197172894,52.10628843179555,16503.17444222092,0.2683539847548673,0.8245425744937089,25.92700251119295,12.037856545326504,128541640.42682177,3747308.1766629666,78106685.6878275,810467.5674450783,2490236.607345676,78303348.71873976,3016627290.2777414
186,2024-10-01,42.561455088765115,1.2407805496622792,25.8620034107747,423.61482089938215,0.5085531329534743,101.4197172894,52.10628843179555,16503.17444222092,0.2683539847548673,0.8245425744937089,25.92700251119295,12.037856545326504,128541640.42682177,3747308.1766629666,78106685.6878275,810467.5674450783,2490236.607345676,78303348.71873976,3016627290.2777414
187,2024-10-01,42.561455088765115,1.2407805496622792,25.8620034107747,423.61482089938215,0.5085531329534743,101.4197172894,52.10628843179555,16503.17444222092,0.2683539847548673,0.8245425744937089,25.92700251119295,12.037856545326504,128541640.42682177,3747308.1766629666,78106685.6878275,810467.5674450783,2490236.607345676,78303348.71873976,3016627290.2777414
188,2024-10-01,42.561455088765115,1.2407805496622792,25.8620034107747,423.61482089938215,0.5085531329534743,101.4197172894,52.10628843179555,16503.17444222092,0.2683539847548673,0.8245425744937089,25.92700251119295,12.037856545326504,128541640.42682177,3747308.1766629666,78106685.6878275,810467.5674450783,2490236.607345676,78303348.71873976,3016627290.2777414
189,2024-10-01,42.561455088765115,1.2407805496622792,25.8620034107747,423.61482089938215,0.5085531329534743,101.4197172894,52.10628843179555,16503.17444222092,0.2683539847548673,0.8245425744937089,25.92700251119295,12.037856545326504,128541640.42682177,3747308.1766629666,78106685.6878275,810467.5674450783,2490236.607345676,78303348.71873976,3016627290.2777414
190,2024-10-01,42.561455088765115,1.2407805496622792,25.8620034107747,423.61482089938215,0.5085531329534743,101.4197172894,52.10628843179555,16503.17444222092,0.2683539847548673,0.8245425744937089,25.92700251119295,12.037856545326504,128541640.42682177,3747308.1766629666,78106685.6878275,810467.5674450783,2490236.607345676,78303348.71873976,3016627290.2777414
191,2024-10-01,42.561455088765115,1.2407805496622792,25.8620034107747,423.61482089938215,0.5085531329534743,101.4197172894,52.10628843179555,16503.17444222092,0.2683539847548673,0.8245425744937089,25.92700251119295,12.037856545326504,128541640.42682177,3747308.1766629666,78106685.6878275,810467.5674450783,2490236.607345676,78303348.71873976,3016627290.2777324
192,2024-10-01,42.561455088765115,1.2407805496622792,25.8620034107747,423.61482089938215,0.5085531329534743,101.4197172894,52.10628843179555,16503.17444222092,0.2683539847548673,0.8245425744937089,25.92700251119295,12.037856545326504,128541640.42682177,3747308.1766629666,78106685.6878275,810467.5674450783,2490236.607345676,78303348.71873976,3016627290.2777414
193,2024-10-01,42.561455088765115,1.2407805496622792,25.8620034107747,423.61482089938215,0.5085531329534743,101.4197172894,52.10628843179555,16503.17444222092,0.2683539847548673,0.8245425744937089,25.92700251119295,12.037856545326504,128541640.42682177,3747308.1766629666,78106685.6878275,810467.5674450783,2490236.607345676,78303348.71873976,3016627290.2777414
194,2024-10-01,42.561455088765115,1.2407805496622792,25.8620034107747,423.61482089938215,0.5085531329534743,101.4197172894,52.10628843179555,16503.17444222092,0.2683539847548673,0.8245425744937089,25.92700251119295,12.037856545326504,128541640.42682177,3747308.1766629666,78106685.6878275,810467.5674450783,2490236.607345676,78303348.71873976,3016627290.2777414
195,2024-10-01,42.561455088765115,1.2407805496622792,25.8620034107747,423.61482089938215,0.5085531329534743,101.4197172894,52.10628843179555,16503.17444222092,0.2683539847548673,0.8245425744937089,25.92700251119295,12.037856545326504,128541640.42682177,3747308.1766629666,78106685.6878275,810467.5674450783,2490236.607345676,78303348.71873976,3016627290.2777414
196,2024-10-01,42.561455088765115,1.2407805496622792,25.8620034107747,423.61482089938215,0.5085531329534743,101.4197172894,52.10628843179555,16503.17444222092,0.2683539847548673,0.8245425744937089,25.92700251119295,12.037856545326504,128541640.42682177,3747308.1766629666,78106685.6878275,810467.5674450783,2490236.607345676,78303348.71873976,3016627290.2777324
197,2024-10-01,42.561455088765115,1.2407805496622792,25.8620034107747,423.61482089938215,0.5085531329534743,101.4197172894,52.10628843179555,16503.17444222092,0.2683539847548673,0.8245425744937089,25.92700251119295,12.037856545326504,128541640.42682177,3747308.1766629666,78106685.6878275,810467.5674450783,2490236.607345676,78303348.71873976,3016627290.2777414
198,2024-10-01,42.561455088765115,1.2407805496622792,25.8620034107747,423.61482089938215,0.5085531329534743,101.4197172894,52.10628843179555,16503.17444222092,0.2683539847548673,0.8245425744937089,25.92700251119295,12.037856545326504,128541640.42682177,3747308.1766629666,78106685.6878275,810467.5674450783,2490236.607345676,78303348.71873976,3016627290.2777414
199,2024-10-01,42.561455088765115,1.2407805496622792,25.8620034107747,423.61482089938215,0.5085531329534743,101.4197172894,52.10628843179555,16503.17444222092,0.2683539847548673,0.8245425744937089,25.92700251119295,12.037856545326504,128541640.42682177,3747308.1766629666,78106685.6878275,810467.5674450783,2490236.607345676,78303348.71873976,3016627290.2777324
200,2024-11-01,64.32013480662474,0.0,6.627666415052141,423.61482089938215,0.5085531329534743,101.4197172894,52.10628843179555,16503.17444222092,0.5085882957445883,7.470812474738745,75.64007013228222,36.63415771879478,194255818.81683257,0.0,20016442.41758432,1536020.817312403,22563134.089971613,228443570.2107041,3016627290.2777414
201,2024-11-01,64.32013480662474,0.0,6.627666415052141,423.61482089938215,0.5085531329534743,101.4197172894,52.10628843179555,16503.17444222092,0.5085882957445883,7.470812474738745,75.64007013228222,36.63415771879478,194255818.81683257,0.0,20016442.41758432,1536020.817312403,22563134.089971613,228443570.2107041,3016627290.2777414
202,2024-11-01,64.32013480662474,0.0,6.627666415052141,423.61482089938215,0.5085531329534743,101.4197172894,52.10628843179555,16503.17444222092,0.5085882957445883,7.470812474738745,75.64007013228222,36.63415771879478,194255818.81683257,0.0,20016442.41758432,1536020.817312403,22563134.089971613,228443570.2107041,3016627290.2777414
203,2024-11-01,64.32013480662474,0.0,6.627666415052141,423.61482089938215,0.5085531329534743,101.4197172894,52.10628843179555,16503.17444222092,0.5085882957445883,7.470812474738745,75.64007013228222,36.63415771879478,194255818.81683257,0.0,20016442.41758432,1536020.817312403,22563134.089971613,228443570.2107041,3016627290.2777414
204,2024-11-01,64.32013480662474,0.0,6.627666415052141,423.61482089938215,0.5085531329534743,101.4197172894,52.10628843179555,16503.17444222092,0.5085882957445883,7.470812474738745,75.64007013228222,36.63415771879478,194255818.81683257,0.0,20016442.41758432,1536020.817312403,22563134.089971613,228443570.2107041,3016627290.2777414
205,2024-11-01,64.32013480662474,0.0,6.627666415052141,423.61482089938215,0.5085531329534743,101.4197172894,52.10628843179555,16503.17444222092,0.5085882957445883,7.470812474738745,75.64007013228222,36.63415771879478,194255818.81683257,0.0,20016442.41758432,1536020.817312403,22563134.089971613,228443570.2107041,3016627290.2777414
206,2024-11-01,64.32013480662474,0.0,6.627666415052141,423.61482089938215,0.5085531329534743,101.4197172894,52.10628843179555,16503.17444222092,0.5085882957445883,7.470812474738745,75.64007013228222,36.63415771879478,194255818.81683257,0.0,20016442.41758432,1536020.817312403,22563134.089971613,228443570.2107041,3016627290.2777414
207,2024-11-01,64.32013480662474,0.0,6.627666415052141,423.61482089938215,0.5085531329534743,101.4197172894,52.10628843179555,16503.17444222092,0.5085882957445883,7.470812474738745,75.64007013228222,36.63415771879478,194255818.81683257,0.0,20016442.41758432,1536020.817312403,22563134.089971613,228443570.2107041,3016627290.2777324
208,2024-11-01,64.32013480662474,0.0,6.627666415052141,423.61482089938215,0.5085531329534743,101.4197172894,52.10628843179555,16503.17444222092,0.5085882957445883,7.470812474738745,75.64007013228222,36.63415771879478,194255818.81683257,0.0,20016442.41758432,1536020.817312403,22563134.089971613,228443570.2107041,3016627290.2777414
209,2024-11-01,64.32013480662474,0.0,6.627666415052141,423.61482089938215,0.5085531329534743,101.4197172894,52.10628843179555,16503.17444222092,0.5085882957445883,7.470812474738745,75.64007013228222,36.63415771879478,194255818.81683257,0.0,20016442.41758432,1536020.817312403,22563134.089971613,228443570.2107041,3016627290.2777414
210,2024-11-01,64.32013480662474,0.0,6.627666415052141,423.61482089938215,0.5085531329534743,101.4197172894,52.10628843179555,16503.17444222092,0.5085882957445883,7.470812474738745,75.64007013228222,36.63415771879478,194255818.81683257,0.0,20016442.41758432,1536020.817312403,22563134.089971613,228443570.2107041,3016627290.2777414
211,2024-11-01,64.32013480662474,0.0,6.627666415052141,423.61482089938215,0.5085531329534743,101.4197172894,52.10628843179555,16503.17444222092,0.5085882957445883,7.470812474738745,75.64007013228222,36.63415771879478,194255818.81683257,0.0,20016442.41758432,1536020.817312403,22563134.089971613,228443570.2107041,3016627290.2777414
212,2024-11-01,64.32013480662474,0.0,6.627666415052141,423.61482089938215,0.5085531329534743,101.4197172894,52.10628843179555,16503.17444222092,0.5085882957445883,7.470812474738745,75.64007013228222,36.63415771879478,194255818.81683257,0.0,20016442.41758432,1536020.817312403,22563134.089971613,228443570.2107041,3016627290.2777324
213,2024-11-01,64.32013480662474,0.0,6.627666415052141,423.61482089938215,0.5085531329534743,101.4197172894,52.10628843179555,16503.17444222092,0.5085882957445883,7.470812474738745,75.64007013228222,36.63415771879478,194255818.81683257,0.0,20016442.41758432,1536020.817312403,22563134.089971613,228443570.2107041,3016627290.2777324
214,2024-11-01,64.32013480662474,0.0,6.627666415052141,423.61482089938215,0.5085531329534743,101.4197172894,52.10628843179555,16503.17444222092,0.5085882957445883,7.470812474738745,75.64007013228222,36.63415771879478,194255818.81683257,0.0,20016442.41758432,1536020.817312403,22563134.089971613,228443570.2107041,3016627290.2777414
215,2024-11-01,64.32013480662474,0.0,6.627666415052141,423.61482089938215,0.5085531329534743,101.4197172894,52.10628843179555,16503.17444222092,0.5085882957445883,7.470812474738745,75.64007013228222,36.63415771879478,194255818.81683257,0.0,20016442.41758432,1536020.817312403,22563134.089971613,228443570.2107041,3016627290.2777414
216,2024-11-01,64.32013480662474,0.0,6.627666415052141,423.61482089938215,0.5085531329534743,101.4197172894,52.10628843179555,16503.17444222092,0.5085882957445883,7.470812474738745,75.64007013228222,36.63415771879478,194255818.81683257,0.0,20016442.41758432,1536020.817312403,22563134.089971613,228443570.2107041,3016627290.2777414
217,2024-11-01,64.32013480662474,0.0,6.627666415052141,423.61482089938215,0.5085531329534743,101.4197172894,52.10628843179555,16503.17444222092,0.5085882957445883,7.470812474738745,75.64007013228222,36.63415771879478,194255818.81683257,0.0,20016442.41758432,1536020.817312403,22563134.089971613,228443570.2107041,3016627290.2777414
218,2024-11-01,64.32013480662474,0.0,6.627666415052141,423.61482089938215,0.5085531329534743,101.4197172894,52.10628843179555,16503.17444222092,0.5085882957445883,7.470812474738745,75.64007013228222,36.63415771879478,194255818.81683257,0.0,20016442.41758432,1536020.817312403,22563134.089971613,228443570.2107041,3016627290.2777324
219,2024-11-01,64.32013480662474,0.0,6.627666415052141,423.61482089938215,0.5085531329534743,101.4197172894,52.10628843179555,16503.17444222092,0.5085882957445883,7.470812474738745,75.64007013228222,36.63415771879478,194255818.81683257,0.0,20016442.41758432,1536020.817312403,22563134.089971613,228443570.2107041,3016627290.2777414
220,2024-12-01,61.79057750161052,0.0,4.863876541138974,423.61482089938215,0.5085531329534743,101.4197172894,52.10628843179555,16503.17444222092,1.6153330498711116,30.313520817622663,100.63791722526011,48.623528139603074,186616080.87680995,0.0,14689508.789262742,4878596.034537967,91551343.35332164,303940202.91039145,3016627290.2777414
221,2024-12-01,61.79057750161052,0.0,4.863876541138974,423.61482089938215,0.5085531329534743,101.4197172894,52.10628843179555,16503.17444222092,1.6153330498711116,30.313520817622663,100.63791722526011,48.623528139603074,186616080.87680995,0.0,14689508.789262742,4878596.034537967,91551343.35332164,303940202.91039145,3016627290.2777414
222,2024-12-01,61.79057750161052,0.0,4.863876541138974,423.61482089938215,0.5085531329534743,101.4197172894,52.10628843179555,16503.17444222092,1.6153330498711116,30.313520817622663,100.63791722526011,48.623528139603074,186616080.87680995,0.0,14689508.789262742,4878596.034537967,91551343.35332164,303940202.91039145,3016627290.2777414
223,2024-12-01,61.79057750161052,0.0,4.863876541138974,423.61482089938215,0.5085531329534743,101.4197172894,52.10628843179555,16503.17444222092,1.6153330498711116,30.313520817622663,100.63791722526011,48.623528139603074,186616080.87680995,0.0,14689508.789262742,4878596.034537967,91551343.35332164,303940202.91039145,3016627290.2777324
224,2024-12-01,61.79057750161052,0.0,4.863876541138974,423.61482089938215,0.5085531329534743,101.4197172894,52.10628843179555,16503.17444222092,1.6153330498711116,30.313520817622663,100.63791722526011,48.623528139603074,186616080.87680995,0.0,14689508.789262742,4878596.034537967,91551343.35332164,303940202.91039145,3016627290.2777414
225,2024-12-01,61.79057750161052,0.0,4.863876541138974,423.61482089938215,0.5085531329534743,101.4197172894,52.10628843179555,16503.17444222092,1.6153330498711116,30.313520817622663,100.63791722526011,48.623528139603074,186616080.87680995,0.0,14689508.789262742,4878596.034537967,91551343.35332164,303940202.91039145,3016627290.2777414
226,2024-12-01,61.79057750161052,0.0,4.863876541138974,423.61482089938215,0.5085531329534743,101.4197172894,52.10628843179555,16503.17444222092,1.6153330498711116,30.313520817622663,100.63791722526011,48.623528139603074,186616080.87680995,0.0,14689508.789262742,4878596.034537967,91551343.35332164,303940202.91039145,3016627290.2777414
227,2024-12-01,61.79057750161052,0.0,4.863876541138974,423.61482089938215,0.5085531329534743,101.4197172894,52.10628843179555,16503.17444222092,1.6153330498711116,30.313520817622663,100.63791722526011,48.623528139603074,186616080.87680995,0.0,14689508.789262742,4878596.034537967,91551343.35332164,303940202.91039145,3016627290.2777414
228,2024-12-01,61.79057750161052,0.0,4.863876541138974,423.61482089938215,0.5085531329534743,101.4197172894,52.10628843179555,16503.17444222092,1.6153330498711116,30.313520817622663,100.63791722526011,48.623528139603074,186616080.87680995,0.0,14689508.789262742,4878596.034537967,91551343.35332164,303940202.91039145,3016627290.2777414
229,2024-12-01,61.79057750161052,0.0,4.863876541138974,423.61482089938215,0.5085531329534743,101.4197172894,52.10628843179555,16503.17444222092,1.6153330498711116,30.313520817622663,100.63791722526011,48.623528139603074,186616080.87680995,0.0,14689508.789262742,4878596.034537967,91551343.35332164,303940202.91039145,3016627290.2777324
230,2024-12-01,61.79057750161052,0.0,4.863876541138974,423.61482089938215,0.5085531329534743,101.4197172894,52.10628843179555,16503.17444222092,1.6153330498711116,30.313520817622663,100.63791722526011,48.623528139603074,186616080.87680995,0.0,14689508.789262742,4878596.034537967,91551343.35332164,303940202.91039145,3016627290.2777324
231,2024-12-01,61.79057750161052,0.0,4.863876541138974,423.61482089938215,0.5085531329534743,101.4197172894,52.10628843179555,16503.17444222092,1.6153330498711116,30.313520817622663,100.63791722526011,48.623528139603074,186616080.87680995,0.0,14689508.789262742,4878596.034537967,91551343.35332164,303940202.91039145,3016627290.2777324
232,2024-12-01,61.79057750161052,0.0,4.863876541138974,423.61482089938215,0.5085531329534743,101.4197172894,52.10628843179555,16503.17444222092,1.6153330498711116,30.313520817622663,100.63791722526011,48.623528139603074,186616080.87680995,0.0,14689508.789262742,4878596.034537967,91551343.35332164,303940202.91039145,3016627290.2777414
233,2024-12-01,61.79057750161052,0.0,4.863876541138974,423.61482089938215,0.5085531329534743,101.4197172894,52.10628843179555,16503.17444222092,1.6153330498711116,30.313520817622663,100.63791722526011,48.623528139603074,186616080.87680995,0.0,14689508.789262742,4878596.034537967,91551343.35332164,303940202.91039145,3016627290.2777414
234,2024-12-01,61.79057750161052,0.0,4.863876541138974,423.61482089938215,0.5085531329534743,101.4197172894,52.10628843179555,16503.17444222092,1.6153330498711116,30.313520817622663,100.63791722526011,48.623528139603074,186616080.87680995,0.0,14689508.789262742,4878596.034537967,91551343.35332164,303940202.91039145,3016627290.2777414
235,2024-12-01,61.79057750161052,0.0,4.863876541138974,423.61482089938215,0.5085531329534743,101.4197172894,52.10628843179555,16503.17444222092,1.6153330498711116,30.313520817622663,100.63791722526011,48.623528139603074,186616080.87680995,0.0,14689508.789262742,4878596.034537967,91551343.35332164,303940202.91039145,3016627290.2777414
236,2024-12-01,61.79057750161052,0.0,4.863876541138974,423.61482089938215,0.5085531329534743,101.4197172894,52.10628843179555,16503.17444222092,1.6153330498711116,30.313520817622663,100.63791722526011,48.623528139603074,186616080.87680995,0.0,14689508.789262742,4878596.034537967,91551343.35332164,303940202.91039145,3016627290.2777414
237,2024-12-01,61.79057750161052,0.0,4.863876541138974,423.61482089938215,0.5085531329534743,101.4197172894,52.10628843179555,16503.17444222092,1.6153330498711116,30.313520817622663,100.63791722526011,48.623528139603074,186616080.87680995,0.0,14689508.789262742,4878596.034537967,91551343.35332164,303940202.91039145,3016627290.2777414
238,2024-12-01,61.79057750161052,0.0,4.863876541138974,423.61482089938215,0.5085531329534743,101.4197172894,52.10628843179555,16503.17444222092,1.6153330498711116,30.313520817622663,100.63791722526011,48.623528139603074,186616080.87680995,0.0,14689508.789262742,4878596.034537967,91551343.35332164,303940202.91039145,3016627290.2777414
239,2024-12-01,61.79057750161052,0.0,4.863876541138974,423.61482089938215,0.5085531329534743,101.4197172894,52.10628843179555,16503.17444222092,1.6153330498711116,30.313520817622663,100.63791722526011,48.623528139603074,186616080.87680995,0.0,14689508.789262742,4878596.034537967,91551343.35332164,303940202.91039145,3016627290.2777414
