,Date,precip_and_snowmelt_input_Lower Bear-Malad_mean,irrigation_Lower Bear-Malad_mean,AET_Lower Bear-Malad_mean,soil_thickness_Lower Bear-Malad_mean,soil_porosity_Lower Bear-Malad_mean,field_capacity_Lower Bear-Malad_mean,wilting_point_Lower Bear-Malad_mean,Geo_K_Lower Bear-Malad_mean,Runoff_Lower Bear-Malad_mean,Recharge_Lower Bear-Malad_mean,Soil_Water_End_Of_Previous_Timestep_Lower Bear-Malad_mean,Soil_Saturation_Percent_End_Of_Timestep_Lower Bear-Malad_mean,precip_and_snowmelt_input_m3_Lower Bear-Malad_sum,irrigation_m3_Lower Bear-Malad_sum,AET_m3_Lower Bear-Malad_sum,Runoff_m3_Lower Bear-Malad_sum,Recharge_m3_Lower Bear-Malad_sum,Soil_Water_End_Of_Previous_Timestep_m3_Lower Bear-Malad_sum,Lower Bear-Malad_area_m2
0,2024-01-01,50.02928579772327,0.0,10.587312252964427,600.811023493083,0.5186768196964922,158.2493125825228,86.77519138188593,4514.831387771125,5.805683715093424,21.412166651280952,185.70397344399555,56.030415375365635,106848441.80422406,0.0,22611370.607992157,12399372.82422779,45730279.39461244,377534143.76031744,2089946555.9756498
1,2024-01-01,50.02928579772327,0.0,10.587312252964427,600.811023493083,0.5186768196964922,158.2493125825228,86.77519138188593,4514.831387771125,5.805683715093424,21.412166651280952,185.70397344399555,56.030415375365635,106848441.80422406,0.0,22611370.607992157,12399372.82422779,45730279.39461244,377534143.76031744,2089946555.9608455
2,2024-01-01,50.02928579772327,0.0,10.587312252964427,600.811023493083,0.5186768196964922,158.2493125825228,86.77519138188593,4514.831387771125,5.805683715093424,21.412166651280952,185.70397344399555,56.030415375365635,106848441.80422406,0.0,22611370.607992157,12399372.82422779,45730279.39461244,377534143.76031744,2089946555.9608455
3,2024-01-01,50.02928579772327,0.0,10.587312252964427,600.811023493083,0.5186768196964922,158.2493125825228,86.77519138188593,4514.831387771125,5.805683715093424,21.412166651280952,185.70397344399555,56.030415375365635,106848441.80422406,0.0,22611370.607992157,12399372.82422779,45730279.39461244,377534143.76031744,2089946555.9608455
4,2024-01-01,50.02928579772327,0.0,10.587312252964427,600.811023493083,0.5186768196964922,158.2493125825228,86.77519138188593,4514.831387771125,5.805683715093424,21.412166651280952,185.70397344399555,56.030415375365635,106848441.80422406,0.0,22611370.607992157,12399372.82422779,45730279.39461244,377534143.76031744,2089946555.9756498
5,2024-01-01,50.02928579772327,0.0,10.587312252964427,600.811023493083,0.5186768196964922,158.2493125825228,86.77519138188593,4514.831387771125,5.805683715093424,21.412166651280952,185.70397344399555,56.030415375365635,106848441.80422406,0.0,22611370.607992157,12399372.82422779,45730279.39461244,377534143.76031744,2089946555.9608455
6,2024-01-01,50.02928579772327,0.0,10.587312252964427,600.811023493083,0.5186768196964922,158.2493125825228,86.77519138188593,4514.831387771125,5.805683715093424,21.412166651280952,185.70397344399555,56.030415375365635,106848441.80422406,0.0,22611370.607992157,12399372.82422779,45730279.39461244,377534143.76031744,2089946555.9608455
7,2024-01-01,50.02928579772327,0.0,10.587312252964427,600.811023493083,0.5186768196964922,158.2493125825228,86.77519138188593,4514.831387771125,5.805683715093424,21.412166651280952,185.70397344399555,56.030415375365635,106848441.80422406,0.0,22611370.607992157,12399372.82422779,45730279.39461244,377534143.76031744,2089946555.9608455
8,2024-01-01,50.02928579772327,0.0,10.587312252964427,600.811023493083,0.5186768196964922,158.2493125825228,86.77519138188593,4514.831387771125,5.805683715093424,21.412166651280952,185.70397344399555,56.030415375365635,106848441.80422406,0.0,22611370.607992157,12399372.82422779,45730279.39461244,377534143.76031744,2089946555.9608455
9,2024-01-01,50.02928579772327,0.0,10.587312252964427,600.811023493083,0.5186768196964922,158.2493125825228,86.77519138188593,4514.831387771125,5.805683715093424,21.412166651280952,185.70397344399555,56.030415375365635,106848441.80422406,0.0,22611370.607992157,12399372.82422779,45730279.39461244,377534143.76031744,2089946555.9608455
10,2024-01-01,50.02928579772327,0.0,10.587312252964427,600.811023493083,0.5186768196964922,158.2493125825228,86.77519138188593,4514.831387771125,5.805683715093424,21.412166651280952,185.70397344399555,56.030415375365635,106848441.80422406,0.0,22611370.607992157,12399372.82422779,45730279.39461244,377534143.76031744,2089946555.9608455
11,2024-01-01,50.02928579772327,0.0,10.587312252964427,600.811023493083,0.5186768196964922,158.2493125825228,86.77519138188593,4514.831387771125,5.805683715093424,21.412166651280952,185.70397344399555,56.030415375365635,106848441.80422406,0.0,22611370.607992157,12399372.82422779,45730279.39461244,377534143.76031744,2089946555.9608455
12,2024-01-01,50.02928579772327,0.0,10.587312252964427,600.811023493083,0.5186768196964922,158.2493125825228,86.77519138188593,4514.831387771125,5.805683715093424,21.412166651280952,185.70397344399555,56.030415375365635,106848441.80422406,0.0,22611370.607992157,12399372.82422779,45730279.39461244,377534143.76031744,2089946555.9608455
13,2024-01-01,50.02928579772327,0.0,10.587312252964427,600.811023493083,0.5186768196964922,158.2493125825228,86.77519138188593,4514.831387771125,5.805683715093424,21.412166651280952,185.70397344399555,56.030415375365635,106848441.80422406,0.0,22611370.607992157,12399372.82422779,45730279.39461244,377534143.76031744,2089946555.9608455
14,2024-01-01,50.02928579772327,0.0,10.587312252964427,600.811023493083,0.5186768196964922,158.2493125825228,86.77519138188593,4514.831387771125,5.805683715093424,21.412166651280952,185.70397344399555,56.030415375365635,106848441.80422406,0.0,22611370.607992157,12399372.82422779,45730279.39461244,377534143.76031744,2089946555.9608455
15,2024-01-01,50.02928579772327,0.0,10.587312252964427,600.811023493083,0.5186768196964922,158.2493125825228,86.77519138188593,4514.831387771125,5.805683715093424,21.412166651280952,185.70397344399555,56.030415375365635,106848441.80422406,0.0,22611370.607992157,12399372.82422779,45730279.39461244,377534143.76031744,2089946555.9608455
16,2024-01-01,50.02928579772327,0.0,10.587312252964427,600.811023493083,0.5186768196964922,158.2493125825228,86.77519138188593,4514.831387771125,5.805683715093424,21.412166651280952,185.70397344399555,56.030415375365635,106848441.80422406,0.0,22611370.607992157,12399372.82422779,45730279.39461244,377534143.76031744,2089946555.9608455
17,2024-01-01,50.02928579772327,0.0,10.587312252964427,600.811023493083,0.5186768196964922,158.2493125825228,86.77519138188593,4514.831387771125,5.805683715093424,21.412166651280952,185.70397344399555,56.030415375365635,106848441.80422406,0.0,22611370.607992157,12399372.82422779,45730279.39461244,377534143.76031744,2089946555.9608455
18,2024-01-01,50.02928579772327,0.0,10.587312252964427,600.811023493083,0.5186768196964922,158.2493125825228,86.77519138188593,4514.831387771125,5.805683715093424,21.412166651280952,185.70397344399555,56.030415375365635,106848441.80422406,0.0,22611370.607992157,12399372.82422779,45730279.39461244,377534143.76031744,2089946555.9608455
19,2024-01-01,50.02928579772327,0.0,10.587312252964427,600.811023493083,0.5186768196964922,158.2493125825228,86.77519138188593,4514.831387771125,5.805683715093424,21.412166651280952,185.70397344399555,56.030415375365635,106848441.80422406,0.0,22611370.607992157,12399372.82422779,45730279.39461244,377534143.76031744,2089946555.9608455
20,2024-02-01,120.24394304503285,0.0,29.944584980237146,600.811023493083,0.5186768196964922,158.2493125825228,86.77519138188593,4514.831387771125,16.66909199273422,47.47566800161205,211.7047892086451,65.46302695740786,256806786.34998554,0.0,63952832.82161568,35600661.717490174,101394479.34160158,430393466.20660365,2089946555.9756498
21,2024-02-01,120.24394304503285,0.0,29.944584980237146,600.811023493083,0.5186768196964922,158.2493125825228,86.77519138188593,4514.831387771125,16.66909199273422,47.47566800161205,211.7047892086451,65.46302695740786,256806786.34998554,0.0,63952832.82161568,35600661.717490174,101394479.34160158,430393466.20660365,2089946555.9608455
22,2024-02-01,120.24394304503285,0.0,29.944584980237146,600.811023493083,0.5186768196964922,158.2493125825228,86.77519138188593,4514.831387771125,16.66909199273422,47.47566800161205,211.7047892086451,65.46302695740786,256806786.34998554,0.0,63952832.82161568,35600661.717490174,101394479.34160158,430393466.20660365,2089946555.9608455
23,2024-02-01,120.24394304503285,0.0,29.944584980237146,600.811023493083,0.5186768196964922,158.2493125825228,86.77519138188593,4514.831387771125,16.66909199273422,47.47566800161205,211.7047892086451,65.46302695740786,256806786.34998554,0.0,63952832.82161568,35600661.717490174,101394479.34160158,430393466.20660365,2089946555.9608455
24,2024-02-01,120.24394304503285,0.0,29.944584980237146,600.811023493083,0.5186768196964922,158.2493125825228,86.77519138188593,4514.831387771125,16.66909199273422,47.47566800161205,211.7047892086451,65.46302695740786,256806786.34998554,0.0,63952832.82161568,35600661.717490174,101394479.34160158,430393466.20660365,2089946555.9608455
25,2024-02-01,120.24394304503285,0.0,29.944584980237146,600.811023493083,0.5186768196964922,158.2493125825228,86.77519138188593,4514.831387771125,16.66909199273422,47.47566800161205,211.7047892086451,65.46302695740786,256806786.34998554,0.0,63952832.82161568,35600661.717490174,101394479.34160158,430393466.20660365,2089946555.9756498
26,2024-02-01,120.24394304503285,0.0,29.944584980237146,600.811023493083,0.5186768196964922,158.2493125825228,86.77519138188593,4514.831387771125,16.66909199273422,47.47566800161205,211.7047892086451,65.46302695740786,256806786.34998554,0.0,63952832.82161568,35600661.717490174,101394479.34160158,430393466.20660365,2089946555.9608455
27,2024-02-01,120.24394304503285,0.0,29.944584980237146,600.811023493083,0.5186768196964922,158.2493125825228,86.77519138188593,4514.831387771125,16.66909199273422,47.47566800161205,211.7047892086451,65.46302695740786,256806786.34998554,0.0,63952832.82161568,35600661.717490174,101394479.34160158,430393466.20660365,2089946555.9608455
28,2024-02-01,120.24394304503285,0.0,29.944584980237146,600.811023493083,0.5186768196964922,158.2493125825228,86.77519138188593,4514.831387771125,16.66909199273422,47.47566800161205,211.7047892086451,65.46302695740786,256806786.34998554,0.0,63952832.82161568,35600661.717490174,101394479.34160158,430393466.20660365,2089946555.9608455
29,2024-02-01,120.24394304503285,0.0,29.944584980237146,600.811023493083,0.5186768196964922,158.2493125825228,86.77519138188593,4514.831387771125,16.66909199273422,47.47566800161205,211.7047892086451,65.46302695740786,256806786.34998554,0.0,63952832.82161568,35600661.717490174,101394479.34160158,430393466.20660365,2089946555.9608455
30,2024-02-01,120.24394304503285,0.0,29.944584980237146,600.811023493083,0.5186768196964922,158.2493125825228,86.77519138188593,4514.831387771125,16.66909199273422,47.47566800161205,211.7047892086451,65.46302695740786,256806786.34998554,0.0,63952832.82161568,35600661.717490174,101394479.34160158,430393466.20660365,2089946555.9608455
31,2024-02-01,120.24394304503285,0.0,29.944584980237146,600.811023493083,0.5186768196964922,158.2493125825228,86.77519138188593,4514.831387771125,16.66909199273422,47.47566800161205,211.7047892086451,65.46302695740786,256806786.34998554,0.0,63952832.82161568,35600661.717490174,101394479.34160158,430393466.20660365,2089946555.9608455
32,2024-02-01,120.24394304503285,0.0,29.944584980237146,600.811023493083,0.5186768196964922,158.2493125825228,86.77519138188593,4514.831387771125,16.66909199273422,47.47566800161205,211.7047892086451,65.46302695740786,256806786.34998554,0.0,63952832.82161568,35600661.717490174,101394479.34160158,430393466.20660365,2089946555.9608455
33,2024-02-01,120.24394304503285,0.0,29.944584980237146,600.811023493083,0.5186768196964922,158.2493125825228,86.77519138188593,4514.831387771125,16.66909199273422,47.47566800161205,211.7047892086451,65.46302695740786,256806786.34998554,0.0,63952832.82161568,35600661.717490174,101394479.34160158,430393466.20660365,2089946555.9608455
34,2024-02-01,120.24394304503285,0.0,29.944584980237146,600.811023493083,0.5186768196964922,158.2493125825228,86.77519138188593,4514.831387771125,16.66909199273422,47.47566800161205,211.7047892086451,65.46302695740786,256806786.34998554,0.0,63952832.82161568,35600661.717490174,101394479.34160158,430393466.20660365,2089946555.9608455
35,2024-02-01,120.24394304503285,0.0,29.944584980237146,600.811023493083,0.5186768196964922,158.2493125825228,86.77519138188593,4514.831387771125,16.66909199273422,47.47566800161205,211.7047892086451,65.46302695740786,256806786.34998554,0.0,63952832.82161568,35600661.717490174,101394479.34160158,430393466.20660365,2089946555.9608455
36,2024-02-01,120.24394304503285,0.0,29.944584980237146,600.811023493083,0.5186768196964922,158.2493125825228,86.77519138188593,4514.831387771125,16.66909199273422,47.47566800161205,211.7047892086451,65.46302695740786,256806786.34998554,0.0,63952832.82161568,35600661.717490174,101394479.34160158,430393466.20660365,2089946555.9608455
37,2024-02-01,120.24394304503285,0.0,29.944584980237146,600.811023493083,0.5186768196964922,158.2493125825228,86.77519138188593,4514.831387771125,16.66909199273422,47.47566800161205,211.7047892086451,65.46302695740786,256806786.34998554,0.0,63952832.82161568,35600661.717490174,101394479.34160158,430393466.20660365,2089946555.9608455
38,2024-02-01,120.24394304503285,0.0,29.944584980237146,600.811023493083,0.5186768196964922,158.2493125825228,86.77519138188593,4514.831387771125,16.66909199273422,47.47566800161205,211.7047892086451,65.46302695740786,256806786.34998554,0.0,63952832.82161568,35600661.717490174,101394479.34160158,430393466.20660365,2089946555.9608455
39,2024-02-01,120.24394304503285,0.0,29.944584980237146,600.811023493083,0.5186768196964922,158.2493125825228,86.77519138188593,4514.831387771125,16.66909199273422,47.47566800161205,211.7047892086451,65.46302695740786,256806786.34998554,0.0,63952832.82161568,35600661.717490174,101394479.34160158,430393466.20660365,2089946555.9608455
40,2024-03-01,64.98735436273792,0.0,56.90948616600791,600.811023493083,0.5186768196964922,158.2493125825228,86.77519138188593,4514.831387771125,1.683124909317179,18.131204235500906,201.7234762252771,61.613415722989686,138794902.69549176,0.0,121541796.49413337,3594831.3695530025,38723572.019046225,410101909.0946309,2089946555.9608455
41,2024-03-01,64.98735436273792,0.0,56.90948616600791,600.811023493083,0.5186768196964922,158.2493125825228,86.77519138188593,4514.831387771125,1.683124909317179,18.131204235500906,201.7234762252771,61.613415722989686,138794902.69549176,0.0,121541796.49413337,3594831.3695530025,38723572.019046225,410101909.0946309,2089946555.9608455
42,2024-03-01,64.98735436273792,0.0,56.90948616600791,600.811023493083,0.5186768196964922,158.2493125825228,86.77519138188593,4514.831387771125,1.683124909317179,18.131204235500906,201.7234762252771,61.613415722989686,138794902.69549176,0.0,121541796.49413337,3594831.3695530025,38723572.019046225,410101909.0946309,2089946555.9608455
43,2024-03-01,64.98735436273792,0.0,56.90948616600791,600.811023493083,0.5186768196964922,158.2493125825228,86.77519138188593,4514.831387771125,1.683124909317179,18.131204235500906,201.7234762252771,61.613415722989686,138794902.69549176,0.0,121541796.49413337,3594831.3695530025,38723572.019046225,410101909.0946309,2089946555.9608455
44,2024-03-01,64.98735436273792,0.0,56.90948616600791,600.811023493083,0.5186768196964922,158.2493125825228,86.77519138188593,4514.831387771125,1.683124909317179,18.131204235500906,201.7234762252771,61.613415722989686,138794902.69549176,0.0,121541796.49413337,3594831.3695530025,38723572.019046225,410101909.0946309,2089946555.9608455
45,2024-03-01,64.98735436273792,0.0,56.90948616600791,600.811023493083,0.5186768196964922,158.2493125825228,86.77519138188593,4514.831387771125,1.683124909317179,18.131204235500906,201.7234762252771,61.613415722989686,138794902.69549176,0.0,121541796.49413337,3594831.3695530025,38723572.019046225,410101909.0946309,2089946555.9608455
46,2024-03-01,64.98735436273792,0.0,56.90948616600791,600.811023493083,0.5186768196964922,158.2493125825228,86.77519138188593,4514.831387771125,1.683124909317179,18.131204235500906,201.7234762252771,61.613415722989686,138794902.69549176,0.0,121541796.49413337,3594831.3695530025,38723572.019046225,410101909.0946309,2089946555.9608455
47,2024-03-01,64.98735436273792,0.0,56.90948616600791,600.811023493083,0.5186768196964922,158.2493125825228,86.77519138188593,4514.831387771125,1.683124909317179,18.131204235500906,201.7234762252771,61.613415722989686,138794902.69549176,0.0,121541796.49413337,3594831.3695530025,38723572.019046225,410101909.0946309,2089946555.9608455
48,2024-03-01,64.98735436273792,0.0,56.90948616600791,600.811023493083,0.5186768196964922,158.2493125825228,86.77519138188593,4514.831387771125,1.683124909317179,18.131204235500906,201.7234762252771,61.613415722989686,138794902.69549176,0.0,121541796.49413337,3594831.3695530025,38723572.019046225,410101909.0946309,2089946555.9608455
49,2024-03-01,64.98735436273792,0.0,56.90948616600791,600.811023493083,0.5186768196964922,158.2493125825228,86.77519138188593,4514.831387771125,1.683124909317179,18.131204235500906,201.7234762252771,61.613415722989686,138794902.69549176,0.0,121541796.49413337,3594831.3695530025,38723572.019046225,410101909.0946309,2089946555.9756498
50,2024-03-01,64.98735436273792,0.0,56.90948616600791,600.811023493083,0.5186768196964922,158.2493125825228,86.77519138188593,4514.831387771125,1.683124909317179,18.131204235500906,201.7234762252771,61.613415722989686,138794902.69549176,0.0,121541796.49413337,3594831.3695530025,38723572.019046225,410101909.0946309,2089946555.9608455
51,2024-03-01,64.98735436273792,0.0,56.90948616600791,600.811023493083,0.5186768196964922,158.2493125825228,86.77519138188593,4514.831387771125,1.683124909317179,18.131204235500906,201.7234762252771,61.613415722989686,138794902.69549176,0.0,121541796.49413337,3594831.3695530025,38723572.019046225,410101909.0946309,2089946555.9608455
52,2024-03-01,64.98735436273792,0.0,56.90948616600791,600.811023493083,0.5186768196964922,158.2493125825228,86.77519138188593,4514.831387771125,1.683124909317179,18.131204235500906,201.7234762252771,61.613415722989686,138794902.69549176,0.0,121541796.49413337,3594831.3695530025,38723572.019046225,410101909.0946309,2089946555.9608455
53,2024-03-01,64.98735436273792,0.0,56.90948616600791,600.811023493083,0.5186768196964922,158.2493125825228,86.77519138188593,4514.831387771125,1.683124909317179,18.131204235500906,201.7234762252771,61.613415722989686,138794902.69549176,0.0,121541796.49413337,3594831.3695530025,38723572.019046225,410101909.0946309,2089946555.9608455
54,2024-03-01,64.98735436273792,0.0,56.90948616600791,600.811023493083,0.5186768196964922,158.2493125825228,86.77519138188593,4514.831387771125,1.683124909317179,18.131204235500906,201.7234762252771,61.613415722989686,138794902.69549176,0.0,121541796.49413337,3594831.3695530025,38723572.019046225,410101909.0946309,2089946555.9608455
55,2024-03-01,64.98735436273792,0.0,56.90948616600791,600.811023493083,0.5186768196964922,158.2493125825228,86.77519138188593,4514.831387771125,1.683124909317179,18.131204235500906,201.7234762252771,61.613415722989686,138794902.69549176,0.0,121541796.49413337,3594831.3695530025,38723572.019046225,410101909.0946309,2089946555.9756498
56,2024-03-01,64.98735436273792,0.0,56.90948616600791,600.811023493083,0.5186768196964922,158.2493125825228,86.77519138188593,4514.831387771125,1.683124909317179,18.131204235500906,201.7234762252771,61.613415722989686,138794902.69549176,0.0,121541796.49413337,3594831.3695530025,38723572.019046225,410101909.0946309,2089946555.9608455
57,2024-03-01,64.98735436273792,0.0,56.90948616600791,600.811023493083,0.5186768196964922,158.2493125825228,86.77519138188593,4514.831387771125,1.683124909317179,18.131204235500906,201.7234762252771,61.613415722989686,138794902.69549176,0.0,121541796.49413337,3594831.3695530025,38723572.019046225,410101909.0946309,2089946555.9608455
58,2024-03-01,64.98735436273792,0.0,56.90948616600791,600.811023493083,0.5186768196964922,158.2493125825228,86.77519138188593,4514.831387771125,1.683124909317179,18.131204235500906,201.7234762252771,61.613415722989686,138794902.69549176,0.0,121541796.49413337,3594831.3695530025,38723572.019046225,410101909.0946309,2089946555.9608455
59,2024-03-01,64.98735436273792,0.0,56.90948616600791,600.811023493083,0.5186768196964922,158.2493125825228,86.77519138188593,4514.831387771125,1.683124909317179,18.131204235500906,201.7234762252771,61.613415722989686,138794902.69549176,0.0,121541796.49413337,3594831.3695530025,38723572.019046225,410101909.0946309,2089946555.9608455
60,2024-04-01,58.67154239575131,9.944210437288868,79.4378260869565,600.811023493083,0.5186768196964922,158.2493125825228,86.77519138188593,4514.831387771125,2.2581581580751973,10.624730499726658,183.84375591919897,55.120811394411746,125305636.51899345,21238306.84597938,169655638.96486276,4822848.528476117,22691978.500775494,373752843.9200508,2089946555.9608455
61,2024-04-01,58.67154239575131,9.944210437288868,79.4378260869565,600.811023493083,0.5186768196964922,158.2493125825228,86.77519138188593,4514.831387771125,2.2581581580751973,10.624730499726658,183.84375591919897,55.120811394411746,125305636.51899345,21238306.84597938,169655638.96486276,4822848.528476117,22691978.500775494,373752843.9200508,2089946555.9608455
62,2024-04-01,58.67154239575131,9.944210437288868,79.4378260869565,600.811023493083,0.5186768196964922,158.2493125825228,86.77519138188593,4514.831387771125,2.2581581580751973,10.624730499726658,183.84375591919897,55.120811394411746,125305636.51899345,21238306.84597938,169655638.96486276,4822848.528476117,22691978.500775494,373752843.9200508,2089946555.9608455
63,2024-04-01,58.67154239575131,9.944210437288868,79.4378260869565,600.811023493083,0.5186768196964922,158.2493125825228,86.77519138188593,4514.831387771125,2.2581581580751973,10.624730499726658,183.84375591919897,55.120811394411746,125305636.51899345,21238306.84597938,169655638.96486276,4822848.528476117,22691978.500775494,373752843.9200508,2089946555.9608455
64,2024-04-01,58.67154239575131,9.944210437288868,79.4378260869565,600.811023493083,0.5186768196964922,158.2493125825228,86.77519138188593,4514.831387771125,2.2581581580751973,10.624730499726658,183.84375591919897,55.120811394411746,125305636.51899345,21238306.84597938,169655638.96486276,4822848.528476117,22691978.500775494,373752843.9200508,2089946555.9608455
65,2024-04-01,58.67154239575131,9.944210437288868,79.4378260869565,600.811023493083,0.5186768196964922,158.2493125825228,86.77519138188593,4514.831387771125,2.2581581580751973,10.624730499726658,183.84375591919897,55.120811394411746,125305636.51899345,21238306.84597938,169655638.96486276,4822848.528476117,22691978.500775494,373752843.9200508,2089946555.9608455
66,2024-04-01,58.67154239575131,9.944210437288868,79.4378260869565,600.811023493083,0.5186768196964922,158.2493125825228,86.77519138188593,4514.831387771125,2.2581581580751973,10.624730499726658,183.84375591919897,55.120811394411746,125305636.51899345,21238306.84597938,169655638.96486276,4822848.528476117,22691978.500775494,373752843.9200508,2089946555.9608455
67,2024-04-01,58.67154239575131,9.944210437288868,79.4378260869565,600.811023493083,0.5186768196964922,158.2493125825228,86.77519138188593,4514.831387771125,2.2581581580751973,10.624730499726658,183.84375591919897,55.120811394411746,125305636.51899345,21238306.84597938,169655638.96486276,4822848.528476117,22691978.500775494,373752843.9200508,2089946555.9608455
68,2024-04-01,58.67154239575131,9.944210437288868,79.4378260869565,600.811023493083,0.5186768196964922,158.2493125825228,86.77519138188593,4514.831387771125,2.2581581580751973,10.624730499726658,183.84375591919897,55.120811394411746,125305636.51899345,21238306.84597938,169655638.96486276,4822848.528476117,22691978.500775494,373752843.9200508,2089946555.9608455
69,2024-04-01,58.67154239575131,9.944210437288868,79.4378260869565,600.811023493083,0.5186768196964922,158.2493125825228,86.77519138188593,4514.831387771125,2.2581581580751973,10.624730499726658,183.84375591919897,55.120811394411746,125305636.51899345,21238306.84597938,169655638.96486276,4822848.528476117,22691978.500775494,373752843.9200508,2089946555.9756498
70,2024-04-01,58.67154239575131,9.944210437288868,79.4378260869565,600.811023493083,0.5186768196964922,158.2493125825228,86.77519138188593,4514.831387771125,2.2581581580751973,10.624730499726658,183.84375591919897,55.120811394411746,125305636.51899345,21238306.84597938,169655638.96486276,4822848.528476117,22691978.500775494,373752843.9200508,2089946555.9608455
71,2024-04-01,58.67154239575131,9.944210437288868,79.4378260869565,600.811023493083,0.5186768196964922,158.2493125825228,86.77519138188593,4514.831387771125,2.2581581580751973,10.624730499726658,183.84375591919897,55.120811394411746,125305636.51899345,21238306.84597938,169655638.96486276,4822848.528476117,22691978.500775494,373752843.9200508,2089946555.9608455
72,2024-04-01,58.67154239575131,9.944210437288868,79.4378260869565,600.811023493083,0.5186768196964922,158.2493125825228,86.77519138188593,4514.831387771125,2.2581581580751973,10.624730499726658,183.84375591919897,55.120811394411746,125305636.51899345,21238306.84597938,169655638.96486276,4822848.528476117,22691978.500775494,373752843.9200508,2089946555.9608455
73,2024-04-01,58.67154239575131,9.944210437288868,79.4378260869565,600.811023493083,0.5186768196964922,158.2493125825228,86.77519138188593,4514.831387771125,2.2581581580751973,10.624730499726658,183.84375591919897,55.120811394411746,125305636.51899345,21238306.84597938,169655638.96486276,4822848.528476117,22691978.500775494,373752843.9200508,2089946555.9608455
74,2024-04-01,58.67154239575131,9.944210437288868,79.4378260869565,600.811023493083,0.5186768196964922,158.2493125825228,86.77519138188593,4514.831387771125,2.2581581580751973,10.624730499726658,183.84375591919897,55.120811394411746,125305636.51899345,21238306.84597938,169655638.96486276,4822848.528476117,22691978.500775494,373752843.9200508,2089946555.9608455
75,2024-04-01,58.67154239575131,9.944210437288868,79.4378260869565,600.811023493083,0.5186768196964922,158.2493125825228,86.77519138188593,4514.831387771125,2.2581581580751973,10.624730499726658,183.84375591919897,55.120811394411746,125305636.51899345,21238306.84597938,169655638.96486276,4822848.528476117,22691978.500775494,373752843.9200508,2089946555.9756498
76,2024-04-01,58.67154239575131,9.944210437288868,79.4378260869565,600.811023493083,0.5186768196964922,158.2493125825228,86.77519138188593,4514.831387771125,2.2581581580751973,10.624730499726658,183.84375591919897,55.120811394411746,125305636.51899345,21238306.84597938,169655638.96486276,4822848.528476117,22691978.500775494,373752843.9200508,2089946555.9608455
77,2024-04-01,58.67154239575131,9.944210437288868,79.4378260869565,600.811023493083,0.5186768196964922,158.2493125825228,86.77519138188593,4514.831387771125,2.2581581580751973,10.624730499726658,183.84375591919897,55.120811394411746,125305636.51899345,21238306.84597938,169655638.96486276,4822848.528476117,22691978.500775494,373752843.9200508,2089946555.9608455
78,2024-04-01,58.67154239575131,9.944210437288868,79.4378260869565,600.811023493083,0.5186768196964922,158.2493125825228,86.77519138188593,4514.831387771125,2.2581581580751973,10.624730499726658,183.84375591919897,55.120811394411746,125305636.51899345,21238306.84597938,169655638.96486276,4822848.528476117,22691978.500775494,373752843.9200508,2089946555.9608455
79,2024-04-01,58.67154239575131,9.944210437288868,79.4378260869565,600.811023493083,0.5186768196964922,158.2493125825228,86.77519138188593,4514.831387771125,2.2581581580751973,10.624730499726658,183.84375591919897,55.120811394411746,125305636.51899345,21238306.84597938,169655638.96486276,4822848.528476117,22691978.500775494,373752843.9200508,2089946555.9608455
80,2024-05-01,32.042879395650296,25.85494761038675,98.9983794466403,600.811023493083,0.5186768196964922,158.2493125825228,86.77519138188593,4514.831387771125,7.55697533685119,2.8405999148863805,150.0279408620213,42.733416908396805,68435088.28357737,55219598.81072352,211431378.73716855,16139862.705806075,6066996.880321956,305006554.6909886,2089946555.9608455
81,2024-05-01,32.042879395650296,25.85494761038675,98.9983794466403,600.811023493083,0.5186768196964922,158.2493125825228,86.77519138188593,4514.831387771125,7.55697533685119,2.8405999148863805,150.0279408620213,42.733416908396805,68435088.28357737,55219598.81072352,211431378.73716855,16139862.705806075,6066996.880321956,305006554.6909886,2089946555.9608455
82,2024-05-01,32.042879395650296,25.85494761038675,98.9983794466403,600.811023493083,0.5186768196964922,158.2493125825228,86.77519138188593,4514.831387771125,7.55697533685119,2.8405999148863805,150.0279408620213,42.733416908396805,68435088.28357737,55219598.81072352,211431378.73716855,16139862.705806075,6066996.880321956,305006554.6909886,2089946555.9756498
83,2024-05-01,32.042879395650296,25.85494761038675,98.9983794466403,600.811023493083,0.5186768196964922,158.2493125825228,86.77519138188593,4514.831387771125,7.55697533685119,2.8405999148863805,150.0279408620213,42.733416908396805,68435088.28357737,55219598.81072352,211431378.73716855,16139862.705806075,6066996.880321956,305006554.6909886,2089946555.9608455
84,2024-05-01,32.042879395650296,25.85494761038675,98.9983794466403,600.811023493083,0.5186768196964922,158.2493125825228,86.77519138188593,4514.831387771125,7.55697533685119,2.8405999148863805,150.0279408620213,42.733416908396805,68435088.28357737,55219598.81072352,211431378.73716855,16139862.705806075,6066996.880321956,305006554.6909886,2089946555.9608455
85,2024-05-01,32.042879395650296,25.85494761038675,98.9983794466403,600.811023493083,0.5186768196964922,158.2493125825228,86.77519138188593,4514.831387771125,7.55697533685119,2.8405999148863805,150.0279408620213,42.733416908396805,68435088.28357737,55219598.81072352,211431378.73716855,16139862.705806075,6066996.880321956,305006554.6909886,2089946555.9756498
86,2024-05-01,32.042879395650296,25.85494761038675,98.9983794466403,600.811023493083,0.5186768196964922,158.2493125825228,86.77519138188593,4514.831387771125,7.55697533685119,2.8405999148863805,150.0279408620213,42.733416908396805,68435088.28357737,55219598.81072352,211431378.73716855,16139862.705806075,6066996.880321956,305006554.6909886,2089946555.9608455
87,2024-05-01,32.042879395650296,25.85494761038675,98.9983794466403,600.811023493083,0.5186768196964922,158.2493125825228,86.77519138188593,4514.831387771125,7.55697533685119,2.8405999148863805,150.0279408620213,42.733416908396805,68435088.28357737,55219598.81072352,211431378.73716855,16139862.705806075,6066996.880321956,305006554.6909886,2089946555.9608455
88,2024-05-01,32.042879395650296,25.85494761038675,98.9983794466403,600.811023493083,0.5186768196964922,158.2493125825228,86.77519138188593,4514.831387771125,7.55697533685119,2.8405999148863805,150.0279408620213,42.733416908396805,68435088.28357737,55219598.81072352,211431378.73716855,16139862.705806075,6066996.880321956,305006554.6909886,2089946555.9608455
89,2024-05-01,32.042879395650296,25.85494761038675,98.9983794466403,600.811023493083,0.5186768196964922,158.2493125825228,86.77519138188593,4514.831387771125,7.55697533685119,2.8405999148863805,150.0279408620213,42.733416908396805,68435088.28357737,55219598.81072352,211431378.73716855,16139862.705806075,6066996.880321956,305006554.6909886,2089946555.9608455
90,2024-05-01,32.042879395650296,25.85494761038675,98.9983794466403,600.811023493083,0.5186768196964922,158.2493125825228,86.77519138188593,4514.831387771125,7.55697533685119,2.8405999148863805,150.0279408620213,42.733416908396805,68435088.28357737,55219598.81072352,211431378.73716855,16139862.705806075,6066996.880321956,305006554.6909886,2089946555.9608455
91,2024-05-01,32.042879395650296,25.85494761038675,98.9983794466403,600.811023493083,0.5186768196964922,158.2493125825228,86.77519138188593,4514.831387771125,7.55697533685119,2.8405999148863805,150.0279408620213,42.733416908396805,68435088.28357737,55219598.81072352,211431378.73716855,16139862.705806075,6066996.880321956,305006554.6909886,2089946555.9608455
92,2024-05-01,32.042879395650296,25.85494761038675,98.9983794466403,600.811023493083,0.5186768196964922,158.2493125825228,86.77519138188593,4514.831387771125,7.55697533685119,2.8405999148863805,150.0279408620213,42.733416908396805,68435088.28357737,55219598.81072352,211431378.73716855,16139862.705806075,6066996.880321956,305006554.6909886,2089946555.9608455
93,2024-05-01,32.042879395650296,25.85494761038675,98.9983794466403,600.811023493083,0.5186768196964922,158.2493125825228,86.77519138188593,4514.831387771125,7.55697533685119,2.8405999148863805,150.0279408620213,42.733416908396805,68435088.28357737,55219598.81072352,211431378.73716855,16139862.705806075,6066996.880321956,305006554.6909886,2089946555.9608455
94,2024-05-01,32.042879395650296,25.85494761038675,98.9983794466403,600.811023493083,0.5186768196964922,158.2493125825228,86.77519138188593,4514.831387771125,7.55697533685119,2.8405999148863805,150.0279408620213,42.733416908396805,68435088.28357737,55219598.81072352,211431378.73716855,16139862.705806075,6066996.880321956,305006554.6909886,2089946555.9608455
95,2024-05-01,32.042879395650296,25.85494761038675,98.9983794466403,600.811023493083,0.5186768196964922,158.2493125825228,86.77519138188593,4514.831387771125,7.55697533685119,2.8405999148863805,150.0279408620213,42.733416908396805,68435088.28357737,55219598.81072352,211431378.73716855,16139862.705806075,6066996.880321956,305006554.6909886,2089946555.9608455
96,2024-05-01,32.042879395650296,25.85494761038675,98.9983794466403,600.811023493083,0.5186768196964922,158.2493125825228,86.77519138188593,4514.831387771125,7.55697533685119,2.8405999148863805,150.0279408620213,42.733416908396805,68435088.28357737,55219598.81072352,211431378.73716855,16139862.705806075,6066996.880321956,305006554.6909886,2089946555.9608455
97,2024-05-01,32.042879395650296,25.85494761038675,98.9983794466403,600.811023493083,0.5186768196964922,158.2493125825228,86.77519138188593,4514.831387771125,7.55697533685119,2.8405999148863805,150.0279408620213,42.733416908396805,68435088.28357737,55219598.81072352,211431378.73716855,16139862.705806075,6066996.880321956,305006554.6909886,2089946555.9608455
98,2024-05-01,32.042879395650296,25.85494761038675,98.9983794466403,600.811023493083,0.5186768196964922,158.2493125825228,86.77519138188593,4514.831387771125,7.55697533685119,2.8405999148863805,150.0279408620213,42.733416908396805,68435088.28357737,55219598.81072352,211431378.73716855,16139862.705806075,6066996.880321956,305006554.6909886,2089946555.9608455
99,2024-05-01,32.042879395650296,25.85494761038675,98.9983794466403,600.811023493083,0.5186768196964922,158.2493125825228,86.77519138188593,4514.831387771125,7.55697533685119,2.8405999148863805,150.0279408620213,42.733416908396805,68435088.28357737,55219598.81072352,211431378.73716855,16139862.705806075,6066996.880321956,305006554.6909886,2089946555.9608455
100,2024-06-01,8.253970983721464,39.77684174915547,106.2284980237154,600.811023493083,0.5186768196964922,158.2493125825228,86.77519138188593,4514.831387771125,10.630594133596617,1.4788185025551965,113.1712697535602,29.708228108560974,17627898.962409325,84953227.38391753,226873562.6623451,22704345.969969593,3158403.682716085,230076521.15897855,2089946555.9608455
101,2024-06-01,8.253970983721464,39.77684174915547,106.2284980237154,600.811023493083,0.5186768196964922,158.2493125825228,86.77519138188593,4514.831387771125,10.630594133596617,1.4788185025551965,113.1712697535602,29.708228108560974,17627898.962409325,84953227.38391753,226873562.6623451,22704345.969969593,3158403.682716085,230076521.15897855,2089946555.9608455
102,2024-06-01,8.253970983721464,39.77684174915547,106.2284980237154,600.811023493083,0.5186768196964922,158.2493125825228,86.77519138188593,4514.831387771125,10.630594133596617,1.4788185025551965,113.1712697535602,29.708228108560974,17627898.962409325,84953227.38391753,226873562.6623451,22704345.969969593,3158403.682716085,230076521.15897855,2089946555.9608455
103,2024-06-01,8.253970983721464,39.77684174915547,106.2284980237154,600.811023493083,0.5186768196964922,158.2493125825228,86.77519138188593,4514.831387771125,10.630594133596617,1.4788185025551965,113.1712697535602,29.708228108560974,17627898.962409325,84953227.38391753,226873562.6623451,22704345.969969593,3158403.682716085,230076521.15897855,2089946555.9608455
104,2024-06-01,8.253970983721464,39.77684174915547,106.2284980237154,600.811023493083,0.5186768196964922,158.2493125825228,86.77519138188593,4514.831387771125,10.630594133596617,1.4788185025551965,113.1712697535602,29.708228108560974,17627898.962409325,84953227.38391753,226873562.6623451,22704345.969969593,3158403.682716085,230076521.15897855,2089946555.9608455
105,2024-06-01,8.253970983721464,39.77684174915547,106.2284980237154,600.811023493083,0.5186768196964922,158.2493125825228,86.77519138188593,4514.831387771125,10.630594133596617,1.4788185025551965,113.1712697535602,29.708228108560974,17627898.962409325,84953227.38391753,226873562.6623451,22704345.969969593,3158403.682716085,230076521.15897855,2089946555.9608455
106,2024-06-01,8.253970983721464,39.77684174915547,106.2284980237154,600.811023493083,0.5186768196964922,158.2493125825228,86.77519138188593,4514.831387771125,10.630594133596617,1.4788185025551965,113.1712697535602,29.708228108560974,17627898.962409325,84953227.38391753,226873562.6623451,22704345.969969593,3158403.682716085,230076521.15897855,2089946555.9608455
107,2024-06-01,8.253970983721464,39.77684174915547,106.2284980237154,600.811023493083,0.5186768196964922,158.2493125825228,86.77519138188593,4514.831387771125,10.630594133596617,1.4788185025551965,113.1712697535602,29.708228108560974,17627898.962409325,84953227.38391753,226873562.6623451,22704345.969969593,3158403.682716085,230076521.15897855,2089946555.9756498
108,2024-06-01,8.253970983721464,39.77684174915547,106.2284980237154,600.811023493083,0.5186768196964922,158.2493125825228,86.77519138188593,4514.831387771125,10.630594133596617,1.4788185025551965,113.1712697535602,29.708228108560974,17627898.962409325,84953227.38391753,226873562.6623451,22704345.969969593,3158403.682716085,230076521.15897855,2089946555.9608455
109,2024-06-01,8.253970983721464,39.77684174915547,106.2284980237154,600.811023493083,0.5186768196964922,158.2493125825228,86.77519138188593,4514.831387771125,10.630594133596617,1.4788185025551965,113.1712697535602,29.708228108560974,17627898.962409325,84953227.38391753,226873562.6623451,22704345.969969593,3158403.682716085,230076521.15897855,2089946555.9608455
110,2024-06-01,8.253970983721464,39.77684174915547,106.2284980237154,600.811023493083,0.5186768196964922,158.2493125825228,86.77519138188593,4514.831387771125,10.630594133596617,1.4788185025551965,113.1712697535602,29.708228108560974,17627898.962409325,84953227.38391753,226873562.6623451,22704345.969969593,3158403.682716085,230076521.15897855,2089946555.9608455
111,2024-06-01,8.253970983721464,39.77684174915547,106.2284980237154,600.811023493083,0.5186768196964922,158.2493125825228,86.77519138188593,4514.831387771125,10.630594133596617,1.4788185025551965,113.1712697535602,29.708228108560974,17627898.962409325,84953227.38391753,226873562.6623451,22704345.969969593,3158403.682716085,230076521.15897855,2089946555.9608455
112,2024-06-01,8.253970983721464,39.77684174915547,106.2284980237154,600.811023493083,0.5186768196964922,158.2493125825228,86.77519138188593,4514.831387771125,10.630594133596617,1.4788185025551965,113.1712697535602,29.708228108560974,17627898.962409325,84953227.38391753,226873562.6623451,22704345.969969593,3158403.682716085,230076521.15897855,2089946555.9608455
113,2024-06-01,8.253970983721464,39.77684174915547,106.2284980237154,600.811023493083,0.5186768196964922,158.2493125825228,86.77519138188593,4514.831387771125,10.630594133596617,1.4788185025551965,113.1712697535602,29.708228108560974,17627898.962409325,84953227.38391753,226873562.6623451,22704345.969969593,3158403.682716085,230076521.15897855,2089946555.9608455
114,2024-06-01,8.253970983721464,39.77684174915547,106.2284980237154,600.811023493083,0.5186768196964922,158.2493125825228,86.77519138188593,4514.831387771125,10.630594133596617,1.4788185025551965,113.1712697535602,29.708228108560974,17627898.962409325,84953227.38391753,226873562.6623451,22704345.969969593,3158403.682716085,230076521.15897855,2089946555.9608455
115,2024-06-01,8.253970983721464,39.77684174915547,106.2284980237154,600.811023493083,0.5186768196964922,158.2493125825228,86.77519138188593,4514.831387771125,10.630594133596617,1.4788185025551965,113.1712697535602,29.708228108560974,17627898.962409325,84953227.38391753,226873562.6623451,22704345.969969593,3158403.682716085,230076521.15897855,2089946555.9608455
116,2024-06-01,8.253970983721464,39.77684174915547,106.2284980237154,600.811023493083,0.5186768196964922,158.2493125825228,86.77519138188593,4514.831387771125,10.630594133596617,1.4788185025551965,113.1712697535602,29.708228108560974,17627898.962409325,84953227.38391753,226873562.6623451,22704345.969969593,3158403.682716085,230076521.15897855,2089946555.9608455
117,2024-06-01,8.253970983721464,39.77684174915547,106.2284980237154,600.811023493083,0.5186768196964922,158.2493125825228,86.77519138188593,4514.831387771125,10.630594133596617,1.4788185025551965,113.1712697535602,29.708228108560974,17627898.962409325,84953227.38391753,226873562.6623451,22704345.969969593,3158403.682716085,230076521.15897855,2089946555.9608455
118,2024-06-01,8.253970983721464,39.77684174915547,106.2284980237154,600.811023493083,0.5186768196964922,158.2493125825228,86.77519138188593,4514.831387771125,10.630594133596617,1.4788185025551965,113.1712697535602,29.708228108560974,17627898.962409325,84953227.38391753,226873562.6623451,22704345.969969593,3158403.682716085,230076521.15897855,2089946555.9608455
119,2024-06-01,8.253970983721464,39.77684174915547,106.2284980237154,600.811023493083,0.5186768196964922,158.2493125825228,86.77519138188593,4514.831387771125,10.630594133596617,1.4788185025551965,113.1712697535602,29.708228108560974,17627898.962409325,84953227.38391753,226873562.6623451,22704345.969969593,3158403.682716085,230076521.15897855,2089946555.9756498
120,2024-07-01,17.04820438811506,51.7098952207735,115.98126482213439,600.811023493083,0.5186768196964922,158.2493125825228,86.77519138188593,4514.831387771125,13.802704156949874,2.255547275419862,105.27560250414149,27.017678719536978,36409732.244872175,110439197.62144704,247703468.25106668,29479186.978799205,4817279.874970279,214024428.46670198,2089946555.9608455
121,2024-07-01,17.04820438811506,51.7098952207735,115.98126482213439,600.811023493083,0.5186768196964922,158.2493125825228,86.77519138188593,4514.831387771125,13.802704156949874,2.255547275419862,105.27560250414149,27.017678719536978,36409732.244872175,110439197.62144704,247703468.25106668,29479186.978799205,4817279.874970279,214024428.46670198,2089946555.9608455
122,2024-07-01,17.04820438811506,51.7098952207735,115.98126482213439,600.811023493083,0.5186768196964922,158.2493125825228,86.77519138188593,4514.831387771125,13.802704156949874,2.255547275419862,105.27560250414149,27.017678719536978,36409732.244872175,110439197.62144704,247703468.25106668,29479186.978799205,4817279.874970279,214024428.46670198,2089946555.9608455
123,2024-07-01,17.04820438811506,51.7098952207735,115.98126482213439,600.811023493083,0.5186768196964922,158.2493125825228,86.77519138188593,4514.831387771125,13.802704156949874,2.255547275419862,105.27560250414149,27.017678719536978,36409732.244872175,110439197.62144704,247703468.25106668,29479186.978799205,4817279.874970279,214024428.46670198,2089946555.9608455
124,2024-07-01,17.04820438811506,51.7098952207735,115.98126482213439,600.811023493083,0.5186768196964922,158.2493125825228,86.77519138188593,4514.831387771125,13.802704156949874,2.255547275419862,105.27560250414149,27.017678719536978,36409732.244872175,110439197.62144704,247703468.25106668,29479186.978799205,4817279.874970279,214024428.46670198,2089946555.9756498
125,2024-07-01,17.04820438811506,51.7098952207735,115.98126482213439,600.811023493083,0.5186768196964922,158.2493125825228,86.77519138188593,4514.831387771125,13.802704156949874,2.255547275419862,105.27560250414149,27.017678719536978,36409732.244872175,110439197.62144704,247703468.25106668,29479186.978799205,4817279.874970279,214024428.46670198,2089946555.9608455
126,2024-07-01,17.04820438811506,51.7098952207735,115.98126482213439,600.811023493083,0.5186768196964922,158.2493125825228,86.77519138188593,4514.831387771125,13.802704156949874,2.255547275419862,105.27560250414149,27.017678719536978,36409732.244872175,110439197.62144704,247703468.25106668,29479186.978799205,4817279.874970279,214024428.46670198,2089946555.9608455
127,2024-07-01,17.04820438811506,51.7098952207735,115.98126482213439,600.811023493083,0.5186768196964922,158.2493125825228,86.77519138188593,4514.831387771125,13.802704156949874,2.255547275419862,105.27560250414149,27.017678719536978,36409732.244872175,110439197.62144704,247703468.25106668,29479186.978799205,4817279.874970279,214024428.46670198,2089946555.9608455
128,2024-07-01,17.04820438811506,51.7098952207735,115.98126482213439,600.811023493083,0.5186768196964922,158.2493125825228,86.77519138188593,4514.831387771125,13.802704156949874,2.255547275419862,105.27560250414149,27.017678719536978,36409732.244872175,110439197.62144704,247703468.25106668,29479186.978799205,4817279.874970279,214024428.46670198,2089946555.9608455
129,2024-07-01,17.04820438811506,51.7098952207735,115.98126482213439,600.811023493083,0.5186768196964922,158.2493125825228,86.77519138188593,4514.831387771125,13.802704156949874,2.255547275419862,105.27560250414149,27.017678719536978,36409732.244872175,110439197.62144704,247703468.25106668,29479186.978799205,4817279.874970279,214024428.46670198,2089946555.9608455
130,2024-07-01,17.04820438811506,51.7098952207735,115.98126482213439,600.811023493083,0.5186768196964922,158.2493125825228,86.77519138188593,4514.831387771125,13.802704156949874,2.255547275419862,105.27560250414149,27.017678719536978,36409732.244872175,110439197.62144704,247703468.25106668,29479186.978799205,4817279.874970279,214024428.46670198,2089946555.9608455
131,2024-07-01,17.04820438811506,51.7098952207735,115.98126482213439,600.811023493083,0.5186768196964922,158.2493125825228,86.77519138188593,4514.831387771125,13.802704156949874,2.255547275419862,105.27560250414149,27.017678719536978,36409732.244872175,110439197.62144704,247703468.25106668,29479186.978799205,4817279.874970279,214024428.46670198,2089946555.9608455
132,2024-07-01,17.04820438811506,51.7098952207735,115.98126482213439,600.811023493083,0.5186768196964922,158.2493125825228,86.77519138188593,4514.831387771125,13.802704156949874,2.255547275419862,105.27560250414149,27.017678719536978,36409732.244872175,110439197.62144704,247703468.25106668,29479186.978799205,4817279.874970279,214024428.46670198,2089946555.9608455
133,2024-07-01,17.04820438811506,51.7098952207735,115.98126482213439,600.811023493083,0.5186768196964922,158.2493125825228,86.77519138188593,4514.831387771125,13.802704156949874,2.255547275419862,105.27560250414149,27.017678719536978,36409732.244872175,110439197.62144704,247703468.25106668,29479186.978799205,4817279.874970279,214024428.46670198,2089946555.9608455
134,2024-07-01,17.04820438811506,51.7098952207735,115.98126482213439,600.811023493083,0.5186768196964922,158.2493125825228,86.77519138188593,4514.831387771125,13.802704156949874,2.255547275419862,105.27560250414149,27.017678719536978,36409732.244872175,110439197.62144704,247703468.25106668,29479186.978799205,4817279.874970279,214024428.46670198,2089946555.9756498
135,2024-07-01,17.04820438811506,51.7098952207735,115.98126482213439,600.811023493083,0.5186768196964922,158.2493125825228,86.77519138188593,4514.831387771125,13.802704156949874,2.255547275419862,105.27560250414149,27.017678719536978,36409732.244872175,110439197.62144704,247703468.25106668,29479186.978799205,4817279.874970279,214024428.46670198,2089946555.9608455
136,2024-07-01,17.04820438811506,51.7098952207735,115.98126482213439,600.811023493083,0.5186768196964922,158.2493125825228,86.77519138188593,4514.831387771125,13.802704156949874,2.255547275419862,105.27560250414149,27.017678719536978,36409732.244872175,110439197.62144704,247703468.25106668,29479186.978799205,4817279.874970279,214024428.46670198,2089946555.9608455
137,2024-07-01,17.04820438811506,51.7098952207735,115.98126482213439,600.811023493083,0.5186768196964922,158.2493125825228,86.77519138188593,4514.831387771125,13.802704156949874,2.255547275419862,105.27560250414149,27.017678719536978,36409732.244872175,110439197.62144704,247703468.25106668,29479186.978799205,4817279.874970279,214024428.46670198,2089946555.9608455
138,2024-07-01,17.04820438811506,51.7098952207735,115.98126482213439,600.811023493083,0.5186768196964922,158.2493125825228,86.77519138188593,4514.831387771125,13.802704156949874,2.255547275419862,105.27560250414149,27.017678719536978,36409732.244872175,110439197.62144704,247703468.25106668,29479186.978799205,4817279.874970279,214024428.46670198,2089946555.9608455
139,2024-07-01,17.04820438811506,51.7098952207735,115.98126482213439,600.811023493083,0.5186768196964922,158.2493125825228,86.77519138188593,4514.831387771125,13.802704156949874,2.255547275419862,105.27560250414149,27.017678719536978,36409732.244872175,110439197.62144704,247703468.25106668,29479186.978799205,4817279.874970279,214024428.46670198,2089946555.9608455
140,2024-08-01,17.34483129059792,41.765685309854895,90.15063241106719,600.811023493083,0.5186768196964922,158.2493125825228,86.77519138188593,4514.831387771125,12.079983694898589,1.958723850048059,103.23131049594798,26.186094565353518,37043656.81654918,89200891.89965767,192536171.8359608,25799879.798882715,4183383.299827164,209868530.92108157,2089946555.9608455
141,2024-08-01,17.34483129059792,41.765685309854895,90.15063241106719,600.811023493083,0.5186768196964922,158.2493125825228,86.77519138188593,4514.831387771125,12.079983694898589,1.958723850048059,103.23131049594798,26.186094565353518,37043656.81654918,89200891.89965767,192536171.8359608,25799879.798882715,4183383.299827164,209868530.92108157,2089946555.9608455
142,2024-08-01,17.34483129059792,41.765685309854895,90.15063241106719,600.811023493083,0.5186768196964922,158.2493125825228,86.77519138188593,4514.831387771125,12.079983694898589,1.958723850048059,103.23131049594798,26.186094565353518,37043656.81654918,89200891.89965767,192536171.8359608,25799879.798882715,4183383.299827164,209868530.92108157,2089946555.9608455
143,2024-08-01,17.34483129059792,41.765685309854895,90.15063241106719,600.811023493083,0.5186768196964922,158.2493125825228,86.77519138188593,4514.831387771125,12.079983694898589,1.958723850048059,103.23131049594798,26.186094565353518,37043656.81654918,89200891.89965767,192536171.8359608,25799879.798882715,4183383.299827164,209868530.92108157,2089946555.9608455
144,2024-08-01,17.34483129059792,41.765685309854895,90.15063241106719,600.811023493083,0.5186768196964922,158.2493125825228,86.77519138188593,4514.831387771125,12.079983694898589,1.958723850048059,103.23131049594798,26.186094565353518,37043656.81654918,89200891.89965767,192536171.8359608,25799879.798882715,4183383.299827164,209868530.92108157,2089946555.9608455
145,2024-08-01,17.34483129059792,41.765685309854895,90.15063241106719,600.811023493083,0.5186768196964922,158.2493125825228,86.77519138188593,4514.831387771125,12.079983694898589,1.958723850048059,103.23131049594798,26.186094565353518,37043656.81654918,89200891.89965767,192536171.8359608,25799879.798882715,4183383.299827164,209868530.92108157,2089946555.9608455
146,2024-08-01,17.34483129059792,41.765685309854895,90.15063241106719,600.811023493083,0.5186768196964922,158.2493125825228,86.77519138188593,4514.831387771125,12.079983694898589,1.958723850048059,103.23131049594798,26.186094565353518,37043656.81654918,89200891.89965767,192536171.8359608,25799879.798882715,4183383.299827164,209868530.92108157,2089946555.9608455
147,2024-08-01,17.34483129059792,41.765685309854895,90.15063241106719,600.811023493083,0.5186768196964922,158.2493125825228,86.77519138188593,4514.831387771125,12.079983694898589,1.958723850048059,103.23131049594798,26.186094565353518,37043656.81654918,89200891.89965767,192536171.8359608,25799879.798882715,4183383.299827164,209868530.92108157,2089946555.9756498
148,2024-08-01,17.34483129059792,41.765685309854895,90.15063241106719,600.811023493083,0.5186768196964922,158.2493125825228,86.77519138188593,4514.831387771125,12.079983694898589,1.958723850048059,103.23131049594798,26.186094565353518,37043656.81654918,89200891.89965767,192536171.8359608,25799879.798882715,4183383.299827164,209868530.92108157,2089946555.9608455
149,2024-08-01,17.34483129059792,41.765685309854895,90.15063241106719,600.811023493083,0.5186768196964922,158.2493125825228,86.77519138188593,4514.831387771125,12.079983694898589,1.958723850048059,103.23131049594798,26.186094565353518,37043656.81654918,89200891.89965767,192536171.8359608,25799879.798882715,4183383.299827164,209868530.92108157,2089946555.9608455
150,2024-08-01,17.34483129059792,41.765685309854895,90.15063241106719,600.811023493083,0.5186768196964922,158.2493125825228,86.77519138188593,4514.831387771125,12.079983694898589,1.958723850048059,103.23131049594798,26.186094565353518,37043656.81654918,89200891.89965767,192536171.8359608,25799879.798882715,4183383.299827164,209868530.92108157,2089946555.9608455
151,2024-08-01,17.34483129059792,41.765685309854895,90.15063241106719,600.811023493083,0.5186768196964922,158.2493125825228,86.77519138188593,4514.831387771125,12.079983694898589,1.958723850048059,103.23131049594798,26.186094565353518,37043656.81654918,89200891.89965767,192536171.8359608,25799879.798882715,4183383.299827164,209868530.92108157,2089946555.9608455
152,2024-08-01,17.34483129059792,41.765685309854895,90.15063241106719,600.811023493083,0.5186768196964922,158.2493125825228,86.77519138188593,4514.831387771125,12.079983694898589,1.958723850048059,103.23131049594798,26.186094565353518,37043656.81654918,89200891.89965767,192536171.8359608,25799879.798882715,4183383.299827164,209868530.92108157,2089946555.9608455
153,2024-08-01,17.34483129059792,41.765685309854895,90.15063241106719,600.811023493083,0.5186768196964922,158.2493125825228,86.77519138188593,4514.831387771125,12.079983694898589,1.958723850048059,103.23131049594798,26.186094565353518,37043656.81654918,89200891.89965767,192536171.8359608,25799879.798882715,4183383.299827164,209868530.92108157,2089946555.9756498
154,2024-08-01,17.34483129059792,41.765685309854895,90.15063241106719,600.811023493083,0.5186768196964922,158.2493125825228,86.77519138188593,4514.831387771125,12.079983694898589,1.958723850048059,103.23131049594798,26.186094565353518,37043656.81654918,89200891.89965767,192536171.8359608,25799879.798882715,4183383.299827164,209868530.92108157,2089946555.9608455
155,2024-08-01,17.34483129059792,41.765685309854895,90.15063241106719,600.811023493083,0.5186768196964922,158.2493125825228,86.77519138188593,4514.831387771125,12.079983694898589,1.958723850048059,103.23131049594798,26.186094565353518,37043656.81654918,89200891.89965767,192536171.8359608,25799879.798882715,4183383.299827164,209868530.92108157,2089946555.9608455
156,2024-08-01,17.34483129059792,41.765685309854895,90.15063241106719,600.811023493083,0.5186768196964922,158.2493125825228,86.77519138188593,4514.831387771125,12.079983694898589,1.958723850048059,103.23131049594798,26.186094565353518,37043656.81654918,89200891.89965767,192536171.8359608,25799879.798882715,4183383.299827164,209868530.92108157,2089946555.9608455
157,2024-08-01,17.34483129059792,41.765685309854895,90.15063241106719,600.811023493083,0.5186768196964922,158.2493125825228,86.77519138188593,4514.831387771125,12.079983694898589,1.958723850048059,103.23131049594798,26.186094565353518,37043656.81654918,89200891.89965767,192536171.8359608,25799879.798882715,4183383.299827164,209868530.92108157,2089946555.9608455
158,2024-08-01,17.34483129059792,41.765685309854895,90.15063241106719,600.811023493083,0.5186768196964922,158.2493125825228,86.77519138188593,4514.831387771125,12.079983694898589,1.958723850048059,103.23131049594798,26.186094565353518,37043656.81654918,89200891.89965767,192536171.8359608,25799879.798882715,4183383.299827164,209868530.92108157,2089946555.9608455
159,2024-08-01,17.34483129059792,41.765685309854895,90.15063241106719,600.811023493083,0.5186768196964922,158.2493125825228,86.77519138188593,4514.831387771125,12.079983694898589,1.958723850048059,103.23131049594798,26.186094565353518,37043656.81654918,89200891.89965767,192536171.8359608,25799879.798882715,4183383.299827164,209868530.92108157,2089946555.9608455
160,2024-09-01,15.278036490646905,19.888420874577736,48.68561264822133,600.811023493083,0.5186768196964922,158.2493125825228,86.77519138188593,4514.831387771125,5.778525658417081,0.799924349066836,102.41477097901117,25.992639101247097,32629340.81846764,42476613.69195876,103978490.8232706,12341500.906582346,1708453.2187173627,208208459.00314802,2089946555.9608455
161,2024-09-01,15.278036490646905,19.888420874577736,48.68561264822133,600.811023493083,0.5186768196964922,158.2493125825228,86.77519138188593,4514.831387771125,5.778525658417081,0.799924349066836,102.41477097901117,25.992639101247097,32629340.81846764,42476613.69195876,103978490.8232706,12341500.906582346,1708453.2187173627,208208459.00314802,2089946555.9608455
162,2024-09-01,15.278036490646905,19.888420874577736,48.68561264822133,600.811023493083,0.5186768196964922,158.2493125825228,86.77519138188593,4514.831387771125,5.778525658417081,0.799924349066836,102.41477097901117,25.992639101247097,32629340.81846764,42476613.69195876,103978490.8232706,12341500.906582346,1708453.2187173627,208208459.00314802,2089946555.9608455
163,2024-09-01,15.278036490646905,19.888420874577736,48.68561264822133,600.811023493083,0.5186768196964922,158.2493125825228,86.77519138188593,4514.831387771125,5.778525658417081,0.799924349066836,102.41477097901117,25.992639101247097,32629340.81846764,42476613.69195876,103978490.8232706,12341500.906582346,1708453.2187173627,208208459.00314802,2089946555.9608455
164,2024-09-01,15.278036490646905,19.888420874577736,48.68561264822133,600.811023493083,0.5186768196964922,158.2493125825228,86.77519138188593,4514.831387771125,5.778525658417081,0.799924349066836,102.41477097901117,25.992639101247097,32629340.81846764,42476613.69195876,103978490.8232706,12341500.906582346,1708453.2187173627,208208459.00314802,2089946555.9756498
165,2024-09-01,15.278036490646905,19.888420874577736,48.68561264822133,600.811023493083,0.5186768196964922,158.2493125825228,86.77519138188593,4514.831387771125,5.778525658417081,0.799924349066836,102.41477097901117,25.992639101247097,32629340.81846764,42476613.69195876,103978490.8232706,12341500.906582346,1708453.2187173627,208208459.00314802,2089946555.9608455
166,2024-09-01,15.278036490646905,19.888420874577736,48.68561264822133,600.811023493083,0.5186768196964922,158.2493125825228,86.77519138188593,4514.831387771125,5.778525658417081,0.799924349066836,102.41477097901117,25.992639101247097,32629340.81846764,42476613.69195876,103978490.8232706,12341500.906582346,1708453.2187173627,208208459.00314802,2089946555.9608455
167,2024-09-01,15.278036490646905,19.888420874577736,48.68561264822133,600.811023493083,0.5186768196964922,158.2493125825228,86.77519138188593,4514.831387771125,5.778525658417081,0.799924349066836,102.41477097901117,25.992639101247097,32629340.81846764,42476613.69195876,103978490.8232706,12341500.906582346,1708453.2187173627,208208459.00314802,2089946555.9608455
168,2024-09-01,15.278036490646905,19.888420874577736,48.68561264822133,600.811023493083,0.5186768196964922,158.2493125825228,86.77519138188593,4514.831387771125,5.778525658417081,0.799924349066836,102.41477097901117,25.992639101247097,32629340.81846764,42476613.69195876,103978490.8232706,12341500.906582346,1708453.2187173627,208208459.00314802,2089946555.9608455
169,2024-09-01,15.278036490646905,19.888420874577736,48.68561264822133,600.811023493083,0.5186768196964922,158.2493125825228,86.77519138188593,4514.831387771125,5.778525658417081,0.799924349066836,102.41477097901117,25.992639101247097,32629340.81846764,42476613.69195876,103978490.8232706,12341500.906582346,1708453.2187173627,208208459.00314802,2089946555.9608455
170,2024-09-01,15.278036490646905,19.888420874577736,48.68561264822133,600.811023493083,0.5186768196964922,158.2493125825228,86.77519138188593,4514.831387771125,5.778525658417081,0.799924349066836,102.41477097901117,25.992639101247097,32629340.81846764,42476613.69195876,103978490.8232706,12341500.906582346,1708453.2187173627,208208459.00314802,2089946555.9608455
171,2024-09-01,15.278036490646905,19.888420874577736,48.68561264822133,600.811023493083,0.5186768196964922,158.2493125825228,86.77519138188593,4514.831387771125,5.778525658417081,0.799924349066836,102.41477097901117,25.992639101247097,32629340.81846764,42476613.69195876,103978490.8232706,12341500.906582346,1708453.2187173627,208208459.00314802,2089946555.9608455
172,2024-09-01,15.278036490646905,19.888420874577736,48.68561264822133,600.811023493083,0.5186768196964922,158.2493125825228,86.77519138188593,4514.831387771125,5.778525658417081,0.799924349066836,102.41477097901117,25.992639101247097,32629340.81846764,42476613.69195876,103978490.8232706,12341500.906582346,1708453.2187173627,208208459.00314802,2089946555.9608455
173,2024-09-01,15.278036490646905,19.888420874577736,48.68561264822133,600.811023493083,0.5186768196964922,158.2493125825228,86.77519138188593,4514.831387771125,5.778525658417081,0.799924349066836,102.41477097901117,25.992639101247097,32629340.81846764,42476613.69195876,103978490.8232706,12341500.906582346,1708453.2187173627,208208459.00314802,2089946555.9608455
174,2024-09-01,15.278036490646905,19.888420874577736,48.68561264822133,600.811023493083,0.5186768196964922,158.2493125825228,86.77519138188593,4514.831387771125,5.778525658417081,0.799924349066836,102.41477097901117,25.992639101247097,32629340.81846764,42476613.69195876,103978490.8232706,12341500.906582346,1708453.2187173627,208208459.00314802,2089946555.9756498
175,2024-09-01,15.278036490646905,19.888420874577736,48.68561264822133,600.811023493083,0.5186768196964922,158.2493125825228,86.77519138188593,4514.831387771125,5.778525658417081,0.799924349066836,102.41477097901117,25.992639101247097,32629340.81846764,42476613.69195876,103978490.8232706,12341500.906582346,1708453.2187173627,208208459.00314802,2089946555.9608455
176,2024-09-01,15.278036490646905,19.888420874577736,48.68561264822133,600.811023493083,0.5186768196964922,158.2493125825228,86.77519138188593,4514.831387771125,5.778525658417081,0.799924349066836,102.41477097901117,25.992639101247097,32629340.81846764,42476613.69195876,103978490.8232706,12341500.906582346,1708453.2187173627,208208459.00314802,2089946555.9608455
177,2024-09-01,15.278036490646905,19.888420874577736,48.68561264822133,600.811023493083,0.5186768196964922,158.2493125825228,86.77519138188593,4514.831387771125,5.778525658417081,0.799924349066836,102.41477097901117,25.992639101247097,32629340.81846764,42476613.69195876,103978490.8232706,12341500.906582346,1708453.2187173627,208208459.00314802,2089946555.9608455
178,2024-09-01,15.278036490646905,19.888420874577736,48.68561264822133,600.811023493083,0.5186768196964922,158.2493125825228,86.77519138188593,4514.831387771125,5.778525658417081,0.799924349066836,102.41477097901117,25.992639101247097,32629340.81846764,42476613.69195876,103978490.8232706,12341500.906582346,1708453.2187173627,208208459.00314802,2089946555.9608455
179,2024-09-01,15.278036490646905,19.888420874577736,48.68561264822133,600.811023493083,0.5186768196964922,158.2493125825228,86.77519138188593,4514.831387771125,5.778525658417081,0.799924349066836,102.41477097901117,25.992639101247097,32629340.81846764,42476613.69195876,103978490.8232706,12341500.906582346,1708453.2187173627,208208459.00314802,2089946555.9608455
180,2024-10-01,20.64971513398344,9.944210437288868,27.0002766798419,600.811023493083,0.5186768196964922,158.2493125825228,86.77519138188593,4514.831387771125,4.038249671137091,0.8243961848458561,108.0044576952805,28.13014398653791,44101708.226256475,21238306.84597938,57664774.67370985,8624675.825469347,1760678.9257616044,219571946.9775665,2089946555.9756498
181,2024-10-01,20.64971513398344,9.944210437288868,27.0002766798419,600.811023493083,0.5186768196964922,158.2493125825228,86.77519138188593,4514.831387771125,4.038249671137091,0.8243961848458561,108.0044576952805,28.13014398653791,44101708.226256475,21238306.84597938,57664774.67370985,8624675.825469347,1760678.9257616044,219571946.9775665,2089946555.9608455
182,2024-10-01,20.64971513398344,9.944210437288868,27.0002766798419,600.811023493083,0.5186768196964922,158.2493125825228,86.77519138188593,4514.831387771125,4.038249671137091,0.8243961848458561,108.0044576952805,28.13014398653791,44101708.226256475,21238306.84597938,57664774.67370985,8624675.825469347,1760678.9257616044,219571946.9775665,2089946555.9608455
183,2024-10-01,20.64971513398344,9.944210437288868,27.0002766798419,600.811023493083,0.5186768196964922,158.2493125825228,86.77519138188593,4514.831387771125,4.038249671137091,0.8243961848458561,108.0044576952805,28.13014398653791,44101708.226256475,21238306.84597938,57664774.67370985,8624675.825469347,1760678.9257616044,219571946.9775665,2089946555.9608455
184,2024-10-01,20.64971513398344,9.944210437288868,27.0002766798419,600.811023493083,0.5186768196964922,158.2493125825228,86.77519138188593,4514.831387771125,4.038249671137091,0.8243961848458561,108.0044576952805,28.13014398653791,44101708.226256475,21238306.84597938,57664774.67370985,8624675.825469347,1760678.9257616044,219571946.9775665,2089946555.9608455
185,2024-10-01,20.64971513398344,9.944210437288868,27.0002766798419,600.811023493083,0.5186768196964922,158.2493125825228,86.77519138188593,4514.831387771125,4.038249671137091,0.8243961848458561,108.0044576952805,28.13014398653791,44101708.226256475,21238306.84597938,57664774.67370985,8624675.825469347,1760678.9257616044,219571946.9775665,2089946555.9608455
186,2024-10-01,20.64971513398344,9.944210437288868,27.0002766798419,600.811023493083,0.5186768196964922,158.2493125825228,86.77519138188593,4514.831387771125,4.038249671137091,0.8243961848458561,108.0044576952805,28.13014398653791,44101708.226256475,21238306.84597938,57664774.67370985,8624675.825469347,1760678.9257616044,219571946.9775665,2089946555.9608455
187,2024-10-01,20.64971513398344,9.944210437288868,27.0002766798419,600.811023493083,0.5186768196964922,158.2493125825228,86.77519138188593,4514.831387771125,4.038249671137091,0.8243961848458561,108.0044576952805,28.13014398653791,44101708.226256475,21238306.84597938,57664774.67370985,8624675.825469347,1760678.9257616044,219571946.9775665,2089946555.9608455
188,2024-10-01,20.64971513398344,9.944210437288868,27.0002766798419,600.811023493083,0.5186768196964922,158.2493125825228,86.77519138188593,4514.831387771125,4.038249671137091,0.8243961848458561,108.0044576952805,28.13014398653791,44101708.226256475,21238306.84597938,57664774.67370985,8624675.825469347,1760678.9257616044,219571946.9775665,2089946555.9608455
189,2024-10-01,20.64971513398344,9.944210437288868,27.0002766798419,600.811023493083,0.5186768196964922,158.2493125825228,86.77519138188593,4514.831387771125,4.038249671137091,0.8243961848458561,108.0044576952805,28.13014398653791,44101708.226256475,21238306.84597938,57664774.67370985,8624675.825469347,1760678.9257616044,219571946.9775665,2089946555.9608455
190,2024-10-01,20.64971513398344,9.944210437288868,27.0002766798419,600.811023493083,0.5186768196964922,158.2493125825228,86.77519138188593,4514.831387771125,4.038249671137091,0.8243961848458561,108.0044576952805,28.13014398653791,44101708.226256475,21238306.84597938,57664774.67370985,8624675.825469347,1760678.9257616044,219571946.9775665,2089946555.9608455
191,2024-10-01,20.64971513398344,9.944210437288868,27.0002766798419,600.811023493083,0.5186768196964922,158.2493125825228,86.77519138188593,4514.831387771125,4.038249671137091,0.8243961848458561,108.0044576952805,28.13014398653791,44101708.226256475,21238306.84597938,57664774.67370985,8624675.825469347,1760678.9257616044,219571946.9775665,2089946555.9608455
192,2024-10-01,20.64971513398344,9.944210437288868,27.0002766798419,600.811023493083,0.5186768196964922,158.2493125825228,86.77519138188593,4514.831387771125,4.038249671137091,0.8243961848458561,108.0044576952805,28.13014398653791,44101708.226256475,21238306.84597938,57664774.67370985,8624675.825469347,1760678.9257616044,219571946.9775665,2089946555.9608455
193,2024-10-01,20.64971513398344,9.944210437288868,27.0002766798419,600.811023493083,0.5186768196964922,158.2493125825228,86.77519138188593,4514.831387771125,4.038249671137091,0.8243961848458561,108.0044576952805,28.13014398653791,44101708.226256475,21238306.84597938,57664774.67370985,8624675.825469347,1760678.9257616044,219571946.9775665,2089946555.9608455
194,2024-10-01,20.64971513398344,9.944210437288868,27.0002766798419,600.811023493083,0.5186768196964922,158.2493125825228,86.77519138188593,4514.831387771125,4.038249671137091,0.8243961848458561,108.0044576952805,28.13014398653791,44101708.226256475,21238306.84597938,57664774.67370985,8624675.825469347,1760678.9257616044,219571946.9775665,2089946555.9608455
195,2024-10-01,20.64971513398344,9.944210437288868,27.0002766798419,600.811023493083,0.5186768196964922,158.2493125825228,86.77519138188593,4514.831387771125,4.038249671137091,0.8243961848458561,108.0044576952805,28.13014398653791,44101708.226256475,21238306.84597938,57664774.67370985,8624675.825469347,1760678.9257616044,219571946.9775665,2089946555.9608455
196,2024-10-01,20.64971513398344,9.944210437288868,27.0002766798419,600.811023493083,0.5186768196964922,158.2493125825228,86.77519138188593,4514.831387771125,4.038249671137091,0.8243961848458561,108.0044576952805,28.13014398653791,44101708.226256475,21238306.84597938,57664774.67370985,8624675.825469347,1760678.9257616044,219571946.9775665,2089946555.9608455
197,2024-10-01,20.64971513398344,9.944210437288868,27.0002766798419,600.811023493083,0.5186768196964922,158.2493125825228,86.77519138188593,4514.831387771125,4.038249671137091,0.8243961848458561,108.0044576952805,28.13014398653791,44101708.226256475,21238306.84597938,57664774.67370985,8624675.825469347,1760678.9257616044,219571946.9775665,2089946555.9608455
198,2024-10-01,20.64971513398344,9.944210437288868,27.0002766798419,600.811023493083,0.5186768196964922,158.2493125825228,86.77519138188593,4514.831387771125,4.038249671137091,0.8243961848458561,108.0044576952805,28.13014398653791,44101708.226256475,21238306.84597938,57664774.67370985,8624675.825469347,1760678.9257616044,219571946.9775665,2089946555.9608455
199,2024-10-01,20.64971513398344,9.944210437288868,27.0002766798419,600.811023493083,0.5186768196964922,158.2493125825228,86.77519138188593,4514.831387771125,4.038249671137091,0.8243961848458561,108.0044576952805,28.13014398653791,44101708.226256475,21238306.84597938,57664774.67370985,8624675.825469347,1760678.9257616044,219571946.9775665,2089946555.9756498
200,2024-11-01,28.258140417956707,0.0,10.225849802371542,600.811023493083,0.5186768196964922,158.2493125825228,86.77519138188593,4514.831387771125,1.6802781089666494,1.3035498053154468,124.50789445870357,34.302603048922,60351568.229258016,0.0,21839486.258603927,3588609.716865152,2783959.2073586835,253123360.9334669,2089946555.9608455
201,2024-11-01,28.258140417956707,0.0,10.225849802371542,600.811023493083,0.5186768196964922,158.2493125825228,86.77519138188593,4514.831387771125,1.6802781089666494,1.3035498053154468,124.50789445870357,34.302603048922,60351568.229258016,0.0,21839486.258603927,3588609.716865152,2783959.2073586835,253123360.9334669,2089946555.9608455
202,2024-11-01,28.258140417956707,0.0,10.225849802371542,600.811023493083,0.5186768196964922,158.2493125825228,86.77519138188593,4514.831387771125,1.6802781089666494,1.3035498053154468,124.50789445870357,34.302603048922,60351568.229258016,0.0,21839486.258603927,3588609.716865152,2783959.2073586835,253123360.9334669,2089946555.9608455
203,2024-11-01,28.258140417956707,0.0,10.225849802371542,600.811023493083,0.5186768196964922,158.2493125825228,86.77519138188593,4514.831387771125,1.6802781089666494,1.3035498053154468,124.50789445870357,34.302603048922,60351568.229258016,0.0,21839486.258603927,3588609.716865152,2783959.2073586835,253123360.9334669,2089946555.9608455
204,2024-11-01,28.258140417956707,0.0,10.225849802371542,600.811023493083,0.5186768196964922,158.2493125825228,86.77519138188593,4514.831387771125,1.6802781089666494,1.3035498053154468,124.50789445870357,34.302603048922,60351568.229258016,0.0,21839486.258603927,3588609.716865152,2783959.2073586835,253123360.9334669,2089946555.9608455
205,2024-11-01,28.258140417956707,0.0,10.225849802371542,600.811023493083,0.5186768196964922,158.2493125825228,86.77519138188593,4514.831387771125,1.6802781089666494,1.3035498053154468,124.50789445870357,34.302603048922,60351568.229258016,0.0,21839486.258603927,3588609.716865152,2783959.2073586835,253123360.9334669,2089946555.9608455
206,2024-11-01,28.258140417956707,0.0,10.225849802371542,600.811023493083,0.5186768196964922,158.2493125825228,86.77519138188593,4514.831387771125,1.6802781089666494,1.3035498053154468,124.50789445870357,34.302603048922,60351568.229258016,0.0,21839486.258603927,3588609.716865152,2783959.2073586835,253123360.9334669,2089946555.9608455
207,2024-11-01,28.258140417956707,0.0,10.225849802371542,600.811023493083,0.5186768196964922,158.2493125825228,86.77519138188593,4514.831387771125,1.6802781089666494,1.3035498053154468,124.50789445870357,34.302603048922,60351568.229258016,0.0,21839486.258603927,3588609.716865152,2783959.2073586835,253123360.9334669,2089946555.9756498
208,2024-11-01,28.258140417956707,0.0,10.225849802371542,600.811023493083,0.5186768196964922,158.2493125825228,86.77519138188593,4514.831387771125,1.6802781089666494,1.3035498053154468,124.50789445870357,34.302603048922,60351568.229258016,0.0,21839486.258603927,3588609.716865152,2783959.2073586835,253123360.9334669,2089946555.9608455
209,2024-11-01,28.258140417956707,0.0,10.225849802371542,600.811023493083,0.5186768196964922,158.2493125825228,86.77519138188593,4514.831387771125,1.6802781089666494,1.3035498053154468,124.50789445870357,34.302603048922,60351568.229258016,0.0,21839486.258603927,3588609.716865152,2783959.2073586835,253123360.9334669,2089946555.9608455
210,2024-11-01,28.258140417956707,0.0,10.225849802371542,600.811023493083,0.5186768196964922,158.2493125825228,86.77519138188593,4514.831387771125,1.6802781089666494,1.3035498053154468,124.50789445870357,34.302603048922,60351568.229258016,0.0,21839486.258603927,3588609.716865152,2783959.2073586835,253123360.9334669,2089946555.9608455
211,2024-11-01,28.258140417956707,0.0,10.225849802371542,600.811023493083,0.5186768196964922,158.2493125825228,86.77519138188593,4514.831387771125,1.6802781089666494,1.3035498053154468,124.50789445870357,34.302603048922,60351568.229258016,0.0,21839486.258603927,3588609.716865152,2783959.2073586835,253123360.9334669,2089946555.9608455
212,2024-11-01,28.258140417956707,0.0,10.225849802371542,600.811023493083,0.5186768196964922,158.2493125825228,86.77519138188593,4514.831387771125,1.6802781089666494,1.3035498053154468,124.50789445870357,34.302603048922,60351568.229258016,0.0,21839486.258603927,3588609.716865152,2783959.2073586835,253123360.9334669,2089946555.9608455
213,2024-11-01,28.258140417956707,0.0,10.225849802371542,600.811023493083,0.5186768196964922,158.2493125825228,86.77519138188593,4514.831387771125,1.6802781089666494,1.3035498053154468,124.50789445870357,34.302603048922,60351568.229258016,0.0,21839486.258603927,3588609.716865152,2783959.2073586835,253123360.9334669,2089946555.9608455
214,2024-11-01,28.258140417956707,0.0,10.225849802371542,600.811023493083,0.5186768196964922,158.2493125825228,86.77519138188593,4514.831387771125,1.6802781089666494,1.3035498053154468,124.50789445870357,34.302603048922,60351568.229258016,0.0,21839486.258603927,3588609.716865152,2783959.2073586835,253123360.9334669,2089946555.9608455
215,2024-11-01,28.258140417956707,0.0,10.225849802371542,600.811023493083,0.5186768196964922,158.2493125825228,86.77519138188593,4514.831387771125,1.6802781089666494,1.3035498053154468,124.50789445870357,34.302603048922,60351568.229258016,0.0,21839486.258603927,3588609.716865152,2783959.2073586835,253123360.9334669,2089946555.9608455
216,2024-11-01,28.258140417956707,0.0,10.225849802371542,600.811023493083,0.5186768196964922,158.2493125825228,86.77519138188593,4514.831387771125,1.6802781089666494,1.3035498053154468,124.50789445870357,34.302603048922,60351568.229258016,0.0,21839486.258603927,3588609.716865152,2783959.2073586835,253123360.9334669,2089946555.9608455
217,2024-11-01,28.258140417956707,0.0,10.225849802371542,600.811023493083,0.5186768196964922,158.2493125825228,86.77519138188593,4514.831387771125,1.6802781089666494,1.3035498053154468,124.50789445870357,34.302603048922,60351568.229258016,0.0,21839486.258603927,3588609.716865152,2783959.2073586835,253123360.9334669,2089946555.9608455
218,2024-11-01,28.258140417956707,0.0,10.225849802371542,600.811023493083,0.5186768196964922,158.2493125825228,86.77519138188593,4514.831387771125,1.6802781089666494,1.3035498053154468,124.50789445870357,34.302603048922,60351568.229258016,0.0,21839486.258603927,3588609.716865152,2783959.2073586835,253123360.9334669,2089946555.9756498
219,2024-11-01,28.258140417956707,0.0,10.225849802371542,600.811023493083,0.5186768196964922,158.2493125825228,86.77519138188593,4514.831387771125,1.6802781089666494,1.3035498053154468,124.50789445870357,34.302603048922,60351568.229258016,0.0,21839486.258603927,3588609.716865152,2783959.2073586835,253123360.9334669,2089946555.9608455
220,2024-12-01,51.16700056531827,0.0,9.704940711462454,600.811023493083,0.5186768196964922,158.2493125825228,86.77519138188593,4514.831387771125,4.782072072897316,5.664608067947708,156.51908953061948,46.20313369219344,109277966.21483947,0.0,20726915.815098066,10213195.84101342,12097831.458407022,318201570.6214733,2089946555.9608455
221,2024-12-01,51.16700056531827,0.0,9.704940711462454,600.811023493083,0.5186768196964922,158.2493125825228,86.77519138188593,4514.831387771125,4.782072072897316,5.664608067947708,156.51908953061948,46.20313369219344,109277966.21483947,0.0,20726915.815098066,10213195.84101342,12097831.458407022,318201570.6214733,2089946555.9608455
222,2024-12-01,51.16700056531827,0.0,9.704940711462454,600.811023493083,0.5186768196964922,158.2493125825228,86.77519138188593,4514.831387771125,4.782072072897316,5.664608067947708,156.51908953061948,46.20313369219344,109277966.21483947,0.0,20726915.815098066,10213195.84101342,12097831.458407022,318201570.6214733,2089946555.9608455
223,2024-12-01,51.16700056531827,0.0,9.704940711462454,600.811023493083,0.5186768196964922,158.2493125825228,86.77519138188593,4514.831387771125,4.782072072897316,5.664608067947708,156.51908953061948,46.20313369219344,109277966.21483947,0.0,20726915.815098066,10213195.84101342,12097831.458407022,318201570.6214733,2089946555.9756498
224,2024-12-01,51.16700056531827,0.0,9.704940711462454,600.811023493083,0.5186768196964922,158.2493125825228,86.77519138188593,4514.831387771125,4.782072072897316,5.664608067947708,156.51908953061948,46.20313369219344,109277966.21483947,0.0,20726915.815098066,10213195.84101342,12097831.458407022,318201570.6214733,2089946555.9608455
225,2024-12-01,51.16700056531827,0.0,9.704940711462454,600.811023493083,0.5186768196964922,158.2493125825228,86.77519138188593,4514.831387771125,4.782072072897316,5.664608067947708,156.51908953061948,46.20313369219344,109277966.21483947,0.0,20726915.815098066,10213195.84101342,12097831.458407022,318201570.6214733,2089946555.9608455
226,2024-12-01,51.16700056531827,0.0,9.704940711462454,600.811023493083,0.5186768196964922,158.2493125825228,86.77519138188593,4514.831387771125,4.782072072897316,5.664608067947708,156.51908953061948,46.20313369219344,109277966.21483947,0.0,20726915.815098066,10213195.84101342,12097831.458407022,318201570.6214733,2089946555.9608455
227,2024-12-01,51.16700056531827,0.0,9.704940711462454,600.811023493083,0.5186768196964922,158.2493125825228,86.77519138188593,4514.831387771125,4.782072072897316,5.664608067947708,156.51908953061948,46.20313369219344,109277966.21483947,0.0,20726915.815098066,10213195.84101342,12097831.458407022,318201570.6214733,2089946555.9608455
228,2024-12-01,51.16700056531827,0.0,9.704940711462454,600.811023493083,0.5186768196964922,158.2493125825228,86.77519138188593,4514.831387771125,4.782072072897316,5.664608067947708,156.51908953061948,46.20313369219344,109277966.21483947,0.0,20726915.815098066,10213195.84101342,12097831.458407022,318201570.6214733,2089946555.9608455
229,2024-12-01,51.16700056531827,0.0,9.704940711462454,600.811023493083,0.5186768196964922,158.2493125825228,86.77519138188593,4514.831387771125,4.782072072897316,5.664608067947708,156.51908953061948,46.20313369219344,109277966.21483947,0.0,20726915.815098066,10213195.84101342,12097831.458407022,318201570.6214733,2089946555.9608455
230,2024-12-01,51.16700056531827,0.0,9.704940711462454,600.811023493083,0.5186768196964922,158.2493125825228,86.77519138188593,4514.831387771125,4.782072072897316,5.664608067947708,156.51908953061948,46.20313369219344,109277966.21483947,0.0,20726915.815098066,10213195.84101342,12097831.458407022,318201570.6214733,2089946555.9608455
231,2024-12-01,51.16700056531827,0.0,9.704940711462454,600.811023493083,0.5186768196964922,158.2493125825228,86.77519138188593,4514.831387771125,4.782072072897316,5.664608067947708,156.51908953061948,46.20313369219344,109277966.21483947,0.0,20726915.815098066,10213195.84101342,12097831.458407022,318201570.6214733,2089946555.9756498
232,2024-12-01,51.16700056531827,0.0,9.704940711462454,600.811023493083,0.5186768196964922,158.2493125825228,86.77519138188593,4514.831387771125,4.782072072897316,5.664608067947708,156.51908953061948,46.20313369219344,109277966.21483947,0.0,20726915.815098066,10213195.84101342,12097831.458407022,318201570.6214733,2089946555.9608455
233,2024-12-01,51.16700056531827,0.0,9.704940711462454,600.811023493083,0.5186768196964922,158.2493125825228,86.77519138188593,4514.831387771125,4.782072072897316,5.664608067947708,156.51908953061948,46.20313369219344,109277966.21483947,0.0,20726915.815098066,10213195.84101342,12097831.458407022,318201570.6214733,2089946555.9608455
234,2024-12-01,51.16700056531827,0.0,9.704940711462454,600.811023493083,0.5186768196964922,158.2493125825228,86.77519138188593,4514.831387771125,4.782072072897316,5.664608067947708,156.51908953061948,46.20313369219344,109277966.21483947,0.0,20726915.815098066,10213195.84101342,12097831.458407022,318201570.6214733,2089946555.9608455
235,2024-12-01,51.16700056531827,0.0,9.704940711462454,600.811023493083,0.5186768196964922,158.2493125825228,86.77519138188593,4514.831387771125,4.782072072897316,5.664608067947708,156.51908953061948,46.20313369219344,109277966.21483947,0.0,20726915.815098066,10213195.84101342,12097831.458407022,318201570.6214733,2089946555.9608455
236,2024-12-01,51.16700056531827,0.0,9.704940711462454,600.811023493083,0.5186768196964922,158.2493125825228,86.77519138188593,4514.831387771125,4.782072072897316,5.664608067947708,156.51908953061948,46.20313369219344,109277966.21483947,0.0,20726915.815098066,10213195.84101342,12097831.458407022,318201570.6214733,2089946555.9608455
237,2024-12-01,51.16700056531827,0.0,9.704940711462454,600.811023493083,0.5186768196964922,158.2493125825228,86.77519138188593,4514.831387771125,4.782072072897316,5.664608067947708,156.51908953061948,46.20313369219344,109277966.21483947,0.0,20726915.815098066,10213195.84101342,12097831.458407022,318201570.6214733,2089946555.9608455
238,2024-12-01,51.16700056531827,0.0,9.704940711462454,600.811023493083,0.5186768196964922,158.2493125825228,86.77519138188593,4514.831387771125,4.782072072897316,5.664608067947708,156.51908953061948,46.20313369219344,109277966.21483947,0.0,20726915.815098066,10213195.84101342,12097831.458407022,318201570.6214733,2089946555.9608455
239,2024-12-01,51.16700056531827,0.0,9.704940711462454,600.811023493083,0.5186768196964922,158.2493125825228,86.77519138188593,4514.831387771125,4.782072072897316,5.664608067947708,156.51908953061948,46.20313369219344,109277966.21483947,0.0,20726915.815098066,10213195.84101342,12097831.458407022,318201570.6214733,2089946555.9608455
