,Date,precip_and_snowmelt_input_Upper Colorado Dolores_mean,irrigation_Upper Colorado Dolores_mean,AET_Upper Colorado Dolores_mean,soil_thickness_Upper Colorado Dolores_mean,soil_porosity_Upper Colorado Dolores_mean,field_capacity_Upper Colorado Dolores_mean,wilting_point_Upper Colorado Dolores_mean,Geo_K_Upper Colorado Dolores_mean,Runoff_Upper Colorado Dolores_mean,Recharge_Upper Colorado Dolores_mean,Soil_Water_End_Of_Previous_Timestep_Upper Colorado Dolores_mean,Soil_Saturation_Percent_End_Of_Timestep_Upper Colorado Dolores_mean,precip_and_snowmelt_input_m3_Upper Colorado Dolores_sum,irrigation_m3_Upper Colorado Dolores_sum,AET_m3_Upper Colorado Dolores_sum,Runoff_m3_Upper Colorado Dolores_sum,Recharge_m3_Upper Colorado Dolores_sum,Soil_Water_End_Of_Previous_Timestep_m3_Upper Colorado Dolores_sum,Upper Colorado Dolores_area_m2
0,2005-01-01,74.54953669911289,0.0,6.227739685681302,296.2093256628562,0.46101611889557076,60.70996834120928,31.43264469781413,15512.763984866853,18.474452771162657,41.43336669723899,80.99980151507472,71.30024958585263,843970639.3446233,0.0,70502905.14383297,209095887.40621576,468934146.92797834,916188812.6321756,11354975180.433405
1,2005-02-01,41.690778593625915,0.0,7.712218831124727,296.2093256628562,0.46101611889557076,60.70996834120928,31.43264469781413,15512.763984866853,8.595992330268633,27.669621161238013,78.68211526549906,69.60722450533181,471969008.10186523,0.0,87309294.46805157,97290697.77701741,313155735.1381715,889971071.1894035,11354975180.433405
2,2005-03-01,37.75702687050181,0.0,17.61682654259129,296.2093256628562,0.46101611889557076,60.70996834120928,31.43264469781413,15512.763984866853,5.483270007197878,18.59398703294316,74.72613445295545,63.876143798792675,427435202.96360534,0.0,199430232.39778355,62062852.08633932,210449722.84121972,845225344.8251199,11354975180.433405
3,2005-04-01,19.92786543605494,0.1321754261791402,32.746857228789644,296.2093256628562,0.46101611889557076,60.70996834120928,31.43264469781413,15512.763984866853,0.2338894319166273,5.699264389241042,58.038087934332815,38.934704063953724,225597881.1508491,1496285.820110946,370706119.87821,2647707.9985943707,64512705.287068754,656475915.3089482,11354975180.433405
4,2005-05-01,12.160415908138715,0.3436561037365608,34.186489340912,296.2093256628562,0.46101611889557076,60.70996834120928,31.43264469781413,15512.763984866853,0.0446968606956168,1.7461425893215856,43.40829232292023,25.110624708011382,137664139.896139,3890343.0832759175,387007575.97670335,506011.6149282936,19767165.94417004,491002976.13186157,11354975180.433405
5,2005-06-01,32.355310005302776,0.5287017047165607,36.18104233281638,296.2093256628562,0.46101611889557076,60.70996834120928,31.43264469781413,15512.763984866853,0.357684886928276,4.719698721497156,43.37745974969816,30.186352340952904,366281510.6305794,5985143.280443784,409593086.28273153,4048977.1121302773,53427374.85221285,490651132.6313891,11354975180.433405
6,2005-07-01,12.953089542250035,0.6873122074731216,36.877741695391656,296.2093256628562,0.46101611889557076,60.70996834120928,31.43264469781413,15512.763984866853,0.18538186851226193,1.5334242160130342,36.19809568095287,22.162961256063905,146639599.16139776,7780686.166551835,417472368.8417482,2098572.2782642376,17358300.571501665,409449707.13322765,11354975180.433405
7,2005-08-01,40.90265657903046,0.5551367746473677,44.94847934225644,296.2093256628562,0.46101611889557076,60.70996834120928,31.43264469781413,15512.763984866853,0.8796033037873733,6.132082692154588,37.935568235462725,27.092817037286522,463066925.8595453,6284400.271197946,508838259.48095846,9958517.07835205,69426149.94155301,429109003.10368,11354975180.433405
8,2005-09-01,51.37090747268114,0.2643508523582804,27.119481092783467,296.2093256628562,0.46101611889557076,60.70996834120928,31.43264469781413,15512.763984866853,2.9642607591967454,11.37350785485379,49.6335081648348,45.09213606549736,581558345.53319,2992571.640221892,307008994.04316086,33554715.83265657,128740386.28976655,561416955.2077514,11354975180.433405
9,2005-10-01,30.772661482461366,0.1321754261791402,22.702860164352714,296.2093256628562,0.46101611889557076,60.70996834120928,31.43264469781413,15512.763984866853,1.4851293227780347,7.469191682972916,50.2334607350432,42.35583090231106,348361820.8977417,1496285.820110946,257009204.65748212,16810409.97997897,84542170.34360272,568198086.0291349,11354975180.433405
10,2005-11-01,10.752874894295669,0.0,13.767770344159436,296.2093256628562,0.46101611889557076,60.70996834120928,31.43264469781413,15512.763984866853,0.04085704401184036,2.906232781925813,46.00868308500023,32.76656469573635,121728344.41501766,0.0,155862806.28416058,462495.3094048853,32896748.20085011,520410064.1518092,11354975180.433405
11,2005-12-01,18.432274443811107,0.0,11.281088486854404,296.2093256628562,0.46101611889557076,60.70996834120928,31.43264469781413,15512.763984866853,0.4227076610174053,4.6993815987335,48.760088289910556,35.35673102568632,208659875.0826803,0.0,127718822.56025422,4784879.6647380395,53184984.95289731,551521854.9533569,11354975180.433405
12,2006-01-01,11.322790035112519,0.0,10.27788854284909,296.2093256628562,0.46101611889557076,60.70996834120928,31.43264469781413,15512.763984866853,0.04216770991200298,3.5512797489241406,47.91935853401603,31.77984201624717,128182000.3562735,0.0,116360359.92796844,477328.0067742407,40193911.61545936,542010315.8275057,11354975180.433405
13,2006-02-01,2.570039519193109,0.0,7.046659930671918,296.2093256628562,0.46101611889557076,60.70996834120928,31.43264469781413,15512.763984866853,0.00813027388557815,1.0035595242960522,44.47016604466315,27.1364176058958,29093872.275741473,0.0,79777068.61906242,92027.67278066326,11358121.487534296,502996220.7242644,11354975180.433405
14,2006-03-01,49.18091800747474,0.0,9.521359063170047,296.2093256628562,0.46101611889557076,60.70996834120928,31.43264469781413,15512.763984866853,3.101849899386087,16.079698928452903,64.96928144063257,55.39192700940489,556763273.34076,0.0,107786948.978819,35109779.85419483,181991785.04012468,734862852.4324167,11354975180.433405
15,2006-04-01,11.937395613198188,0.12551558456317277,24.757793518198966,296.2093256628562,0.46101611889557076,60.70996834120928,31.43264469781413,15512.763984866853,0.07569421329981592,3.7260746618684997,51.410715915414784,33.75430069331332,135134136.50173643,1420901.7885055116,280271420.27542216,856926.9440405563,42178329.77038097,581505799.7152812,11354975180.433405
16,2006-05-01,0.6763551678494083,0.32634051589364427,23.48306091362819,296.2093256628562,0.46101611889557076,60.70996834120928,31.43264469781413,15512.763984866853,0.03184095454717009,0.3717832526339707,39.67442863334317,22.175899254394277,7655550.779057215,3694344.6051654723,265839250.0396287,360480.73577271105,4208833.808628078,448762407.6831227,11354975180.433405
17,2006-06-01,7.170000079606193,0.5020623382526911,28.270597452241642,296.2093256628562,0.46101611889557076,60.70996834120928,31.43264469781413,15512.763984866853,0.08089005369842549,0.5789971180520884,34.81736691792577,19.35837011321123,81167555.62266935,5683607.154022046,320038792.2325137,915764.3947447308,6554727.132609063,393825757.1000708,11354975180.433405
18,2006-07-01,44.95509088466619,0.6526810317872885,35.95403134039369,296.2093256628562,0.46101611889557076,60.70996834120928,31.43264469781413,15512.763984866853,1.4929975635072505,7.424847366042879,43.18905186465256,33.363192045137914,508924136.2378123,7388689.2103309445,407022703.6437192,16899876.84584415,84041991.24170002,488516378.18109024,11354975180.433405
19,2006-08-01,25.976551328825042,0.5271654599785917,28.531057994697086,296.2093256628562,0.46101611889557076,60.70996834120928,31.43264469781413,15512.763984866853,1.174657225393377,5.9008722996739245,42.62763537051786,33.58851805492071,294070191.7557812,5967787.566212504,322979380.1491946,13297909.868034147,66798846.62824504,482169447.31382376,11354975180.433405
20,2006-09-01,57.534018327636666,0.25103116912634554,16.09307107306059,296.2093256628562,0.46101611889557076,60.70996834120928,31.43264469781413,15512.763984866853,8.804356755352043,16.89107696352673,58.647224766432565,55.900386930091145,651329807.0697736,2841803.577011023,182177482.40872785,99661641.85463609,191194752.6403564,663365160.2882739,11354975180.433405
21,2006-10-01,131.62006828431578,0.12551558456317277,14.333522523309181,296.2093256628562,0.46101611889557076,60.70996834120928,31.43264469781413,15512.763984866853,44.49768226043013,47.51352021014191,84.00223979215737,74.01910882543443,1490064057.2132192,1420901.7885055116,162261608.14502794,503641113.22314364,537758171.0231915,950151868.4106361,11354975180.433405
22,2006-11-01,13.464149192831798,0.0,11.249541231633668,296.2093256628562,0.46101611889557076,60.70996834120928,31.43264469781413,15512.763984866853,0.1301116085187352,14.974739540065352,71.09684179904507,52.444216339907754,152424036.91027012,0.0,127356389.20101134,1472951.0882190042,169491636.0123603,804173269.2913868,11354975180.433405
23,2006-12-01,12.68971962788484,0.0,6.432470613183416,296.2093256628562,0.46101611889557076,60.70996834120928,31.43264469781413,15512.763984866853,0.1949818903801627,7.4703122435633285,69.67943025727729,48.18716975471909,143655582.3988385,0.0,72821336.65121554,2207148.132510888,84546954.51639026,788140841.9263159,11354975180.433405
24,2007-01-01,22.696260714367245,0.0,4.836505557195664,296.2093256628562,0.46101611889557076,60.70996834120928,31.43264469781413,15512.763984866853,1.2469237452788595,14.466303850510235,71.81679771131691,52.42392594437227,256940929.817042,0.0,54754028.55748173,14116261.28707063,163729348.51986516,812316760.2492127,11354975180.433405
25,2007-02-01,21.257971892925774,0.0,8.519016364586417,296.2093256628562,0.46101611889557076,60.70996834120928,31.43264469781413,15512.763984866853,1.3840792040560905,11.973852332592259,71.19202672060331,53.2584155026632,240662971.7628173,0.0,96442209.41869614,15668252.152907003,135524030.3607857,805251074.9823744,11354975180.433405
26,2007-03-01,19.071401057006437,0.0,18.066191889917775,296.2093256628562,0.46101611889557076,60.70996834120928,31.43264469781413,15512.763984866853,0.628384614324522,6.222388070836853,65.61482014249236,45.77421610330664,215900071.9034762,0.0,204517901.6950639,7113861.571171697,70431075.04186974,742168761.4276675,11354975180.433405
27,2007-04-01,33.276404282487185,0.1171839977095917,35.959474536969665,296.2093256628562,0.46101611889557076,60.70996834120928,31.43264469781413,15512.763984866853,0.8179019233373485,6.20001090612416,58.48536591050193,39.71321130729524,376712231.3680445,1326577.3466658918,407088576.32403827,9258312.426540378,70181410.34035619,661525070.9403074,11354975180.433405
28,2007-05-01,17.63154794403176,0.3046783911618205,37.161217926062044,296.2093256628562,0.46101611889557076,60.70996834120928,31.43264469781413,15512.763984866853,0.09881856458974432,1.5734301394493189,45.61750512510717,26.260825243330785,199598449.96025768,3449101.0686869803,420689014.0033262,1118561.638842344,17810383.66859751,515978998.58345324,11354975180.433405
29,2007-06-01,4.731978393530704,0.4687359908383668,36.67785798139144,296.2093256628562,0.46101611889557076,60.70996834120928,31.43264469781413,15512.763984866853,0.0693183870941169,0.5841794467816274,33.366407042140565,17.037368161376776,53565035.246048205,5306309.386663567,415214391.96313494,784723.3192538443,6612637.3089825045,377409689.4504574,11354975180.433405
30,2007-07-01,29.39257195024288,0.609356782323641,33.7984988156569,296.2093256628562,0.46101611889557076,60.70996834120928,31.43264469781413,15512.763984866853,0.3049254546249943,3.446985878076047,36.87074572725463,26.01103760366365,332742909.2691177,6898202.137373961,382614341.60309106,3452127.3069766015,39022372.866781764,417049430.4012679,11354975180.433405
31,2007-08-01,45.116408514848985,0.4921727953617637,36.046846695135294,296.2093256628562,0.46101611889557076,60.70996834120928,31.43264469781413,15512.763984866853,2.401639040682035,7.73681537583229,42.842543863414676,36.14040077670642,510756852.9376009,5571624.912376738,408074115.03369343,27188319.62260194,87584304.20460874,484597770.83137774,11354975180.433405
32,2007-09-01,51.41765835763797,0.2343679954191834,23.301951359465104,296.2093256628562,0.46101611889557076,60.70996834120928,31.43264469781413,15512.763984866853,4.781900086217409,12.78456213194091,54.555281088717564,49.62942535698041,582071704.6741171,2653154.6933317836,263788499.58661118,54123668.67670743,144699605.26447877,617072335.3435057,11354975180.433405
33,2007-10-01,16.69900639908784,0.1171839977095917,12.57879138790597,296.2093256628562,0.46101611889557076,60.70996834120928,31.43264469781413,15512.763984866853,0.5148402227500722,6.565712091225974,52.89206590627196,42.64388901244234,189040999.17647585,1326577.3466658918,142401213.36940134,5827462.921894341,74314647.4876012,598258969.8464597,11354975180.433405
34,2007-11-01,12.45121187433012,0.0,8.583197504632741,296.2093256628562,0.46101611889557076,60.70996834120928,31.43264469781413,15512.763984866853,0.4810266066292257,5.346256832823204,51.56839778955416,37.3995606361054,140962400.317261,0.0,97170466.56158584,5445437.447073289,60519087.48170801,583290261.0123872,11354975180.433405
35,2007-12-01,61.58665291506377,0.0,4.047715721617694,296.2093256628562,0.46101611889557076,60.70996834120928,31.43264469781413,15512.763984866853,10.52593671605596,25.087070349898287,73.44418279703548,66.4941578226974,697208085.5678794,0.0,45825129.86737159,119137964.26642956,283927435.3713663,830721846.1921703,11354975180.433405
36,2008-01-01,44.38408230237048,0.0,5.978057427820214,296.2093256628562,0.46101611889557076,60.70996834120928,31.43264469781413,15512.763984866853,8.666964960633631,26.628136676752018,76.51159472702396,66.72290296167216,502463523.1858375,0.0,67678674.89548855,98095437.14835697,301366749.6390137,865417569.4188254,11354975180.433405
37,2008-02-01,31.777069485063993,0.0,10.471462112801566,296.2093256628562,0.46101611889557076,60.70996834120928,31.43264469781413,15512.763984866853,2.874648059619105,19.467399823238026,75.45896523083724,63.18625062390086,359747708.5915682,0.0,118545187.32576443,32538713.44527452,220328935.9214668,853512293.3560579,11354975180.433405
38,2008-03-01,9.420700360407105,0.0,16.749776852848996,296.2093256628562,0.46101611889557076,60.70996834120928,31.43264469781413,15512.763984866853,0.22009030942651325,5.393065208764957,62.67785503699257,43.22406840265002,106652119.4518855,0.0,189614925.27372828,2491879.3722402565,61046029.64814131,708951620.1232255,11354975180.433405
39,2008-04-01,18.86580264170994,0.1281538529905378,22.128797486337415,296.2093256628562,0.46101611889557076,60.70996834120928,31.43264469781413,15512.763984866853,0.2719923988442491,4.721610597929323,56.61638200639079,37.71946131047538,213570908.35837165,1450763.2552672757,250509708.00729504,3078896.4750300925,53442570.77231833,640390256.2485336,11354975180.433405
40,2008-05-01,25.351637349728506,0.3332000187375646,32.09138984638882,296.2093256628562,0.46101611889557076,60.70996834120928,31.43264469781413,15512.763984866853,0.4835386112967751,4.156791467243105,50.76316889842075,31.7534235246246,286997610.05495954,3771984.4745971453,363304085.6169729,5473961.9462944595,47051372.05870908,574180480.3943903,11354975180.433405
41,2008-06-01,23.148207016181,0.5126154119621512,37.16795738582414,296.2093256628562,0.46101611889557076,60.70996834120928,31.43264469781413,15512.763984866853,0.8478116565098475,4.562440593836347,43.19739154199803,28.737961534769536,262054410.0067783,5803053.021069103,420771549.11122066,9597558.013025751,51647482.19236352,488605043.66104656,11354975180.433405
42,2008-07-01,6.297555554455567,0.6664000374751292,29.0140662400537,296.2093256628562,0.46101611889557076,60.70996834120928,31.43264469781413,15512.763984866853,0.20975959054817717,1.3040187862208397,35.90169042452691,21.326415914473486,71296032.39579049,7543968.949194291,328454644.9587981,2374637.0684966473,14762127.58222642,406088113.09264565,11354975180.433405
43,2008-08-01,37.72245725355013,0.5382461882237526,37.89180065890774,296.2093256628562,0.46101611889557076,60.70996834120928,31.43264469781413,15512.763984866853,0.6314076105530403,4.321815582342777,38.91927334494435,25.914026870587957,427053019.7597555,6093205.736235179,428968405.3604964,7147667.602108274,48923921.07636855,440221044.66986793,11354975180.433405
44,2008-09-01,9.725569082865062,0.2563077059810756,19.221528294642948,296.2093256628562,0.46101611889557076,60.70996834120928,31.43264469781413,15512.763984866853,0.21294411315994413,1.5412664014906514,36.94668393675879,22.550157125238325,110100994.12224673,2901526.5105345515,217603220.7157729,2410765.316159752,17448149.244168673,417908556.06964064,11354975180.433405
45,2008-10-01,17.154422361914715,0.1281538529905378,14.191709736838819,296.2093256628562,0.46101611889557076,60.70996834120928,31.43264469781413,15512.763984866853,0.430621220017638,2.9765011210247216,39.938717318396506,26.57473837778617,194201353.80038524,1450763.2552672757,160663270.9928479,4875003.311196415,33693607.45661128,451750021.03484285,11354975180.433405
46,2008-11-01,29.13595753280431,0.0,7.3210155412981655,296.2093256628562,0.46101611889557076,60.70996834120928,31.43264469781413,15512.763984866853,0.9812555341185292,8.994696638538741,51.79580150502042,42.117357620789505,329844141.6972047,0.0,82881473.61305444,11106948.284582658,101808583.90632628,585863189.4139447,11354975180.433405
47,2008-12-01,52.30050507651017,0.0,7.609471349153219,296.2093256628562,0.46101611889557076,60.70996834120928,31.43264469781413,15512.763984866853,6.870553405987147,19.7338091608069,69.84901606317233,59.990808737651,592082635.8665069,0.0,86147996.26861152,77764157.905563,223347155.31185934,790057001.4993677,11354975180.433405
48,2009-01-01,22.946212507154776,0.0,5.566715800620099,296.2093256628562,0.46101611889557076,60.70996834120928,31.43264469781413,15512.763984866853,2.0963605323699888,15.382864236997191,69.75791717390749,55.19214648735098,259762362.76395097,0.0,63021412.83106989,23727053.42424483,174095598.02179077,789022812.0439072,11354975180.433405
49,2009-02-01,13.776559855002782,0.0,7.192357002177421,296.2093256628562,0.46101611889557076,60.70996834120928,31.43264469781413,15512.763984866853,0.5344348182679847,8.714689855969807,67.15812071296227,48.671599025001775,155956861.562518,0.0,81421723.25882602,6049420.589173793,98629252.07548887,759617488.7916051,11354975180.433405
50,2009-03-01,16.253601778000792,0.0,21.96043746543644,296.2093256628562,0.46101611889557076,60.70996834120928,31.43264469781413,15512.763984866853,0.3081113926817343,4.017416077636023,58.27975988828917,37.10749386463327,184003291.7253816,0.0,248606109.70314905,3487882.8930062535,45474059.66580202,659198890.0506357,11354975180.433405
51,2009-04-01,24.751231827211196,0.14178122019180234,26.646645793398992,296.2093256628562,0.46101611889557076,60.70996834120928,31.43264469781413,15512.763984866853,0.3299783257940804,4.347857869142244,54.498330219962135,35.182790655829876,280199596.4777165,1605002.2994777255,301654778.6403825,3735539.8362118816,49215165.05322501,616429031.458597,11354975180.433405
52,2009-05-01,41.04614807544358,0.3686311672799072,28.361631094793186,296.2093256628562,0.46101611889557076,60.70996834120928,31.43264469781413,15512.763984866853,1.8155657069451514,10.823017740260932,57.11734149999646,42.06248840477885,464685576.7108339,4173005.9195577744,321070018.70494014,20552771.343016203,122511329.05511723,646058947.9741625,11354975180.433405
53,2009-06-01,27.676757338858074,0.5671248807672093,41.8744454238895,296.2093256628562,0.46101611889557076,60.70996834120928,31.43264469781413,15512.763984866853,0.8912165127007995,5.195908033030482,47.591509979796236,32.35990121463325,313316681.9600965,6420009.197910902,474043166.88021344,10088975.999196965,58818221.565401636,538312155.6991543,11354975180.433405
54,2009-07-01,9.475816714009683,0.7372623345598144,38.5272229129158,296.2093256628562,0.46101611889557076,60.70996834120928,31.43264469781413,15512.763984866853,0.24116838150403663,1.7179911676416089,36.79554343009904,21.68199124926111,107272900.9448913,8346011.839115549,436151285.5717687,2730226.235139288,19448498.92497101,416199983.912175,11354975180.433405
55,2009-08-01,5.0602481865540065,0.5954811420979523,24.72093508358318,296.2093256628562,0.46101611889557076,60.70996834120928,31.43264469781413,15512.763984866853,0.13608465781877307,0.6788244344203421,33.035875379220016,18.068576154472595,57285636.58017037,6741009.853553164,279850534.2028412,1540579.2133382922,7684609.860528928,373675019.5925646,11354975180.433405
56,2009-09-01,23.223987878555306,0.2835624403836047,16.280875388255243,296.2093256628562,0.46101611889557076,60.70996834120928,31.43264469781413,15512.763984866853,0.33844172692335583,2.9955430915192465,39.11669082217086,26.747961581955547,262911208.1578587,3210004.598955451,184306966.6103713,3831410.6460618675,33909513.16495313,442455777.7413202,11354975180.433405
57,2009-10-01,21.259101086618266,0.14178122019180234,10.820328774755806,296.2093256628562,0.46101611889557076,60.70996834120928,31.43264469781413,15512.763984866853,0.45756758790866714,5.4556149481281855,44.530315194683595,33.61225346632035,240671538.26431364,1605002.2994777255,122492617.45391382,5180271.493693182,61756788.826634854,503689248.6330588,11354975180.433405
58,2009-11-01,14.144181090621208,0.0,9.320787889623933,296.2093256628562,0.46101611889557076,60.70996834120928,31.43264469781413,15512.763984866853,0.2067865088164322,3.495736780800646,46.13158535548041,33.426731821201976,160124267.07359603,0.0,105519655.49836858,2340832.3758452535,39568471.444839105,521800126.97577417,11354975180.433405
59,2009-12-01,49.94503827961595,0.0,5.1360300181428284,296.2093256628562,0.46101611889557076,60.70996834120928,31.43264469781413,15512.763984866853,4.889023809166195,17.619693532930476,68.39664645964426,61.006018620949284,565417036.0219288,0.0,58145456.42793754,55338843.25111015,199423440.8162188,773632852.5101957,11354975180.433405
60,2010-01-01,35.703609394934944,0.0,3.01610782858418,296.2093256628562,0.46101611889557076,60.70996834120928,31.43264469781413,15512.763984866853,6.585040749347885,20.391452163326093,74.08283820334,65.13423391716677,404191870.6819553,0.0,34145582.01059196,74536066.39145158,230785406.31334117,837945272.0523552,11354975180.424055
61,2010-02-01,34.940979714560704,0.0,4.877952714980107,296.2093256628562,0.46101611889557076,60.70996834120928,31.43264469781413,15512.763984866853,5.636595522968776,23.654666562691858,74.83334868647489,63.7266550939821,395560619.3328754,0.0,55223330.50676377,63800630.91243257,267713911.8240587,846435119.6421983,11354975180.424055
62,2010-03-01,53.99179631617355,0.0,12.419369034105477,296.2093256628562,0.46101611889557076,60.70996834120928,31.43264469781413,15512.763984866853,11.163114232433708,28.539630852094447,76.6632372297965,66.88907779334657,611227564.4611918,0.0,140596746.34371087,126342822.25056598,323001438.6744795,867132915.8990674,11354975180.424055
63,2010-04-01,22.303386660232185,0.1376863173042473,33.01555966275674,296.2093256628562,0.46101611889557076,60.70996834120928,31.43264469781413,15512.763984866853,0.40023044021128384,6.191923190697137,60.43406780097921,40.40797663925335,252483907.10197783,1558643.840333845,373752561.2965152,4530735.682616713,70086750.59150147,683568736.8804766,11354975180.424055
64,2010-05-01,8.817672331318873,0.3579844347926143,42.6288660936913,296.2093256628562,0.46101611889557076,60.70996834120928,31.43264469781413,15512.763984866853,0.08326443524370505,0.8305368686621635,39.74608193008178,20.449906071536155,99823298.62285595,4052474.0958255595,482589354.4481394,942629.3473532991,9401456.96611074,449571451.1806528,11354975180.424055
65,2010-06-01,16.70581457340708,0.5507452692169892,37.271853521220514,296.2093256628562,0.46101611889557076,60.70996834120928,31.43264469781413,15512.763984866853,0.22663264517131415,1.3004960177271478,34.29691511556827,19.08516774549518,189121815.62187925,6234575.36133538,421942659.85067385,2565759.0514196428,14721419.129819993,387937862.0351368,11354975180.424055
66,2010-07-01,26.447223363489208,0.7159688695852287,47.16411294849457,296.2093256628562,0.46101611889557076,60.70996834120928,31.43264469781413,15512.763984866853,0.3429091899659971,2.530872214140723,32.472549326513594,20.456496737145898,299406364.16140896,8104948.191651119,533930388.104233,3881763.1078462773,28648907.086559605,367304072.8612584,11354975180.424055
67,2010-08-01,42.74914377022742,0.5782825428808505,40.11519625168227,296.2093256628562,0.46101611889557076,60.70996834120928,31.43264469781413,15512.763984866853,1.0858795878132677,6.217966141722414,37.55395481562398,29.109712397996145,483957968.33277065,6546304.244904643,454124795.1783706,12293271.940136524,70386650.62747607,424783123.81354517,11354975180.424055
68,2010-09-01,22.31876899861361,0.2753726346084946,27.582005884986337,296.2093256628562,0.46101611889557076,60.70996834120928,31.43264469781413,15512.763984866853,0.3065471608581238,3.5244382979503923,36.55946342945921,25.892462355349597,252664418.36487666,3117287.68066769,312246894.9330962,3470253.7101248167,39897478.6076078,413532792.53187764,11354975180.424055
69,2010-10-01,53.940116121346634,0.1376863173042473,11.852158775434946,296.2093256628562,0.46101611889557076,60.70996834120928,31.43264469781413,15512.763984866853,4.7341582281835475,13.645482800481203,60.40119763009827,56.59680656928072,610645853.3815453,1558643.840333845,134176256.63856345,53589889.01328828,154451235.8799727,683198645.8006475,11354975180.424055
70,2010-11-01,27.626443988112825,0.0,8.288819981233466,296.2093256628562,0.46101611889557076,60.70996834120928,31.43264469781413,15512.763984866853,2.9699246167918614,11.566527031104929,65.22775343350308,56.61186122670861,312745995.7999406,0.0,93837204.15447408,33616909.84167742,130907665.93948463,737786339.2796674,11354975180.424055
71,2010-12-01,74.64741876946924,0.0,5.502372151235557,296.2093256628562,0.46101611889557076,60.70996834120928,31.43264469781413,15512.763984866853,18.91179063484519,35.731664761925536,79.68525527341947,69.42878185339428,845067977.3430797,0.0,62292968.62592077,214049272.5489733,404396586.9012782,901316249.992929,11354975180.424055
72,2011-01-01,8.657426697634197,0.0,5.22563330131657,296.2093256628562,0.46101611889557076,60.70996834120928,31.43264469781413,15512.763984866853,0.29528397195135825,13.35647440821333,69.47451769547875,49.962681204954734,98007711.50717749,0.0,59158819.10200062,3342470.1401904644,151165102.88317898,785820762.5985951,11354975180.433405
73,2011-02-01,17.918582409653688,0.0,7.605786302645745,296.2093256628562,0.46101611889557076,60.70996834120928,31.43264469781413,15512.763984866853,0.8514833323220001,10.038982545298355,68.965114962864,48.55562038930406,202848601.0395818,0.0,86102229.10614322,9638663.964315413,113617618.18548733,780059034.6870018,11354975180.433405
74,2011-03-01,22.328350448216653,0.0,17.273434262373904,296.2093256628562,0.46101611889557076,60.70996834120928,31.43264469781413,15512.763984866853,0.8912692713459465,8.220479934155767,65.48177761873373,45.999204249570944,252767361.7101355,0.0,195544759.70023873,10089241.393784253,93038027.00222002,740658674.8329388,11354975180.433405
75,2011-04-01,36.14309876223774,0.13394002883439754,31.855583599100214,296.2093256628562,0.46101611889557076,60.70996834120928,31.43264469781413,15512.763984866853,1.1383385469685274,9.358793248269837,61.1622803288211,42.63687003489506,409166792.00389844,1516234.4798276813,360623658.25019056,12887078.779726919,105939421.13536409,691803906.936513,11354975180.433405
76,2011-05-01,46.921020239972655,0.3482440793297379,25.87997074138908,296.2093256628562,0.46101611889557076,60.70996834120928,31.43264469781413,15512.763984866853,4.395871273447483,14.34102156111569,65.05802770234408,52.67739814200101,531185882.9840883,3942209.6969142975,292971569.71749943,49765197.43189437,162336595.55474082,735870744.3554106,11354975180.433405
77,2011-06-01,17.385140724288775,0.5357601153375902,33.608191371551094,296.2093256628562,0.46101611889557076,60.70996834120928,31.43264469781413,15512.763984866853,0.7711527864675014,5.344164779862177,50.70319417797539,36.50590074284685,196810597.93460432,6064937.919310725,380465055.28534055,8730293.408085505,60498370.13737751,573505565.4966626,11354975180.433405
78,2011-07-01,51.39696459505814,0.6964881586594758,37.73747777191038,296.2093256628562,0.46101611889557076,60.70996834120928,31.43264469781413,15512.763984866853,6.234036193192501,12.339487003912943,51.99604095169493,44.18516740891704,581861481.079704,7884419.393828595,427216036.25965136,70569789.18548054,139667842.67016992,588126668.8430022,11354975180.433405
79,2011-08-01,22.010478358579302,0.5625481207189935,29.29129123198018,296.2093256628562,0.46101611889557076,60.70996834120928,31.43264469781413,15512.763984866853,0.9386758700847502,6.07614066550901,47.39392234662926,36.23984148176882,249181092.49822104,6368184.81092632,331587815.70637965,10627489.248099057,68790027.35093498,536079399.2904724,11354975180.433405
80,2011-09-01,39.02666068423063,0.2678800576687951,19.69304168970904,296.2093256628562,0.46101611889557076,60.70996834120928,31.43264469781413,15512.763984866853,2.6528097828255865,11.37888765278453,54.282767671266384,46.721590754567146,441813650.6597141,3032468.9596553626,222931919.76860502,30032696.05688856,128807049.97816388,613999551.6627243,11354975180.433405
81,2011-10-01,36.11054659605383,0.13394002883439754,13.028052784696245,296.2093256628562,0.46101611889557076,60.70996834120928,31.43264469781413,15512.763984866853,4.822329176467884,12.790492853302084,60.11230720689843,54.02043266076857,408802025.47757804,1516234.4798276813,147485621.47420925,54591629.79567365,144778641.63518903,679934329.794955,11354975180.433405
82,2011-11-01,37.052500542047,0.0,11.443621387199107,296.2093256628562,0.46101611889557076,60.70996834120928,31.43264469781413,15512.763984866853,4.385640547903805,14.896589714704417,66.55588786764807,58.62453745326253,419462538.8614595,0.0,129552999.26104999,49643454.61888913,168605826.66358212,752811738.780854,11354975180.433405
83,2011-12-01,13.58214153811061,0.0,4.949427371146382,296.2093256628562,0.46101611889557076,60.70996834120928,31.43264469781413,15512.763984866853,0.3466749079300193,9.64044953362507,65.21003250637835,48.53228092966887,153760039.0911547,0.0,56032953.82914377,3924326.302610202,109112197.18302195,737587090.8194826,11354975180.433405
84,2012-01-01,20.8295595927059,0.0,6.97577432754399,296.2093256628562,0.46101611889557076,60.70996834120928,31.43264469781413,15512.763984866853,0.9440602249438118,11.412978234041267,66.81143906851136,47.9325201653969,235801558.32954842,0.0,78972985.56609966,10685861.124628888,129173908.4834026,755697788.809757,11354975180.433405
85,2012-02-01,26.82502140672702,0.0,7.624922210348762,296.2093256628562,0.46101611889557076,60.70996834120928,31.43264469781413,15512.763984866853,1.9566743080145976,14.985154747091386,69.09365408793172,50.90056669462633,303673425.2680606,0.0,86319774.46287839,22145866.04901394,169595691.78648043,781511679.6102058,11354975180.433405
86,2012-03-01,14.016649998542707,0.0,22.841535723641247,296.2093256628562,0.46101611889557076,60.70996834120928,31.43264469781413,15512.763984866853,0.16431806742684432,3.0732878110533863,58.45999517995263,36.752815213102004,158682055.82762498,0.0,258585398.31932485,1860209.2941635188,34786300.02655026,661237672.1983128,11354975180.433405
87,2012-04-01,11.15729763599832,0.14947802201860952,34.85622254839592,296.2093256628562,0.46101611889557076,60.70996834120928,31.43264469781413,15512.763984866853,0.11707125865138204,0.9352338731034548,43.84549401380649,23.429786726680025,126307612.82141995,1692140.3054700445,394604974.8782807,1325310.0691059383,10587528.945694085,495934195.7379899,11354975180.433405
88,2012-05-01,0.09607334535349707,0.38864285310479646,27.191572175629208,296.2093256628562,0.46101611889557076,60.70996834120928,31.43264469781413,15512.763984866853,0.010359252935429292,0.197562252281923,33.36899171905872,16.663048896390322,1087462.9886552147,4399564.747314693,307827176.3358912,117267.49000011978,2236571.930472658,377438159.24182475,11354975180.433405
89,2012-06-01,0.7773850948232457,0.5979120880744381,25.87429989313886,296.2093256628562,0.46101611889557076,60.70996834120928,31.43264469781413,15512.763984866853,0.05219029933058007,0.2961194319778764,28.422005001653204,13.750481335137403,8800543.35430085,6768561.221880178,292911530.01232874,590835.967681179,3352256.7788669607,321484290.7240825,11354975180.433405
90,2012-07-01,27.932908384394626,0.7772857062095929,42.90164823970161,296.2093256628562,0.46101611889557076,60.70996834120928,31.43264469781413,15512.763984866853,0.4767100782998255,2.2830443141068035,30.397643548654987,18.769466295884172,316225657.16505885,8799129.494629387,485667831.228333,5396155.943203133,25843442.049253553,343834429.11090904,11354975180.433405
91,2012-08-01,19.529611504604222,0.6278076776509632,35.72366655717207,296.2093256628562,0.46101611889557076,60.70996834120928,31.43264469781413,15512.763984866853,0.3205955968915248,2.60129919534153,30.551665739096627,19.479636302182303,221099917.1522323,7106989.115121256,404409278.2866463,3629672.298494585,29448901.5899745,345580913.0761205,11354975180.433405
92,2012-09-01,22.180099298916396,0.29895604403721904,20.0491921657332,296.2093256628562,0.46101611889557076,60.70996834120928,31.43264469781413,15512.763984866853,0.5280204968663942,3.243267030942846,33.31668515959429,23.082671682066355,251090972.0319894,3384280.610940089,226967949.66297644,5977373.763635021,36712093.84272411,376853967.35109985,11354975180.433405
93,2012-10-01,17.037658457058427,0.14947802201860952,13.517417258838222,296.2093256628562,0.46101611889557076,60.70996834120928,31.43264469781413,15512.763984866853,0.41501356908617415,3.6102060789349686,35.63074965880129,25.99879974900714,192884540.0691191,1692140.3054700445,153027551.18111414,4698528.806535399,40871657.03634125,403029367.45947254,11354975180.433405
94,2012-11-01,13.307829877095731,0.0,9.717266322659695,296.2093256628562,0.46101611889557076,60.70996834120928,31.43264469781413,15512.763984866853,0.23137630096333534,2.7396423900131097,37.792683326853926,27.252752513977775,150655962.3526388,0.0,110008847.17266703,2619396.6739893775,31014753.969279777,427481330.15924376,11354975180.433405
95,2012-12-01,51.71710026510482,0.0,5.428339965377539,296.2093256628562,0.46101611889557076,60.70996834120928,31.43264469781413,15512.763984866853,5.766615594654358,14.72877785921705,63.58921148570808,59.233660073836134,585479439.1153678,0.0,61455886.88622927,65276183.1109664,166714990.73581824,719256236.6654185,11354975180.433405
96,2013-01-01,23.828958164776484,0.0,1.34837948044136,296.2093256628562,0.46101611889557076,60.70996834120928,31.43264469781413,15512.763984866853,2.4044029951465653,14.738405091190323,68.89993112947734,60.15730640820794,269758155.3563489,0.0,15265330.219403982,27213727.85144029,166809703.5548462,779321718.1473639,11354975180.433405
97,2013-02-01,26.053885808220326,0.0,1.550669649354052,296.2093256628562,0.46101611889557076,60.70996834120928,31.43264469781413,15512.763984866853,3.4096069873118178,18.046001993353396,71.91955719146688,60.89041352848374,294946168.4946306,0.0,17554786.165749054,38590096.90967756,204242155.50173554,813476502.415897,11354975180.433405
98,2013-03-01,13.988235020743247,0.0,9.82977268096749,296.2093256628562,0.46101611889557076,60.70996834120928,31.43264469781413,15512.763984866853,0.8424646597576748,9.311345301627469,66.06224542607644,46.946469364164926,158351495.06655362,0.0,111280924.62169373,9535909.035779437,105382597.18740304,747223006.9553301,11354975180.433405
99,2013-04-01,26.056279979243236,0.13012273966910723,13.965426744671136,296.2093256628562,0.46101611889557076,60.70996834120928,31.43264469781413,15512.763984866853,1.367294414795393,12.060958897729629,65.54078639759035,47.826226890057356,294976420.81138426,1473026.755199819,158098730.3688266,15478655.031205954,136512247.26352993,741325779.5779666,11354975180.433405
100,2013-05-01,25.212601097972602,0.3383191292997854,17.071336055451358,296.2093256628562,0.46101611889557076,60.70996834120928,31.43264469781413,15512.763984866853,1.2941280371419344,10.530250013363812,63.27927410742894,46.727777617412194,285424507.69547945,3829869.633249079,193258843.32293212,14650365.309493147,119204661.58816259,715746971.8850522,11354975180.433405
101,2013-06-01,0.0,0.5204909586764289,23.20870183798407,296.2093256628562,0.46101611889557076,60.70996834120928,31.43264469781413,15512.763984866853,0.06667485862774732,1.22173487556982,48.071226457515344,29.087531202540077,0.0,5892107.020799276,262739038.20944,754813.1368221379,13830597.358446347,543734285.1832347,11354975180.433405
102,2013-07-01,43.57485185208649,0.6766382585995708,46.648797915999644,296.2093256628562,0.46101611889557076,60.70996834120928,31.43264469781413,15512.763984866853,1.0016743434516302,5.8958921618576365,47.00411906661341,30.932478080898132,493287944.5656525,7659739.266498158,528097530.86594534,11339058.801704092,66735002.35447763,531659975.15823513,11354975180.433405
103,2013-08-01,47.761727648161035,0.5465155122378931,28.276068368960658,296.2093256628562,0.46101611889557076,60.70996834120928,31.43264469781413,15512.763984866853,1.8187187613349531,10.769356894145346,55.52669991094503,42.57950613405386,540696473.1777583,6186712.43553909,320105744.3912288,20585851.591988478,121889015.58329011,628057722.6132743,11354975180.433405
104,2013-09-01,76.19252610290104,0.26024547933821446,21.603221842918256,296.2093256628562,0.46101611889557076,60.70996834120928,31.43264469781413,15512.763984866853,10.852551189579104,27.45919774622792,72.03705226428272,64.2988240839439,862561427.1323236,2946053.510399638,244557915.05861345,122835951.82761538,310786238.25831705,814808079.2425915,11354975180.433405
105,2013-10-01,44.336394212459005,0.13012273966910723,14.357074596290762,296.2093256628562,0.46101611889557076,60.70996834120928,31.43264469781413,15512.763984866853,8.696792160742584,20.204294963774952,73.23222386686506,64.77734420368728,501910617.6057964,1473026.755199819,162527012.00745553,98433677.5594943,228667658.33775523,828325497.0088204,11354975180.433405
106,2013-11-01,43.33350205625142,0.0,6.359699000827437,296.2093256628562,0.46101611889557076,60.70996834120928,31.43264469781413,15512.763984866853,7.66273934470184,26.60266678758243,75.9131861870899,67.01492955649766,490573173.6744702,0.0,71995683.67416328,86732793.93391879,301089401.4973464,858650448.7452161,11354975180.433405
107,2013-12-01,31.25586444879332,0.0,4.469792667190575,296.2093256628562,0.46101611889557076,60.70996834120928,31.43264469781413,15512.763984866853,6.148450507902594,20.351238693367893,76.17565110006935,66.7950972257889,353843779.0570955,0.0,50603726.80324192,69591686.01439483,230328539.63015646,861619924.3908479,11354975180.433405
108,2014-01-01,14.546335218231794,0.0,7.234495777529223,296.2093256628562,0.46101611889557076,60.70996834120928,31.43264469781413,15512.763984866853,0.6437685909733136,11.61165134905197,71.22365082021567,52.775546310973894,164672834.9697224,0.0,81902992.19436197,7286549.313007874,131418455.62953565,805606097.8933883,11354975180.433405
109,2014-02-01,25.482196960644163,0.0,9.242550558075786,296.2093256628562,0.46101611889557076,60.70996834120928,31.43264469781413,15512.763984866853,1.39397177873018,14.326631531864436,71.71707785044184,53.75051197956041,288472784.31364083,0.0,104632084.03658792,15777357.488201283,162143865.00095907,811186888.7529703,11354975180.433405
110,2014-03-01,15.329241980098619,0.0,19.135142973567476,296.2093256628562,0.46101611889557076,60.70996834120928,31.43264469781413,15512.763984866853,0.9974461161074819,6.219221138330762,61.86115640567574,38.478658974661016,173535794.8656386,0.0,216617384.49445584,11291009.560852151,70397768.28499892,699713376.6650515,11354975180.433405
111,2014-04-01,26.77059976390249,0.12314710043611811,24.200509149726212,296.2093256628562,0.46101611889557076,60.70996834120928,31.43264469781413,15512.763984866853,0.3682837143963117,5.765914493630778,59.80152096741685,39.06958618132693,303059210.48217154,1394055.8149463488,273968360.66826296,4169360.5168194245,65265800.140922844,676412643.4853692,11354975180.433405
112,2014-05-01,45.43653238935974,0.32018246995283844,39.31502279288755,296.2093256628562,0.46101611889557076,60.70996834120928,31.43264469781413,15512.763984866853,3.2888655456796996,10.163057788753118,57.3224956492202,44.700060875376415,514383122.60103846,3624545.2186932405,445090985.61825716,37229005.06902289,115040012.29926032,648367207.3259956,11354975180.433405
113,2014-06-01,0.639689377861419,0.49258840174447244,28.884214348777586,296.2093256628562,0.46101611889557076,60.70996834120928,31.43264469781413,15512.763984866853,0.046704262067184865,2.317377473286801,41.00676329450797,24.695985114494682,7240864.755741893,5576223.259785395,326992374.44916993,528736.9294591395,26231822.10196694,463825918.74419844,11354975180.433405
114,2014-07-01,34.80706074555748,0.6403649399056769,40.623582980941045,296.2093256628562,0.46101611889557076,60.70996834120928,31.43264469781413,15512.763984866853,0.8394611949606363,4.954690281840076,41.5588917590026,27.96757855001336,394045975.22012675,7249090.437386481,459880475.3238715,9503933.008167531,56092698.555866435,470077066.26419586,11354975180.433405
115,2014-08-01,64.44098383370626,0.5172178307745209,23.29845099841024,296.2093256628562,0.46101611889557076,60.70996834120928,31.43264469781413,15512.763984866853,6.140777779111837,16.912347685080938,60.39125560928609,55.35071036423546,729528952.0575807,5855034.524015854,263752288.66736624,69511543.83376439,191423171.40775266,683088651.8654803,11354975180.433405
116,2014-09-01,70.99976692985773,0.24629420087223622,16.19558951735071,296.2093256628562,0.46101611889557076,60.70996834120928,31.43264469781413,15512.763984866853,16.840746314046978,26.24884664729905,72.35555430468604,66.39321593483042,803770847.426006,2788111.6298926976,183342959.89348844,190617091.82846975,297078617.8097284,818410481.088829,11354975180.433405
117,2014-10-01,5.814934334789981,0.12314710043611811,10.590803565364785,296.2093256628562,0.46101611889557076,60.70996834120928,31.43264469781413,15512.763984866853,0.013361179731407541,6.072008541840602,61.866260401355554,43.45152046681445,65825371.1552988,1394055.8149463488,119894525.84652124,151235.75405480203,68727314.24623153,699765897.250647,11354975180.433405
118,2014-11-01,16.56236116318262,0.0,10.054063634360226,296.2093256628562,0.46101611889557076,60.70996834120928,31.43264469781413,15512.763984866853,0.18683890587860122,6.197680876255167,62.48655906576075,43.543377954382215,187493175.67955163,0.0,113823379.9796346,2114787.8959634327,70140441.83513385,706778609.5774916,11354975180.433405
119,2014-12-01,35.00178774430357,0.0,4.064646145444818,296.2093256628562,0.46101611889557076,60.70996834120928,31.43264469781413,15512.763984866853,3.4835504974880873,19.415364324997,70.51180867133965,56.83785554462744,396242156.28247887,0.0,46016164.974310555,39428414.9016847,219736233.96259278,797550849.0446506,11354975180.433405
120,2015-01-01,41.346547909691104,0.0,6.180180582871451,296.2093256628562,0.46101611889557076,60.70996834120928,31.43264469781413,15512.763984866853,6.725701411060854,24.610976194777795,74.30566135513584,62.888230640105284,468069106.226151,0.0,69964815.82278751,76118782.18461125,278533284.96877706,840464054.015382,11354975180.433405
121,2015-02-01,26.67175312322947,0.0,12.036134592382224,296.2093256628562,0.46101611889557076,60.70996834120928,31.43264469781413,15512.763984866853,2.3684491175673523,15.099993473844906,71.46913289402727,55.44556372370277,301941255.5493288,0.0,136256180.5685941,26807765.32005875,170898518.49675405,808381464.2072312,11354975180.433405
122,2015-03-01,17.7084272227032,0.0,22.03742565804155,296.2093256628562,0.46101611889557076,60.70996834120928,31.43264469781413,15512.763984866853,0.5836490333514087,5.725750120788206,61.76979923162541,40.05289220925104,200471543.14172202,0.0,249475310.4595269,6607487.2335471315,64811143.2329772,698676982.6211679,11354975180.433405
123,2015-04-01,43.498797060246204,0.12894018901774285,28.181537137368547,296.2093256628562,0.46101611889557076,60.70996834120928,31.43264469781413,15512.763984866853,3.883085148377192,12.730640963823237,62.7403661640614,48.70437578606133,492441255.983091,1459635.2216381452,319036295.78087926,43959503.62275661,144120231.86387837,709654254.5246767,11354975180.433405
124,2015-05-01,56.169591261891576,0.3352444872596579,35.34736249769576,296.2093256628562,0.46101611889557076,60.70996834120928,31.43264469781413,15512.763984866853,4.111695189424065,15.874181574123869,65.09749355852004,52.012700367850734,635880868.196006,3795051.5288819084,400156005.73071945,46540088.32211776,179662020.0334281,736313405.7875103,11354975180.433405
125,2015-06-01,50.26147516823863,0.5157607560709714,35.22421853451921,296.2093256628562,0.46101611889557076,60.70996834120928,31.43264469781413,15512.763984866853,5.3780110763236495,15.923437886216075,62.113112077086775,52.51826396943614,569008349.9403633,5838540.886552581,398754613.2743754,60875923.82332205,180231879.1927521,702564169.18313,11354975180.433405
126,2015-07-01,65.6820704714498,0.6704889745193158,48.4552122184846,296.2093256628562,0.46101611889557076,60.70996834120928,31.43264469781413,15512.763984866853,7.014863455172176,16.424907552869787,61.15810910793616,52.34680768214165,743569849.2814348,7590103.057763817,548550700.099957,79400140.63505118,185901879.0079263,691757953.6274048,11354975180.433405
127,2015-08-01,29.04390763196603,0.5415487939654786,38.806189422825035,296.2093256628562,0.46101611889557076,60.70996834120928,31.43264469781413,15512.763984866853,1.0049981765617018,6.619687150650217,51.85562656797012,38.255001212298126,328805887.2499815,6130467.931923286,439316263.7137633,11376024.773592709,74927596.92531444,586540711.3469218,11354975180.433405
128,2015-09-01,24.576878059446205,0.2578803780354857,20.48447533392377,296.2093256628562,0.46101611889557076,60.70996834120928,31.43264469781413,15512.763984866853,0.670324775838577,5.797421362526252,52.14675719676791,37.19442762757738,278225102.4987164,2919270.4432762903,231901157.37676504,7587840.226992743,65621860.133442715,589830379.6304643,11354975180.433405
129,2015-10-01,77.8533340893644,0.12894018901774285,11.240493376964828,296.2093256628562,0.46101611889557076,60.70996834120928,31.43264469781413,15512.763984866853,14.341359538218615,29.948658267177315,74.56960663751116,67.38886323210943,881366504.0922091,1459635.2216381452,127248280.8818854,162325142.2668441,338966852.4840405,843453886.3675829,11354975180.433405
130,2015-11-01,52.938206397034655,0.0,10.460349453982479,296.2093256628562,0.46101611889557076,60.70996834120928,31.43264469781413,15512.763984866853,11.431375050182487,28.728128546904028,76.85927065022736,68.4924627199609,599294078.4465752,0.0,118420286.05258548,129383460.85251743,325131211.5980079,869350708.5534734,11354975180.433405
131,2015-12-01,44.007346554346555,0.0,6.5450667154541184,296.2093256628562,0.46101611889557076,60.70996834120928,31.43264469781413,15512.763984866853,7.910419818602371,29.165095247947836,77.20088114213301,66.83210280969722,498192080.825947,0.0,74097288.1816541,89531613.05331558,330076324.8937292,873214608.8803614,11354975180.433405
132,2016-01-01,35.93314025290407,0.0,3.846829231445177,296.2093256628562,0.46101611889557076,60.70996834120928,31.43264469781413,15512.763984866853,5.947464721476595,26.351801379445828,76.96432124442649,67.31403777547852,406795140.8939845,0.0,43550496.237680964,67317074.57732658,298242646.7989932,870539199.844426,11354975180.433405
133,2016-02-01,25.424846247091008,0.0,6.979676977173859,296.2093256628562,0.46101611889557076,60.70996834120928,31.43264469781413,15512.763984866853,3.024141221641351,17.936457159638092,74.43425602135423,59.82462721116243,287819393.77375317,0.0,79016724.5362303,34227386.51304825,202997067.2568201,841919905.3675027,11354975180.433405
134,2016-03-01,34.73771931940641,0.0,22.01538398635059,296.2093256628562,0.46101611889557076,60.70996834120928,31.43264469781413,15512.763984866853,4.44594426736535,14.608429417474182,68.4224574796527,51.80654508288653,393247452.90454865,0.0,249230535.24226442,50327427.23565693,165342560.02037275,773920408.6975392,11354975180.433405
135,2016-04-01,43.17086824628012,0.13380814004010685,25.08279244404341,296.2093256628562,0.46101611889557076,60.70996834120928,31.43264469781413,15512.763984866853,3.9392776212788396,15.886155674307016,67.58109853082324,51.66276797437363,488722855.5374353,1514740.0959169231,283952071.6179192,44593675.7807737,179806099.28038865,764405179.7029116,11354975180.433405
136,2016-05-01,41.51653660226021,0.34790115419272677,33.91430387097933,296.2093256628562,0.46101611889557076,60.70996834120928,31.43264469781413,15512.763984866853,2.0211628708242846,10.8732087461933,63.978311473313305,48.259036532278095,469989748.9955526,3938324.13718987,383927711.6014939,22877510.03310469,123075692.01188831,723655090.6799115,11354975180.433405
137,2016-06-01,9.069869095725961,0.5352325601604274,37.37863255148667,296.2093256628562,0.46101611889557076,60.70996834120928,31.43264469781413,15512.763984866853,0.1690373273100852,2.175224942736938,44.257227235629976,27.555127225462115,102676206.35561432,6058960.383667693,423145427.21592313,1913649.7424491874,24622214.186490767,500598560.1721415,11354975180.433405
138,2016-07-01,30.172151815098925,0.6958023083854535,32.12469178666025,296.2093256628562,0.46101611889557076,60.70996834120928,31.43264469781413,15512.763984866853,0.9433593165464632,6.861021393004275,45.5840418955003,32.05956670599613,341571485.21067214,7876648.27437974,363664576.35466796,10678735.250605926,77664735.87593052,515608958.2431551,11354975180.433405
139,2016-08-01,42.19232910728093,0.5619941990195669,23.113101994880076,296.2093256628562,0.46101611889557076,60.70996834120928,31.43264469781413,15512.763984866853,2.660085842163016,12.936399226844342,52.562584107072446,41.661499695398284,477655026.3820099,6361908.525681756,261653023.05698773,30110264.110248424,146429670.52027777,594543242.4967718,11354975180.433405
140,2016-09-01,38.881356678911025,0.2676162800802137,21.387841182984836,296.2093256628562,0.46101611889557076,60.70996834120928,31.43264469781413,15512.763984866853,2.7398612479046585,11.645896739180294,57.222728961719504,49.51540936437324,440166200.3968674,3029480.1918338463,242121997.44669297,31014207.789168015,131821994.40721565,647252508.5548445,11354975180.433405
141,2016-10-01,17.003394999923167,0.13380814004010685,17.79490975014448,296.2093256628562,0.46101611889557076,60.70996834120928,31.43264469781413,15512.763984866853,0.6645482009344592,5.904487394562168,52.40285165254953,40.277522768640495,192493874.6081909,1514740.0959169231,201453924.0454906,7523347.8884977335,66839776.866171114,592734207.8224653,11354975180.433405
142,2016-11-01,32.640014296664496,0.0,7.633053567790295,296.2093256628562,0.46101611889557076,60.70996834120928,31.43264469781413,15512.763984866853,2.554253145298638,11.862271554706636,63.10319145469401,52.27237125095236,369503344.3560945,0.0,86413454.79847583,28913959.198984984,134266419.70765272,713757756.5485005,11354975180.433405
143,2016-12-01,35.750578861583875,0.0,6.797462082309415,296.2093256628562,0.46101611889557076,60.70996834120928,31.43264469781413,15512.763984866853,4.094310527774406,17.388817993351143,70.57254562628508,59.13777063823912,404715537.25324404,0.0,76953619.49381292,46340975.59514792,196802051.38249776,798238664.3724204,11354975180.433405
144,2017-01-01,48.90785438025736,0.0,4.908043623189012,296.2093256628562,0.46101611889557076,60.70996834120928,31.43264469781413,15512.763984866853,10.452077567816687,28.93841575355365,75.15888724767193,64.28313704001488,553670577.8055183,0.0,55565404.62451372,118293602.30872656,327518088.86498916,850114422.366693,11354975180.433405
145,2017-02-01,24.494289378936276,0.0,7.483999586969887,296.2093256628562,0.46101611889557076,60.70996834120928,31.43264469781413,15512.763984866853,2.5620775069960455,16.99564920847443,72.6371790968875,58.201619193004426,277289181.8799606,0.0,84724102.3246784,28998413.096345108,192351432.12953806,821592106.8420737,11354975180.433405
146,2017-03-01,20.89121701080562,0.0,19.484636457254847,296.2093256628562,0.46101611889557076,60.70996834120928,31.43264469781413,15512.763984866853,0.7982584542330693,8.657368325706193,65.35234264030777,45.72301336508658,236500490.83689862,0.0,220582172.26996022,9035434.183425691,97987631.48742576,739193054.8220242,11354975180.433405
147,2017-04-01,4.421096316743214,0.11470494722226135,16.92054367516425,296.2093256628562,0.46101611889557076,60.70996834120928,31.43264469781413,15512.763984866853,0.011277169739788826,1.9628300328799941,54.38883545459858,31.739105538062123,50048916.07099511,1298495.3038864953,191550745.97067088,127659.39234484536,22218696.09990841,615189611.3130599,11354975180.433405
148,2017-05-01,22.788116910073732,0.2982328625966635,19.594836499666656,296.2093256628562,0.46101611889557076,60.70996834120928,31.43264469781413,15512.763984866853,0.30361720552407756,4.9190427784887545,54.940780082729255,36.10255260379379,257976801.64230102,3376087.788057491,221822969.04326442,3436857.623236467,55680605.505492,621434723.8928388,11354975180.433405
149,2017-06-01,1.3578524238602054,0.4588197888890454,32.46139415687103,296.2093256628562,0.46101611889557076,60.70996834120928,31.43264469781413,15512.763984866853,0.033296407152481104,0.41175197027053373,40.627614144242074,22.27138013478303,15369957.213453967,5193981.215545981,367480480.91327024,376961.8396437221,4660761.55305662,459543308.6790517,11354975180.433405
150,2017-07-01,51.821279859748216,0.596465725193327,34.60020138683874,296.2093256628562,0.46101611889557076,60.70996834120928,31.43264469781413,15512.763984866853,2.323106057338315,10.793193949606616,50.199350994362774,40.07118842160584,586665889.7508976,6752175.576114982,391693148.5161748,26297649.257436585,122178202.71289715,567813554.5725043,11354975180.433405
151,2017-08-01,16.300521401694397,0.4817607798784427,29.342919998281346,296.2093256628562,0.46101611889557076,60.70996834120928,31.43264469781413,15512.763984866853,0.547279243584019,4.508858382330016,44.58600829570258,32.16718079202184,184534890.5544178,5453680.293816206,332176144.1640954,6195999.816388682,51040818.74744768,504322548.22007513,11354975180.433405
152,2017-09-01,40.621734299818776,0.2294098944445227,15.638542156100419,296.2093256628562,0.46101611889557076,60.70996834120928,31.43264469781413,15512.763984866853,3.4252553806606265,13.199641460356,54.12956302913328,47.98999860712479,459879822.79281783,2596990.6077729906,177036928.7462108,38776128.66104659,149417353.62769592,612268806.1676859,11354975180.433405
153,2017-10-01,10.846891949133902,0.11470494722226135,13.976419860373626,296.2093256628562,0.46101611889557076,60.70996834120928,31.43264469781413,15512.763984866853,0.5970347927830828,4.762840915078797,49.043580676432775,35.80045299958574,122797557.88066715,1298495.3038864953,158223818.86655214,6759195.706679817,53918211.645216115,554741319.2140378,11354975180.433405
154,2017-11-01,2.621219556022215,0.0,10.860154997179473,296.2093256628562,0.46101611889557076,60.70996834120928,31.43264469781413,15512.763984866853,0.0410400951274453,0.8935297619579832,43.10693557285909,25.70402617995715,29674877.722926073,0.0,122947640.11978187,464675.30644749367,10115765.399805205,487590560.2956691,11354975180.433405
155,2017-12-01,13.144039041407195,0.0,6.7224957276329675,296.2093256628562,0.46101611889557076,60.70996834120928,31.43264469781413,15512.763984866853,0.42452676027211445,3.2649328474818127,46.543975363486126,30.98674358278865,148804788.45740676,0.0,76106163.4445128,4806138.906814382,36962698.70228173,526466283.07418287,11354975180.433405
156,2018-01-01,22.71794843425852,0.0,5.018122043473497,296.2093256628562,0.46101611889557076,60.70996834120928,31.43264469781413,15512.763984866853,0.7476351950362695,7.566881031728146,55.93700573405346,40.966245499832084,257180826.61195993,0.0,56809649.97668551,8463585.172307327,85648365.90702474,632704754.6036776,11354975180.433405
157,2018-02-01,32.43847958878057,0.0,8.904350260638646,296.2093256628562,0.46101611889557076,60.70996834120928,31.43264469781413,15512.763984866853,2.5886637877727097,13.200587510343713,63.717310476623354,51.082389542996005,367226371.9139908,0.0,100803456.84422804,29305383.618091274,149422324.04333496,720704720.8152112,11354975180.433405
158,2018-03-01,34.182551414555086,0.0,17.001433824395644,296.2093256628562,0.46101611889557076,60.70996834120928,31.43264469781413,15512.763984866853,3.6342260738867247,13.708952655465088,64.07997826911802,50.45273682571538,386968065.4339443,0.0,192467252.243316,41140670.46591724,155160585.5846786,724806847.0187167,11354975180.433405
159,2018-04-01,12.868648025698935,0.12153670975880898,24.415814965273608,296.2093256628562,0.46101611889557076,60.70996834120928,31.43264469781413,15512.763984866853,0.1959031710232946,3.743496858397918,52.79457600085473,33.04006875203896,145681454.52294636,1375840.142322692,276403213.8358412,2217701.2418929264,42378870.256401435,597160700.463973,11354975180.433405
160,2018-05-01,11.889036980975444,0.31599544354986525,28.584056136061538,296.2093256628562,0.46101611889557076,60.70996834120928,31.43264469781413,15512.763984866853,0.3697149893409375,2.2811267846593735,45.08886180465505,26.18747265524594,134599317.71125454,3577184.349396928,323588094.4213204,4185750.718991723,25825800.647825226,510007510.7153275,11354975180.433405
161,2018-06-01,0.778041675807557,0.4861468390352359,31.63869253787606,296.2093256628562,0.46101611889557076,60.70996834120928,31.43264469781413,15512.763984866853,0.04692880997132611,0.3245921124160139,36.935801235869114,19.559150945793082,8806839.839977454,5503360.569290768,358168903.3245646,531291.5204217343,3674638.855461402,417788849.0282041,11354975180.433405
162,2018-07-01,25.83802593288342,0.6319908870997305,43.8220540071546,296.2093256628562,0.46101611889557076,60.70996834120928,31.43264469781413,15512.763984866853,0.46642928437120695,3.4083721282099773,37.43928199041517,21.796680684193582,292511409.66170317,7154368.698793856,496086188.71871704,5280710.516100528,38585080.63001174,423489000.3869067,11354975180.433405
163,2018-08-01,20.214444205280355,0.510454178408392,31.739782008795576,296.2093256628562,0.46101611889557076,60.70996834120928,31.43264469781413,15512.763984866853,0.5863960183617697,3.5265402161334753,37.59579488965363,24.078598606189857,228842407.13502282,5778528.568555705,359309736.9187102,6638739.4866052605,39925585.81323915,425258813.08688784,11354975180.433405
164,2018-09-01,3.968218326374808,0.24307341951761796,18.668267504923787,296.2093256628562,0.46101611889557076,60.70996834120928,31.43264469781413,15512.763984866853,0.05543719043628683,0.816189991686768,35.3026583979307,20.5298432581458,44920358.647077285,2751680.284645384,211333376.91494405,627604.1990906214,9239847.34791832,399320018.8395003,11354975180.433405
165,2018-10-01,101.34593467826069,0.12153670975880898,16.699236102159798,296.2093256628562,0.46101611889557076,60.70996834120928,31.43264469781413,15512.763984866853,19.618314148501025,26.617677963448624,73.80927755346704,67.70382572964826,1147320821.3320725,1375840.142322692,189044290.43933523,222055861.4003603,301278157.1350321,834856820.6126667,11354975180.433405
166,2018-11-01,4.505566639331638,0.0,7.558776405168698,296.2093256628562,0.46101611889557076,60.70996834120928,31.43264469781413,15512.763984866853,0.0414496311258139,7.481759828916873,63.22541033451177,45.097467633017516,51004794.822870925,0.0,85571621.74255337,469183.1502933873,84682892.43298592,715141967.9642105,11354975180.433405
167,2018-12-01,8.62723456359341,0.0,5.298647811425418,296.2093256628562,0.46101611889557076,60.70996834120928,31.43264469781413,15512.763984866853,0.05760979325704821,3.611637147642427,62.87581128637573,42.582780991975014,97664943.1662656,0.0,59986185.35817102,652176.634833531,40877355.230843775,711186526.0519669,11354975180.433405
168,2019-01-01,46.68430615810988,0.0,5.409378694575311,296.2093256628562,0.46101611889557076,60.70996834120928,31.43264469781413,15512.763984866853,5.146771409816196,24.788674725213344,74.1542123622311,59.66682662899369,528492480.53575635,0.0,61239765.478725456,58253690.63658551,280543163.5190203,838751506.4073896,11354975180.433405
169,2019-02-01,73.44043164437224,0.0,7.93117331049194,296.2093256628562,0.46101611889557076,60.70996834120928,31.43264469781413,15512.763984866853,18.45880382310927,41.198886397197796,79.94229128044817,70.50834607448279,831401848.4980191,0.0,89788832.14425841,208909497.51149055,466273675.2163053,904222825.1925107,11354975180.433405
170,2019-03-01,87.04918300597527,0.0,12.239506886376516,296.2093256628562,0.46101611889557076,60.70996834120928,31.43264469781413,15512.763984866853,26.252208320725035,45.81116314474976,82.58299288781846,72.13787898665747,985458467.735926,0.0,138560441.25112033,297116992.99606633,518474550.35585636,934090184.6453389,11354975180.433405
171,2019-04-01,58.851772736193084,0.12442326592900084,19.79498632703946,296.2093256628562,0.46101611889557076,60.70996834120928,31.43264469781413,15512.763984866853,13.26559873364478,27.36544773550257,81.07505939271255,68.47761731339267,666233310.4622822,1408500.2439198776,224092437.01613322,150137749.2925597,309709589.50391746,917032341.8435514,11354975180.433405
172,2019-05-01,46.71167007762339,0.3235004874046995,23.883849135893833,296.2093256628562,0.46101611889557076,60.70996834120928,31.43264469781413,15512.763984866853,5.70579567987228,23.218000794395763,75.34178917043563,63.266887697101645,528808057.98094773,3662100.5887932302,270373471.7548068,64582753.94513288,262779640.862694,852188090.4385216,11354975180.433405
173,2019-06-01,11.361955501736341,0.49769306371600336,29.688303277768288,296.2093256628562,0.46101611889557076,60.70996834120928,31.43264469781413,15512.763984866853,0.45684840619539935,5.0775969778119485,55.2836437271443,38.484084423330955,128622945.39132707,5634000.97567951,336085548.6254342,5171648.012828597,57476858.76447724,625317026.5342447,11354975180.433405
174,2019-07-01,21.783839058299993,0.647000974809399,48.14056538003621,296.2093256628562,0.46101611889557076,60.70996834120928,31.43264469781413,15512.763984866853,0.9394905255197108,3.782294074974802,41.32532122833979,26.210351313763606,246609889.68976828,7324201.1775864605,544976346.723402,10635242.92234522,42820035.69151592,467441618.2426926,11354975180.433405
175,2019-08-01,1.4687974882982409,0.5225777297807177,39.54454834878038,296.2093256628562,0.46101611889557076,60.70996834120928,31.43264469781413,15512.763984866853,0.05497201252747491,0.4923468905680689,30.41570879959232,15.074895942324764,16626695.723591568,5915701.170259984,447665784.09871167,622313.4195244673,5573619.1853741715,344043286.77063507,11354975180.433405
176,2019-09-01,7.001002362988338,0.24884653185800168,29.427019793568075,296.2093256628562,0.46101611889557076,60.70996834120928,31.43264469781413,15512.763984866853,0.009330678992657599,0.3066140455256458,27.317168861347387,13.085219396971363,79253674.3901279,2817000.487839755,333128285.55522066,105635.00411896856,3471218.4299864937,308996152.2841066,11354975180.433405
177,2019-10-01,1.0950087987146655,0.12442326592900084,14.65265066937214,296.2093256628562,0.46101611889557076,60.70996834120928,31.43264469781413,15512.763984866853,0.0006078933378687678,0.18410536589532375,25.283696392001083,11.615824328253778,12395525.100811165,1408500.2439198776,165878696.8075699,6882.106454218517,2084264.6644302688,285994571.54577476,11354975180.433405
178,2019-11-01,42.972402573615135,0.0,6.209518196194864,296.2093256628562,0.46101611889557076,60.70996834120928,31.43264469781413,15512.763984866853,1.808726048903997,9.02899145411984,51.200700700552225,45.74811838803061,486485010.8198382,0.0,70298058.911051,20474732.1404421,102199214.06380475,579137205.6630499,11354975180.433405
179,2019-12-01,35.24843622971777,0.0,4.840379447177185,296.2093256628562,0.46101611889557076,60.70996834120928,31.43264469781413,15512.763984866853,3.165573845744831,12.217879605457025,66.19452565032444,57.171762603195475,399036163.9060012,0.0,54798402.11623916,35830688.027207665,138288148.93969437,748723751.6569955,11354975180.433405
180,2020-01-01,13.437053682217053,0.0,7.378203235772288,296.2093256628562,0.46101611889557076,60.70996834120928,31.43264469781413,15512.763984866853,0.42228829226929715,7.592808979052678,64.24875725941469,47.12518425578872,152111905.95032164,0.0,83528554.38304372,4779724.309026397,85934509.04716906,726712016.7138716,11354975180.433405
181,2020-02-01,19.931161782420272,0.0,10.696798115584668,296.2093256628562,0.46101611889557076,60.70996834120928,31.43264469781413,15512.763984866853,0.5724080224856193,8.484676736579686,64.47413052888739,44.44751134615032,225631155.63401103,0.0,121095902.79200982,6479808.186213343,96027606.55038837,729260352.7926635,11354975180.433405
182,2020-03-01,53.8069625649236,0.0,21.789526498377658,296.2093256628562,0.46101611889557076,60.70996834120928,31.43264469781413,15512.763984866853,4.779947542590263,21.596549487311933,70.40104413925661,56.215295085773576,609127778.9161642,0.0,246662573.49239686,54107057.96587631,244436320.09343877,796303625.5417839,11354975180.433405
183,2020-04-01,7.105183778020893,0.12988223930614304,35.639948606854944,296.2093256628562,0.46101611889557076,60.70996834120928,31.43264469781413,15512.763984866853,0.0002232244452739661,1.449590566226864,46.494806199811315,24.616139959675046,80433824.96433754,1470302.7909922237,403463894.46123445,2527.5096017085834,16410192.75826256,525907731.03153616,11354975180.433405
184,2020-05-01,4.788294312913561,0.33769381986129404,34.08762302545958,296.2093256628562,0.46101611889557076,60.70996834120928,31.43264469781413,15512.763984866853,0.0018607572340298732,0.2770665076244056,33.381038296957115,16.03558287685862,54206228.33445253,3822787.230145391,385893000.46648526,21067.114842372026,3136722.988506053,377581190.91047347,11354975180.433405
185,2020-06-01,36.30812804751731,0.5195289572245722,41.16152319413664,296.2093256628562,0.46101611889557076,60.70996834120928,31.43264469781413,15512.763984866853,0.768548853484301,5.053662439043082,38.14829914979595,27.693729701517316,411042250.6350535,5881211.163968895,465973391.6283579,8701302.577887459,57215664.663965344,431508129.1615866,11354975180.433405
186,2020-07-01,14.44607013127023,0.6753876397225881,41.81232181145594,296.2093256628562,0.46101611889557076,60.70996834120928,31.43264469781413,15512.763984866853,0.26083660011898985,1.9675625708187563,32.328514472347386,19.005183914047414,163541457.28758305,7645574.460290782,473340535.50285774,2953086.181865476,22275113.382843148,365680930.000796,11354975180.433405
187,2020-08-01,2.969717270535497,0.5455053979065603,26.251482681147685,296.2093256628562,0.46101611889557076,60.70996834120928,31.43264469781413,15512.763984866853,0.1048982366475157,0.45141178026820555,29.207414681716052,15.559160536781715,33619300.876501225,6175271.640889589,297184806.34031904,1187510.8343043567,5110471.293355897,330376831.8726604,11354975180.433405
188,2020-09-01,15.734694165423335,0.2597644786122861,19.62009613345584,296.2093256628562,0.46101611889557076,60.70996834120928,31.43264469781413,15512.763984866853,0.07320437903598492,1.0442228744066218,30.94404557666858,17.70416001657225,178125365.08180925,2940605.5819844473,222113406.96574557,828773.4321500615,11820567.816501774,350017594.7615257,11354975180.433405
189,2020-10-01,14.416907234120021,0.12988223930614304,15.220121150884896,296.2093256628562,0.46101611889557076,60.70996834120928,31.43264469781413,15512.763984866853,0.11652247921095703,1.9584304930957281,33.07306833013969,22.51804125791554,163213800.6588576,1470302.7909922237,172301993.36326796,1319268.9254783508,22172283.454613112,374100181.10928535,11354975180.433405
190,2020-11-01,13.55704375738541,0.0,7.973215065343308,296.2093256628562,0.46101611889557076,60.70996834120928,31.43264469781413,15512.763984866853,0.060225184794200914,1.541533589493211,37.8098396263842,27.24363342077874,153471778.37671107,0.0,90263216.83177607,681846.5233119078,17449942.799572848,427673324.0172324,11354975180.433405
191,2020-12-01,16.004033310627253,0.0,4.787213598947737,296.2093256628562,0.46101611889557076,60.70996834120928,31.43264469781413,15512.763984866853,0.14250525517102328,3.612022679416749,45.4323770312027,33.622243326494896,181175544.38690537,0.0,54196442.63103462,1613370.6445476634,40884416.52059587,513887840.7140952,11354975180.433405
192,2021-01-01,13.997087947743763,0.0,4.377224021721505,296.2093256628562,0.46101611889557076,60.70996834120928,31.43264469781413,15512.763984866853,0.17259763379903653,4.173710809508743,50.899034866954885,36.44238778613615,158454111.1436032,0.0,49554768.86406764,1954004.6822153255,47238958.094679736,575717774.609124,11354975180.433405
193,2021-02-01,19.710610883588316,0.0,7.5886549077820105,296.2093256628562,0.46101611889557076,60.70996834120928,31.43264469781413,15512.763984866853,0.7115131611134368,7.116805841409947,55.47730146912528,39.87450487639088,223133961.4067901,0.0,85909648.97376111,8054675.1486428,80554792.9183233,627499709.9367503,11354975180.433405
194,2021-03-01,36.27273014191462,0.0,14.990134054611426,296.2093256628562,0.46101611889557076,60.70996834120928,31.43264469781413,15512.763984866853,3.6003260673307076,14.139672338513517,59.436168098283545,45.8891254220129,410620165.80750984,0.0,169696870.87896523,40755335.91760128,160039605.2399697,672275295.9828771,11354975180.433405
195,2021-04-01,17.094125349282496,0.12982693120292196,27.45687473405985,296.2093256628562,0.46101611889557076,60.70996834120928,31.43264469781413,15512.763984866853,0.5471238856827519,5.696282594594652,48.37367761897611,32.29914953170878,193521142.18490517,1469673.078165215,310830148.4500494,6194227.332312354,64487173.13525889,547155051.9085871,11354975180.433405
196,2021-05-01,11.289886412843375,0.33755001081815145,26.71387407016243,296.2093256628562,0.46101611889557076,60.70996834120928,31.43264469781413,15512.763984866853,0.1871629417241027,2.02837890431306,41.11566144530959,25.028289099724006,127809567.08673395,3821149.886523905,302417889.89364785,2118809.714298387,22963195.034196693,465063767.119637,11354975180.433405
197,2021-06-01,12.49124739305204,0.5193077248116879,39.80208441615142,296.2093256628562,0.46101611889557076,60.70996834120928,31.43264469781413,15512.763984866853,0.16141162604286288,1.4558662165188143,33.27005235376788,19.676827140953076,141410918.53365505,5878692.31266086,450593261.80877966,1827326.0540116674,16481634.791510396,376322848.2651174,11354975180.433405
198,2021-07-01,44.828138788047774,0.6751000216363029,33.30155773343478,296.2093256628562,0.46101611889557076,60.70996834120928,31.43264469781413,15512.763984866853,0.9724136224762651,5.484328376268983,43.640581744975705,31.12339868937051,507483279.064279,7642299.77304781,376989292.3620045,11007725.559012381,62077826.52950579,493623133.05869865,11354975180.433405
199,2021-08-01,47.25521080314216,0.5452731032019711,32.73164718633619,296.2093256628562,0.46101611889557076,60.70996834120928,31.43264469781413,15512.763984866853,2.919547904763567,9.732236693078095,48.7319024641095,40.49194911158937,534980614.4430175,6172626.839417991,370538686.5189045,33050869.904637624,110165149.09396516,551219326.7231218,11354975180.433405
200,2021-09-01,44.09236492975412,0.2596538624058439,20.52856110281816,296.2093256628562,0.46101611889557076,60.70996834120928,31.43264469781413,15512.763984866853,3.5130282554453247,12.434138845019122,57.06219821867399,50.45277315362161,499157454.34551215,2939346.15633043,232396266.09782508,39766358.30161865,140742578.84881344,645436593.5438529,11354975180.433405
201,2021-10-01,59.066709482580286,0.12982693120292196,14.190018808117014,296.2093256628562,0.46101611889557076,60.70996834120928,31.43264469781413,15512.763984866853,12.02948452135231,20.652439883285915,69.3818768147206,63.64202910891336,668677948.3799449,1469673.078165215,160639490.9453125,136164054.32926762,233746935.4836233,784777691.5484962,11354975180.433405
202,2021-11-01,2.5523134862392856,0.0,9.243131988074806,296.2093256628562,0.46101611889557076,60.70996834120928,31.43264469781413,15512.763984866853,0.022308509175602165,5.367404540215197,57.75638179904872,39.98896894545741,28892787.988593828,0.0,104639382.58480395,252537.63244878312,60754752.868237495,653282003.0262266,11354975180.433405
203,2021-12-01,46.45211263967991,0.0,5.945064913644829,296.2093256628562,0.46101611889557076,60.70996834120928,31.43264469781413,15512.763984866853,5.219173442101953,21.63200082599387,71.36442292031498,60.72133825963236,525871801.82418686,0.0,67305249.21232043,59075087.73665292,244827772.47181797,807199625.3920784,11354975180.433405
204,2022-01-01,17.49973068232513,0.0,3.929556533152596,296.2093256628562,0.46101611889557076,60.70996834120928,31.43264469781413,15512.763984866853,1.4654492014165397,14.54776354017606,68.88569094047283,52.00900414480615,198105074.1020683,0.0,44487328.66631879,16587910.786600063,164650788.57747838,779161327.0526496,11354975180.433405
205,2022-02-01,19.957464916411148,0.0,4.824969473192546,296.2093256628562,0.46101611889557076,60.70996834120928,31.43264469781413,15512.763984866853,1.6897931543586893,13.537075456308019,68.79575722670535,50.5892666742437,225931361.76511163,0.0,54622011.87686703,19128562.34069066,153210017.0326043,778144879.5955989,11354975180.433405
206,2022-03-01,32.06187415319493,0.0,16.31979897352309,296.2093256628562,0.46101611889557076,60.70996834120928,31.43264469781413,15512.763984866853,1.9701819447226674,14.025659755568132,68.64430599344023,51.10559257292028,362962333.46115226,0.0,184748280.37819073,22300353.302641194,158745713.4575219,776433202.8641188,11354975180.433405
207,2022-04-01,16.246932123289053,0.11336037543085231,31.166717948931176,296.2093256628562,0.46101611889557076,60.70996834120928,31.43264469781413,15512.763984866853,0.7646940021843379,3.984206996937264,53.62513356296831,32.41326304824271,183923145.66990286,1283270.4011249973,352824666.17987335,8656627.494481165,45098689.48061905,606555579.5695103,11354975180.433405
208,2022-05-01,4.394689054871936,0.2947369710516466,31.466338737375224,296.2093256628562,0.46101611889557076,60.70996834120928,31.43264469781413,15512.763984866853,0.03615382788149648,0.6742566607666813,39.819744436737984,21.12183226769507,49749118.21599342,3336502.9855470555,356220588.12633204,409285.68385841255,7633080.201124756,450405378.10563457,11354975180.433405
209,2022-06-01,8.298815207230431,0.45344150172340925,26.297973518947426,296.2093256628562,0.46101611889557076,60.70996834120928,31.43264469781413,15512.763984866853,0.047876127254326585,0.7168933786225512,36.100876549593586,19.62100265620373,93946458.99706672,5133081.604499989,297706867.49171853,542002.7160599675,8115290.719519158,408343768.3995512,11354975180.433405
210,2022-07-01,45.209150105855024,0.5894739421032932,40.214355707646746,296.2093256628562,0.46101611889557076,60.70996834120928,31.43264469781413,15512.763984866853,1.3526736751492028,7.052081168399618,43.20595839170732,30.661599325681827,511814403.7312224,6673005.971094111,455246887.3741979,15314464.713296315,79834011.55208515,488715561.71364087,11354975180.433405
211,2022-08-01,46.41736729986331,0.47611357281063416,31.591515973039428,296.2093256628562,0.46101611889557076,60.70996834120928,31.43264469781413,15512.763984866853,2.339889457850685,11.05610639015927,49.39187801836168,40.91182466422729,525478165.4200779,5389735.639459134,357629776.60878646,26489242.93168844,125157095.90846655,558681003.7396984,11354975180.433405
212,2022-09-01,34.67597781813583,0.22672075086170462,18.582645873787406,296.2093256628562,0.46101611889557076,60.70996834120928,31.43264469781413,15512.763984866853,1.7920414059521468,10.88133183922761,53.95183548709927,45.738832705511086,392558908.461074,2566540.8022499946,210366708.72107247,20285934.661127724,123169245.82240282,610255759.552916,11354975180.433405
213,2022-10-01,53.88471775948778,0.11336037543085231,11.355090180555145,296.2093256628562,0.46101611889557076,60.70996834120928,31.43264469781413,15512.763984866853,8.753258080701281,20.04629095490847,67.76185433725999,61.919561425811644,610015164.0847557,1283270.4011249973,128547918.62768719,99078000.065016,226883661.78954127,766452652.3801903,11354975180.433405
214,2022-11-01,28.3403468002115,0.0,12.714155776115504,296.2093256628562,0.46101611889557076,60.70996834120928,31.43264469781413,15512.763984866853,2.4361061052785553,12.994501729873246,67.95158860200402,57.29918203530845,320832427.9996149,0.0,143937753.67324534,27573410.949339945,147071521.5594085,768596913.1486369,11354975180.433405
215,2022-12-01,33.99784786542004,0.0,9.050787459961727,296.2093256628562,0.46101611889557076,60.70996834120928,31.43264469781413,15512.763984866853,3.371236798841251,18.009510642336732,71.49432928912252,57.96320279792274,384872074.3409531,0.0,102463585.94087294,38156131.278672665,203818740.6654189,808665700.587716,11354975180.433405
216,2023-01-01,61.885257671958236,0.0,6.555138136402513,296.2093256628562,0.46101611889557076,60.70996834120928,31.43264469781413,15512.763984866853,12.53491750935977,34.75823152916538,79.4636108396671,68.00327381116905,700592990.8679935,0.0,74211783.99070731,141875854.84583616,393380220.0980555,898809822.1353967,11354975180.424055
217,2023-02-01,26.486665057106197,0.0,5.953951298480803,296.2093256628562,0.46101611889557076,60.70996834120928,31.43264469781413,15512.763984866853,2.743956474719531,22.217895531324757,75.01702261820579,58.73695349101238,299850020.20518696,0.0,67404554.279547,31058100.951762725,251454441.93066895,848513604.5862901,11354975180.424055
218,2023-03-01,70.62035623061863,0.0,11.890450341442852,296.2093256628562,0.46101611889557076,60.70996834120928,31.43264469781413,15512.763984866853,16.726839008258093,36.617640778632875,80.34357825086424,69.51076934898796,799475847.2963278,0.0,134608690.50735676,189326553.12464166,414425078.8267253,908763722.4890388,11354975180.424055
219,2023-04-01,17.01425016090933,0.12880952904278078,24.188292882714695,296.2093256628562,0.46101611889557076,60.70996834120928,31.43264469781413,15512.763984866853,0.8975202206040204,10.193995088395837,63.25629728775817,46.49990035792839,192606451.34289306,1458148.982955478,273825394.3870489,10159619.24887539,115383360.68121615,715490109.300517,11354975180.424055
220,2023-05-01,6.919993337149886,0.33490477837813043,36.58970896621882,296.2093256628562,0.46101611889557076,60.70996834120928,31.43264469781413,15512.763984866853,0.03875813692989087,1.4938668397150918,43.31946765363512,24.737357383430325,78339763.12667762,3791187.3881422128,414222162.9356078,438784.67211454996,16911901.402106646,489988887.4468425,11354975180.424055
221,2023-06-01,7.386905353838823,0.5152381161711231,38.15219259400939,296.2093256628562,0.46101611889557076,60.70996834120928,31.43264469781413,15512.763984866853,0.07957529141535666,0.7259343851019515,33.39236019926798,18.04382189860558,83625672.8084777,5832595.931821912,431909028.9742835,900872.6486214392,8218306.506631475,377708211.77457416,11354975180.424055
222,2023-07-01,5.906393103903013,0.6698095567562609,63.86160406765365,296.2093256628562,0.46101611889557076,60.70996834120928,31.43264469781413,15512.763984866853,0.05851719584119679,0.2768233035263658,23.447072766832243,10.43844209978402,66868264.358522706,7582374.7762844255,722945408.9710613,662456.892807025,3133912.3898704224,265219844.20719668,11354975180.424055
223,2023-08-01,40.14189682824217,0.5410000300804815,66.54391979453837,296.2093256628562,0.46101611889557076,60.70996834120928,31.43264469781413,15512.763984866853,0.0893731707396622,0.6422317426497589,21.762934513488158,10.611965013305834,454433460.61638,6124225.820113754,753323810.5484228,1011793.8420670549,7270665.104532648,246168567.76874164,11354975180.424055
224,2023-09-01,15.598426311306467,0.25761905808556157,37.14635854341742,296.2093256628562,0.46101611889557076,60.70996834120928,31.43264469781413,15512.763984866853,0.004037115812390023,0.30214623744133534,19.35255696490695,8.9197845116644,176583307.86288762,2916297.965910956,420518934.2022029,45706.220674140204,3420751.6973204147,218904685.52049932,11354975180.424055
225,2023-10-01,14.303919712841337,0.12880952904278078,18.97389698086061,296.2093256628562,0.46101611889557076,60.70996834120928,31.43264469781413,15512.763984866853,0.006271648641894609,0.3329821969942662,20.18170372968564,11.056162211912753,161929105.95245752,1458148.982955478,214796810.207119,71003.78584772037,3769831.9834726737,228282654.19484225,11354975180.424055
226,2023-11-01,19.741872863896376,0.0,11.048036235770896,296.2093256628562,0.46101611889557076,60.70996834120928,31.43264469781413,15512.763984866853,0.15769420707725876,2.6771594161839674,28.163790001681306,23.124918635603375,223494065.64843035,0.0,125073539.99740922,1785218.431385621,30308685.69281652,318566299.02147967,11354975180.424055
227,2023-12-01,18.559226802434445,0.0,6.578966024806749,296.2093256628562,0.46101611889557076,60.70996834120928,31.43264469781413,15512.763984866853,0.14683474476555763,3.586932729793561,36.47595176838283,29.874215972651086,210104438.89097404,0.0,74480457.09328967,1662242.6199702667,40607284.43439659,412581741.30044556,11354975180.424055
228,2024-01-01,18.890876667651646,0.0,5.542193176132405,296.2093256628562,0.46101611889557076,60.70996834120928,31.43264469781413,15512.763984866853,0.9334943940299836,5.588810098316095,43.40083985578366,34.1730700731701,213857737.62023246,0.0,62744388.5693307,10567209.348766789,63266702.50611792,490905176.293147,11354975180.433405
229,2024-02-01,31.8178563287076,0.0,10.169212068795854,296.2093256628562,0.46101611889557076,60.70996834120928,31.43264469781413,15512.763984866853,1.2398592697450759,10.036642464074744,53.85077455902809,44.53393153902372,360207576.03857845,0.0,115123986.60977347,14034859.521876127,113602432.7406189,609105943.1334549,11354975180.433405
230,2024-03-01,48.41244229496802,0.0,24.486628842531584,296.2093256628562,0.46101611889557076,60.70996834120928,31.43264469781413,15512.763984866853,4.107112170344281,14.646083717437484,59.56359012329787,47.950254809802345,548055869.9036905,0.0,277204686.73618096,46486390.511348024,165770881.55535066,673720235.3085254,11354975180.433405
231,2024-04-01,16.399201926511065,0.12399135236010246,29.92143764977537,296.2093256628562,0.46101611889557076,60.70996834120928,31.43264469781413,15512.763984866853,0.25996053072228514,3.573201310648277,47.31153722980711,29.608322780353124,185649953.70859885,1403609.3445293107,338729880.03745097,2942853.5841017603,40448168.192913696,535144156.17886704,11354975180.433405
232,2024-05-01,20.723174944744354,0.32237751856793156,37.96600470965228,296.2093256628562,0.46101611889557076,60.70996834120928,31.43264469781413,15512.763984866853,0.3920845040652495,2.810572272529366,39.0129092169108,23.680103917548344,234596778.06607294,3649384.323305386,429798041.8224069,4438522.512698715,31817737.6713396,441280589.4030936,11354975180.433405
233,2024-06-01,31.789987177199553,0.49596540944040984,47.932638666550254,296.2093256628562,0.46101611889557076,60.70996834120928,31.43264469781413,15512.763984866853,0.7970269769256317,4.533717988257514,35.78240754907769,24.81179978535637,359890159.4612683,5614437.378117243,542621371.8896971,9023369.225578502,51327574.0321883,404746493.54110223,11354975180.433405
234,2024-07-01,3.708223103415736,0.6447550371358631,49.53524997331931,296.2093256628562,0.46101611889557076,60.70996834120928,31.43264469781413,15512.763984866853,0.08292461140268682,0.6253649280283204,28.1674643572656,15.051781944868702,41977653.51912139,7298768.646610772,560766609.528385,938757.4151506438,7079705.984675565,318612865.43468285,11354975180.433405
235,2024-08-01,61.618467485679254,0.5207636785227923,52.68023844866998,296.2093256628562,0.46101611889557076,60.70996834120928,31.43264469781413,15512.763984866853,1.5575887319634147,7.657105457629644,36.6637212689174,29.417790637620786,697583109.8277841,5895159.231294983,596373978.4603972,17634561.149948463,86683230.70241016,414719270.0401747,11354975180.433405
236,2024-09-01,2.608561209489902,0.24798270472020492,23.48173693029908,296.2093256628562,0.46101611889557076,60.70996834120928,31.43264469781413,15512.763984866853,0.013213940828908461,0.9949750767633998,29.463578232405656,17.68220958147537,29527380.662815906,2807218.6890586214,265830698.9478394,149581.99073595164,11263515.472996352,333273285.03617305,11354975180.433405
237,2024-10-01,34.151877516878365,0.12399135236010246,14.482015864237827,296.2093256628562,0.46101611889557076,60.70996834120928,31.43264469781413,15512.763984866853,0.6283748735519527,6.434479780857792,42.507637697734076,35.1683678036797,386625628.53071404,1403609.3445293107,163947239.70279458,7112995.6262514265,72832125.66755033,480810564.03018844,11354975180.433405
238,2024-11-01,33.09255000353631,0.0,11.54642396295481,296.2093256628562,0.46101611889557076,60.70996834120928,31.43264469781413,15512.763984866853,2.229760079872892,10.16544175545437,51.86768569056752,45.294547353726415,374638905.13830674,0.0,130715584.36214624,25239680.248178218,115065831.70309696,586680060.8182452,11354975180.433405
239,2024-12-01,4.122466906663111,0.0,5.762109197959242,296.2093256628562,0.46101611889557076,60.70996834120928,31.43264469781413,15512.763984866853,0.20704092614550731,3.04592357133004,47.40244099342512,33.169712195713345,46665914.02766322,0.0,65234307.312496655,2343658.1307349936,34476257.52479016,536169720.53317064,11354975180.433405
