,Date,precip_and_snowmelt_input_Lower Colorado Lake Mead_mean,irrigation_Lower Colorado Lake Mead_mean,AET_Lower Colorado Lake Mead_mean,soil_thickness_Lower Colorado Lake Mead_mean,soil_porosity_Lower Colorado Lake Mead_mean,field_capacity_Lower Colorado Lake Mead_mean,wilting_point_Lower Colorado Lake Mead_mean,Geo_K_Lower Colorado Lake Mead_mean,Runoff_Lower Colorado Lake Mead_mean,Recharge_Lower Colorado Lake Mead_mean,Soil_Water_End_Of_Previous_Timestep_Lower Colorado Lake Mead_mean,Soil_Saturation_Percent_End_Of_Timestep_Lower Colorado Lake Mead_mean,precip_and_snowmelt_input_m3_Lower Colorado Lake Mead_sum,irrigation_m3_Lower Colorado Lake Mead_sum,AET_m3_Lower Colorado Lake Mead_sum,Runoff_m3_Lower Colorado Lake Mead_sum,Recharge_m3_Lower Colorado Lake Mead_sum,Soil_Water_End_Of_Previous_Timestep_m3_Lower Colorado Lake Mead_sum,Lower Colorado Lake Mead_area_m2
0,2005-01-01,125.34798378133844,0.0,11.449414858454594,317.368305972823,0.46656944226340186,66.9568983917543,28.46858602975195,10932.990154941259,40.591795162400075,58.228610605473996,98.77850482065192,74.94683867738229,1465753432.612752,0.0,132947633.57341176,474685055.5980591,680879698.9787321,1146883336.6330082,11639905751.715582
1,2005-02-01,95.00059445939169,0.0,20.354237645195745,317.368305972823,0.46656944226340186,66.9568983917543,28.46858602975195,10932.990154941259,24.70028291995025,50.9278664250533,97.4404484816585,74.14411411092695,1110932330.4171877,0.0,236335923.90767047,288870229.82797915,595517008.3070598,1131361369.1283586,11639905751.715582
2,2005-03-01,58.44692009815336,0.0,60.35477520539886,317.368305972823,0.46656944226340186,66.9568983917543,28.46858602975195,10932.990154941259,2.421742295197538,18.85902349394829,74.42451469266028,52.06195623639271,683453052.6309099,0.0,700802648.5838037,28326627.525255967,220510013.7934529,864119450.6018844,11639905751.715582
3,2005-04-01,63.14021060002662,1.1080713743587565,74.55161667598925,317.368305972823,0.46656944226340186,66.9568983917543,28.46858602975195,10932.990154941259,6.656170899116163,7.349308271797757,54.50439831068625,33.167730635550974,738331821.8073816,12957808.412190031,865674052.5343536,77847832.2598355,85933229.34233057,632791396.9115072,11639905751.715582
4,2005-05-01,20.987012966797177,2.880985467014622,94.27843439223012,317.368305972823,0.46656944226340186,66.9568983917543,28.46858602975195,10932.990154941259,0.7993940140562248,1.5433208350442826,22.72981056912111,12.057897510463802,245413421.11399624,33690300.62836669,1094729016.5308154,9348908.492761109,18049369.259367354,263876308.9948612,11639905751.715582
5,2005-06-01,30.178523307386506,4.432285497435026,49.09265649176588,317.368305972823,0.46656944226340186,66.9568983917543,28.46858602975195,10932.990154941259,2.443249198350376,0.913906177499125,23.711053729331468,12.612930145604343,352906375.9789094,51831233.648760125,570031850.6205246,28571410.426367093,10686759.977912094,275275149.2243935,11639905751.715582
6,2005-07-01,16.55137207546121,5.761970934029244,63.94362155761699,317.368305972823,0.46656944226340186,66.9568983917543,28.46858602975195,10932.990154941259,3.3399331070065097,1.0082876000542913,20.878785276439903,10.220793636637408,193535489.32684797,67380601.25673337,742566264.0594587,39057068.48498703,11787873.317344798,242367450.69625986,11639905751.715582
7,2005-08-01,45.311567435959255,4.653899563738867,67.87102187288885,317.368305972823,0.46656944226340186,66.9568983917543,28.46858602975195,10932.990154941259,2.6201466330584893,1.2655817192288379,21.769967126552295,11.196929541740069,529898794.87336886,54422792.89202109,788079787.3634512,30640246.093019016,14798394.093610646,252742219.47518328,11639905751.715582
8,2005-09-01,6.816618803308143,2.216142748717513,39.13450628001077,317.368305972823,0.46656944226340186,66.9568983917543,28.46858602975195,10932.990154941259,0.805326600084754,0.6965830674994257,18.706678521823253,8.797396730387986,79708772.32298653,25915616.824380063,454444176.4029414,9417445.074776532,8145187.912918278,217159215.08387583,11639905751.715582
9,2005-10-01,46.22738795953996,1.1080713743587565,20.41924610813678,317.368305972823,0.46656944226340186,66.9568983917543,28.46858602975195,10932.990154941259,0.7834548675161559,4.0309906260545105,40.92966844465851,29.645595214519968,540587498.8493468,12957808.412190031,237120261.9771454,9159192.449540932,47131599.46259143,475198192.21177673,11639905751.715582
10,2005-11-01,9.481146378378718,0.0,12.521055652009677,317.368305972823,0.46656944226340186,66.9568983917543,28.46858602975195,10932.990154941259,0.002538531775444756,1.4072965344020456,37.022589868065126,25.882195980949653,110862676.5596545,0.0,145379037.83246288,29659.687019528003,16458652.892404543,429831657.91779214,11639905751.715582
11,2005-12-01,18.666328838345216,0.0,8.60687641200358,317.368305972823,0.46656944226340186,66.9568983917543,28.46858602975195,10932.990154941259,0.5941191386181496,3.911689208615912,42.94754984009065,31.548608959553377,218297808.05099824,0.0,99932575.91594508,6949358.413102627,45752401.630065225,498639717.614339,11639905751.715582
12,2006-01-01,27.340861562061725,0.0,11.538366543415254,317.368305972823,0.46656944226340186,66.9568983917543,28.46858602975195,10932.990154941259,1.4943740829718402,7.0870180769900015,50.646782641877564,38.389139921501304,319718520.49873215,0.0,133971429.29371765,17479213.078166094,82882195.04349834,588032734.6077163,11639905751.68745
13,2006-02-01,18.03665073013542,0.0,22.89359213709239,317.368305972823,0.46656944226340186,66.9568983917543,28.46858602975195,10932.990154941259,1.2788087509258963,3.4992931151380464,43.3190184008911,30.320348005950112,210939613.26270348,0.0,265847949.8049332,14957724.595897533,40926586.63458871,502942391.34259874,11639905751.68745
14,2006-03-01,105.10254945192938,0.0,46.181019766233995,317.368305972823,0.46656944226340186,66.9568983917543,28.46858602975195,10932.990154941259,11.403426748269867,22.332337410322634,68.53612609404622,52.73502368555557,1229038575.2528555,0.0,536250607.23800784,133374644.65131973,261107022.8110374,795732976.6372283,11639905751.68745
15,2006-04-01,26.429962550562465,0.9636373492048341,66.32249253590398,317.368305972823,0.46656944226340186,66.9568983917543,28.46858602975195,10932.990154941259,0.17619647033541028,3.278567087132242,36.04068257907202,21.5550691175385,309067275.643194,11268858.252999227,770146916.5621253,2060166.025316427,38331778.179775774,418396893.01113325,11639905751.68745
16,2006-05-01,3.429856119358112,2.505456995772643,64.33901887998609,317.368305972823,0.46656944226340186,66.9568983917543,28.46858602975195,10932.990154941259,0.30342331461680955,0.5942799228336714,19.868679223610727,9.749829754485875,40108164.004646614,29299030.146197997,747104980.8372698,3548210.7881857315,6949394.830684574,230635469.96382508,11639905751.68745
17,2006-06-01,5.252701878836973,3.8545493968193365,111.40384573475042,317.368305972823,0.46656944226340186,66.9568983917543,28.46858602975195,10932.990154941259,1.2680425170890197,0.5682726276557705,10.87626258587261,4.850314519042829,61423815.432106555,45075433.01199691,1293631426.3112702,14829363.239288934,6645569.3195097465,126237866.13677345,11639905751.68745
18,2006-07-01,46.74685308609867,5.010913991545286,106.7149042198476,317.368305972823,0.46656944226340186,66.9568983917543,28.46858602975195,10932.990154941259,2.0634261465490527,0.5840354657964587,9.860775949231234,4.501279319772051,546678469.2959388,58598060.292395994,1239119042.8375683,24130593.365581885,6829940.977546416,114465070.03868032,11639905751.68745
19,2006-08-01,7.9662098694930235,4.047276756640515,69.55141327483133,317.368305972823,0.46656944226340186,66.9568983917543,28.46858602975195,10932.990154941259,1.7670450325448634,0.582935988889864,7.742756058749299,3.3557277169280653,93175707.90411356,47329203.37596277,807664545.5858278,20663995.673497107,6817094.624053488,89877499.87991327,11639905751.68745
20,2006-09-01,18.356612266936153,1.9272746984096683,44.40956276015372,317.368305972823,0.46656944226340186,66.9568983917543,28.46858602975195,10932.990154941259,0.6709146195539863,0.6175177738006964,8.477312616663568,3.8395869832062695,214670292.929283,22537716.505998455,515690452.7071767,7845764.741032148,7221732.26017208,98405485.42403015,11639905751.68745
21,2006-10-01,60.77619828635608,0.9636373492048341,20.47332175883887,317.368305972823,0.46656944226340186,66.9568983917543,28.46858602975195,10932.990154941259,0.6884068283457614,5.818693932057029,43.31290024401161,35.641750508204325,710738364.1413447,11268858.252999227,237716535.07554528,8049669.683376068,68059903.95786382,502920493.4496707,11639905751.68745
22,2006-11-01,6.330906463389738,0.0,15.45261842669205,317.368305972823,0.46656944226340186,66.9568983917543,28.46858602975195,10932.990154941259,0.021048278857382648,2.3691455470676344,32.30179312745431,24.33075100507295,74054547.2705034,0.0,179444632.51170975,246229.2536102588,27714035.946183868,375059199.66402626,11639905751.68745
23,2006-12-01,29.819415033635767,0.0,8.91156408226125,317.368305972823,0.46656944226340186,66.9568983917543,28.46858602975195,10932.990154941259,0.9352226102779461,6.845306008622097,45.61843538415429,37.00473524224033,348708042.72843874,0.0,103478448.15910585,10938754.108967591,80057615.34312811,529674596.5669571,11639905751.68745
24,2007-01-01,14.620561302982887,0.0,9.478108950377386,317.368305972823,0.46656944226340186,66.9568983917543,28.46858602975195,10932.990154941259,1.2035957562126833,5.902591311688457,44.207394540687915,34.443706891425464,170985836.78910768,0.0,110059072.70618042,14078152.339945754,69038359.85446954,513282074.3533845,11639905751.715582
25,2007-02-01,28.307799542063236,0.0,16.267545165953557,317.368305972823,0.46656944226340186,66.9568983917543,28.46858602975195,10932.990154941259,1.0552960716716806,8.420778410423376,47.45305271486508,36.70480137166575,331019151.26757073,0.0,188900643.1743688,12341691.089687021,98467763.13596208,550953546.2114571,11639905751.715582
26,2007-03-01,14.156079651703674,0.0,39.277199456628374,317.368305972823,0.46656944226340186,66.9568983917543,28.46858602975195,10932.990154941259,0.1658483228592712,1.2588292347774217,28.210619770071645,17.130561065821645,165538303.34087104,0.0,456085097.508102,1939345.5704718728,14721058.548624264,327511602.6072507,11639905751.715582
27,2007-04-01,32.39449839040033,0.7396990118197394,53.09431275833762,317.368305972823,0.46656944226340186,66.9568983917543,28.46858602975195,10932.990154941259,0.10381783591258759,1.5121310083021018,21.853939579140093,12.347451614851856,378807370.3514908,8650215.828945382,616546964.54982,1213013.9099620318,17676515.6910468,253683074.9490609,11639905751.715582
28,2007-05-01,3.629578257371619,1.9232174580586092,75.83934214254066,317.368305972823,0.46656944226340186,66.9568983917543,28.46858602975195,10932.990154941259,0.007695223056479537,0.44876091129992646,10.80731973449854,5.140908981842911,42445657.666120075,22490561.47489534,880708538.8878511,89911.48038127176,5248054.8813156895,125431237.4007611,11639905751.715582
29,2007-06-01,2.8859533016535015,2.9587960472789576,54.39403889320716,317.368305972823,0.46656944226340186,66.9568983917543,28.46858602975195,10932.990154941259,0.6414392568065826,0.5819684853842855,9.5488235927909,4.3790852371249445,33749811.853384025,34600863.315781526,631634391.1665486,7501902.181434179,6805773.639177047,110829614.04459046,11639905751.715582
30,2007-07-01,29.202554806393564,3.8464349161172184,70.25355407201862,317.368305972823,0.46656944226340186,66.9568983917543,28.46858602975195,10932.990154941259,1.4084595724438154,0.8007448747739299,10.35670088478468,5.024568289049132,341494098.6731764,44981122.94979068,815808640.7843854,16470997.933916718,9362177.117338678,120209304.15523796,11639905751.715582
31,2007-08-01,40.72816360263563,3.106735765950329,67.52459337929236,317.368305972823,0.46656944226340186,66.9568983917543,28.46858602975195,10932.990154941259,1.2571123605241483,0.9728874065840015,11.444205242119466,5.786112803764001,476316359.35445374,36330905.50307966,784102392.899349,14701014.763424862,11376154.744480012,132842106.92143585,11639905751.715582
32,2007-09-01,45.54385147396264,1.4793980236394788,42.01500809972468,317.368305972823,0.46656944226340186,66.9568983917543,28.46858602975195,10932.990154941259,0.5727087311720336,2.0000696479858036,19.97708924989386,11.893566586265294,532565316.13554424,17300431.657890763,487883783.99323136,6695570.302285481,23380709.23538424,231902154.82442912,11639905751.715582
33,2007-10-01,1.7432515134784456,0.7396990118197394,41.29307201127427,317.368305972823,0.46656944226340186,66.9568983917543,28.46858602975195,10932.990154941259,0.0,0.45369507347645294,11.040803342861084,5.316109566960872,20390123.512174934,8650215.828945382,479536409.9955445,0.0,5305888.782297206,128146712.63603552,11639905751.715582
34,2007-11-01,16.02430028705424,0.0,12.022875365940482,317.368305972823,0.46656944226340186,66.9568983917543,28.46858602975195,10932.990154941259,0.04137289409558944,0.9615268106043781,17.49797479508785,12.764942193811684,187406847.19874924,0.0,139619655.14468226,483403.54522232414,11245373.807055466,203128465.35926858,11639905751.715582
35,2007-12-01,76.7387867579507,0.0,5.922751145947599,317.368305972823,0.46656944226340186,66.9568983917543,28.46858602975195,10932.990154941259,9.786018569088709,16.190262029400103,62.274548701447486,51.34484161348129,897377607.785006,0.0,68772930.23476863,114465207.30645013,189312480.1918509,723040679.7582625,11639905751.715582
36,2008-01-01,79.96623024674832,0.0,9.19594795836088,317.368305972823,0.46656944226340186,66.9568983917543,28.46858602975195,10932.990154941259,19.1960713488707,33.702651910051195,80.10405732912263,62.94393734656379,935151466.2353135,0.0,106766752.85181962,224536164.82556966,394091621.1007473,930079303.5079069,11639905751.715582
37,2008-02-01,73.58893341397966,0.0,31.74630064144009,317.368305972823,0.46656944226340186,66.9568983917543,28.46858602975195,10932.990154941259,12.92272703090737,28.72318482645258,80.30574303944422,62.4468705697853,860581014.2109392,0.0,368616499.2562356,151155969.30132943,335885105.55037564,932428535.3259227,11639905751.715582
38,2008-03-01,12.290637802337546,0.0,51.654603040847356,317.368305972823,0.46656944226340186,66.9568983917543,28.46858602975195,10932.990154941259,0.5988370883416546,3.6418260858273372,39.428640882228784,24.337066685208573,143727163.61469376,0.0,599799696.224149,7004408.436154736,42591134.07069517,457773978.0380265,11639905751.715582
39,2008-04-01,2.0367895717612186,0.7709817636502602,64.65242374272661,317.368305972823,0.46656944226340186,66.9568983917543,28.46858602975195,10932.990154941259,0.0,0.3024301394010244,14.580354917724563,7.084183486653859,23819941.65853193,9016035.647091879,750766622.7520471,0.0,3536893.3193452316,169253588.23469698,11639905751.715582
40,2008-05-01,18.497724385110725,2.00455247516114,55.00031963039104,317.368305972823,0.46656944226340186,66.9568983917543,28.46858602975195,10932.990154941259,0.023325885942297946,0.5498392546607089,13.22805048683301,6.45845405940029,216293259.65698972,23441691.392373092,638658046.4757574,272837.25383245817,6429768.56455281,153547427.74456015,11639905751.715582
41,2008-06-01,5.374320169014659,3.0839270546010407,51.504311378115496,317.368305972823,0.46656944226340186,66.9568983917543,28.46858602975195,10932.990154941259,0.8558573627470932,0.6040606526143111,12.59786804426013,5.978630020870349,62856726.82822083,36064142.588367514,598098861.1667286,10009080.346026212,7064077.315393796,146230364.84295154,11639905751.715582
42,2008-07-01,28.880105439880136,4.00910495032228,71.42043745777616,317.368305972823,0.46656944226340186,66.9568983917543,28.46858602975195,10932.990154941259,1.6805718677982637,0.7158956386060403,12.866819082287204,6.317732330657409,337710115.46600556,46883382.784746185,829384683.8652794,19653055.620670892,8371056.420249876,149349014.99681246,11639905751.715582
43,2008-08-01,30.413099224323062,3.238123266738944,57.26532954619751,317.368305972823,0.46656944226340186,66.9568983917543,28.46858602975195,10932.990154941259,1.2804022999613205,0.7027301445307722,13.930470703734347,7.056719291201034,355694695.08686906,37867348.073933415,664982922.0831766,14973298.853445478,8217783.789528589,161708226.76139578,11639905751.715582
44,2008-09-01,6.700218504776127,1.5419635273005203,24.832971327701056,317.368305972823,0.46656944226340186,66.9568983917543,28.46858602975195,10932.990154941259,0.3713289438406288,0.6342024173446941,12.992336688231317,6.691213853726859,78360776.6459133,18032071.294183757,288370289.4895058,4342194.197390324,7416682.202453008,150814929.78323996,11639905751.715582
45,2008-10-01,21.237689433066574,0.7709817636502602,15.198207164079367,317.368305972823,0.46656944226340186,66.9568983917543,28.46858602975195,10932.990154941259,0.09487558007562465,1.1726659684739893,20.21597886937936,14.391980671931027,248344870.234019,9016035.647091879,176463736.96767852,1109260.5048291876,13713788.653423226,234695346.64668936,11639905751.715582
46,2008-11-01,37.67202288017661,0.0,9.613661293486082,317.368305972823,0.46656944226340186,66.9568983917543,28.46858602975195,10932.990154941259,0.8439617420331523,6.292681292772094,41.279475219749,34.426931761589366,440562342.5653668,0.0,111630480.8465882,9871423.102923604,73600798.29061784,479285407.9426507,11639905751.715582
47,2008-12-01,92.03005029109038,0.0,6.677798037178826,317.368305972823,0.46656944226340186,66.9568983917543,28.46858602975195,10932.990154941259,18.008071663605367,31.023125791277913,77.52086271195432,61.839167188766005,1076222870.2673047,0.0,77543930.84567843,210642424.3673706,362764237.8898282,900090530.3263004,11639905751.715582
48,2009-01-01,42.06970398062958,0.0,11.831532990941389,317.368305972823,0.46656944226340186,66.9568983917543,28.46858602975195,10932.990154941259,7.863961746975935,23.70953541432974,76.139162392433,58.84705898363154,491969066.81998646,0.0,137405259.7104627,91978977.57684359,277242175.0942898,884030242.6926252,11639905751.715582
49,2009-02-01,71.06633174585744,0.0,21.62941035457182,317.368305972823,0.46656944226340186,66.9568983917543,28.46858602975195,10932.990154941259,13.140627454548325,31.36495649236805,81.01061335601972,62.66167702057324,830996073.5901204,0.0,251153793.7101411,153688523.74827963,366729725.8778336,940571318.8211936,11639905751.715582
50,2009-03-01,10.003716100359771,0.0,47.828017056639986,317.368305972823,0.46656944226340186,66.9568983917543,28.46858602975195,10932.990154941259,0.47674488318881947,4.096701131466588,42.479096779647016,25.765720824351362,116995450.67634474,0.0,555375716.0078505,5575715.255183269,47906576.08862449,493169097.375846,11639905751.715582
51,2009-04-01,20.947901005329253,0.773420325280132,61.761039961063226,317.368305972823,0.46656944226340186,66.9568983917543,28.46858602975195,10932.990154941259,0.091497920535309,1.3239340475161037,24.09943803100978,13.18917379111271,244945467.04168746,9044529.337994965,717142436.135993,1070252.6241909026,15482595.703966696,279773302.276924,11639905751.715582
52,2009-05-01,14.208424853616465,2.0108928475228542,61.86339432946628,317.368305972823,0.46656944226340186,66.9568983917543,28.46858602975195,10932.990154941259,0.023515295496259084,0.6025930678857614,15.16402661502027,7.2951196576993365,166185003.32881725,23515776.299816392,718334346.5030283,274804.46540049906,7046932.3496508915,176033821.7662701,11639905751.715582
53,2009-06-01,11.068297315187792,3.093681301120528,58.1027030561024,317.368305972823,0.46656944226340186,66.9568983917543,28.46858602975195,10932.990154941259,1.1039395196477917,0.6687451606867011,13.134094174156013,6.075854801403786,129439052.4783967,36178117.35197986,674733597.0105573,12909291.98685891,7819527.728895901,152465742.0322799,11639905751.715582
54,2009-07-01,14.799074532334965,4.0217856950457085,52.07591221787172,317.368305972823,0.46656944226340186,66.9568983917543,28.46858602975195,10932.990154941259,1.8155515927343377,0.8466470045627872,13.94560954287528,6.490898141544453,173060581.83541113,47031552.599632785,604744883.3072473,21230932.85107189,9899489.739203284,161885179.5630725,11639905751.715582
55,2009-08-01,6.144830703924368,3.248365457256103,60.26230032180971,317.368305972823,0.46656944226340186,66.9568983917543,28.46858602975195,10932.990154941259,1.2430878018559508,0.6268666003628544,12.602866548929782,5.848470394289251,71857895.68962614,37987024.28477916,699782255.9759612,14536890.602083817,7330682.770758281,146298435.92314646,11639905751.715582
56,2009-09-01,18.346606447311192,1.546840650560264,35.47207955891007,317.368305972823,0.46656944226340186,66.9568983917543,28.46858602975195,10932.990154941259,0.40325929776369196,0.7512336903344619,15.31877153386243,8.087134033147624,214552084.19024035,18089058.67598993,411942909.6423451,4715587.465895385,8784976.482642207,177826958.41985163,11639905751.715582
57,2009-10-01,5.592805247423826,0.773420325280132,14.796635163701616,317.368305972823,0.46656944226340186,66.9568983917543,28.46858602975195,10932.990154941259,0.060799611493422875,0.6757558417007365,15.071411756198307,7.95253417437452,65406649.024639316,9044529.337994965,171844663.3115841,710671.9200337532,7902641.245779261,174955762.61696735,11639905751.715582
58,2009-11-01,13.916742568571125,0.0,7.270218438314968,317.368305972823,0.46656944226340186,66.9568983917543,28.46858602975195,10932.990154941259,0.012254297362356283,0.8723964105256823,21.66944340981909,16.004000098510673,162744531.1667947,0.0,84419965.05309016,143180.0049919322,10203248.643666092,251570244.2531814,11639905751.715582
59,2009-12-01,89.1584092360652,0.0,5.4016301149943,317.368305972823,0.46656944226340186,66.9568983917543,28.46858602975195,10932.990154941259,12.608850811998362,21.853235583289315,71.07408857121169,57.24348836636632,1042650333.7630472,0.0,62718681.76457254,147488881.32481804,255545248.18024105,825237975.4081689,11639905751.715582
60,2010-01-01,117.66872403038815,0.0,10.514081898023376,317.368305972823,0.46656944226340186,66.9568983917543,28.46858602975195,10932.990154941259,34.336084199047725,49.47505655341101,94.3780750835287,72.07362489609285,1376000624.8763905,0.0,122076091.51189013,401567665.40215665,578535737.8443446,1095810955.920893,11639905751.715582
61,2010-02-01,73.79847881730319,0.0,15.439833211050502,317.368305972823,0.46656944226340186,66.9568983917543,28.46858602975195,10932.990154941259,15.255243921724237,44.20733484009762,92.90879837125874,71.01404514247183,862966126.9337045,0.0,179288218.84812552,178399529.63964856,516923804.7998439,1078743822.7276716,11639905751.715582
62,2010-03-01,53.46275901604681,0.0,57.380440072933865,317.368305972823,0.46656944226340186,66.9568983917543,28.46858602975195,10932.990154941259,6.487984746949088,15.383768251006792,67.43057687558927,47.72436008631982,625175026.8413721,0.0,666244789.6294428,75883167.05131502,179881658.24197802,782920244.0344776,11639905751.715582
63,2010-04-01,20.050401007002307,0.8802684548272861,72.4162967913468,317.368305972823,0.46656944226340186,66.9568983917543,28.46858602975195,10932.990154941259,0.5847015596963919,3.5984068940998757,29.348426829443284,17.044781889847197,234480347.1921945,10293963.438915696,840895166.6000869,6839140.159575391,42082061.47086127,340726226.4486373,11639905751.715582
64,2010-05-01,5.665829232890757,2.288697987959542,57.186991043084745,317.368305972823,0.46656944226340186,66.9568983917543,28.46858602975195,10932.990154941259,0.17340268473364404,0.8290513087217275,16.778371684776463,7.979368537843839,66257116.50785125,26764305.004551902,664108052.8004616,2027823.857027883,9694982.578694843,194759093.10326135,11639905751.715582
65,2010-06-01,5.68354533304361,3.5210738193091444,50.327374163694365,317.368305972823,0.46656944226340186,66.9568983917543,28.46858602975195,10932.990154941259,1.377701105768865,0.6527213065769196,13.619168393577777,6.2214396287158396,66464647.61914513,41175853.755662784,584421616.9593883,16111275.728412524,7632515.673383579,158078758.66637066,11639905751.715582
66,2010-07-01,12.211168005531494,4.577395975919084,42.947457122309494,317.368305972823,0.46656944226340186,66.9568983917543,28.46858602975195,10932.990154941259,2.3031298795562045,0.8664266556043724,14.719430142502398,6.969218515858919,142817645.8104134,53528610.009103805,498722670.7972861,26932876.777210288,10132515.941194024,170858531.31846488,11639905751.715582
67,2010-08-01,28.630481981842745,3.697127439797299,47.00588410492595,317.368305972823,0.46656944226340186,66.9568983917543,28.46858602975195,10932.990154941259,2.091678313606722,1.2673045688330165,18.80510253458688,9.85562540162491,334790748.151118,43234645.61924575,545826306.358722,24458015.436362047,14816317.086993307,218295748.29599053,11639905751.715582
68,2010-09-01,1.005424303905265,1.7605369096545722,25.597381936524314,317.368305972823,0.46656944226340186,66.9568983917543,28.46858602975195,10932.990154941259,0.4217676340951424,0.6301479681822751,16.41662855118287,8.078801370669309,11761422.029893868,20587926.877831392,297254098.28112143,4932089.944810396,7369116.045764813,190563158.18528092,11639905751.715582
69,2010-10-01,85.73178987927918,0.8802684548272861,25.087084752903927,317.368305972823,0.46656944226340186,66.9568983917543,28.46858602975195,10932.990154941259,2.6059343226043454,13.69623018802807,61.741552365648836,49.40277450505531,1002576321.3076231,10293963.438915696,291339789.0473722,30472929.070296098,160155742.16972205,716857917.1843531,11639905751.715582
70,2010-11-01,35.09953638985322,0.0,18.439869532685833,317.368305972823,0.46656944226340186,66.9568983917543,28.46858602975195,10932.990154941259,3.3111600973256605,12.896605004129679,62.32161067721558,48.26414618380196,410477898.33977133,0.0,214142670.6302119,38730061.8446887,150805166.12099236,723589298.2885734,11639905751.715582
71,2010-12-01,203.899700477368,0.0,10.290246188044375,317.368305972823,0.46656944226340186,66.9568983917543,28.46858602975195,10932.990154941259,87.8340530778356,57.292470780836105,110.43308760693873,81.44376276619822,2384212782.00909,0.0,119476079.77149022,1027064987.9900337,669918944.1985393,1282189551.7811184,11639905751.715582
72,2011-01-01,7.572729142397061,0.0,14.250423147051777,317.368305972823,0.46656944226340186,66.9568983917543,28.46858602975195,10932.990154941259,0.12033830894119356,29.128193188505136,74.31253126047258,51.34602165390437,88552817.15117061,0.0,165463837.04188225,1407474.5816619922,340582083.63583523,862819039.689534,11639905751.68745
73,2011-02-01,83.96102664092562,0.0,21.66087941943499,317.368305972823,0.46656944226340186,66.9568983917543,28.46858602975195,10932.990154941259,13.4188863813153,38.45765530099765,84.59859140310928,64.21121132696018,981883115.0529739,0.0,251532078.59679997,156954348.53087768,449700693.18110263,982275511.3435903,11639905751.68745
74,2011-03-01,52.97411672499516,0.0,63.47904604856934,317.368305972823,0.46656944226340186,66.9568983917543,28.46858602975195,10932.990154941259,6.777942523382201,10.982077830833028,57.717760755159844,40.338029754433535,619481427.5776056,0.0,737097210.6586431,79276539.78323503,128426554.06594558,670129475.2089169,11639905751.68745
75,2011-04-01,42.14399205465649,1.0108656662861941,64.69513072156566,317.368305972823,0.46656944226340186,66.9568983917543,28.46858602975195,10932.990154941259,2.2511299872243256,4.821554028654604,38.92367954078187,25.43731583054273,492881769.05937177,11821039.792342402,751188929.4647759,26330752.85318188,56396146.13706365,451950272.59844047,11639905751.68745
76,2011-05-01,35.407017575176226,2.6282507415426988,68.04673868036232,317.368305972823,0.46656944226340186,66.9568983917543,28.46858602975195,10932.990154941259,1.0425432516694184,3.168772308538424,28.033358708315763,16.50004965775944,414047692.90132564,30734703.56765064,790111164.540345,12192901.77715831,37058974.68869099,325488210.60440177,11639905751.68745
77,2011-06-01,0.48868638146914206,4.0434626651447765,41.506599641142266,317.368305972823,0.46656944226340186,66.9568983917543,28.46858602975195,10932.990154941259,2.056251869834294,0.6814660308780135,18.89743305775307,9.197392836669472,5712850.314906713,47284159.16936961,481989568.567969,24045984.107045643,7969309.002533084,219391908.66947657,11639905751.68745
78,2011-07-01,30.170262123138514,5.2565014830853976,53.65384028650506,317.368305972823,0.46656944226340186,66.9568983917543,28.46858602975195,10932.990154941259,3.1523482161057768,1.2340687512031263,21.336889548217226,10.972617059030249,352810797.7527376,61469407.13530128,623027675.7129024,36863152.8665197,14430191.026487015,247708414.78460175,11639905751.68745
79,2011-08-01,7.354111120832369,4.245635784897824,50.73820818108518,317.368305972823,0.46656944226340186,66.9568983917543,28.46858602975195,10932.990154941259,2.143684784775158,0.6798279026655885,17.764864182756103,8.536717540077175,86020642.23404841,49648366.96973385,589209156.4459448,25068233.5368378,7949582.909258274,206229037.88568246,11639905751.68745
80,2011-09-01,29.33553092535225,2.0217313325723882,37.97635461539022,317.368305972823,0.46656944226340186,66.9568983917543,28.46858602975195,10932.990154941259,0.948967897118636,1.1519197897830293,20.0500301631199,10.487580176877374,343070752.18348455,23642079.584684804,440972009.2908782,11096613.132058345,13469960.880923895,232771985.02928394,11639905751.68745
81,2011-10-01,48.436341980295715,1.0108656662861941,25.85660218365672,317.368305972823,0.46656944226340186,66.9568983917543,28.46858602975195,10932.990154941259,0.6567723861342116,4.852950053272447,38.54405111798861,28.46936764126112,566388319.3821809,11821039.792342402,300260916.4352628,7678037.509205148,56745722.58464437,447477445.276051,11639905751.68745
82,2011-11-01,20.89718077696746,0.0,10.728437661177262,317.368305972823,0.46656944226340186,66.9568983917543,28.46858602975195,10932.990154941259,0.2277756658636297,4.632392522123859,43.8819201548153,32.89638895696234,244379129.6850345,0.0,124585722.26520795,2663351.47238282,54171813.71449967,509455011.7908125,11639905751.68745
83,2011-12-01,18.976779613981734,0.0,9.74569770229336,317.368305972823,0.46656944226340186,66.9568983917543,28.46858602975195,10932.990154941259,0.5212604500383454,5.096394478793368,47.583632246039194,35.7143188208337,221935911.12025353,0.0,113168794.8672706,6096994.699095639,59601375.69849258,552448115.7447004,11639905751.68745
84,2012-01-01,44.32378060134486,0.0,11.110454093085092,317.368305972823,0.46656944226340186,66.9568983917543,28.46858602975195,10932.990154941259,5.212755934772563,14.703506077135216,61.06962276525696,48.09293593511506,518365566.4378532,0.0,129016479.31443131,60973551.15517311,171946330.98541915,709059601.1826715,11639905751.715582
85,2012-02-01,57.20130051401326,0.0,21.029602132806446,317.368305972823,0.46656944226340186,66.9568983917543,28.46858602975195,10932.990154941259,8.68775029711821,21.00147217934128,67.6655159358154,52.54257980548346,668921878.5629132,0.0,244200386.86459646,101617875.91395488,245576975.06411624,785637029.9008886,11639905751.715582
86,2012-03-01,38.53199179989241,0.0,45.03805054518775,317.368305972823,0.46656944226340186,66.9568983917543,28.46858602975195,10932.990154941259,1.5419768725394156,7.854184165946744,53.99617349393796,38.58441206939586,450580998.62529886,0.0,522960026.31039995,18034740.16787889,91841844.50487338,626913050.521367,11639905751.715582
87,2012-04-01,28.698537236936513,0.7946536904237727,69.79701290870925,317.368305972823,0.46656944226340186,66.9568983917543,28.46858602975195,10932.990154941259,0.213564846815948,1.8113720000515687,28.99208480738649,16.017004294418815,335618704.9043186,9292789.609298317,810463834.747866,2497743.5231836597,21183023.035649214,336590672.4854845,11639905751.715582
88,2012-05-01,0.07413903075917035,2.0660995887928064,55.718863278100244,317.368305972823,0.46656944226340186,66.9568983917543,28.46858602975195,10932.990154941259,0.0,0.5271385999512807,18.53158733500213,9.072552863238311,866309.473514762,24161252.91053298,647036628.7644471,0.0,6164557.816620562,215131354.3493317,11639905751.715582
89,2012-06-01,0.0,3.1786147616950906,58.847725175978354,317.368305972823,0.46656944226340186,66.9568983917543,28.46858602975195,10932.990154941259,1.0972925225861678,0.6097635384130482,15.253453955150142,7.183054540141976,0.0,37171158.43719327,683314336.6312855,12832467.852015022,7130704.045517875,177079962.8571249,11639905751.715582
90,2012-07-01,51.91637608362571,4.132199177585613,71.94734089307636,317.368305972823,0.46656944226340186,66.9568983917543,28.46858602975195,10932.990154941259,2.441235275941776,2.04508618971493,20.944032865573497,11.55171296347253,607108269.3936422,48322505.82106596,835389259.5341092,28547033.065592248,23912302.4631655,243151377.5514738,11639905751.715582
91,2012-08-01,61.65465485752405,3.3375453872841505,51.20364814505411,317.368305972823,0.46656944226340186,66.9568983917543,28.46858602975195,10932.990154941259,2.816591101806046,6.3475694399308455,34.030960359551145,24.729353547419517,720991125.9339749,39029715.043714546,594508941.0608702,32936500.380067572,74229213.94702323,395132056.18987596,11639905751.715582
92,2012-09-01,26.044464874659635,1.5893073808475453,35.8702736472007,317.368305972823,0.46656944226340186,66.9568983917543,28.46858602975195,10932.990154941259,0.8738477043580439,3.5035836141969936,32.15359313116225,21.00640158043541,304563312.98129296,18585579.218596634,416514633.58738047,10217590.265366837,40970067.54248928,373320907.7662814,11639905751.715582
93,2012-10-01,24.882820599464193,0.7946536904237727,17.11781285640606,317.368305972823,0.46656944226340186,66.9568983917543,28.46858602975195,10932.990154941259,0.5211648201348829,4.760890304544373,37.437243909411926,26.58963916123271,290964095.59715885,9292789.609298317,198745630.15217245,6093330.060749543,55672944.51792708,434674873.72500813,11639905751.715582
94,2012-11-01,17.721305664047403,0.0,8.011630187637573,317.368305972823,0.46656944226340186,66.9568983917543,28.46858602975195,10932.990154941259,0.24386528117172382,4.7014779574295,43.08487837107115,32.011170793052756,207249842.3256062,0.0,93017579.59718432,2852457.9841882717,54990630.67013269,500263549.6375904,11639905751.715582
95,2012-12-01,58.41786637869855,0.0,5.724609360811862,317.368305972823,0.46656944226340186,66.9568983917543,28.46858602975195,10932.990154941259,5.3135191239398845,21.80324224690506,68.6400717721397,54.874707196487414,683126900.216113,0.0,66484631.94090975,62148915.1665022,254962186.05459714,796968750.93965,11639905751.715582
96,2013-01-01,35.70370916997893,0.0,11.715943018618468,317.368305972823,0.46656944226340186,66.9568983917543,28.46858602975195,10932.990154941259,3.8037464419345586,17.532110979345244,71.26941389758517,55.153781185457454,417543044.7425911,0.0,136026835.15040016,44493387.02998854,205037223.91635275,827508519.8236035,11639905751.715582
97,2013-02-01,17.946323684956305,0.0,24.923048983357425,317.368305972823,0.46656944226340186,66.9568983917543,28.46858602975195,10932.990154941259,0.4118493385848668,5.149108816277387,58.994445109037535,41.196958261819574,209869130.0049064,0.0,289403528.9851842,4817080.883896738,60221900.53670891,684964302.583024,11639905751.715582
98,2013-03-01,36.565773156685694,0.0,40.48883109713132,317.368305972823,0.46656944226340186,66.9568983917543,28.46858602975195,10932.990154941259,0.567081232111611,4.3323285893653285,51.86493037095825,33.680725721920716,427618834.1998857,0.0,470133511.06575686,6631432.109279569,50664641.12642618,602197384.341448,11639905751.715582
99,2013-04-01,19.37185433206827,0.7175675213124451,47.17103858084107,317.368305972823,0.46656944226340186,66.9568983917543,28.46858602975195,10932.990154941259,0.1277114073404238,1.3898838015002195,35.594546082710245,19.769423972768134,226529818.0553029,8391350.26100172,547707605.0352393,1493088.3525525036,16252952.20826338,413287073.15253204,11639905751.715582
100,2013-05-01,9.744770525316213,1.8656755434689103,57.16205260825668,317.368305972823,0.46656944226340186,66.9568983917543,28.46858602975195,10932.990154941259,0.025266352765845875,0.542796304623304,21.419183467342762,10.399956001214953,113956124.37309182,21817510.539067224,663736078.9318432,295435.53754527366,6347441.3663926115,248687966.28170273,11639905751.715582
101,2013-06-01,0.22971870220045731,2.8702700852497802,54.63737932136659,317.368305972823,0.46656944226340186,66.9568983917543,28.46858602975195,10932.990154941259,0.7025995760994888,0.5986855259743237,16.571925138600594,7.648750526203986,2684037.8047306566,33565401.04400688,634458778.6777651,8216434.621442801,7001239.676703056,192395240.46747023,11639905751.715582
102,2013-07-01,64.67746710077678,3.7313510869378206,86.52516726113082,317.368305972823,0.46656944226340186,66.9568983917543,28.46858602975195,10932.990154941259,2.270311736428461,2.4489120817224816,20.756766717095186,11.233145031726883,756379145.8200513,43635021.07813445,1004745263.4024464,26548416.888977077,28633237.863434426,240974830.8461876,11639905751.715582
103,2013-08-01,44.76095836467032,3.0137835746868737,58.01359155594623,317.368305972823,0.46656944226340186,66.9568983917543,28.46858602975195,10932.990154941259,1.6286695157186237,1.899017682158215,22.397150545347614,12.3443446585741,523476941.14364904,35243670.92297026,673670884.0076002,19045329.59400581,22206959.781870082,260025545.49398616,11639905751.715582
104,2013-09-01,79.18307845417159,1.4351350426248901,50.53198119992155,317.368305972823,0.46656944226340186,66.9568983917543,28.46858602975195,10932.990154941259,1.424552083173049,7.226526465044417,44.48948550348734,32.92787803807069,925983301.1173656,16782700.52200344,586732571.2427843,16657919.138293464,84514497.49086657,516584926.27241254,11639905751.715582
105,2013-10-01,22.107074231414494,0.7175675213124451,28.88134448165395,317.368305972823,0.46656944226340186,66.9568983917543,28.46858602975195,10932.990154941259,0.08575572997511513,2.7973132719149736,38.42383185591975,26.150725132041387,258523821.59715492,8391350.26100172,335357556.9744705,1002434.9031518594,32715437.48639161,446147389.83578324,11639905751.715582
106,2013-11-01,37.78792058284421,0.0,15.489550265511163,317.368305972823,0.46656944226340186,66.9568983917543,28.46858602975195,10932.990154941259,0.5839356046712363,8.548094352293694,51.62431535197034,37.88987856603732,441894741.9357291,0.0,179854785.03407836,6828474.634961144,99967813.7778832,599426149.9530802,11639905751.715582
107,2013-12-01,17.5005981563188,0.0,8.306605452603904,317.368305972823,0.46656944226340186,66.9568983917543,28.46858602975195,10932.990154941259,0.8940444444269524,7.325476352326906,52.88465254117632,38.50279117334058,204668700.01905754,0.0,96449196.96895686,10457354.199717829,85678412.98052037,614063686.3381213,11639905751.715582
108,2014-01-01,17.816726773861234,0.0,18.055949847085934,317.368305972823,0.46656944226340186,66.9568983917543,28.46858602975195,10932.990154941259,0.22571332788822848,3.6902029898633364,49.25453926374042,34.84088065112536,208360154.31178373,0.0,209672716.63421175,2640103.461293525,43160533.358507335,571900149.2389096,11639905751.715582
109,2014-02-01,27.044694242820583,0.0,13.05804923760888,317.368305972823,0.46656944226340186,66.9568983917543,28.46858602975195,10932.990154941259,2.203285701322024,6.989329188851483,54.164812511005415,38.69663323412391,316267110.49233675,0.0,151634413.5276156,25770552.7133166,81731841.43949524,628909063.8151621,11639905751.715582
110,2014-03-01,13.571988150046028,0.0,28.897485816401414,317.368305972823,0.46656944226340186,66.9568983917543,28.46858602975195,10932.990154941259,0.1630223982026418,1.9704157145529113,41.152100721758515,24.88575386128786,158712336.54600188,0.0,335565612.263443,1906309.8743338243,23041411.446441434,477797213.6434242,11639905751.715582
111,2014-04-01,17.46550677690879,0.6852585497406595,50.79702743736333,317.368305972823,0.46656944226340186,66.9568983917543,28.46858602975195,10932.990154941259,0.1233088016759574,0.6995427850658991,27.45034752091316,14.283002644912658,204244484.923633,8013558.256196782,589850224.3490825,1441626.289717112,8178208.697971013,318697852.3985953,11639905751.715582
112,2014-05-01,13.69301928935995,1.7816722812860062,55.93688026209698,317.368305972823,0.46656944226340186,66.9568983917543,28.46858602975195,10932.990154941259,0.06377100016346424,0.5205417939591555,20.9300152107755,10.230233421584122,160132292.17621902,20835252.07373366,649459936.704219,745451.7117813751,6087991.42707401,243010762.6199436,11639905751.715582
113,2014-06-01,0.006921016530411425,2.741034198962638,99.01811723171028,317.368305972823,0.46656944226340186,66.9568983917543,28.46858602975195,10932.990154941259,0.25001766240600853,0.50682971649896,9.84669051366711,4.260831842452796,80854.47255945271,32054233.024787128,1149845332.5290115,2923831.246375886,5927217.126359571,114308906.97188407,11639905751.715582
114,2014-07-01,32.16731709183137,3.5633445625720124,76.95153967412234,317.368305972823,0.46656944226340186,66.9568983917543,28.46858602975195,10932.990154941259,1.341290095162386,0.5897210386176786,10.007043381975093,4.50052807350183,376176886.1682694,41670504.14746732,893545134.2850353,15685490.162326986,6896397.716134602,116173987.83680318,11639905751.715582
115,2014-08-01,60.54215171789506,2.87808603032417,61.07302828002532,317.368305972823,0.46656944226340186,66.9568983917543,28.46858602975195,10932.990154941259,1.4361337642445253,1.4735982411605402,20.685419820266958,12.601824388161573,707978404.4884067,33656946.09600207,709120403.0882828,16793579.53660006,17232501.840091188,240180241.86233306,11639905751.715582
116,2014-09-01,90.73797941359547,1.370517099481319,48.38835092511206,317.368305972823,0.46656944226340186,66.9568983917543,28.46858602975195,10932.990154941259,1.799607882803626,10.992383991372062,51.94135924520419,40.36075573242459,1061069129.6060809,16027116.512393564,561843384.6576549,21045233.335886013,128553817.86189966,603105647.20446,11639905751.715582
117,2014-10-01,2.0156534259206276,0.6852585497406595,29.175854829687857,317.368305972823,0.46656944226340186,66.9568983917543,28.46858602975195,10932.990154941259,0.0,0.9639599708975364,29.966177819099382,18.300504764732526,23573242.00886626,8013558.256196782,338746226.13785875,0.0,11274191.73552093,347955768.0510297,11639905751.715582
118,2014-11-01,9.490784894270371,0.0,18.42511568440859,317.368305972823,0.46656944226340186,66.9568983917543,28.46858602975195,10932.990154941259,0.0,0.1814202068646222,24.314624653353704,13.790465736511619,110988229.2514707,0.0,213959572.51237658,0.0,2121519.5332123153,282320495.60706437,11639905751.715582
119,2014-12-01,34.25860052172175,0.0,13.481937250742785,317.368305972823,0.46656944226340186,66.9568983917543,28.46858602975195,10932.990154941259,0.032947438052094824,3.4096878762862706,41.74608332470576,30.666194266320066,400601618.2311444,0.0,156554203.48614904,385017.12845165393,39865647.651046835,484709196.7159258,11639905751.715582
120,2015-01-01,28.09091160069558,0.0,15.97788738840178,317.368305972823,0.46656944226340186,66.9568983917543,28.46858602975195,10932.990154941259,0.1684933217652992,5.997812396360784,47.73085366452435,35.66826637861707,328504588.90226626,0.0,185535387.58701977,1970643.2335874452,70138788.03999004,554204245.9774204,11639905751.715582
121,2015-02-01,45.554289543858225,0.0,23.071110497679044,317.368305972823,0.46656944226340186,66.9568983917543,28.46858602975195,10932.990154941259,2.254612234880247,10.804262549964056,57.29277073612289,43.56854341862053,532753007.4027878,0.0,267899619.21567848,26371298.07739976,126363331.52957638,665242698.3686464,11639905751.715582
122,2015-03-01,44.028107654618275,0.0,43.60251781576214,317.368305972823,0.46656944226340186,66.9568983917543,28.46858602975195,10932.990154941259,2.386629154428984,7.968296019335956,49.21022446477537,36.066984019349825,514935307.774132,0.0,506274759.3282115,27915914.460578907,93212759.44210322,571433430.8157791,11639905751.715582
123,2015-04-01,17.708407648652276,0.6308704449570628,48.73581821747944,317.368305972823,0.46656944226340186,66.9568983917543,28.46858602975195,10932.990154941259,0.11998953990881586,1.4246843812585506,32.170613967544014,18.160082090519772,207077175.50172096,7377497.475974897,565882540.9352543,1403280.2116538493,16662765.597574592,373559983.7719789,11639905751.715582
124,2015-05-01,53.5974001787199,1.6402631786443207,70.06537167929453,317.368305972823,0.46656944226340186,66.9568983917543,28.46858602975195,10932.990154941259,0.27457429408746575,2.8920273390262765,28.568826393137265,15.999814440264018,626761234.0317895,19181493.69194413,813613794.6152221,3209719.897793882,33815204.16983113,331706653.5113702,11639905751.715582
125,2015-06-01,15.593224426931657,2.523481779828251,99.67710792610731,317.368305972823,0.46656944226340186,66.9568983917543,28.46858602975195,10932.990154941259,0.37004359447661317,0.4994653335612385,13.346812496174113,6.240666010353393,182365318.7574571,29509989.903899588,1157486589.6014738,4326911.163528267,5841104.369306598,154949912.3498204,11639905751.715582
126,2015-07-01,34.88619340858551,3.2805263572886414,73.1896788441003,317.368305972823,0.46656944226340186,66.9568983917543,28.46858602975195,10932.990154941259,1.2356082902493402,0.8380805619016989,14.313003328667602,7.049637187292163,407981579.4474454,38362987.38388826,849909546.7289251,14448776.866654802,9799960.224114764,166161784.06205773,11639905751.715582
127,2015-08-01,35.16209123480061,2.6496557334670197,51.73569472391927,317.368305972823,0.46656944226340186,66.9568983917543,28.46858602975195,10932.990154941259,1.2383514384714276,1.2813859259975087,17.644803122919523,9.434568164870594,411224662.018913,30985487.816254817,600768475.165913,14480835.371077394,14982842.75710683,204851543.04632658,11639905751.715582
128,2015-09-01,27.063811965039964,1.2617408899141256,48.8813808032893,317.368305972823,0.46656944226340186,66.9568983917543,28.46858602975195,10932.990154941259,0.08890156758870951,0.9249841143846128,15.534543422234131,8.145922458440252,316527606.32303715,14754994.951949794,567638194.6087141,1039319.0731365138,10816253.263771333,180347142.61918235,11639905751.715582
129,2015-10-01,52.241774043281005,0.6308704449570628,31.555227046542555,317.368305972823,0.46656944226340186,66.9568983917543,28.46858602975195,10932.990154941259,0.2116089508993633,3.330870925859508,34.17122397670243,26.1240433130144,611007993.785596,7377497.475974897,366463099.40751404,2474585.66879327,38958061.03081458,396776403.0783192,11639905751.715582
130,2015-11-01,25.582611901752955,0.0,14.011492165423265,317.368305972823,0.46656944226340186,66.9568983917543,28.46858602975195,10932.990154941259,0.19415755319260733,5.1633867233229145,40.66958718681643,31.914573596688673,299202403.9040023,0.0,162705506.74677628,2271124.8758046115,60396323.939569026,472245322.4786662,11639905751.715582
131,2015-12-01,32.93273036838514,0.0,14.953072447133865,317.368305972823,0.46656944226340186,66.9568983917543,28.46858602975195,10932.990154941259,1.5674565136286902,8.801414962152894,48.50781025127611,37.96064640095085,385136917.36568195,0.0,173634582.37283134,18334649.067037903,102938685.3335236,563255516.807165,11639905751.715582
132,2016-01-01,65.39297181797961,0.0,12.09477041094299,317.368305972823,0.46656944226340186,66.9568983917543,28.46858602975195,10932.990154941259,7.462858859136445,24.353653761046626,69.95330432520848,55.97282652485747,764729838.5578761,0.0,140449367.9896235,87293492.9870401,284811309.58428675,812245183.1462976,11639905751.715582
133,2016-02-01,19.565341574211196,0.0,26.8959385147357,317.368305972823,0.46656944226340186,66.9568983917543,28.46858602975195,10932.990154941259,2.936151346510821,5.140865707713529,54.92040158448892,39.092930600502136,228819990.02333996,0.0,312318728.79691005,34340759.22735464,60127852.34716133,637681862.4050174,11639905751.715582
134,2016-03-01,32.09851932912165,0.0,39.305762790663884,317.368305972823,0.46656944226340186,66.9568983917543,28.46858602975195,10932.990154941259,5.145216470443414,3.7501978227952697,42.628792016684166,27.913852470884922,375384686.9098711,0.0,456433343.6150042,60177861.949363,43856405.10608939,494944533.969688,11639905751.715582
135,2016-04-01,66.24666987249523,0.6050699082567287,49.85452458611498,317.368305972823,0.46656944226340186,66.9568983917543,28.46858602975195,10932.990154941259,3.5649720149107487,7.845649901427247,49.77604864441607,34.43413505449056,774659941.5776461,7075780.664406106,578872482.8231769,41693673.38101151,91735074.82713936,577930262.7925972,11639905751.715582
136,2016-05-01,10.092270853717821,1.5731818141897946,68.89115132319722,317.368305972823,0.46656944226340186,66.9568983917543,28.46858602975195,10932.990154941259,0.06238880169601452,0.75848064288748,21.140494296295486,10.946883730708779,118027209.03903043,18397030.34404209,799884486.4505411,729497.4141552411,8870083.82431654,245462332.94540027,11639905751.715582
137,2016-06-01,8.502023759265985,2.4202796330269147,71.24292636151651,317.368305972823,0.46656944226340186,66.9568983917543,28.46858602975195,10932.990154941259,0.392345361735664,0.632853798516337,15.056305204589059,7.3550634418847025,99412805.98041777,28303122.657624424,827292674.8764943,4587693.470894783,7400607.372154397,174798388.04880476,11639905751.715582
138,2016-07-01,21.567017848681736,3.1463636283795893,75.58633289505225,317.368305972823,0.46656944226340186,66.9568983917543,28.46858602975195,10932.990154941259,1.0370705125517072,0.691497781351432,13.841519026345988,6.90971756413991,252211423.15869716,36794060.68808418,877732717.688391,12127233.902711429,8086227.540667696,160688408.57457736,11639905751.715582
139,2016-08-01,53.55565526032054,2.5412936342349757,78.45889480527973,317.368305972823,0.46656944226340186,66.9568983917543,28.46858602975195,10932.990154941259,0.9897990208559418,1.1676777615063452,16.480090765232426,9.002666226190238,626343497.0055833,29718279.019167136,911089591.8479143,11574514.874867134,13653594.541608281,191330454.2410981,11639905751.715582
140,2016-09-01,43.990435221879004,1.2101398165134574,44.31966671267409,317.368305972823,0.46656944226340186,66.9568983917543,28.46858602975195,10932.990154941259,0.4063744391293984,2.1877933528127955,22.788480542034065,15.25957880266422,514551220.7395991,14151561.328812212,514702345.8607613,4752289.897282191,25586143.53638518,264602272.63708192,11639905751.715582
141,2016-10-01,14.320102737786511,0.6050699082567287,21.28527012400207,317.368305972823,0.46656944226340186,66.9568983917543,28.46858602975195,10932.990154941259,0.060808107686940366,1.0963843665616881,21.349549013552057,13.338646227271983,167445808.60978642,7075780.664406106,247167136.16440004,710753.3049679572,12820099.988620043,247874547.5535978,11639905751.715582
142,2016-11-01,26.66614005663292,0.0,6.220029202594823,317.368305972823,0.46656944226340186,66.9568983917543,28.46858602975195,10932.990154941259,0.19430185934692568,3.8663068366906335,37.80266096044714,29.52014839505489,311832120.3850155,0.0,72226631.69952938,2271992.981334262,45216242.184833445,438914267.662098,11639905751.715582
143,2016-12-01,73.82234974230859,0.0,4.891361988682179,317.368305972823,0.46656944226340186,66.9568983917543,28.46858602975195,10932.990154941259,8.26035257682604,25.259707780905867,73.12430066137266,58.49542806011125,863245893.7936971,0.0,56796421.49467447,96613352.40081091,295366227.5282705,849027779.9920875,11639905751.715582
144,2017-01-01,106.44485206905698,0.0,8.919482198766516,317.368305972823,0.46656944226340186,66.9568983917543,28.46858602975195,10932.990154941259,28.24676552610213,49.78144647445364,92.43560689294355,70.98969937825773,1244751452.3433063,0.0,103562182.95211756,330371312.8507464,582097976.5915629,1073249388.602879,11639905751.715582
145,2017-02-01,54.26048295033021,0.0,20.65049869605329,317.368305972823,0.46656944226340186,66.9568983917543,28.46858602975195,10932.990154941259,9.209375775217515,30.26414383071812,86.5400815166537,65.77271298037398,634519269.2460909,0.0,239770293.93750605,107707684.86375846,353892901.09060735,1004808189.9817595,11639905751.715582
146,2017-03-01,32.773946725670164,0.0,49.99544526692771,317.368305972823,0.46656944226340186,66.9568983917543,28.46858602975195,10932.990154941259,2.1262933061995897,7.437529327064739,60.43313603619822,40.1653831797567,383269786.9309723,0.0,580521420.0177094,24867667.444783587,86966866.20442422,701684438.3573192,11639905751.715582
147,2017-04-01,13.895127438946533,0.3944418238710074,67.05441707407441,317.368305972823,0.46656944226340186,66.9568983917543,28.46858602975195,10932.990154941259,0.44923479033608865,1.6586427342229353,25.44868786779467,13.707699978214983,162504901.69056815,4612766.426277326,778629398.4562515,5254750.137029514,19397642.301092546,295465542.88042176,11639905751.715582
148,2017-05-01,15.60451620155309,1.0255487509520684,79.93372754414898,317.368305972823,0.46656944226340186,66.9568983917543,28.46858602975195,10932.990154941259,0.0,0.3339525255550947,12.772296190380857,6.199970410534283,182495090.80572608,11993192.812207052,928221147.473075,0.0,3905781.7280051466,148267454.79970172,11639905751.715582
149,2017-06-01,0.028066835514806664,1.5777672954840296,54.1348113817477,317.368305972823,0.46656944226340186,66.9568983917543,28.46858602975195,10932.990154941259,0.0,0.3588128114095907,10.192095466330654,4.695240031759456,328444.28775675135,18451065.705109306,628612834.9510196,0.0,4196224.577121729,118316167.5809655,11639905751.715582
150,2017-07-01,53.86846431571269,2.051097501904137,79.80678342861707,317.368305972823,0.46656944226340186,66.9568983917543,28.46858602975195,10932.990154941259,0.07173803928445531,1.2257253448271819,15.973947043381054,8.755157910012713,629945027.9555416,23986385.624414105,926705160.1001874,838935.1215062075,14333381.944313897,185444111.69365242,11639905751.715582
151,2017-08-01,30.389595976292824,1.656655744782025,65.92720417844095,317.368305972823,0.46656944226340186,66.9568983917543,28.46858602975195,10932.990154941259,0.15087737670491436,0.6337136206012011,14.182416882046565,7.282213879503804,355380211.15750873,19373619.978628844,765485844.6224313,1764373.341282147,7410447.430465684,164656033.3492922,11639905751.715582
152,2017-09-01,26.084335136265807,0.7888836477420148,51.97137128702081,317.368305972823,0.46656944226340186,66.9568983917543,28.46858602975195,10932.990154941259,0.0019468626932348757,0.6161305947805219,13.628552248127889,6.731514190967285,305017847.64110404,9225532.852554653,603428720.5381639,22770.085939932287,7205735.922467419,158237155.50931653,11639905751.715582
153,2017-10-01,0.5489567568280433,0.3944418238710074,20.431261305109004,317.368305972823,0.46656944226340186,66.9568983917543,28.46858602975195,10932.990154941259,0.0,0.2919430289282586,11.474808634073616,5.419420401310864,6421136.98989359,4612766.426277326,237239699.36017254,0.0,3414441.8064862387,133227508.60725565,11639905751.715582
154,2017-11-01,3.1125552682063056,0.0,11.019562832796991,317.368305972823,0.46656944226340186,66.9568983917543,28.46858602975195,10932.990154941259,0.0,0.012579907452135176,10.675237779420563,5.107078436106044,36396613.19746965,0.0,127948510.07882357,0.0,147071.9246705862,123944849.1834386,11639905751.715582
155,2017-12-01,4.543237380561313,0.0,10.524070347743342,317.368305972823,0.46656944226340186,66.9568983917543,28.46858602975195,10932.990154941259,0.0,0.024579216483194045,10.387549272369995,5.37165192630501,53128650.454769224,0.0,122206038.15682347,0.0,287419.1902669895,120602148.53579797,11639905751.715582
156,2018-01-01,41.010582661946806,0.0,11.809093484625057,317.368305972823,0.46656944226340186,66.9568983917543,28.46858602975195,10932.990154941259,0.7343227161749015,3.8152301358342777,35.15987955050093,28.602801764979446,479528025.9546575,0.0,137126276.02730986,8589462.221873231,44616934.34775811,408192610.1228475,11639905751.715582
157,2018-02-01,31.66561779437785,0.0,19.60862711482723,317.368305972823,0.46656944226340186,66.9568983917543,28.46858602975195,10932.990154941259,1.7748974485377425,5.51892486656012,40.20266834795734,32.33411418150474,370328450.02818894,0.0,227673441.55453342,20760479.432029124,64546851.861088745,466779988.4910035,11639905751.715582
158,2018-03-01,46.52610230013872,0.0,46.90515694578633,317.368305972823,0.46656944226340186,66.9568983917543,28.46858602975195,10932.990154941259,3.3991937398962238,3.9236124967591106,34.74928942730303,26.77738777904257,544126854.5552084,0.0,544667660.4219922,39759634.74452161,45889718.84534118,403466254.93723553,11639905751.715582
159,2018-04-01,14.195345935673526,0.32733710248938724,50.501216774784105,317.368305972823,0.46656944226340186,66.9568983917543,28.46858602975195,10932.990154941259,0.3301704667795695,1.1766762104974569,16.89346789363687,10.557016817292697,166009144.16476354,3828065.9426797233,586407733.928353,3861772.269930246,13763202.459056038,196137374.51156875,11639905751.715582
160,2018-05-01,14.381704229453469,0.851076438997437,91.68371846374015,317.368305972823,0.46656944226340186,66.9568983917543,28.46858602975195,10932.990154941259,0.01085808781566695,0.07190453774902268,8.453821644401492,3.9660469874556177,168164102.61738452,9952971.129671987,1064582235.2712473,126993.85198822562,840982.6713403906,98141165.25607395,11639905751.715582
161,2018-06-01,0.02453428897055385,1.309348409957549,49.84349007329708,317.368305972823,0.46656944226340186,66.9568983917543,28.46858602975195,10932.990154941259,0.0,0.29793120005047424,7.412593209695671,3.3013715161464368,287055.7744580722,15312263.770718893,578792795.5394591,0.0,3484407.2551039327,86053946.02108686,11639905751.715582
162,2018-07-01,56.77500727253369,1.702152877994874,100.06652670729848,317.368305972823,0.46656944226340186,66.9568983917543,28.46858602975195,10932.990154941259,0.1756638203684232,0.68739411818085,9.592797632683986,4.45672907996915,663986603.3323965,19905942.259343974,1161996216.993421,2053938.9182000465,8039653.891910571,111363349.7290288,11639905751.715582
163,2018-08-01,34.96318840232379,1.3748158549247118,71.0663450991218,317.368305972823,0.46656944226340186,66.9568983917543,28.46858602975195,10932.990154941259,0.10157094946239915,0.9003333628731776,11.586169311672636,6.140991448407516,408930296.0904415,16077877.245425358,825137557.4587529,1187918.0932185391,10530242.940723706,134533424.16136107,11639905751.715582
164,2018-09-01,3.5173858772587274,0.6546742049787745,46.15446138646948,317.368305972823,0.46656944226340186,66.9568983917543,28.46858602975195,10932.990154941259,0.0,0.1423061363190786,7.848344408434611,3.569456653958365,41128680.459226176,7656131.8853594465,535945928.7047218,0.0,1664472.9285372756,91122125.18252373,11639905751.715582
165,2018-10-01,58.936344551684115,0.32733710248938724,31.86736065204601,317.368305972823,0.46656944226340186,66.9568983917543,28.46858602975195,10932.990154941259,0.027838177769106274,3.193639877366633,32.24016093404047,26.052103542538926,689188782.9628083,3828065.9426797233,370047203.52737254,325563.54827454616,37350433.49290457,374318733.6405103,11639905751.715582
166,2018-11-01,16.492595831530974,0.0,11.806986829775026,317.368305972823,0.46656944226340186,66.9568983917543,28.46858602975195,10932.990154941259,0.010201480521618683,2.38413488337066,34.675002137656136,27.311614541691295,192856562.1899092,0.0,137103450.57760006,119306.67453611034,27877867.625827264,402580724.0286829,11639905751.715582
167,2018-12-01,12.254682109113677,0.0,10.200415519508354,317.368305972823,0.46656944226340186,66.9568983917543,28.46858602975195,10932.990154941259,0.010269443002307404,2.8875634119662887,34.51812896769193,26.877377498878992,143312526.36842024,0.0,118456743.79472928,120114.26998349227,33771169.356496446,400751425.66060585,11639905751.715582
168,2019-01-01,83.03483863583907,0.0,12.059770883124251,317.368305972823,0.46656944226340186,66.9568983917543,28.46858602975195,10932.990154941259,10.996422022154292,24.14248571592852,70.438505270991,56.828685855212164,970980399.435925,0.0,140043494.36024305,128613332.79290421,282284935.96125436,817822033.5800068,11639905751.715582
169,2019-02-01,122.99239830847702,0.0,18.200858643459576,317.368305972823,0.46656944226340186,66.9568983917543,28.46858602975195,10932.990154941259,33.94853312453876,49.13876245926379,91.8540917835814,71.11633921311918,1438265931.2192223,0.0,211348110.21135688,397035331.50318384,574573539.0128894,1066493516.7925096,11639905751.715582
170,2019-03-01,107.93525970129542,0.0,64.18433956370454,317.368305972823,0.46656944226340186,66.9568983917543,28.46858602975195,10932.990154941259,19.07968617350813,30.735938421519307,85.82572779716388,64.47508607061798,1262119040.051978,0.0,745271697.1641175,223122361.59919897,359379741.6350813,996472897.5962648,11639905751.715582
171,2019-04-01,37.964595317690176,0.4046583471875597,73.39230271903767,317.368305972823,0.46656944226340186,66.9568983917543,28.46858602975195,10932.990154941259,3.7245735852048245,6.807774085505665,45.97665115987094,28.195388177333204,443953237.4306766,4732149.714794901,852223474.272886,43559917.238185614,79596396.25478785,533764296.9991826,11639905751.715582
172,2019-05-01,85.17693449985666,1.052111701459478,87.77930247931482,317.368305972823,0.46656944226340186,66.9568983917543,28.46858602975195,10932.990154941259,4.838159271354049,9.194401329064956,41.67670688755322,27.409628670571642,996050593.6388869,12303589.244143771,1019271744.7237419,56582504.41753569,107497256.95672883,483843251.85538477,11639905751.715582
173,2019-06-01,8.295430189600866,1.6186333887502389,77.33566276088014,317.368305972823,0.46656944226340186,66.9568983917543,28.46858602975195,10932.990154941259,0.0,0.7608998621736754,17.032131800587322,8.463034815984589,97019658.04941176,18928598.859179605,897939919.9083829,0.0,8898656.917221643,197737696.6496529,11639905751.715582
174,2019-07-01,11.86498954240006,2.104223402918956,90.48891826905619,317.368305972823,0.46656944226340186,66.9568983917543,28.46858602975195,10932.990154941259,0.0,0.45624849022803654,9.111107596210893,4.153100957762435,138758301.6696426,24607178.488287542,1050782412.6360466,0.0,5335610.704008441,105759520.99571422,11639905751.715582
175,2019-08-01,5.037006500267335,1.6995650863887541,68.58515607406709,317.368305972823,0.46656944226340186,66.9568983917543,28.46858602975195,10932.990154941259,0.0,0.45479723496966873,7.091905639032537,3.1725217030193633,58916422.15236127,19875029.13188101,796433294.684181,0.0,5318641.76871408,82318237.43356955,11639905751.715582
176,2019-09-01,3.1230477556455716,0.8093166943751194,48.338590284689,317.368305972823,0.46656944226340186,66.9568983917543,28.46858602975195,10932.990154941259,0.0,0.35411251080218137,5.929073536269187,2.6171825686737282,36527314.24510062,9464299.429589802,561287381.8964163,0.0,4141266.377213243,68819406.79770397,11639905751.715582
177,2019-10-01,0.4808387979542936,0.4046583471875597,20.49329139395173,317.368305972823,0.46656944226340186,66.9568983917543,28.46858602975195,10932.990154941259,0.0,0.12042237128736236,5.495245830406167,2.396952805229148,5623781.475418945,4732149.714794901,237975225.52246252,0.0,1408254.1064961723,63783501.8399064,11639905751.715582
178,2019-11-01,95.07461678975169,0.0,8.386956174314797,317.368305972823,0.46656944226340186,66.9568983917543,28.46858602975195,10932.990154941259,6.1610647093356175,17.34887148010398,68.66367670965502,55.60419538576498,1111810586.1013033,0.0,97383774.34503523,72064714.370241,202876764.77215242,797265213.9142731,11639905751.715582
179,2019-12-01,57.93306448189904,0.0,8.56379168815697,317.368305972823,0.46656944226340186,66.9568983917543,28.46858602975195,10932.990154941259,8.595577238653107,31.1293070980576,78.19271045022525,61.155365617603756,677469580.985917,0.0,99422979.96809413,100536676.747951,364030881.3123739,907905072.961063,11639905751.715582
180,2020-01-01,11.26285334174521,0.0,12.223944674885047,317.368305972823,0.46656944226340186,66.9568983917543,28.46858602975195,10932.990154941259,0.26028364122959985,9.580329128733249,67.39384042369915,48.19433957128149,131709222.32232176,0.0,141940073.21604708,3044452.3057423593,112037989.01168549,782507441.7541425,11639905751.715582
181,2020-02-01,32.539672838644876,0.0,19.852955491468045,317.368305972823,0.46656944226340186,66.9568983917543,28.46858602975195,10932.990154941259,1.5579296880819171,10.880183094182133,67.67821765639889,48.421022350137896,380503316.32690954,0.0,230521278.19066653,18221481.869820908,127233259.1674235,785794566.2320817,11639905751.715582
182,2020-03-01,94.87223316925686,0.0,40.4803173058064,317.368305972823,0.46656944226340186,66.9568983917543,28.46858602975195,10932.990154941259,12.555158928116631,31.125208328293407,78.2779458042345,58.671873182868964,1109399393.2341723,0.0,470033447.48444724,146839542.917769,363938253.26823825,908867723.9509584,11639905751.715582
183,2020-04-01,29.072465251581878,0.6290860581139062,98.1520859515179,317.368305972823,0.46656944226340186,66.9568983917543,28.46858602975195,10932.990154941259,0.6223078145218133,2.4791518684307015,25.029635566850033,13.935077704545341,339953257.7942433,7356598.21176478,1139728401.7567773,7277885.322622428,28991433.215716876,290571462.8980476,11639905751.715582
184,2020-05-01,0.7817910861214065,1.63562373011288,86.69474571223098,317.368305972823,0.46656944226340186,66.9568983917543,28.46858602975195,10932.990154941259,0.0,0.33138112052095725,7.564988082593519,3.236840536973571,9143328.327200951,19127155.105430353,1006664343.725773,0.0,3875571.3082021903,87812832.40524164,11639905751.715582
185,2020-06-01,0.48682667849165856,2.5163442324556247,62.11563355828536,317.368305972823,0.46656944226340186,66.9568983917543,28.46858602975195,10932.990154941259,0.1445012402412243,0.44881171574712625,6.630182021511792,2.7683221484852525,5692132.136122287,29426392.84705912,721282543.6563846,1690027.0021068375,5248822.802267596,76961557.2220286,11639905751.715582
186,2020-07-01,5.814159082835079,3.27124746022576,65.46298462141966,317.368305972823,0.46656944226340186,66.9568983917543,28.46858602975195,10932.990154941259,0.915474400178863,0.5686863988779239,6.077669648438235,2.511387255357113,68016024.78807981,38254310.21086071,760158613.9522754,10706667.321283536,6650477.700693063,70549632.49270704,11639905751.715582
187,2020-08-01,7.863000814808114,2.642161490751492,59.16456606542256,317.368305972823,0.46656944226340186,66.9568983917543,28.46858602975195,10932.990154941259,0.6289950789619774,0.5244583593569045,5.856726011118483,2.450142335357825,91957845.8972059,30897713.03526839,687036536.5767214,7356116.885962961,6133335.4239805825,67985252.003845,11639905751.715582
188,2020-09-01,0.7937105177403824,1.2581721162278123,44.951256365366625,317.368305972823,0.46656944226340186,66.9568983917543,28.46858602975195,10932.990154941259,0.023572525858610107,0.4293343619868228,5.020233135483974,2.042647483760151,9283381.439155621,14713196.42352956,521957293.7535297,275722.14136121236,5021090.957441971,58275280.6121665,11639905751.715582
189,2020-10-01,0.3613149652986474,0.6290860581139062,26.156146710349493,317.368305972823,0.46656944226340186,66.9568983917543,28.46858602975195,10932.990154941259,0.0,0.42739935497566567,4.289935803641411,1.6941063070800506,4225975.9765256,7356598.21176478,303723485.40229005,0.0,4998478.744742118,49796448.45280948,11639905751.715582
190,2020-11-01,16.790075474854966,0.0,16.43824232342236,317.368305972823,0.46656944226340186,66.9568983917543,28.46858602975195,10932.990154941259,0.0,0.19177859833877112,9.291585831437203,7.431180440460677,196371708.60864854,0.0,190871267.1957647,0.0,2243259.4361716043,107890041.99722739,11639905751.715582
191,2020-12-01,12.458908594558427,0.0,5.931243144291331,317.368305972823,0.46656944226340186,66.9568983917543,28.46858602975195,10932.990154941259,0.13217454265770046,1.3292221883379367,15.543702267954846,13.789342739690111,145701225.05282772,0.0,68870385.41291764,1545998.393643927,15548422.644726347,180485330.195156,11639905751.715582
192,2021-01-01,38.470163090916984,0.0,10.915297946374737,317.368305972823,0.46656944226340186,66.9568983917543,28.46858602975195,10932.990154941259,1.1796242037630968,6.839836324127622,35.77095960690036,30.801303111324774,449818640.9123164,0.0,126746868.10102738,13797430.319818404,79982659.0467089,415300696.49881124,11639905751.715582
193,2021-02-01,14.507758353681753,0.0,14.444562287972456,317.368305972823,0.46656944226340186,66.9568983917543,28.46858602975195,10932.990154941259,0.8613962130837798,4.9386105972674414,32.3032123259871,26.744877885986515,169671296.79660347,0.0,167715926.45861956,10075968.614758343,57761938.76560187,375045321.63398284,11639905751.715582
194,2021-03-01,42.23015661517829,0.0,39.034309416747206,317.368305972823,0.46656944226340186,66.9568983917543,28.46858602975195,10932.990154941259,1.2595980930605464,4.801332204891636,31.891732431000364,25.183038847036308,493824853.02956283,0.0,453240653.4654514,14732951.255281806,56148511.15205509,370262136.0436068,11639905751.715582
195,2021-04-01,15.407918353559904,0.3650990657536535,63.55414466180927,317.368305972823,0.46656944226340186,66.9568983917543,28.46858602975195,10932.990154941259,0.0,0.6421062264207337,12.928479236314105,7.457599833903692,180153437.30158424,4269628.3071141755,737962826.2424703,0.0,7508402.756778112,150078038.14769924,11639905751.715582
196,2021-05-01,1.2105852691894636,0.9492575699065422,87.36310738854708,317.368305972823,0.46656944226340186,66.9568983917543,28.46858602975195,10932.990154941259,0.0,0.06284653134192807,4.466149882969914,1.8637680769339953,14153513.806265019,11101033.586124578,1014438004.6781876,0.0,735024.1241106213,51832330.80491215,11639905751.715582
197,2021-06-01,3.3938388543018827,1.460396263014614,93.15304484269105,317.368305972823,0.46656944226340186,66.9568983917543,28.46858602975195,10932.990154941259,0.0,0.004385404190002032,2.9582466536728136,1.2082280110672128,39695195.18027608,17078513.228456702,1081741760.8439848,0.0,51236.55840151716,34328002.62753232,11639905751.715582
198,2021-07-01,80.83660169013464,1.8985151398130844,87.36453846097973,317.368305972823,0.46656944226340186,66.9568983917543,28.46858602975195,10932.990154941259,0.18026686159031477,1.0987904686263572,11.967595004852296,7.9003981375015275,945318365.7576777,22202067.172249157,1014478938.313482,2106367.5153248752,12846200.078410931,138919599.8065973,11639905751.715582
199,2021-08-01,45.383729435777056,1.5334161131043083,67.50896781176677,317.368305972823,0.46656944226340186,66.9568983917543,28.46858602975195,10932.990154941259,0.04994161824575151,1.0158830096784803,12.72496496466779,7.6033594074610376,530773134.95363027,17932439.321764104,783929437.8069177,583838.7339398335,11881467.070854073,147725349.48036027,11639905751.715582
200,2021-09-01,11.717513165992838,0.730198131507307,54.54781743293213,317.368305972823,0.46656944226340186,66.9568983917543,28.46858602975195,10932.990154941259,0.0,0.3009871110785958,7.79379356819616,4.037729842488455,137048917.91161558,8539256.614228351,633430976.2316394,0.0,3520198.6253633453,90469664.82876103,11639905751.715582
201,2021-10-01,56.01493271838282,0.3650990657536535,31.226763233787853,317.368305972823,0.46656944226340186,66.9568983917543,28.46858602975195,10932.990154941259,0.3215799509228736,4.257607849064122,29.25528040642863,25.878206568819767,655068497.9835345,4269628.3071141755,362596039.8402745,3760751.908361678,49795048.48368937,339690081.2130989,11639905751.715582
202,2021-11-01,0.1800528229983354,0.0,16.53562062778315,317.368305972823,0.46656944226340186,66.9568983917543,28.46858602975195,10932.990154941259,0.0,0.1755534189157024,17.009595259633173,12.72722098201542,2105346.546045296,0.0,192007686.6178273,0.0,2053417.7606935103,197487449.32561868,11639905751.715582
203,2021-12-01,108.92404237104402,0.0,8.648348455240852,317.368305972823,0.46656944226340186,66.9568983917543,28.46858602975195,10932.990154941259,18.419782600523913,26.345638362777695,72.59246820570306,59.47534596290846,1273721947.3116786,0.0,100425192.60680771,215430551.09353754,308061507.9539373,842849269.8101712,11639905751.715582
204,2022-01-01,14.6555541138116,0.0,12.357339512854235,317.368305972823,0.46656944226340186,66.9568983917543,28.46858602975195,10932.990154941259,1.1489412105182961,14.682402317616503,59.05903559101015,43.80615610708157,171305529.16790688,0.0,143497842.57901958,13428285.56826229,171648371.74546582,685673703.2695106,11639905751.715582
205,2022-02-01,26.18105140506243,0.0,18.465374585025327,317.368305972823,0.46656944226340186,66.9568983917543,28.46858602975195,10932.990154941259,1.805186767648582,10.812750795292677,54.57750422533146,39.41653075783975,306140495.4484856,0.0,214417707.7278198,21107723.17278116,126413054.96228455,633644691.18973,11639905751.715582
206,2022-03-01,24.00934712570678,0.0,44.880494555386875,317.368305972823,0.46656944226340186,66.9568983917543,28.46858602975195,10932.990154941259,0.5774469042061876,3.6822762756015996,34.88269621501003,22.305156665810326,280774039.68847466,0.0,521147152.8591686,6754343.818353735,43054245.656284876,404970851.67266977,11639905751.715582
207,2022-04-01,10.363779783945727,0.273377624673153,64.79783377766803,317.368305972823,0.46656944226340186,66.9568983917543,28.46858602975195,10932.990154941259,0.0,0.3242494246621705,13.769724240211987,6.901199136027903,121189964.01580329,3197013.752881571,752396610.789474,0.0,3791200.72408557,159850162.45123085,11639905751.715582
208,2022-05-01,0.27554833851807947,0.7107817994738551,73.6756623250205,317.368305972823,0.46656944226340186,66.9568983917543,28.46858602975195,10932.990154941259,0.0,0.06813922926346833,7.409636608685745,3.3643668798682884,3220306.0415371996,8312235.468878159,855507390.1827843,0.0,796963.1371069199,86014238.40348473,11639905751.715582
209,2022-06-01,3.5415702723818656,1.093510498692612,59.600977778423506,317.368305972823,0.46656944226340186,66.9568983917543,28.46858602975195,10932.990154941259,0.0,0.14969225846578177,6.835604320868593,3.0932126355099223,41428737.53316993,12788055.011526285,692143857.5611615,0.0,1750880.2819909593,79348875.27011311,11639905751.715582
210,2022-07-01,40.91952797045341,1.4215635989477102,90.35221816227059,317.368305972823,0.46656944226340186,66.9568983917543,28.46858602975195,10932.990154941259,0.061139826900843144,0.4810666474786937,7.4194272222444635,3.578853328165072,478516109.7475529,16624470.937756319,1049170367.4871535,714361.4361035782,5624114.247269198,86123043.79379903,11639905751.715582
211,2022-08-01,59.29869806810397,1.1481860209385502,93.7715950282946,317.368305972823,0.46656944226340186,66.9568983917543,28.46858602975195,10932.990154941259,0.03294921869311798,0.6917772630499494,7.7337431540311385,3.9754262609707958,693461934.430319,13427457.73058409,1088858077.1002655,384980.6644412013,8085697.6270328,89772393.15002759,11639905751.715582
212,2022-09-01,42.80184706411037,0.546755249346306,47.58743707276678,317.368305972823,0.46656944226340186,66.9568983917543,28.46858602975195,10932.990154941259,0.0030667804404591265,1.2114860862702912,13.772981411061545,9.143654822914856,500536599.7662395,6394027.505763142,552555557.2275366,35832.44818821255,14163861.045389345,159905681.4318605,11639905751.715582
213,2022-10-01,25.475496494954815,0.273377624673153,27.790257084534982,317.368305972823,0.46656944226340186,66.9568983917543,28.46858602975195,10932.990154941259,0.0034637968065859633,0.6523215854767234,16.5032138481514,11.857817025196905,297937314.2926469,3197013.752881571,322710727.66738844,40471.211427155904,7628900.077492902,191611746.13058737,11639905751.715582
214,2022-11-01,44.95660262986561,0.0,9.483085014419695,317.368305972823,0.46656944226340186,66.9568983917543,28.46858602975195,10932.990154941259,1.2757989824444704,7.465983187184834,43.409527479102145,36.91076007786211,525725933.1364767,0.0,110118042.16276865,14922968.315874608,87317473.90835866,504022604.47065717,11639905751.715582
215,2022-12-01,45.54181085648027,0.0,8.679047501434711,317.368305972823,0.46656944226340186,66.9568983917543,28.46858602975195,10932.990154941259,4.915426907059463,17.02932466524453,58.39518795034307,47.53110208420042,532555837.1575243,0.0,100779134.0916156,57496616.384612106,199126968.37728766,678016865.9300928,11639905751.715582
216,2023-01-01,127.19227049850691,0.0,8.838201643190786,317.368305972823,0.46656944226340186,66.9568983917543,28.46858602975195,10932.990154941259,33.210592101563265,49.86017330676915,93.5287583700856,72.22218028369417,1487349277.1589491,0.0,102628440.1034432,388405653.7312427,583024062.4372194,1085935256.520077,11639905751.715582
217,2023-02-01,50.50894516698011,0.0,22.291648203168705,317.368305972823,0.46656944226340186,66.9568983917543,28.46858602975195,10932.990154941259,7.368677881601067,30.430993234624452,83.91623062794669,63.28374079914725,590674165.1798073,0.0,258838156.55209434,86182447.30757314,355848175.72300524,974343301.5721008,11639905751.715582
218,2023-03-01,156.44391120352898,0.0,44.189104962261844,317.368305972823,0.46656944226340186,66.9568983917543,28.46858602975195,10932.990154941259,45.782548338430246,51.89858226944009,98.37617929109034,73.55663801210927,1829431162.2653394,0.0,513077046.4637409,535422808.95438707,606881512.3094403,1142231873.1073942,11639905751.715582
219,2023-04-01,11.762626694561611,0.3918135035203177,62.61786733885912,317.368305972823,0.46656944226340186,66.9568983917543,28.46858602975195,10932.990154941259,0.18864690297817444,6.092687521082761,47.30879322304645,27.24395669137365,137565675.36714584,4582022.779727661,727076478.667341,2206168.887248304,71254729.46693353,549291640.1558063,11639905751.715582
220,2023-05-01,13.311973091169095,1.0187151226437532,70.60809681895117,317.368305972823,0.46656944226340186,66.9568983917543,28.46858602975195,10932.990154941259,0.0,0.429900938911924,22.386332596331922,11.070306752599251,155674121.51425615,11913259.38497852,819833658.4238192,0.0,5027560.090899535,259945834.93866646,11639905751.715582
221,2023-06-01,14.348676093173166,1.5672540140812707,68.71453373916707,317.368305972823,0.46656944226340186,66.9568983917543,28.46858602975195,10932.990154941259,0.0,0.5854530033840185,15.043880603772996,7.102805259397979,167805244.89075184,18328091.118910644,797879647.3373251,0.0,6847595.097674086,174689114.7068845,11639905751.715582
222,2023-07-01,3.3034822131411743,2.0374302452875064,67.06376626301225,317.368305972823,0.46656944226340186,66.9568983917543,28.46858602975195,10932.990154941259,0.0,0.551001283531461,12.403838082413266,5.629127105815,38637316.826301806,23826518.76995704,778727209.6467373,0.0,6444381.417759713,144035333.87284675,11639905751.715582
223,2023-08-01,63.96943502914461,1.6456166790876399,56.24633333091193,317.368305972823,0.46656944226340186,66.9568983917543,28.46858602975195,10932.990154941259,0.3895009672922511,2.7028267333697156,26.169940596496335,18.04859433554073,748065495.1675501,19244495.257247776,653112142.1677643,4555415.505207354,31613867.470509525,303876080.5864334,11639905751.715582
224,2023-09-01,57.138361628690646,0.7836270070406354,43.3086975787998,317.368305972823,0.46656944226340186,66.9568983917543,28.46858602975195,10932.990154941259,0.7704934409778617,5.524171668001497,38.511856345426025,26.28110114072137,668105191.7452714,9164045.559455322,502911262.21466696,9008676.76149206,64591567.59009351,447117259.3921541,11639905751.715582
225,2023-10-01,10.512986513883993,0.3918135035203177,22.978185225811618,317.368305972823,0.46656944226340186,66.9568983917543,28.46858602975195,10932.990154941259,0.06705243653246068,1.2382511356575574,31.665429652554934,20.114105652535258,122948624.99520303,4582022.779727661,266805339.61727074,784275.654057944,14481506.231828107,367641861.6586618,11639905751.715582
226,2023-11-01,20.382223866330627,0.0,10.641716124626797,317.368305972823,0.46656944226340186,66.9568983917543,28.46858602975195,10932.990154941259,0.15405401934762958,2.5199713531487644,39.158373094388786,27.806750629367894,238357927.8064752,0.0,123567607.55327834,1801884.3216524157,29473072.67159546,454650485.44020987,11639905751.715582
227,2023-12-01,6.823876372858128,0.0,6.983924044196167,317.368305972823,0.46656944226340186,66.9568983917543,28.46858602975195,10932.990154941259,0.046432151716227964,1.6210763939839126,38.36952515078857,27.511485987846562,79800727.83449867,0.0,81099967.35243139,542991.6037935328,18959173.780780494,445487822.41250235,11639905751.715582
228,2024-01-01,44.19544096045855,0.0,9.585606462345366,317.368305972823,0.46656944226340186,66.9568983917543,28.46858602975195,10932.990154941259,1.7448004436936215,13.263020076794437,57.97535194692508,45.6006941001092,516816456.866866,0.0,111321422.7198353,20406768.289194666,155088911.18839437,673127132.9695287,11639905751.715582
229,2024-02-01,93.29591483783699,0.0,21.36426968087812,317.368305972823,0.46656944226340186,66.9568983917543,28.46858602975195,10932.990154941259,16.76370301414715,33.548524240162294,79.58019025271464,62.493056942985575,1090952208.5821803,0.0,248095444.7033412,196054500.93833345,392265416.6537671,923954295.2708691,11639905751.715582
230,2024-03-01,55.77117069066605,0.0,48.726418178252075,317.368305972823,0.46656944226340186,66.9568983917543,28.46858602975195,10932.990154941259,4.751610021120161,15.011661483431661,67.17236801445571,50.47757641533149,652195092.5969551,0.0,565760685.6448476,55574683.588860095,175537240.32516295,779918591.4260873,11639905751.715582
231,2024-04-01,11.46692773105162,0.9375474744571316,67.99781343755224,317.368305972823,0.46656944226340186,66.9568983917543,28.46858602975195,10932.990154941259,0.08683899008348274,1.5900719796779963,26.12484070477585,14.306565268328338,134082092.47511944,10963703.49427307,789494919.7919285,1015697.0796593308,18595727.873986494,303341567.2131797,11639905751.715582
232,2024-05-01,4.261143036549794,2.437623444247802,74.3046077626599,317.368305972823,0.46656944226340186,66.9568983917543,28.46858602975195,10932.990154941259,0.1965123091531968,0.5320013714191778,13.873477230318203,6.407056715193828,49835974.609950066,28505629.209709115,862769876.3581177,2298306.97866088,6221654.686716605,161084683.20482033,11639905751.715582
233,2024-06-01,3.030323448365115,3.7501898978285264,78.60310622625474,317.368305972823,0.46656944226340186,66.9568983917543,28.46858602975195,10932.990154941259,1.4364626416108834,0.5880253610922183,9.838062580553991,4.324221445253815,35448395.39594761,43854813.97709228,912733751.3175137,16798921.06998895,6876618.608413059,114220339.65573868,11639905751.715582
234,2024-07-01,10.630219343058354,4.875246888495604,94.53446559977924,317.368305972823,0.46656944226340186,66.9568983917543,28.46858602975195,10932.990154941259,2.1821933352036043,0.5836720716029585,7.106538785781657,3.080660538119542,124306851.68840161,57011258.41941823,1097759327.0477724,25519173.408068016,6825710.430093821,82498859.95907103,11639905751.715582
235,2024-08-01,36.64949047697146,3.937699490447068,83.74763001329374,317.368305972823,0.46656944226340186,66.9568983917543,28.46858602975195,10932.990154941259,1.8000667173936047,0.6160682716173946,7.699441050156603,3.6596282655031005,428669251.2707846,46047555.8186612,972518323.2171068,21050105.49864807,7204564.961417306,89384545.78505796,11639905751.715582
236,2024-09-01,3.560053050180002,1.8750949489142632,49.812616683253566,317.368305972823,0.46656944226340186,66.9568983917543,28.46858602975195,10932.990154941259,0.38897340070938835,0.5798946929106655,6.0357588038842085,2.653065196766815,41637039.44032534,21927406.98854614,578405881.80509,4548868.176936222,6781545.22640842,70068183.8365565,11639905751.715582
237,2024-10-01,17.046076986269465,0.9375474744571316,25.483818711453672,317.368305972823,0.46656944226340186,66.9568983917543,28.46858602975195,10932.990154941259,0.05323059648757089,0.5411303546701034,7.650836949165265,4.063157536166962,199348301.93057612,10963703.49427307,295918334.47497237,622365.1830064633,6328312.713442021,88821069.66470462,11639905751.715582
238,2024-11-01,16.041317591210916,0.0,8.091022018175346,317.368305972823,0.46656944226340186,66.9568983917543,28.46858602975195,10932.990154941259,0.04279438376087215,1.0283594643137848,15.325723890397681,13.017772616184315,187607867.32627568,0.0,93958884.07031363,500519.1586291495,12027865.458660314,177947014.20899922,11639905751.715582
239,2024-12-01,5.946106794518495,0.0,9.048046259234777,317.368305972823,0.46656944226340186,66.9568983917543,28.46858602975195,10932.990154941259,0.06614137107530892,1.3851914279601798,14.081353865751263,11.403857786824764,69532433.26512246,0.0,105061130.81392945,773627.166615482,16200776.570729768,163495269.57219815,11639905751.715582
