,Date,precip_and_snowmelt_input_Upper Colorado Dirty Devil_mean,irrigation_Upper Colorado Dirty Devil_mean,AET_Upper Colorado Dirty Devil_mean,soil_thickness_Upper Colorado Dirty Devil_mean,soil_porosity_Upper Colorado Dirty Devil_mean,field_capacity_Upper Colorado Dirty Devil_mean,wilting_point_Upper Colorado Dirty Devil_mean,Geo_K_Upper Colorado Dirty Devil_mean,Runoff_Upper Colorado Dirty Devil_mean,Recharge_Upper Colorado Dirty Devil_mean,Soil_Water_End_Of_Previous_Timestep_Upper Colorado Dirty Devil_mean,Soil_Saturation_Percent_End_Of_Timestep_Upper Colorado Dirty Devil_mean,precip_and_snowmelt_input_m3_Upper Colorado Dirty Devil_sum,irrigation_m3_Upper Colorado Dirty Devil_sum,AET_m3_Upper Colorado Dirty Devil_sum,Runoff_m3_Upper Colorado Dirty Devil_sum,Recharge_m3_Upper Colorado Dirty Devil_sum,Soil_Water_End_Of_Previous_Timestep_m3_Upper Colorado Dirty Devil_sum,Upper Colorado Dirty Devil_area_m2
0,2005-01-01,64.27404044407098,0.0,7.930576996936905,271.77014533050277,0.4606438469151232,53.301167331285725,25.216044620867123,13139.121424562605,13.559828409745245,31.685333178709733,61.68770959094545,64.49887115612023,2020136478.7288244,0.0,249260208.00146177,426189699.3379385,995864240.0051955,1916098253.9264736,31518254720.043274
1,2005-02-01,43.650937927605256,0.0,16.805494651211223,271.77014533050277,0.4606438469151232,53.301167331285725,25.216044620867123,13139.121424562605,5.988739702189042,21.7007044316539,60.498743855554814,61.52546678805269,1371960471.073725,0.0,528203590.32940143,188227851.17027792,682053876.9450796,1879169426.7273202,31518254720.043274
2,2005-03-01,23.474258348966845,0.0,49.785918344005616,271.77014533050277,0.4606438469151232,53.301167331285725,25.216044620867123,13139.121424562605,0.16693047740917877,3.9466473057194715,37.7240539557561,20.735214181087684,737793950.7480421,0.0,1564801975.1130726,5246224.516174094,124040453.43102859,1171744763.8632035,31518254720.043274
3,2005-04-01,28.941803690294186,0.281720402257032,73.19093258063899,271.77014533050277,0.4606438469151232,53.301167331285725,25.216044620867123,13139.121424562605,0.009990680166492736,1.8969380140669427,21.790783993303833,9.569257480853919,909654985.0894351,8854736.494275974,2300437876.833988,314005.26012928574,59620729.303236015,676842429.5952246,31518254720.043274
4,2005-05-01,14.338188927940376,0.7324730191640856,69.59050001273573,271.77014533050277,0.4606438469151232,53.301167331285725,25.216044620867123,13139.121424562605,0.03486828220372234,0.6095472100231107,12.017173881328771,4.868637529337695,450656175.16017914,23022314.045775272,2187257989.9318476,1095965.5929521094,19158325.571271,373269470.81389785,31518254720.043274
5,2005-06-01,24.22641663657226,1.126881609028128,54.762735181640046,271.77014533050277,0.4606438469151232,53.301167331285725,25.216044620867123,13139.121424562605,0.1972882113045665,0.7011555328874642,11.499140323329026,5.914690402244712,761453596.5498623,35418945.9771039,1721228470.4356399,6201047.187659346,22038137.139402453,357179758.87992215,31518254720.043274
6,2005-07-01,14.98816652609056,1.4649460383281712,64.17264683510216,271.77014533050277,0.4606438469151232,53.301167331285725,25.216044620867123,13139.121424562605,0.22975045357593554,0.3913770535213379,7.372073371802341,3.119414082264806,471078693.4325252,46044628.091550544,2016991892.3788464,7221344.097069003,12301138.048250074,228985785.33964416,31518254720.043274
7,2005-08-01,34.95930876059345,1.1832256824739218,50.708054997704984,271.77014533050277,0.4606438469151232,53.301167331285725,25.216044620867123,13139.121424562605,0.213602730987671,1.0648703562093658,9.56676497193071,7.453200528995602,1098769561.8529706,37189893.05578924,1593767158.3087926,6713762.3959656805,33469899.10690738,297156343.86888844,31518254720.043274
8,2005-09-01,27.235442880379132,0.563440804514064,26.986195884686463,271.77014533050277,0.4606438469151232,53.301167331285725,25.216044620867123,13139.121424562605,0.12111214043544276,2.758555408338655,15.890676183238366,16.669352360729196,856027721.9072027,17709472.98855195,848178685.5332066,3806772.531008249,86706361.1325058,493593870.4157,31518254720.043274
9,2005-10-01,32.86226477733513,0.281720402257032,17.877230451661582,271.77014533050277,0.4606438469151232,53.301167331285725,25.216044620867123,13139.121424562605,0.5605878058052839,5.320293421945281,26.706917914660373,32.00463302063138,1032875591.5445855,8854736.494275974,561881431.1721394,17620260.04876577,167224173.32742548,829564783.0403144,31518254720.043274
10,2005-11-01,5.350509005093664,0.0,11.798393939953904,271.77014533050277,0.4606438469151232,53.301167331285725,25.216044620867123,13139.121424562605,0.0008631062087731835,1.518853034772607,21.434754853061314,18.033104080760303,168170229.53202412,0.0,370826407.7848669,27129.3828562525,47740324.21891186,665803004.8689657,31518254720.043274
11,2005-12-01,11.55319030753785,0.0,9.652874371512926,271.77014533050277,0.4606438469151232,53.301167331285725,25.216044620867123,13139.121424562605,0.15606758619452596,2.02292071946416,23.10960955277644,17.266282288929446,363116553.7194844,0.0,303393013.52642995,4905460.477100203,63581044.54771613,717822914.6650825,31518254720.043274
12,2006-01-01,8.357127123720064,0.0,12.044904828568553,271.77014533050277,0.4606438469151232,53.301167331285725,25.216044620867123,13139.121424562605,0.2530091442959141,2.3759128246450545,22.06056768067907,15.025075782893934,262661965.53691328,0.0,378576806.0267811,7952497.639608644,74675258.21331778,685234566.1217111,31518254720.043274
13,2006-02-01,7.773138343983002,0.0,18.336261111990726,271.77014533050277,0.4606438469151232,53.301167331285725,25.216044620867123,13139.121424562605,0.05736570534194827,2.0803460534838836,19.02241700116057,11.418545882320627,244309247.89849946,0.0,576313767.19657,1803106.7892564638,65386278.34112667,590865059.7972361,31518254720.043274
14,2006-03-01,50.164179570265006,0.0,30.784824063581112,271.77014533050277,0.4606438469151232,53.301167331285725,25.216044620867123,13139.121424562605,0.5207345877943695,7.985917844115908,32.28205648723692,29.19580252496527,1576658521.0995166,0.0,967571168.3976706,16366695.810583679,250999278.64759576,1002719464.741826,31518254720.043274
15,2006-04-01,11.62416794019331,0.27120645073214167,61.548378956652726,271.77014533050277,0.4606438469151232,53.301167331285725,25.216044620867123,13139.121424562605,0.02880758889142814,1.0821290750475743,15.197821205022885,7.824632187049711,365349646.59476185,8524299.440713318,1934484311.1942618,905473.8033894642,34012424.36290931,472071240.0852041,31518254720.043274
16,2006-05-01,0.3511976827616373,0.7051367792845701,70.87581315623726,271.77014533050277,0.4606438469151232,53.301167331285725,25.216044620867123,13139.121424562605,0.03353420127722095,0.10569365740241607,6.663530638884322,2.785587038296505,11038236.108176475,22163178.77785525,2227659180.9493046,1054054.8350677774,3322056.8633806203,206982615.32446784,31518254720.043274
17,2006-06-01,4.301049655220224,1.0848258029285667,61.933819008714806,271.77014533050277,0.4606438469151232,53.301167331285725,25.216044620867123,13139.121424562605,0.10582035276302393,0.13892623968456697,4.487112632678845,1.752705463809622,135182282.79863426,34097197.76285327,1946595021.552193,3326144.6216347828,4366615.119686146,139379515.28482723,31518254720.043274
18,2006-07-01,26.647831968110648,1.4102735585691402,62.80210617766501,271.77014533050277,0.4606438469151232,53.301167331285725,25.216044620867123,13139.121424562605,0.2202496493134626,0.7612820392688594,6.401904275748206,4.238499045849903,837537435.0408576,44326357.5557105,1973894807.4485357,6922825.316817668,23928076.22790022,198855175.32907003,31518254720.043274
19,2006-08-01,21.21133367199223,1.1390671039466054,65.82461371801124,271.77014533050277,0.4606438469151232,53.301167331285725,25.216044620867123,13139.121424562605,0.1701029756858065,0.3304539488382451,5.0903373233492095,2.248982809401815,666678228.0829087,35802057.99272452,2068900506.089081,5346631.713276854,10386484.363186415,158114901.1115636,31518254720.043274
20,2006-09-01,25.715445295688895,0.5424129014642833,38.550435664451896,271.77014533050277,0.4606438469151232,53.301167331285725,25.216044620867123,13139.121424562605,0.10097780582650583,0.5696779469623116,8.060550804624713,5.340368695101445,808240920.0675861,17048598.881426636,1211651833.2989986,3173924.6795884464,17905642.23056037,250373689.95874977,31518254720.043274
21,2006-10-01,117.1125703395341,0.27120645073214167,19.967448778336532,271.77014533050277,0.4606438469151232,53.301167331285725,25.216044620867123,13139.121424562605,23.082022939830573,23.661105523760586,58.794728586152985,66.36385481501863,3680926118.9061766,8524299.440713318,627582306.9508616,725501216.1752677,743687266.0409527,1826253880.3075209,31518254720.043274
22,2006-11-01,8.328104661983094,0.0,15.300696249030471,271.77014533050277,0.4606438469151232,53.301167331285725,25.216044620867123,13139.121424562605,0.014562278434132707,4.904307068331022,47.01317301782991,37.156700661845335,261746972.34580085,0.0,480908435.247851,457627.98446672276,154143220.91430286,1460292414.8751042,31518254720.043274
23,2006-12-01,10.276984908478541,0.0,6.5231408345399124,271.77014533050277,0.4606438469151232,53.301167331285725,25.216044620867123,13139.121424562605,0.018598609479117383,3.9592701104967913,46.84813147558846,34.72703251152341,323010222.86091805,0.0,205025372.73940122,584545.9479515745,124440390.44424745,1455167114.83033,31518254720.043274
24,2007-01-01,12.972289435603598,0.0,9.37666320885371,271.77014533050277,0.4606438469151232,53.301167331285725,25.216044620867123,13139.121424562605,0.01826271639501657,4.71067010466584,46.398388046322495,31.266368071631646,407719461.0760765,0.0,294714856.20889115,573955.2795664096,148054495.0700059,1441194698.136879,31518254720.043274
25,2007-02-01,15.711807526200294,0.0,16.92052407591739,271.77014533050277,0.4606438469151232,53.301167331285725,25.216044620867123,13139.121424562605,0.01237903298066803,4.510800237718862,42.95302281592966,26.56763239093053,493825840.1976164,0.0,531822543.5121656,389078.1901808459,141774949.29933956,1334174337.6306202,31518254720.043274
26,2007-03-01,16.491885126812793,0.0,36.8230606988511,271.77014533050277,0.4606438469151232,53.301167331285725,25.216044620867123,13139.121424562605,0.00613224848132956,1.813586071711836,30.328458905728287,15.350877217495324,518350754.90983635,0.0,1157366078.9490347,192747.75510025216,57002362.629405566,942044843.1552982,31518254720.043274
27,2007-04-01,20.489588893030586,0.24134317330538094,61.722205601856636,271.77014533050277,0.4606438469151232,53.301167331285725,25.216044620867123,13139.121424562605,0.007135397082459126,0.5298866209846573,17.14354195474937,7.616426123648996,643995113.5916251,7585584.837206082,1939964060.8960347,224264.08136882627,16654775.918140618,532504327.695209,31518254720.043274
28,2007-05-01,7.434885908128264,0.6274922414246604,82.85736359327514,271.77014533050277,0.4606438469151232,53.301167331285725,25.216044620867123,13139.121424562605,0.01321591188545825,0.1152231749535799,7.7642590320098925,3.0813475103933405,233679583.2568558,19722520.288524214,2604253772.0889726,415353.48780483106,3621530.890618727,241171036.4802486,31518254720.043274
29,2007-06-01,2.479214724498972,0.9653726932215237,60.77754967089181,271.77014533050277,0.4606438469151232,53.301167331285725,25.216044620867123,13139.121424562605,0.05212338873709676,0.15734444234446338,5.150253036764592,1.9925211885089207,77921251.47593577,30342339.34882433,1910279303.7718441,1638211.6040663298,4945362.817554183,159975238.8636959,31518254720.043274
30,2007-07-01,27.670989517622587,1.2549844828493208,65.07045697570051,271.77014533050277,0.4606438469151232,53.301167331285725,25.216044620867123,13139.121424562605,0.15581465646861722,0.671837660965853,6.787934452966922,4.27813814197395,869702993.7221599,39445040.57704843,2045189315.730918,4897358.752501509,21116405.936464645,210845292.10844034,31518254720.043274
31,2007-08-01,41.11751941261976,1.013641326508389,63.76612028394361,271.77014533050277,0.4606438469151232,53.301167331285725,25.216044620867123,13139.121424562605,0.17098273243651171,1.2706581758339162,8.819270734188184,6.576415768261922,1292341173.0583243,31859456.273072284,2004195411.0605555,5374121.052281231,39938322.55109565,273943142.51116467,31518254720.043274
32,2007-09-01,26.652226017558558,0.4826863466107619,40.979012016108065,271.77014533050277,0.4606438469151232,53.301167331285725,25.216044620867123,13139.121424562605,0.08742138025275036,1.0033314061850487,9.643267141310169,8.002059906740367,837689537.6584183,15171169.674412165,1287991908.871631,2747667.6905875355,31535500.528077226,299535722.7909905,31518254720.043274
33,2007-10-01,9.846476261678355,0.24134317330538094,33.967401081494636,271.77014533050277,0.4606438469151232,53.301167331285725,25.216044620867123,13139.121424562605,0.023192069284058085,0.11368563914422744,6.606724775729748,3.5313132892469024,309477140.90628743,7585584.837206082,1067603604.2100538,728975.170505162,3573296.105988087,205218111.0039674,31518254720.043274
34,2007-11-01,11.565972627685358,0.0,12.530424092349076,271.77014533050277,0.4606438469151232,53.301167331285725,25.216044620867123,13139.121424562605,0.0012702796964147614,0.2016660006261439,9.321670667548577,8.945677104842211,363516650.1933429,0.0,393837999.6271965,39924.63351672652,6338503.949640161,289544050.0382607,31518254720.043274
35,2007-12-01,32.8771625175071,0.0,7.502667527041109,271.77014533050277,0.4606438469151232,53.301167331285725,25.216044620867123,13139.121424562605,0.36932570921472985,5.598631812797367,28.899145374720582,29.799127851426356,1033327752.7687862,0.0,235814581.85176596,11606884.151113372,175966118.98591703,897634875.6710107,31518254720.043274
36,2008-01-01,31.838118028706212,0.0,9.742659805646596,271.77014533050277,0.4606438469151232,53.301167331285725,25.216044620867123,13139.121424562605,2.162567069572102,11.84298379872836,37.92237542589209,34.57627534623682,1000649565.8067232,0.0,306220108.80325973,67961353.64172256,372213865.6406235,1177896818.590497,31518254720.043274
37,2008-02-01,31.508363949791438,0.0,17.3822241362002,271.77014533050277,0.4606438469151232,53.301167331285725,25.216044620867123,13139.121424562605,0.9954742636403925,12.455488328049078,40.27246521015178,35.063102045134805,990299528.4261296,0.0,546330213.422095,31285000.87025545,391464957.28255343,1250895103.7254922,31518254720.043274
38,2008-03-01,7.370615242689599,0.0,37.13800943848076,271.77014533050277,0.4606438469151232,53.301167331285725,25.216044620867123,13139.121424562605,0.006027038171623703,2.290213946405485,22.362892792842995,11.592475246266632,231662185.84076124,0.0,1167257208.2680373,189432.77161254088,71982016.17733398,694613014.0117277,31518254720.043274
39,2008-04-01,4.833994604679007,0.2650303456385822,78.60236703693732,271.77014533050277,0.4606438469151232,53.301167331285725,25.216044620867123,13139.121424562605,0.00488190839869173,0.29133181533998653,9.265483412983107,3.8498785023916953,151933428.62942436,8330121.548756781,2470523397.905268,153447.138718198,9156785.24795625,287799413.37390584,31518254720.043274
40,2008-05-01,15.638034974435007,0.6890788856159721,68.23528177845795,271.77014533050277,0.4606438469151232,53.301167331285725,25.216044620867123,13139.121424562605,0.05055954343634532,0.30471183759079146,7.214573411609886,3.1507978390295337,491509250.08640385,21658315.616774328,2144694128.6473982,1589147.6696251733,9577310.180542683,224094612.72002494,31518254720.043274
41,2008-06-01,6.018088030713578,1.0601213825543288,53.26444152991493,271.77014533050277,0.4606438469151232,53.301167331285725,25.216044620867123,13139.121424562605,0.12455783284726323,0.2640955550036875,5.41196726339964,2.362958377535826,189149934.43848082,33320486.195027124,1674132581.127561,3915005.6779956287,8300700.9077870855,168104681.42416322,31518254720.043274
42,2008-07-01,9.397951795445657,1.3781577712319442,60.55002537172327,271.77014533050277,0.4606438469151232,53.301167331285725,25.216044620867123,13139.121424562605,0.22337302792640867,0.5136113330043119,4.553775442165327,2.0686333988924033,295377030.09059983,43316631.233548656,1903103679.2407484,7020918.212372505,16143240.847733002,141449244.7493942,31518254720.043274
43,2008-08-01,36.29215273296815,1.1131274448279629,56.97579435219451,271.77014533050277,0.4606438469151232,53.301167331285725,25.216044620867123,13139.121424562605,0.20429023678239794,1.224272922468791,7.940147825304938,6.639249771196047,1140675775.5160828,34986510.28932613,1790766569.3952863,6421109.590221775,38480576.60890051,246636138.13445118,31518254720.043274
44,2008-09-01,2.01917418707655,0.5300606912771644,35.412748616666725,271.77014533050277,0.4606438469151232,53.301167331285725,25.216044620867123,13139.121424562605,0.0785809992943683,0.20251562293171602,5.896864597343074,3.8017197500511943,63461670.13390457,16660243.097513562,1113034964.500342,2469936.367428517,6365284.225120576,183169341.23959106,31518254720.043274
45,2008-10-01,10.839674019943304,0.2650303456385822,15.608736188517911,271.77014533050277,0.4606438469151232,53.301167331285725,25.216044620867123,13139.121424562605,0.03894201981656161,0.40221098169545355,6.977550853276469,5.366613303190881,340694018.9753408,8330121.548756781,490585968.4738483,1224003.4115281384,12642197.405639883,216737732.16367728,31518254720.043274
46,2008-11-01,20.947398656056265,0.0,11.047934576914026,271.77014533050277,0.4606438469151232,53.301167331285725,25.216044620867123,13139.121424562605,0.039866821308008206,2.187003280628404,15.612933913562609,17.264468922880766,658382584.9710834,0.0,347241928.8781756,1253079.3236814125,68740326.4960068,484961146.2730734,31518254720.043274
47,2008-12-01,43.48545115153756,0.0,8.550661537716207,271.77014533050277,0.4606438469151232,53.301167331285725,25.216044620867123,13139.121424562605,2.2082974635100707,9.072983235699466,39.436284916086315,43.033060075442584,1366740578.6531,0.0,268751704.9589807,69401350.33515918,285165999.6068323,1224932723.8633125,31518254720.043274
48,2009-01-01,17.7124902888926,0.0,11.507967744948244,271.77014533050277,0.4606438469151232,53.301167331285725,25.216044620867123,13139.121424562605,0.8516890758835136,8.404756118624341,37.176920463361235,30.30146242906799,556703337.1057948,0.0,361703102.2461617,26768164.394288056,264158466.51822186,1154751258.722434,31518254720.043274
49,2009-02-01,14.05201138198965,0.0,19.85849982694289,271.77014533050277,0.4606438469151232,53.301167331285725,25.216044620867123,13139.121424562605,0.1425520610850832,5.051146243819449,31.17304454383291,20.016518232967766,441647803.110048,0.0,624163570.3270471,4479854.848093147,158753416.15468094,968259102.8520876,31518254720.043274
50,2009-03-01,10.544922093250081,0.0,41.519918925357715,271.77014533050277,0.4606438469151232,53.301167331285725,25.216044620867123,13139.121424562605,0.015862536933441727,3.580501791581848,19.647469569430562,9.181431496429715,331427730.65087414,0.0,1304981124.7828028,498580.48056833143,112536597.5701184,610271464.8256807,31518254720.043274
51,2009-04-01,17.7485347662465,0.22424039960298256,63.27039339655957,271.77014533050277,0.4606438469151232,53.301167331285725,25.216044620867123,13139.121424562605,0.015152755867016355,0.9775009746418291,12.735655894308673,5.65866754767422,557843462.529196,7048073.456740136,1988614518.5797021,476276.5105369957,30723577.070359737,395589740.1970474,31518254720.043274
52,2009-05-01,40.892857255962944,0.5830250361351709,49.05111290966213,271.77014533050277,0.4606438469151232,53.301167331285725,25.216044620867123,13139.121424562605,0.04685029197303789,1.6014112322961191,16.294497826915656,12.349546205101634,1285282989.9628596,18324990.898489974,1541702836.6378536,1472593.9487412542,50334389.75519422,506133480.71466887,31518254720.043274
53,2009-06-01,17.08390359528106,0.8969615984119302,66.84469571162941,271.77014533050277,0.4606438469151232,53.301167331285725,25.216044620867123,13139.121424562605,0.08385635655804811,0.6044403583790123,8.517948999806118,5.017600825931612,536957950.4486338,28192293.826960545,2100953141.812001,2635753.2702473314,18998572.168424457,264585036.4610605,31518254720.043274
54,2009-07-01,7.561785227049845,1.1660500722703417,59.835080053280656,271.77014533050277,0.4606438469151232,53.301167331285725,25.216044620867123,13139.121424562605,0.14481664659719692,0.3729760800306148,5.587693701959526,2.552944095973753,237665036.6219589,36649981.79697995,1880644629.5582526,4551827.737293541,11722906.23946936,173564627.5041775,31518254720.043274
55,2009-08-01,7.625923948400839,0.9418096727446693,68.20893501692365,271.77014533050277,0.4606438469151232,53.301167331285725,25.216044620867123,13139.121424562605,0.07531841128452513,0.21059111376892803,3.9452027777113474,1.4438841951190455,239690562.6419169,29601908.342678778,2143847709.5386853,2367397.2161755743,6619038.486209909,122545911.91665131,31518254720.043274
56,2009-09-01,12.655368955955932,0.4484807992059651,41.47183601376267,271.77014533050277,0.4606438469151232,53.301167331285725,25.216044620867123,13139.121424562605,0.03339177151172114,0.21455232331392796,4.807223477401854,2.9374257713749103,397766508.6703897,14096146.913480273,1303482369.2468185,1049573.6629774584,6743719.406408609,149323142.4855094,31518254720.043274
57,2009-10-01,6.325147199457781,0.22424039960298256,25.299038097040857,271.77014533050277,0.4606438469151232,53.301167331285725,25.216044620867123,13139.121424562605,0.01967690123270941,0.1345370603673261,4.535170985516493,2.603383799180761,198802611.66649306,7048073.456740136,795148058.7826307,618488.5588325447,4228686.985038793,140873085.38941318,31518254720.043274
58,2009-11-01,8.241122271934158,0.0,12.51537473985245,271.77014533050277,0.4606438469151232,53.301167331285725,25.216044620867123,13139.121424562605,4.3085977485956345e-05,0.03023739580486882,6.385801273971183,3.2125043942049354,259017323.23227245,0.0,393367168.62143093,1354.1717587581254,950390.8488797725,198353006.33514208,31518254720.043274
59,2009-12-01,45.767024833347214,0.0,8.187455331033552,271.77014533050277,0.4606438469151232,53.301167331285725,25.216044620867123,13139.121424562605,2.4263638794033375,7.251320659944284,34.71997569099517,38.23369360564527,1438455456.7372787,0.0,257337812.91048834,76255712.52886471,227911916.94310558,1078438066.5130484,31518254720.043274
60,2010-01-01,61.31299162426126,0.0,5.072312657543164,271.77014533050277,0.4606438469151232,53.301167331285725,25.216044620867123,13139.121424562605,12.765917332054464,21.858732669277746,56.026308476596206,61.98616851284601,1927090421.6569695,0.0,159428380.94261247,401235562.5730938,687016815.3379955,1740253648.6513684,31518254720.043274
61,2010-02-01,41.07750012778149,0.0,16.264178947562932,271.77014533050277,0.4606438469151232,53.301167331285725,25.216044620867123,13139.121424562605,4.7281813342523495,20.05067709921008,56.08550714860004,55.83482902592903,1291072904.7136102,0.0,511197166.4083913,148605807.2117083,630189300.4667656,1742090470.5853407,31518254720.043274
62,2010-03-01,43.892956192097344,0.0,37.88941649531591,271.77014533050277,0.4606438469151232,53.301167331285725,25.216044620867123,13139.121424562605,0.9642414454814048,12.870617794448593,50.19999309276151,41.818684852587474,1379574740.7253468,0.0,1190882245.39614,30307310.157422103,404527111.73432255,1559279226.8719337,31518254720.043274
63,2010-04-01,14.922356841148565,0.230329234245484,65.17610635446806,271.77014533050277,0.4606438469151232,53.301167331285725,25.216044620867123,13139.121424562605,0.23880829224093825,4.882687417591902,26.978188561900627,13.456966300554528,469008704.4850201,7239394.380436255,2048524709.3817658,7506085.1291704895,153465566.2596276,837978616.5524771,31518254720.043274
64,2010-05-01,7.465523291981396,0.5988560034005532,58.18866098732972,271.77014533050277,0.4606438469151232,53.301167331285725,25.216044620867123,13139.121424562605,0.07830083295020673,0.7717482489319374,16.018222560151493,7.495215782589716,234647093.55766392,18822425.211905185,1828897555.3920553,2461142.1687710104,24256776.062450405,497553021.411687,31518254720.043274
65,2010-06-01,12.097397844635477,0.921316936981936,41.92558943057955,271.77014533050277,0.4606438469151232,53.301167331285725,25.216044620867123,13139.121424562605,0.1014472118841145,0.7419213828526586,12.453336329952142,6.599678977713902,380232260.62102866,28957577.52174502,1317741888.851829,3188624.9762159158,23319620.78369447,386823079.03388715,31518254720.043274
66,2010-07-01,32.08586839453029,1.1977120068011065,60.05059099134003,271.77014533050277,0.4606438469151232,53.301167331285725,25.216044620867123,13139.121424562605,0.1694730064078453,1.2152911822039931,12.238552424987324,7.78782254743033,1008471786.4792945,37644850.42381037,1887429661.3405817,5326753.615661195,38197749.27284845,380149420.17750734,31518254720.043274
67,2010-08-01,52.638766712370675,0.9673827772745844,47.52867816318708,271.77014533050277,0.4606438469151232,53.301167331285725,25.216044620867123,13139.121424562605,0.7329875854351697,4.309599182870579,21.22613824188452,23.048722767043937,1654473620.9372315,30405456.191727724,1493846198.4166157,23039002.62043197,135457347.00951996,659325504.3739237,31518254720.043274
68,2010-09-01,5.475932976359124,0.460658468490968,34.493691530788915,271.77014533050277,0.4606438469151232,53.301167331285725,25.216044620867123,13139.121424562605,0.01034469107432297,0.32493877273736504,12.264323589181151,7.1209939101915705,172108722.60659546,14478788.76087251,1084157369.2303634,325125.4105399463,10213240.073103543,380950933.6056552,31518254720.043274
69,2010-10-01,86.74496150094691,0.230329234245484,26.063010899352676,271.77014533050277,0.4606438469151232,53.301167331285725,25.216044620867123,13139.121424562605,8.582931127677035,14.605295601360448,50.373872481783955,57.106240768399566,2726441987.0114107,7239394.380436255,819173502.5350649,269768319.81809974,459057140.5542811,1564691481.4135633,31518254720.043274
70,2010-11-01,14.629846128930906,0.0,17.745333201147368,271.77014533050277,0.4606438469151232,53.301167331285725,25.216044620867123,13139.121424562605,0.09055855443337256,6.3062935557265405,41.26909191464935,32.19708387174042,459811275.1066173,0.0,557745060.0280769,2846248.179337889,198207928.15239763,1281872751.8879902,31518254720.043274
71,2010-12-01,59.063244786908946,0.0,11.089946005177243,271.77014533050277,0.4606438469151232,53.301167331285725,25.216044620867123,13139.121424562605,7.296269990607959,24.188365876553423,57.87959472626872,53.05242749618238,1856327611.112562,0.0,348565585.3716807,229306889.2369852,760225454.7098798,1797804628.8352005,31518254720.043274
72,2011-01-01,5.520130933575691,0.0,9.906078925038038,271.77014533050277,0.4606438469151232,53.301167331285725,25.216044620867123,13139.121424562605,0.027552948478591487,7.458624448309761,46.730829739088776,32.41071618090515,173499304.42331538,0.0,311354768.3811967,866016.5036519632,234420774.9345174,1451511980.1082144,31518254720.043274
73,2011-02-01,27.081127696361577,0.0,24.31770404384313,271.77014533050277,0.4606438469151232,53.301167331285725,25.216044620867123,13139.121424562605,0.5940754848795917,10.628628352212775,43.01599448157287,27.7588445924693,851159675.425725,0.0,764322193.9857647,18670830.142864827,334055499.20802253,1336120417.0465367,31518254720.043274
74,2011-03-01,21.84096465019937,0.0,57.011861280602716,271.77014533050277,0.4606438469151232,53.301167331285725,25.216044620867123,13139.121424562605,0.7675876420684654,7.499590088087803,27.93420913804904,14.049993804159415,686464565.2010133,0.0,1791915754.5977275,24126110.789640952,235714512.037138,867668466.9549222,31518254720.043274
75,2011-04-01,33.895931287666684,0.20837685303104111,82.12803767700909,271.77014533050277,0.4606438469151232,53.301167331285725,25.216044620867123,13139.121424562605,1.1626587117550033,8.620348822959317,22.494320020539273,11.054541422237351,1065354476.4234194,6549473.115748523,2581331927.724356,36543258.41128212,270941567.81729543,698707913.1090014,31518254720.043274
76,2011-05-01,31.77896795639197,0.5417798079751964,57.12840277011263,271.77014533050277,0.4606438469151232,53.301167331285725,25.216044620867123,13139.121424562605,0.3132464927180099,4.971910281604285,19.596333002409153,10.394044629437548,998828488.1138883,17028629.7896088,1795579292.503231,9845627.924663305,156269789.040685,608694524.864185,31518254720.043274
77,2011-06-01,4.376045214179452,0.8335074121241645,56.25718798898623,271.77014533050277,0.4606438469151232,53.301167331285725,25.216044620867123,13139.121424562605,0.09018151249216524,0.41585099971969103,10.315612829131277,4.9514843022600825,137545345.8742639,26197892.46299409,1768199371.6766822,2834565.5690248874,13070646.389163988,320421330.2664137,31518254720.043274
78,2011-07-01,52.74616460946117,1.0835596159503929,48.48409647447922,271.77014533050277,0.4606438469151232,53.301167331285725,25.216044620867123,13139.121424562605,0.8336735310364826,4.5462874423970785,20.68313149595443,19.904864834338504,1657852719.2811668,34057259.5792176,1523880102.7710981,26204181.324873496,142895898.94390887,642459685.9316326,31518254720.043274
79,2011-08-01,26.875737896424255,0.8751827631637035,43.47468658679905,271.77014533050277,0.4606438469151232,53.301167331285725,25.216044620867123,13139.121424562605,0.23395774125441776,2.923405935611734,18.14168827485274,15.869751561205796,844723908.7858778,27507786.471111394,1366422251.3936937,7353746.441652305,91887225.13076621,563520151.2871063,31518254720.043274
80,2011-09-01,37.40939088238023,0.41675370606208223,34.12179238738427,271.77014533050277,0.4606438469151232,53.301167331285725,25.216044620867123,13139.121424562605,0.5457249378264014,4.773556795696154,22.795790735888787,22.310813249892252,1175797100.9386387,13098946.231497046,1072458961.6233366,17153242.42499699,150038506.93998975,708083255.9910246,31518254720.043274
81,2011-10-01,27.9200573034645,0.20837685303104111,25.023002613587142,271.77014533050277,0.4606438469151232,53.301167331285725,25.216044620867123,13139.121424562605,0.2538976733204546,4.712203548467568,24.950480527709587,23.596489391528117,877542342.8013695,6549473.115748523,786480448.1834809,7980463.840044739,148111016.0415094,775011300.3105412,31518254720.043274
82,2011-11-01,21.877422489389083,0.0,15.667379455596738,271.77014533050277,0.4606438469151232,53.301167331285725,25.216044620867123,13139.121424562605,0.0400197328416894,4.303512880590382,27.931064215434787,24.149705981404768,687617629.5202694,0.0,492431256.9782813,1257896.3208184196,135263610.6993847,867591224.5021626,31518254720.043274
83,2011-12-01,20.597508576373155,0.0,7.715649408733954,271.77014533050277,0.4606438469151232,53.301167331285725,25.216044620867123,13139.121424562605,0.22267596397974404,6.377827824729536,34.64324377529193,30.157115195097308,647386146.9315364,0.0,242507424.0012143,6998997.930905527,200459479.47841823,1076076736.1758819,31518254720.043274
84,2012-01-01,22.090083371897997,0.0,14.206990184439444,271.77014533050277,0.4606438469151232,53.301167331285725,25.216044620867123,13139.121424562605,0.6946316462574533,8.81590567730286,35.948917576336,26.89865533700615,694292192.2887685,0.0,446537909.7296513,21831889.238031328,277084550.52353644,1116624925.3213685,31518254720.043274
85,2012-02-01,23.165571863224525,0.0,21.970027903901144,271.77014533050277,0.4606438469151232,53.301167331285725,25.216044620867123,13139.121424562605,0.5924826185548401,9.723658364844885,33.63752043338675,21.86956209254944,728096993.0656018,0.0,690541116.5416132,18622064.502439875,305613273.9479977,1044822949.9220138,31518254720.043274
86,2012-03-01,22.750878042983512,0.0,41.20968543058759,271.77014533050277,0.4606438469151232,53.301167331285725,25.216044620867123,13139.121424562605,0.49590564133849363,6.808713214754361,27.7077558164953,14.626191967424102,715063290.4012322,0.0,1295252570.745295,15586924.00529629,213999962.36745226,860635051.2608538,31518254720.043274
87,2012-04-01,13.134038612654772,0.2337766209706991,60.03441789126017,271.77014533050277,0.4606438469151232,53.301167331285725,25.216044620867123,13139.121424562605,0.017406860173154813,1.2768037654736588,16.76024045805638,7.484372316449374,412801430.5711124,7347776.7271577865,1886909131.944917,547083.552370171,40130640.128979,520598320.6821606,31518254720.043274
88,2012-05-01,1.2083403851612968,0.6078192235483012,64.10932640572072,271.77014533050277,0.4606438469151232,53.301167331285725,25.216044620867123,13139.121424562605,0.006623881745304317,0.10030723992291406,8.27371139356279,3.39197173247615,37978992.84476126,19104219.77425374,2014979589.3499634,208181.0383416003,3152721.809969994,256995684.5624129,31518254720.043274
89,2012-06-01,0.0,0.9351064838827964,46.14973249813087,271.77014533050277,0.4606438469151232,53.301167331285725,25.216044620867123,13139.121424562605,0.01814879549071858,0.17365202109053693,5.089554702003411,1.9278629409131338,0.0,29391106.908631146,1450505048.7504046,570399.6913900761,5457989.630874861,158090773.8151823,31518254720.043274
90,2012-07-01,45.373846579789856,1.2156384470966024,58.28938185891812,271.77014533050277,0.4606438469151232,53.301167331285725,25.216044620867123,13139.121424562605,0.11425340423859932,1.8005134376681549,11.503256730641771,9.294691083744608,1426123680.7999828,38208439.54850748,1832065641.5617063,3591114.2369136713,56592821.224949256,357312546.4497882,31518254720.043274
91,2012-08-01,33.44146843042857,0.9818617908406546,61.069076514224875,271.77014533050277,0.4606438469151232,53.301167331285725,25.216044620867123,13139.121424562605,0.2732256285144159,1.4939218346036849,10.67035322131612,8.45947215139307,1051060457.6914206,30860661.71230782,1919442811.8318915,8586808.141607378,46952928.014236696,331432071.2083556,31518254720.043274
92,2012-09-01,21.47238871308318,0.4675532419413982,44.95807335224889,271.77014533050277,0.4606438469151232,53.301167331285725,25.216044620867123,13139.121424562605,0.02589722210503892,0.6150141127150086,8.896945401948445,6.09579294375782,674887118.7311555,14695553.454315573,1413057809.050377,813964.9421942829,19330552.342861563,276352113.153423,31518254720.043274
93,2012-10-01,19.730115595099605,0.2337766209706991,33.49378742391605,271.77014533050277,0.4606438469151232,53.301167331285725,25.216044620867123,13139.121424562605,0.02967318323396306,0.7181932079222352,9.287177063516792,6.710702352825797,620128763.2340635,7347776.7271577865,1052733426.9220378,932675.4560112079,22573865.035210736,288473481.17781436,31518254720.043274
94,2012-11-01,7.036225203331126,0.0,11.098410696278972,271.77014533050277,0.4606438469151232,53.301167331285725,25.216044620867123,13139.121424562605,0.001171809120672924,0.43136757995505204,10.886845212515514,6.984992823093249,221145747.18442366,0.0,348833440.5139788,36826.06481648662,13557382.099472566,338157714.994121,31518254720.043274
95,2012-12-01,32.211482468501394,0.0,6.252321912228814,271.77014533050277,0.4606438469151232,53.301167331285725,25.216044620867123,13139.121424562605,0.26041500881863794,6.554315677325063,30.15540904231444,30.365745347251096,1012415277.9306616,0.0,196514776.01450834,8185192.700628386,206004165.52931783,936662212.5597047,31518254720.043274
96,2013-01-01,24.162734864978848,0.0,9.304967239012134,271.77014533050277,0.4606438469151232,53.301167331285725,25.216044620867123,13139.121424562605,0.36262735403269164,8.779085534724537,36.26400765747225,33.39512057901285,759438271.3301604,0.0,292462160.0101508,11397192.039050292,275926543.53389204,1126399573.3776038,31518254720.043274
97,2013-02-01,19.04047509422096,0.0,18.29430649541085,271.77014533050277,0.4606438469151232,53.301167331285725,25.216044620867123,13139.121424562605,0.15743555553555902,6.2424593564156625,32.922978188058416,23.754226833007504,598447068.3796849,0.0,574999793.6669159,4948490.4474323625,196198985.59474584,1022623652.0048543,31518254720.043274
98,2013-03-01,28.493263633348068,0.0,28.771394156212917,271.77014533050277,0.4606438469151232,53.301167331285725,25.216044620867123,13139.121424562605,0.20844287474365958,7.031450810885683,32.45615009172797,25.822130651076677,895558249.7616212,0.0,904291280.3165325,6551640.726699482,221002994.65551993,1008132769.0733097,31518254720.043274
99,2013-04-01,22.030022436327155,0.20983519489763355,54.49380615304241,271.77014533050277,0.4606438469151232,53.301167331285725,25.216044620867123,13139.121424562605,0.06422743109421533,3.732810902226932,21.090508026336725,10.67591985263995,692419869.411207,6595278.321582202,1712773319.0766387,2018751.8854299935,117325077.34215079,655103591.2400948,31518254720.043274
100,2013-05-01,18.076733155667508,0.5455714975672867,54.772070027953696,271.77014533050277,0.4606438469151232,53.301167331285725,25.216044620867123,13139.121424562605,0.0377978918082613,0.9033178500646892,15.13184976548732,7.789903862166364,568164715.0633975,17147723.348014243,1721524951.9249845,1188023.9166347855,28392434.43342951,470020331.00819075,31518254720.043274
101,2013-06-01,0.050041130567156346,0.8393407795905342,49.51971577676677,271.77014533050277,0.4606438469151232,53.301167331285725,25.216044620867123,13139.121424562605,0.04213854336844788,0.08388700578172933,6.836829684677042,2.9269481943111093,1572816.954181627,26381113.286328807,1556430293.7136188,1324433.7533806295,2636623.770179657,212363989.16646725,31518254720.043274
102,2013-07-01,41.88539119523762,1.0911429951345735,65.22934801663547,271.77014533050277,0.4606438469151232,53.301167331285725,25.216044620867123,13139.121424562605,0.12185342151776966,1.6312044113633795,11.022089110167755,9.046436773077234,1316471403.416638,34295446.696028486,2050173659.6928732,3829955.2306086286,51270865.09816036,342366625.7064012,31518254720.043274
103,2013-08-01,52.667813745273044,0.8813078026669334,61.41975156188419,271.77014533050277,0.4606438469151232,53.301167331285725,25.216044620867123,13139.121424562605,0.23464125467891733,2.1396013330775334,14.248720482977907,12.779769337520111,1655370268.1214037,27700168.45079872,1930450927.5100956,7375064.823449845,67250134.02102487,442588206.05241346,31518254720.043274
104,2013-09-01,93.32665172163286,0.4196703897952671,34.122100419082955,271.77014533050277,0.4606438469151232,53.301167331285725,25.216044620867123,13139.121424562605,9.39692432500229,15.696831278335722,49.38647261476831,58.61901191233353,2933304996.9896345,13190556.643164404,1072471603.0482869,295357932.14976496,493362196.3520109,1534017347.923889,31518254720.043274
105,2013-10-01,13.598941708691463,0.20983519489763355,19.19416198147167,271.77014533050277,0.4606438469151232,53.301167331285725,25.216044620867123,13139.121424562605,0.05565018680777554,5.172865809413372,40.01084118661966,33.419181272710475,427411377.61105555,6595278.321582202,603273311.7759253,1749144.7030742632,162587980.69447416,1242792687.5063834,31518254720.043274
106,2013-11-01,47.70025684005488,0.0,9.796596318403129,271.77014533050277,0.4606438469151232,53.301167331285725,25.216044620867123,13139.121424562605,3.831074123511202,18.781152478213787,54.99515393722818,58.35519168704959,1499240003.7515748,0.0,307909879.36063534,120415301.07832256,590299322.743048,1708227083.2684133,31518254720.043274
107,2013-12-01,16.01302165300763,0.0,9.140450967396824,271.77014533050277,0.4606438469151232,53.301167331285725,25.216044620867123,13139.121424562605,0.12043979603838212,10.316393866043668,51.50771305910648,42.184959358982,503290802.1247735,0.0,287289468.12429047,3785268.183174858,324247117.0855657,1599897205.758223,31518254720.043274
108,2014-01-01,12.342326075018233,0.0,11.756253405579479,271.77014533050277,0.4606438469151232,53.301167331285725,25.216044620867123,13139.121424562605,0.012307371640988126,5.314203467889092,47.281516908660734,32.65604339316234,387924393.3385848,0.0,369504064.532935,386817.6804521637,167026474.66727784,1468626773.0437539,31518254720.043274
109,2014-02-01,17.89715026650414,0.0,19.80524680243869,271.77014533050277,0.4606438469151232,53.301167331285725,25.216044620867123,13139.121424562605,0.05358388625556371,6.051330592060584,42.5802763689478,25.178329786104353,562512297.2969308,0.0,622492863.6906937,1684197.0477898917,190194157.5128379,1322596701.1974075,31518254720.043274
110,2014-03-01,11.985118132413856,0.0,34.350614615011494,271.77014533050277,0.4606438469151232,53.301167331285725,25.216044620867123,13139.121424562605,0.08959431955544832,3.217049590467293,30.165675718066172,14.944625802950634,376692259.75465214,0.0,1079655926.3872628,2816077.178321167,101113052.25635543,936986118.6173646,31518254720.043274
111,2014-04-01,9.053576466639644,0.2344789286802093,54.3827732741859,271.77014533050277,0.4606438469151232,53.301167331285725,25.216044620867123,13139.121424562605,0.02213998641923326,0.6468584940176194,16.94144561647755,7.0961791113634165,284553749.1091553,7369897.565900009,1709270282.480991,695898.4871075092,20330993.650858495,526229215.9030171,31518254720.043274
112,2014-05-01,23.204563134694183,0.6096452259257283,70.77502348632434,271.77014533050277,0.4606438469151232,53.301167331285725,25.216044620867123,13139.121424562605,0.046064994982096125,0.39126723058249985,11.027192498220398,4.6358968450314055,729332102.8171054,19161734.02830263,2224502395.49725,1447897.0105491541,12298036.781317776,342523306.04154825,31518254720.043274
113,2014-06-01,0.49478789386228206,0.9379157147208372,57.56091923051773,271.77014533050277,0.4606438469151232,53.301167331285725,25.216044620867123,13139.121424562605,0.06312242962155787,0.12143695378757056,5.5582430885501966,2.1202427973166746,15552153.637862405,29479590.263600037,1809141057.2304797,1984067.644785761,3816896.209000348,172650918.58473396,31518254720.043274
114,2014-07-01,28.605459841399576,1.2192904518514567,78.85982584909105,271.77014533050277,0.4606438469151232,53.301167331285725,25.216044620867123,13139.121424562605,0.15830093942642703,0.6513255129423365,5.842499315248884,2.8327718167162166,899081029.6439563,38323468.05660526,2478618715.24136,4975685.55985491,20472086.808465343,181480162.95032114,31518254720.043274
115,2014-08-01,42.28522016647261,0.9848114957472472,57.203421661558096,271.77014533050277,0.4606438469151232,53.301167331285725,25.216044620867123,13139.121424562605,0.1521565728712698,1.0854781291037159,9.602355006860007,8.123941130970467,1329035688.9504843,30953569.628715817,1797943709.5248299,4782449.49118566,34116369.25186222,298259447.3018956,31518254720.043274
116,2014-09-01,59.701073695809924,0.4689578573604186,35.18538301562911,271.77014533050277,0.4606438469151232,53.301167331285725,25.216044620867123,13139.121424562605,1.2369948099737396,6.322904837200557,29.13743376704307,33.81653159599083,1876415059.7764904,14739795.131800018,1105885743.447576,38876530.17588707,198732632.4835208,905044314.7301579,31518254720.043274
117,2014-10-01,0.5941133672805521,0.2344789286802093,19.874752213657892,271.77014533050277,0.4606438469151232,53.301167331285725,25.216044620867123,13139.121424562605,0.01576628606614367,0.7932408080819352,16.978723310955075,12.857607448016397,18672891.9946552,7369897.565900009,624666391.1480863,495570.25764039234,24932798.07679669,527382320.1633318,31518254720.043274
118,2014-11-01,6.350126562751602,0.0,11.805750116495162,271.77014533050277,0.4606438469151232,53.301167331285725,25.216044620867123,13139.121424562605,0.00012672013886289789,0.09125856558001653,15.302772554846577,10.02177705342205,199584406.51133934,0.0,371061699.38215756,3983.075349233129,2868365.528389856,475322949.1520836,31518254720.043274
119,2014-12-01,23.76896628031404,0.0,10.473079003450671,271.77014533050277,0.4606438469151232,53.301167331285725,25.216044620867123,13139.121424562605,0.11942173790753954,3.2275753345450093,26.065533468076737,21.107891912592518,747066306.0651572,0.0,329175277.9222801,3753671.7153650406,101445718.76476006,809625649.166753,31518254720.043274
120,2015-01-01,35.05384535088,0.0,15.256768706276855,271.77014533050277,0.4606438469151232,53.301167331285725,25.216044620867123,13139.121424562605,0.5367591990368779,8.231735225810692,37.30308168558286,35.1752070194053,1101762218.4973996,0.0,479530050.83656216,16871355.370104495,258727933.27605432,1158681055.1625566,31518254720.043274
121,2015-02-01,42.074602226353704,0.0,16.072626307979743,271.77014533050277,0.4606438469151232,53.301167331285725,25.216044620867123,13139.121424562605,1.515423988733861,15.317268639277389,46.68252278326163,45.258442060282874,1322414346.5406768,0.0,505171209.6935461,47629913.08305862,481424148.5002303,1450015668.940244,31518254720.043274
122,2015-03-01,21.373050964742813,0.0,27.779082712317116,271.77014533050277,0.4606438469151232,53.301167331285725,25.216044620867123,13139.121424562605,0.09270134507294366,6.508269980642555,37.248293795544896,26.590725835802136,671759248.1240277,0.0,873104179.7871295,2913548.766913796,204556820.1344846,1156977576.6953552,31518254720.043274
123,2015-04-01,18.64794532766397,0.2338275577337129,50.21471170380613,271.77014533050277,0.4606438469151232,53.301167331285725,25.216044620867123,13139.121424562605,0.3068600912410703,3.518792250469261,25.581797397575166,12.631758157960844,586110822.4031518,7349397.66692253,1578283935.1990676,9644662.907552171,110597080.38124372,794600858.7156991,31518254720.043274
124,2015-05-01,49.16135761224074,0.6079516532603586,63.579374537078415,271.77014533050277,0.4606438469151232,53.301167331285725,25.216044620867123,13139.121424562605,0.1124666111845735,3.881837953493046,24.98226868496724,14.852441213991726,1545159827.0933526,19108434.03308729,1998328208.9183364,3534969.3341219765,122007906.08841042,775980781.5574818,31518254720.043274
125,2015-06-01,38.81427634392073,0.9353102309348515,84.52245772087026,271.77014533050277,0.4606438469151232,53.301167331285725,25.216044620867123,13139.121424562605,0.043388755150236144,0.8101795929734242,13.44955914622138,7.206730755426976,1219955927.7425516,29397590.66769012,2656599872.276483,1363734.7843051346,25462385.984984722,417754836.6208774,31518254720.043274
126,2015-07-01,47.997916237223905,1.2159033065207172,80.2475687096729,271.77014533050277,0.4606438469151232,53.301167331285725,25.216044620867123,13139.121424562605,0.1625469019756056,1.2683351546641757,12.35398650104615,7.955157570360489,1508584738.7506986,38216868.06617458,2522231911.498975,5109066.16921971,39864335.70845329,383723960.36004645,31518254720.043274
127,2015-08-01,42.27367499305439,0.9820757484013375,70.76654006609641,271.77014533050277,0.4606438469151232,53.301167331285725,25.216044620867123,13139.121424562605,0.0893328352243593,0.6906577551580854,10.016166216405589,6.151751996969598,1328680402.9924145,30867470.387129534,2224224586.540298,2807803.034735504,21707900.99762543,311112403.4646229,31518254720.043274
128,2015-09-01,21.395689089360804,0.4676551154674258,43.28024429273573,271.77014533050277,0.4606438469151232,53.301167331285725,25.216044620867123,13139.121424562605,0.013126566664793423,0.2899170275536905,8.850564224126764,5.102651244062791,672465081.5772929,14698795.33384506,1360315807.6474216,412549.5116345559,9112085.200714897,274905905.9557549,31518254720.043274
129,2015-10-01,69.46953494405003,0.2338275577337129,24.194373246017317,271.77014533050277,0.4606438469151232,53.301167331285725,25.216044620867123,13139.121424562605,3.81568843857695,9.177294074892151,41.894304965286544,50.66513238807152,2183457746.0047297,7349397.66692253,760440352.8364242,119928777.54434972,288448373.52703905,1301293117.8661156,31518254720.043274
130,2015-11-01,20.957337271648022,0.0,16.04217936609647,271.77014533050277,0.4606438469151232,53.301167331285725,25.216044620867123,13139.121424562605,0.0975914788405106,6.78290562486995,40.34620226798356,35.49560800361719,658689247.5305431,0.0,504216733.4607188,3067107.3595999433,213186109.7128337,1253197952.3562977,31518254720.043274
131,2015-12-01,26.943484135748534,0.0,9.029375885575515,271.77014533050277,0.4606438469151232,53.301167331285725,25.216044620867123,13139.121424562605,0.8770405763717359,12.827341945299432,45.42553596801456,35.13687256611946,846834236.7359991,0.0,283799366.9462332,27566585.07869542,403155216.0202521,1410970065.8300006,31518254720.043274
132,2016-01-01,48.882385912528626,0.0,10.611348651927408,271.77014533050277,0.4606438469151232,53.301167331285725,25.216044620867123,13139.121424562605,3.374495691091946,23.094053166502352,57.07325635356156,56.27247628365339,1536389573.9391823,0.0,333521302.4535761,106060463.0310738,725846130.1037599,1772770210.7722805,31518254720.043274
133,2016-02-01,21.721695970612576,0.0,30.772093501792245,271.77014533050277,0.4606438469151232,53.301167331285725,25.216044620867123,13139.121424562605,1.514501566207762,8.634264200008902,41.02410951841929,25.137218247744098,682719353.41716,0.0,967180523.1993315,47602881.54272701,271377740.77412087,1274258910.2206151,31518254720.043274
134,2016-03-01,21.29360672200607,0.0,50.389274903120366,271.77014533050277,0.4606438469151232,53.301167331285725,25.216044620867123,13139.121424562605,2.739801347968866,7.298131561505733,25.801311955014576,12.33252394689792,669266306.5277168,0.0,1583762565.5411332,86115464.89138234,229383326.61031103,801421095.0342159,31518254720.043274
135,2016-04-01,47.70697428231132,0.24421888531268626,53.547029585526744,271.77014533050277,0.4606438469151232,53.301167331285725,25.216044620867123,13139.121424562605,0.46236081297772136,6.7543550405079245,26.73172430390729,15.922392512093126,1499454752.3983145,7676000.546796999,1683006470.0878253,14532567.913269337,212293956.1688746,830327486.1932633,31518254720.043274
136,2016-05-01,19.70393548403715,0.6349690951070647,61.90361517089189,271.77014533050277,0.4606438469151232,53.301167331285725,25.216044620867123,13139.121424562605,0.060293393572891166,2.4632027372011516,18.006894231763344,9.146267270485342,619301343.9769092,19957601.21088487,1945650067.765898,1895124.3692970732,77421079.49129413,559326478.9932313,31518254720.043274
137,2016-06-01,6.713178381837678,0.976875541250745,65.20137469290475,271.77014533050277,0.4606438469151232,53.301167331285725,25.216044620867123,13139.121424562605,0.053303519280242934,0.2549411916500121,8.677108575542858,3.7231414126599467,210998231.18070367,30704002.187187996,2049308253.091823,1675394.3755206254,8013024.201709451,269527428.5040234,31518254720.043274
138,2016-07-01,21.46842601903004,1.2699381902141293,66.08688429245609,271.77014533050277,0.4606438469151232,53.301167331285725,25.216044620867123,13139.121424562605,0.12526227394143616,0.872176616876828,6.667222208140967,4.041143816557222,674766883.4791082,39915202.42176974,2077146406.6609519,3937190.9574637236,27414051.324746154,207097761.52304062,31518254720.043274
139,2016-08-01,30.28489115177624,1.0257193398784443,61.26646989430276,271.77014533050277,0.4606438469151232,53.301167331285725,25.216044620867123,13139.121424562605,0.07600511169096474,0.41199172981405696,6.519144323900733,3.257572297146274,951835579.9253272,32239202.974341903,1925631596.446001,2388911.018781084,12948879.831404679,202490052.96646068,31518254720.043274
140,2016-09-01,56.8806944347931,0.4884377706253725,34.51377152663358,271.77014533050277,0.4606438469151232,53.301167331285725,25.216044620867123,13139.121424562605,1.350078705272636,5.121128015651475,26.249149619399816,30.90314883920985,1787789515.4776027,15352001.093593998,1084772649.4994366,42434761.97339794,160962630.07508162,815343428.5482153,31518254720.043274
141,2016-10-01,15.724709826202359,0.24421888531268626,26.16995146409322,271.77014533050277,0.4606438469151232,53.301167331285725,25.216044620867123,13139.121424562605,0.08958058681586371,1.6423292719580371,18.67119682812459,17.36451011047859,494239439.27194375,7676000.546796999,822538807.6832275,2815736.5157385864,51620770.63112264,579959255.9369113,31518254720.043274
142,2016-11-01,21.74287803450069,0.0,9.340088845981162,271.77014533050277,0.4606438469151232,53.301167331285725,25.216044620867123,13139.121424562605,0.10566530095146821,3.3482448373032363,27.765177409350446,27.39542485520147,683386638.0946972,0.0,293563633.6099777,3321287.704874357,105238482.8932654,862428430.39678,31518254720.043274
143,2016-12-01,32.31268883562381,0.0,7.94021925064516,271.77014533050277,0.4606438469151232,53.301167331285725,25.216044620867123,13139.121424562605,1.3154718160589538,9.703705195777152,41.243005453578476,38.05081641191577,1015595550.505092,0.0,249566519.6853857,41347265.05446659,304991229.8568655,1281061408.2374985,31518254720.043274
144,2017-01-01,61.74680026827512,0.0,8.522237591204602,271.77014533050277,0.4606438469151232,53.301167331285725,25.216044620867123,13139.121424562605,8.81364021440557,25.384902125474266,60.12476127445075,62.68063398189224,1940724941.3760798,0.0,267860250.92166322,277017459.1087682,797851689.2504644,1867557083.3694532,31518254720.043274
145,2017-02-01,32.57180493800502,0.0,17.047458981964574,271.77014533050277,0.4606438469151232,53.301167331285725,25.216044620867123,13139.121424562605,2.645743902345287,16.33970165607677,56.771499980521,50.67359417208399,1023735948.2493877,0.0,535809215.40500504,83156892.87357976,513559819.21847475,1763393837.1046886,31518254720.043274
146,2017-03-01,37.96553107933838,0.0,49.78710402256681,271.77014533050277,0.4606438469151232,53.301167331285725,25.216044620867123,13139.121424562605,1.9559640269571537,8.952362001966074,41.972591601725554,24.87917701721372,1193276748.7683702,0.0,1564851705.262142,61476981.69059429,281375635.7468467,1303713288.3431847,31518254720.043274
147,2017-04-01,22.39079748979254,0.23639546697085656,63.379797465724536,271.77014533050277,0.4606438469151232,53.301167331285725,25.216044620867123,13139.121424562605,0.6085721942502788,5.271515136144897,23.83196758013455,11.415628961036099,703754917.1869524,7430128.106943525,1992060002.869723,19127965.70359722,165686453.99014387,740252814.8767697,31518254720.043274
148,2017-05-01,16.57419975191268,0.614628209952147,65.41468895416052,271.77014533050277,0.4606438469151232,53.301167331285725,25.216044620867123,13139.121424562605,0.03889086596057261,1.0874369311843008,13.396232443132554,6.000306146519856,520934554.94720614,19318332.946918912,2056015701.075819,1222425.7663999556,34178941.927821055,416106397.59712833,31518254720.043274
149,2017-06-01,0.5889908284198043,0.9455818678834262,62.0777235021568,271.77014533050277,0.4606438469151232,53.301167331285725,25.216044620867123,13139.121424562605,0.07865336636238797,0.10454975015797176,6.323321723337924,2.5739900828162146,18513026.29607702,29720512.4277741,1951136572.2681522,2472213.3990474,3286116.980816179,196412085.40485933,31518254720.043274
150,2017-07-01,45.66587048357599,1.229256419904294,78.27730269614517,271.77014533050277,0.4606438469151232,53.301167331285725,25.216044620867123,13139.121424562605,0.16838804684819897,0.9426140035609799,7.06218002255488,4.594456748844132,1435304206.8012083,38636665.893837824,2460294046.236951,5292697.314345964,29627990.39939839,219364734.7326194,31518254720.043274
151,2017-08-01,23.606840612345053,0.9928609737115297,54.08316381392931,271.77014533050277,0.4606438469151232,53.301167331285725,25.216044620867123,13139.121424562605,0.12363832199261567,0.6352651167096511,6.937555289659839,4.467575774055,741966340.2148355,31206538.439968687,1699852145.925237,3886152.48037268,19967371.022733234,215493058.15241477,31518254720.043274
152,2017-09-01,28.948029817622615,0.4727909339417131,33.126909809017874,271.77014533050277,0.4606438469151232,53.301167331285725,25.216044620867123,13139.121424562605,0.14658328638000565,2.0570360524986584,12.735818801098919,12.444885571110108,909857796.9151864,14860256.21388705,1041183914.6253657,4607399.29582534,64656849.55190252,395601620.12331724,31518254720.043274
153,2017-10-01,3.0801316435764425,0.23639546697085656,27.347304928657,271.77014533050277,0.4606438469151232,53.301167331285725,25.216044620867123,13139.121424562605,0.01260482583377816,0.10871724036511582,7.066111517968341,3.6022414679614827,96813075.33986841,7430128.106943525,859549294.398836,396185.96819102037,3417164.666556615,219486453.64439148,31518254720.043274
154,2017-11-01,3.0415534657704493,0.0,14.080250685610892,271.77014533050277,0.4606438469151232,53.301167331285725,25.216044620867123,13139.121424562605,0.042156051386685114,0.28424695133830685,6.988074856032485,3.7266888202668715,95599963.63731132,0.0,442552229.9541624,1325062.0696998977,8934463.37547893,217063650.2428343,31518254720.043274
155,2017-12-01,5.093501987592844,0.0,5.106200389665709,271.77014533050277,0.4606438469151232,53.301167331285725,25.216044620867123,13139.121424562605,0.006572914873052311,0.2893608023934189,9.231574614150336,6.271958653914796,160090647.6347589,0.0,160488618.30039543,206602.07176684448,9095096.19752854,286750817.651363,31518254720.043274
156,2018-01-01,20.237868092840984,0.0,9.911686675200489,271.77014533050277,0.4606438469151232,53.301167331285725,25.216044620867123,13139.121424562605,0.4048728985375403,2.271904521788294,18.931336211142828,14.367994426401138,636081303.3910353,0.0,311530508.9421477,12725905.566555014,71407946.35038143,588035633.9923925,31518254720.043274
157,2018-02-01,24.699792134490842,0.0,23.884575390727026,271.77014533050277,0.4606438469151232,53.301167331285725,25.216044620867123,13139.121424562605,0.9129616440460058,5.739058519125798,22.348311726915735,14.41411865622929,776324604.2252012,0.0,750717844.219955,28695919.675547794,180380923.21025214,694166491.0637656,31518254720.043274
158,2018-03-01,26.269491035631724,0.0,46.41487349848587,271.77014533050277,0.4606438469151232,53.301167331285725,25.216044620867123,13139.121424562605,0.16605599875158464,5.108457024489772,17.938667615325038,9.204263641142376,825657383.7008268,0.0,1458844898.7636979,5219391.904892947,160560648.52827218,557201206.8162819,31518254720.043274
159,2018-04-01,14.859475243687758,0.19594409722427028,92.58384030997446,271.77014533050277,0.4606438469151232,53.301167331285725,25.216044620867123,13139.121424562605,0.18029779358296188,2.8881974406015387,11.687670591128573,5.397242962711256,467041964.32989144,6158654.494578909,2909964366.788819,5666976.032887261,90778356.00378205,363039515.1959233,31518254720.043274
160,2018-05-01,16.882951463375452,0.5094546385138132,70.02948376534343,271.77014533050277,0.4606438469151232,53.301167331285725,25.216044620867123,13139.121424562605,0.0025977569758684977,0.1988144227392754,6.92001912633275,2.9220199027233424,530640962.3952494,16012501.237416815,2201060648.8222156,81643.95959249031,6248898.996174762,214948500.60161567,31518254720.043274
161,2018-06-01,0.021661694151903835,0.7837763888970811,59.845577478899806,271.77014533050277,0.4606438469151232,53.301167331285725,25.216044620867123,13139.121424562605,0.009468450750697343,0.07971456045659153,2.9988978263758796,1.0214274289581975,680881.4707271517,24634617.978315637,1880983571.140138,297568.0364499796,2505464.5354126957,93151652.78093214,31518254720.043274
162,2018-07-01,18.469704434196547,1.0189092770276265,90.44341818543242,271.77014533050277,0.4606438469151232,53.301167331285725,25.216044620867123,13139.121424562605,0.02425340733967592,0.20499334890999796,2.105491670897535,0.6971440486346463,580490288.3015693,32025002.47483363,2842692195.9231477,762229.8662091543,6442988.562544901,65400120.02704757,31518254720.043274
163,2018-08-01,22.81961700133691,0.8229652033781749,41.09810166569355,271.77014533050277,0.4606438469151232,53.301167331285725,25.216044620867123,13139.121424562605,0.02231157081842834,0.6845413932523041,5.221359257420379,5.548965595402482,717221105.7586501,25866348.721232828,1291723644.3022807,701219.3759701758,21515718.401817743,162183843.91395083,31518254720.043274
164,2018-09-01,1.1600693376532363,0.39188819444854056,28.857424899948995,271.77014533050277,0.4606438469151232,53.301167331285725,25.216044620867123,13139.121424562605,0.005226086232234492,0.07831753929601841,2.9970603808743865,1.5562307075508928,36459326.846291,12317308.989157818,906999972.2906961,164242.36628548504,2461548.3848483223,93093823.34027189,31518254720.043274
165,2018-10-01,92.00451590445513,0.19594409722427028,18.681452770886853,271.77014533050277,0.4606438469151232,53.301167331285725,25.216044620867123,13139.121424562605,10.546253999097424,15.047018100368811,50.93806301313814,62.12560125906251,2891751404.146393,6158654.494578909,587157126.0929916,331486255.1399183,472937998.7110352,1582216649.4464476,31518254720.043274
166,2018-11-01,5.813462198758601,0.0,11.164696820393651,271.77014533050277,0.4606438469151232,53.301167331285725,25.216044620867123,13139.121424562605,0.0020332914248814235,5.142976271803932,40.58577531758812,34.41405189173176,182718856.8479093,0.0,350912398.31021184,63906.36490091889,161649132.4780619,1260653929.4497159,31518254720.043274
167,2018-12-01,6.729423262923201,0.0,10.062068324851955,271.77014533050277,0.4606438469151232,53.301167331285725,25.216044620867123,13139.121424562605,0.003031158970630642,2.1467495336752975,35.93288053515964,23.087166947787438,211508105.11049503,0.0,316257068.2053317,95274.66663139578,67472950.1902689,1116126137.577628,31518254720.043274
168,2019-01-01,38.992530888874334,0.0,10.793669705113649,271.77014533050277,0.4606438469151232,53.301167331285725,25.216044620867123,13139.121424562605,0.8159954192447547,14.968051970270114,48.730120346148986,40.33904373596778,1225539359.121537,0.0,339253822.50957423,25645764.606325038,470442790.7215774,1513622508.187172,31518254720.043274
169,2019-02-01,63.960166115791594,0.0,16.979006147648423,271.77014533050277,0.4606438469151232,53.301167331285725,25.216044620867123,13139.121424562605,7.106904633894554,28.411144024534533,60.229220127647835,57.79323135891925,2010270093.569228,0.0,533662194.2075864,223366314.24847037,892958189.1782933,1870795293.2857962,31518254720.043274
170,2019-03-01,62.535074376937324,0.0,33.85424906441768,271.77014533050277,0.4606438469151232,53.301167331285725,25.216044620867123,13139.121424562605,4.694954227884893,24.846091887450697,60.09606669986126,52.50263602419219,1965496552.4281492,0.0,1064041490.6039344,147566188.39407626,780919225.4936073,1866666861.0653474,31518254720.043274
171,2019-04-01,42.81405329750919,0.23381439693866873,73.03663604412881,271.77014533050277,0.4606438469151232,53.301167331285725,25.216044620867123,13139.121424562605,5.793648201726975,10.884004600209398,35.82857232973731,18.33283183744711,1345666923.2612379,7349037.640590353,2295591233.6506367,182096004.8746717,342089344.1425542,1112883860.8834822,31518254720.043274
172,2019-05-01,66.7830811497491,0.6079174204259405,72.83040501361236,271.77014533050277,0.4606438469151232,53.301167331285725,25.216044620867123,13139.121424562605,2.660130732300469,11.679619559017095,34.44624577916175,21.266711785459048,2099023280.0144591,19107497.500477966,2289084609.7216306,83609861.95973697,367097215.93922293,1069953890.5983064,31518254720.043274
173,2019-06-01,7.339035152162508,0.9352575877546749,60.313139131437985,271.77014533050277,0.4606438469151232,53.301167331285725,25.216044620867123,13139.121424562605,0.09523804118652518,1.6007924240944975,17.83169974302778,9.059693910560867,230667622.6298604,29396150.56236141,1895671272.745255,2993530.5169397257,50313663.522689514,553881160.8587984,31518254720.043274
174,2019-07-01,18.8046994202083,1.215834840851881,60.35325217545041,271.77014533050277,0.4606438469151232,53.301167331285725,25.216044620867123,13139.121424562605,0.14806620421434685,0.7269380114442503,11.519610094244962,6.517743272764982,591041144.8735442,38214995.00095593,1896916447.7522762,4654019.238208286,22848695.31014646,357819607.8853146,31518254720.043274
175,2019-08-01,4.214494324531942,0.9820204239830257,54.12988774011362,271.77014533050277,0.4606438469151232,53.301167331285725,25.216044620867123,13139.121424562605,0.11943781152597886,0.3334627016216072,6.991821623974622,3.4297749902221333,132461081.01270694,30865956.73389535,1701317197.7773519,3754177.8881812165,10481288.554029087,217180011.23469532,31518254720.043274
176,2019-09-01,2.9951184834387314,0.46762879387733747,38.238028592134015,271.77014533050277,0.4606438469151232,53.301167331285725,25.216044620867123,13139.121424562605,0.021725329149474403,0.06124882689044535,5.439051113708114,2.342396974815071,94138507.45686044,14698075.281180706,1201838678.91584,682872.4991394419,1925132.9312059905,168948513.56524903,31518254720.043274
177,2019-10-01,1.5879778549548713,0.23381439693866873,16.64356062668157,271.77014533050277,0.4606438469151232,53.301167331285725,25.216044620867123,13139.121424562605,0.027755566976202524,0.052049848278026306,4.985369750175885,2.2966048635414347,49913101.26855934,7349037.640590353,523110880.9115355,872418.7194538732,1636005.9727548414,154856880.6764459,31518254720.043274
178,2019-11-01,55.13326632609581,0.0,7.804752228641169,271.77014533050277,0.4606438469151232,53.301167331285725,25.216044620867123,13139.121424562605,2.868824725564394,8.671778828051375,41.12514609546668,48.59928633656306,1732864488.7206562,0.0,245308801.0040202,90167827.93550871,272562599.03453076,1277409874.521138,31518254720.043274
179,2019-12-01,32.00304285296079,0.0,4.858603711163905,271.77014533050277,0.4606438469151232,53.301167331285725,25.216044620867123,13139.121424562605,2.6996336917279087,13.685555101136218,51.630721030275794,53.79650750220098,1005855347.9675738,0.0,152708131.92017493,84847415.89216834,430141657.6719805,1603719248.0921874,31518254720.043274
180,2020-01-01,10.353442273102994,0.0,8.625115433848975,271.77014533050277,0.4606438469151232,53.301167331285725,25.216044620867123,13139.121424562605,0.222067904013543,7.952074517027825,45.34642706531822,35.478547781281776,325412118.2297015,0.0,271091711.1632558,6979930.8150729695,249935608.02142566,1408519246.940928,31518254720.043274
181,2020-02-01,18.27440492405628,0.0,20.50755458042013,271.77014533050277,0.4606438469151232,53.301167331285725,25.216044620867123,13139.121424562605,0.170987633975124,6.35880413474172,39.48739132160557,25.123008940458977,574370861.5994416,0.0,644565455.9539279,5374306.68417954,199858638.35340998,1226528039.2751334,31518254720.043274
182,2020-03-01,45.84487277095646,0.0,38.074556531745344,271.77014533050277,0.4606438469151232,53.301167331285725,25.216044620867123,13139.121424562605,0.8810282458061929,10.264060630548462,40.533429886251014,27.620213177130555,1440913073.929885,0.0,1196705339.208693,27691348.516420424,322599481.00738114,1259014320.8136268,31518254720.043274
183,2020-04-01,17.915230092486624,0.21789626043025434,72.45031400004692,271.77014533050277,0.4606438469151232,53.301167331285725,25.216044620867123,13139.121424562605,0.25864347035687996,4.6465594997658535,19.687347670444016,9.144735708040775,563078328.7018492,6848682.704532827,2277144195.7730837,8129307.121213684,146042383.87493032,611518730.6251091,31518254720.043274
184,2020-05-01,2.206999900937221,0.5665302669025493,73.1902613287489,271.77014533050277,0.4606438469151232,53.301167331285725,25.216044620867123,13139.121424562605,0.011738190670448928,0.18609288705841603,8.021611832490532,3.2404859013159473,69366847.39383852,17806574.710688587,2300402211.2127786,368955.1354990419,5848858.969133638,249165050.08023092,31518254720.043274
185,2020-06-01,9.17502660088744,0.8715850417210174,48.12996340578421,271.77014533050277,0.4606438469151232,53.301167331285725,25.216044620867123,13139.121424562605,0.04537051547860378,0.12496279590606138,5.400112573206928,2.304883223840135,288371394.2878886,27394730.81813131,1512740741.698909,1426075.7034421153,3927684.4948067297,167736975.71774745,31518254720.043274
186,2020-07-01,20.224853599463124,1.1330605338050985,57.34639269534097,271.77014533050277,0.4606438469151232,53.301167331285725,25.216044620867123,13139.121424562605,0.1392681561513562,1.0950698774950638,6.897170968630434,5.305122891829374,635688301.5768714,35613149.421377175,1802417780.255421,4377472.122457842,34420085.583628826,214241885.64405385,31518254720.043274
187,2020-08-01,0.7458332948003327,0.9151642725178343,47.840372404954664,271.77014533050277,0.4606438469151232,53.301167331285725,25.216044620867123,13139.121424562605,0.05773198595185703,0.22960464652768717,4.185213505646774,1.9054912526720003,23440570.224816926,28764466.68991196,1503636113.8166971,1814620.7640546868,7216744.899107208,130002274.64092706,31518254720.043274
188,2020-09-01,2.558566252937988,0.4357925208605087,32.728120634552766,271.77014533050277,0.4606438469151232,53.301167331285725,25.216044620867123,13139.121424562605,0.038248024383330866,0.10453240630668198,3.778285078919059,1.6230725080202226,80413249.79591623,13697365.409065655,1028659006.0183779,1202216.1651969969,3285561.8223637356,117362290.84740773,31518254720.043274
189,2020-10-01,3.769606793533469,0.21789626043025434,22.200749889248435,271.77014533050277,0.4606438469151232,53.301167331285725,25.216044620867123,13139.121424562605,0.013288653985996352,0.051378698133006356,3.5686399349764355,1.5108801226090383,118482003.45919554,6848682.704532827,697778148.5776641,417685.2238414857,1614880.9576152852,110850482.62413853,31518254720.043274
190,2020-11-01,12.680149954093107,0.0,13.819028692522192,271.77014533050277,0.4606438469151232,53.301167331285725,25.216044620867123,13139.121424562605,0.024672703453613436,0.30225053461590856,7.943935435124589,6.740903512994151,398537775.4402053,0.0,434344694.97968596,775512.6628395364,9500324.250611955,246749241.14645752,31518254720.043274
191,2020-12-01,13.720133153261928,0.0,5.318645494596272,271.77014533050277,0.4606438469151232,53.301167331285725,25.216044620867123,13139.121424562605,0.046435019589731084,1.4084177457565306,16.694471228100603,14.278191157439643,431225264.42166847,0.0,167169986.76086217,1459536.5227645212,44266778.071694806,518549824.6281519,31518254720.043274
192,2021-01-01,14.56716375166612,0.0,10.257451944807508,271.77014533050277,0.4606438469151232,53.301167331285725,25.216044620867123,13139.121424562605,0.12036032366525395,3.5711195292674454,21.64754315739483,16.273511504088134,457842512.5898622,0.0,322400918.038346,3782800.7839188003,112239062.23400617,672392784.0850986,31518254720.06325
193,2021-02-01,14.39724016676906,0.0,14.197784818819418,271.77014533050277,0.4606438469151232,53.301167331285725,25.216044620867123,13139.121424562605,0.2448726820068202,4.9692983318052635,21.916955196945683,14.3399339617182,452510062.85105294,0.0,446245836.45639145,7696504.947784511,156184392.69981056,680763743.6539061,31518254720.06325
194,2021-03-01,25.855836948047962,0.0,22.464702339242905,271.77014533050277,0.4606438469151232,53.301167331285725,25.216044620867123,13139.121424562605,0.1846289239101905,5.918481766188075,23.878364366047727,16.585301127203945,812654669.6645863,0.0,706070426.8126334,5803140.960335376,186020407.2034206,741690985.9123147,31518254720.06325
195,2021-04-01,14.704392008841317,0.200647919128598,58.317397885056984,271.77014533050277,0.4606438469151232,53.301167331285725,25.216044620867123,13139.121424562605,0.006976353191983501,0.8600230578762124,14.113834324661589,6.681818597462363,462167181.04238474,6306501.358691481,1832955157.6803825,219263.8157999739,27031023.2178818,438397637.0128354,31518254720.06325
196,2021-05-01,1.9723164177710593,0.521684599493786,65.58674856872018,271.77014533050277,0.4606438469151232,53.301167331285725,25.216044620867123,13139.121424562605,0.009670459531837273,0.07292404407560897,5.8213636490522065,2.1229327895947017,61988332.95646553,16396903.839351773,2061422241.4671676,303935.33192157664,2292041.186237253,180822541.226147,31518254720.06325
197,2021-06-01,6.239564329183522,0.802591676514392,74.24099341284129,271.77014533050277,0.4606438469151232,53.301167331285725,25.216044620867123,13139.121424562605,0.02657324139956592,0.14696892213235133,2.861435152186879,0.9864291975721212,196116222.8819514,25226005.434765924,2333432223.193665,835194.6748568427,4619313.53324062,88882136.45773423,31518254720.06325
198,2021-07-01,53.27953227091719,1.043369198987572,63.615002829346615,271.77014533050277,0.4606438469151232,53.301167331285725,25.216044620867123,13139.121424562605,0.4301873784678996,1.9706277307697397,10.010405868053342,10.060576576508039,1674585278.4869454,32793807.678703547,1999442611.5395122,13521681.611535702,61939954.007079355,310940499.27918625,31518254720.06325
199,2021-08-01,47.098904299815274,0.8427212671659602,54.36631474221976,271.77014533050277,0.4606438469151232,53.301167331285725,25.216044620867123,13139.121424562605,0.43469103845507046,2.543961293858048,13.546181020307962,14.240954943944871,1480341812.5328968,26487305.921044238,1708749551.791535,13663266.345327307,79960820.19123332,420770179.902456,31518254720.06325
200,2021-09-01,32.532345343499706,0.401295838257196,39.407615837149535,271.77014533050277,0.4606438469151232,53.301167331285725,25.216044620867123,13139.121424562605,0.08970240835631513,2.0270563233530594,14.53490086240931,14.251397955655765,1022510940.1686577,12613002.717382962,1238595557.5601082,2819514.593334381,63713702.962117374,451482697.5908389,31518254720.06325
201,2021-10-01,46.054548157585785,0.200647919128598,35.40707831122209,271.77014533050277,0.4606438469151232,53.301167331285725,25.216044620867123,13139.121424562605,0.5876460538180711,3.465358490110699,24.09111792129957,24.14013011305504,1447513556.6071198,6306501.358691481,1112862998.9994953,18470586.66048775,108919533.40504012,748309590.0976539,31518254720.06325
202,2021-11-01,4.588116720608364,0.0,18.68425389902955,271.77014533050277,0.4606438469151232,53.301167331285725,25.216044620867123,13139.121424562605,0.002448521971143451,1.3913705173984774,17.05376915682785,10.34491188867468,144207530.01167247,0.0,587259091.2610251,76962.22120873256,43732274.226919316,529720038.19472873,31518254720.06325
203,2021-12-01,34.136916747238615,0.0,8.325962464832946,271.77014533050277,0.4606438469151232,53.301167331285725,25.216044620867123,13139.121424562605,0.8591767666378456,8.12200114762767,34.55528372103468,30.24340800840972,1072914403.8301749,0.0,261692360.7634559,27001424.7969839,255275174.6047779,1073323444.058766,31518254720.06325
204,2022-01-01,10.857477174888405,0.0,8.916401420616696,271.77014533050277,0.4606438469151232,53.301167331285725,25.216044620867123,13139.121424562605,0.33417567323705677,7.049056721807531,30.947375937764853,20.239242908799387,341254587.9020568,0.0,280243461.76446986,10503577.789805248,221553722.16521478,961261842.9084033,31518254720.043274
205,2022-02-01,15.013455477177654,0.0,17.028767688411268,271.77014533050277,0.4606438469151232,53.301167331285725,25.216044620867123,13139.121424562605,0.09123637679016827,5.3597380872792115,28.736461978237262,16.9480433025927,471871006.016467,0.0,535224292.85824424,2867620.253289405,168456720.99405965,892585173.9583846,31518254720.043274
206,2022-03-01,20.33361559971722,0.0,38.34960399135163,271.77014533050277,0.4606438469151232,53.301167331285725,25.216044620867123,13139.121424562605,0.18062903488186863,4.6687425814270895,22.706117367679585,11.483923803452722,639090553.226132,0.0,1205340757.8538756,5677415.684116382,146741695.67089063,705281877.1062515,31518254720.043274
207,2022-04-01,9.652636364935274,0.2114473493216572,81.89665854904693,271.77014533050277,0.4606438469151232,53.301167331285725,25.216044620867123,13139.121424562605,0.0038611150072994293,0.5478027365938293,11.512890920495742,4.973864328399271,303387556.0719892,6645955.850979452,2574058765.747629,121362.53217449701,17217906.71722035,357610409.5606837,31518254720.043274
208,2022-05-01,1.8781936342803813,0.5497630973614628,64.52108200410639,271.77014533050277,0.4606438469151232,53.301167331285725,25.216044620867123,13139.121424562605,0.015721625450141764,0.17645090693462195,5.471085205183398,2.1055843637940814,59034775.245760754,17279484.870758403,2027925380.0814312,494151.1438416487,5546003.470529084,169942631.47080088,31518254720.043274
209,2022-06-01,7.5106673825811265,0.8457893972866288,62.137972479671355,271.77014533050277,0.4606438469151232,53.301167331285725,25.216044620867123,13139.121424562605,0.031196936634579647,0.14275469831074367,3.01102694210509,0.99599275942482,236067765.25530598,26583823.403917808,1953045108.6391623,980539.4298513099,4486858.08645601,93528681.13250926,31518254720.043274
210,2022-07-01,33.31413864293346,1.0995261947229256,92.9956155115122,271.77014533050277,0.4606438469151232,53.301167331285725,25.216044620867123,13139.121424562605,0.05110673629699863,0.38612028264176695,3.2675023886437238,1.4985115639905164,1047074305.3570932,34558969.741516806,2922897751.482369,1606319.29321719,12136130.82670324,101494743.00223197,31518254720.043274
211,2022-08-01,37.78773859551171,0.8880788699025665,68.61521846402178,271.77014533050277,0.4606438469151232,53.301167331285725,25.216044620867123,13139.121424562605,0.06071710324025055,0.36598806670916534,4.026965203639921,2.5131520396337725,1187661217.7088814,27913014.660596997,2156592730.551832,1908396.5947248456,11503349.504983788,125084542.4887338,31518254720.043274
212,2022-09-01,33.74673472512532,0.4228946986433144,45.341823662528085,271.77014533050277,0.4606438469151232,53.301167331285725,25.216044620867123,13139.121424562605,0.048771423014993064,1.1966449936772159,7.687967556147865,7.567827432068012,1060673852.789347,13291911.701958904,1425112695.3325121,1532962.5950377241,37612629.913729206,238803208.64195058,31518254720.043274
213,2022-10-01,28.393215970543576,0.2114473493216572,28.392465721952835,271.77014533050277,0.4606438469151232,53.301167331285725,25.216044620867123,13139.121424562605,0.05673028288296267,1.2265194466355467,12.027919659900586,11.400555468685786,892401145.3224025,6645955.850979452,892387095.364807,1783118.24485129,38550737.077772684,373602276.2426185,31518254720.043274
214,2022-11-01,22.59439609156802,0.0,17.797295788843314,271.77014533050277,0.4606438469151232,53.301167331285725,25.216044620867123,13139.121424562605,0.09563835925438247,1.6071246814276101,18.860354668071757,14.427974850399604,710142537.7493566,0.0,559379933.8014358,3006052.1545105176,50511420.92449469,585821498.32666,31518254720.043274
215,2022-12-01,31.839637830835827,0.0,9.882102896322044,271.77014533050277,0.4606438469151232,53.301167331285725,25.216044620867123,13139.121424562605,0.6640681747482198,7.611971524643899,32.90920142358567,31.987364061320424,1000724513.5601273,0.0,310601407.4270593,20871191.81507122,239244597.17767125,1022192883.0139388,31518254720.043274
216,2023-01-01,51.48276250640387,0.0,7.891216114640237,271.77014533050277,0.4606438469151232,53.301167331285725,25.216044620867123,13139.121424562605,6.559801635333504,19.125546653876533,51.17893865934191,50.99519257417467,1618094177.6423712,0.0,248028317.3716509,206167803.25713772,601105201.9298561,1589673176.7372758,31518254720.043274
217,2023-02-01,27.593659112001113,0.0,13.615575191449127,271.77014533050277,0.4606438469151232,53.301167331285725,25.216044620867123,13139.121424562605,0.918590723786378,15.1682186546773,49.5986452172844,44.12342351499661,867263845.4636798,0.0,427943040.79720014,28870005.343411736,476731313.0543866,1540585611.9661863,31518254720.043274
218,2023-03-01,82.2103531727751,0.0,30.239413423739272,271.77014533050277,0.4606438469151232,53.301167331285725,25.216044620867123,13139.121424562605,10.5117709856026,31.179377204599707,60.193107802573685,57.80801554586975,2583888075.351233,0.0,950436845.5797955,330380712.33401394,979965787.4030074,1869673268.2095556,31518254720.043274
219,2023-04-01,14.348196067841329,0.2593950896544161,59.06659565414342,271.77014533050277,0.4606438469151232,53.301167331285725,25.216044620867123,13139.121424562605,0.32605877213761314,6.202593646396469,29.750407859331048,14.771416198969177,450969384.74981374,8153024.03050551,1856485955.4616165,10248464.91034934,194949272.64617744,924088775.0781207,31518254720.043274
220,2023-05-01,16.418070925032925,0.6744272378115154,74.29993934260277,271.77014533050277,0.4606438469151232,53.301167331285725,25.216044620867123,13139.121424562605,0.08274264812957939,1.8119338142212225,16.70497928411683,7.508474498791217,516029844.5111445,21197862.62733902,2335285489.2712626,2600727.486117782,56950544.00289692,518881165.8162714,31518254720.043274
221,2023-06-01,12.478906419758657,1.0375803586176644,57.12050744445313,271.77014533050277,0.4606438469151232,53.301167331285725,25.216044620867123,13139.121424562605,0.17071849135244926,0.8053657327531488,11.292951600297048,6.001889739334305,392221902.7367478,32612096.12202204,1795319765.6729012,5365972.746642418,25313767.955927037,350777085.66419935,31518254720.043274
222,2023-07-01,13.056110711216588,1.3488544756230307,48.52382956694759,271.77014533050277,0.4606438469151232,53.301167331285725,25.216044620867123,13139.121424562605,0.21077853871040378,1.0797072774400496,9.374516504522042,5.8930344290894245,410364249.7986676,42395725.25467804,1525119649.7346096,6625159.238142378,33936965.40775237,291189113.65620494,31518254720.043274
223,2023-08-01,49.391686079899536,1.0894593846540626,59.94641222357678,271.77014533050277,0.4606438469151232,53.301167331285725,25.216044620867123,13139.121424562605,0.24009790349385826,1.8892018389439689,14.05029683965926,10.883630464193413,1552390195.1703062,34242701.18284807,1884143268.8516474,7546575.676404198,59378464.99016556,436419581.6042871,31518254720.043274
224,2023-09-01,26.955091204906395,0.5187901793088322,47.58360319923443,271.77014533050277,0.4606438469151232,53.301167331285725,25.216044620867123,13139.121424562605,0.08801071502092436,1.0525613163379341,12.262963673884618,8.285961021073154,847211804.7326198,16306048.06101102,1495569200.1994276,2766301.7581954394,33082896.8717009,380904887.7621954,31518254720.043274
225,2023-10-01,7.276067218027367,0.2593950896544161,22.31392051059094,271.77014533050277,0.4606438469151232,53.301167331285725,25.216044620867123,13139.121424562605,0.05192673514725587,0.33320759402503536,11.031094699173629,6.87257962741978,228690763.9365614,8153024.03050551,701331559.6113131,1632163.049353105,10473157.523725487,342642588.40986913,31518254720.043274
226,2023-11-01,14.315218530657608,0.0,10.978666900739151,271.77014533050277,0.4606438469151232,53.301167331285725,25.216044620867123,13139.121424562605,0.04652084874831037,1.3439345491316224,14.932563260244308,11.894972198270905,449938742.1440168,0.0,345066147.88184386,1462247.7561218122,42241464.08063868,463830372.22851384,31518254720.043274
227,2023-12-01,9.41113494436742,0.0,9.29500708959863,271.77014533050277,0.4606438469151232,53.301167331285725,25.216044620867123,13139.121424562605,0.04135707739807983,1.0470936812832319,17.073005263007712,11.60498976573331,295794744.7377787,0.0,292147289.0488833,1299935.0586436247,32910688.446030155,530313282.3754525,31518254720.043274
228,2024-01-01,20.46985015276549,0.0,18.42971895322662,271.77014533050277,0.4606438469151232,53.301167331285725,25.216044620867123,13139.121424562605,0.29338733745496937,3.1412092866635586,20.402767513608826,12.930887149932131,643367898.762502,0.0,579259534.8434322,9221682.733794758,98729092.92981651,633733022.4403882,31518254720.043274
229,2024-02-01,36.74936230544196,0.0,21.151870615199368,271.77014533050277,0.4606438469151232,53.301167331285725,25.216044620867123,13139.121424562605,0.664278240278429,7.7542512906183845,30.347939225686762,24.472207648890436,1155038797.2836218,0.0,664813676.208343,20877458.2238948,243717464.04730162,942640297.0339388,31518254720.043274
230,2024-03-01,57.33430127863387,0.0,34.178677488938504,271.77014533050277,0.4606438469151232,53.301167331285725,25.216044620867123,13139.121424562605,2.079677131029634,13.952089184925901,39.43956763226113,35.009366109285,1802054758.8080251,0.0,1074248642.7911878,65366482.50943895,438522604.1673973,1225052162.3423803,31518254720.043274
231,2024-04-01,16.7740729593174,0.22403608206469924,57.210985856263186,271.77014533050277,0.4606438469151232,53.301167331285725,25.216044620867123,13139.121424562605,0.3408532252182227,4.558636625183663,22.60438891259965,12.0509755057913,527221093.23675656,7041654.253752654,1798182302.5876586,10713581.734222753,143281017.3856315,702128612.7000071,31518254720.043274
232,2024-05-01,7.472925343249474,0.5824938066389054,47.3688344340233,271.77014533050277,0.4606438469151232,53.301167331285725,25.216044620867123,13139.121424562605,0.04917803710601517,0.5404157327591579,13.3236775540735,5.9960074281522955,234877509.40229404,18308300.84824229,1488818762.8425455,1545761.2530986078,16985851.764140274,413856324.6076291,31518254720.043274
233,2024-06-01,12.954750083069067,0.896144328258797,51.95003181454256,271.77014533050277,0.4606438469151232,53.301167331285725,25.216044620867123,13139.121424562605,0.0918378075192051,0.492012862316493,8.843133022369136,4.5656116984300485,407173711.58615595,28166617.015010618,1632816738.0975382,2886602.7317217053,15464785.644670723,274683230.4357094,31518254720.043274
234,2024-07-01,5.35829713510086,1.1649876132778108,74.9943099665422,271.77014533050277,0.4606438469151232,53.301167331285725,25.216044620867123,13139.121424562605,0.09978087092716971,0.3271808576339968,5.369008569274041,2.5104410633060796,168414304.97524658,36616601.69648458,2357097940.71818,3136283.2092649164,10283629.85881753,166772305.12766603,31518254720.043274
235,2024-08-01,58.43412360698688,0.9409515435575415,63.38590852994326,271.77014533050277,0.4606438469151232,53.301167331285725,25.216044620867123,13139.121424562605,0.11586741267333832,1.7221172242917002,13.01025887220316,11.85586507706249,1836585010.111937,29574947.830744877,1992231503.7962353,3641867.3613005662,54128405.47908321,404115401.3855521,31518254720.043274
236,2024-09-01,2.0197021111584785,0.4480721641293985,40.39043948019923,271.77014533050277,0.4606438469151232,53.301167331285725,25.216044620867123,13139.121424562605,0.007931706181432843,0.08475438570024307,5.907101799486537,2.9628158411700376,63481945.71967854,14083308.507505309,1269480021.920342,249309.53367277526,2663983.645088793,183485076.71689916,31518254720.043274
237,2024-10-01,22.290868088018165,0.22403608206469924,25.467372738083352,271.77014533050277,0.4606438469151232,53.301167331285725,25.216044620867123,13139.121424562605,0.012147014227198296,0.34779257880433606,9.360276260244818,7.534641729067773,700606074.0749223,7041654.253752654,800445932.1078167,381802.8399684809,10931649.689078515,290745324.04687613,31518254720.043274
238,2024-11-01,15.788031224470284,0.0,9.549171198699034,271.77014533050277,0.4606438469151232,53.301167331285725,25.216044620867123,13139.121424562605,0.029086312621046065,0.9534843304621637,16.281562552591865,13.113410572324321,496220822.7736641,0.0,300132369.5693414,914239.1845931656,29968713.40305074,505729056.1045545,31518254720.043274
239,2024-12-01,4.758408814928883,0.0,6.762636416713571,271.77014533050277,0.4606438469151232,53.301167331285725,25.216044620867123,13139.121424562605,0.059990999545899,1.5538550506690585,16.237905498151562,10.073648796683516,149559996.0128099,0.0,212553155.83403322,1885628.7735780047,48838724.54621147,504372320.8330528,31518254720.043274
