,Date,precip_and_snowmelt_input_Curlew Valley_mean,irrigation_Curlew Valley_mean,AET_Curlew Valley_mean,soil_thickness_Curlew Valley_mean,soil_porosity_Curlew Valley_mean,field_capacity_Curlew Valley_mean,wilting_point_Curlew Valley_mean,Geo_K_Curlew Valley_mean,Runoff_Curlew Valley_mean,Recharge_Curlew Valley_mean,Soil_Water_End_Of_Previous_Timestep_Curlew Valley_mean,Soil_Saturation_Percent_End_Of_Timestep_Curlew Valley_mean,precip_and_snowmelt_input_m3_Curlew Valley_sum,irrigation_m3_Curlew Valley_sum,AET_m3_Curlew Valley_sum,Runoff_m3_Curlew Valley_sum,Recharge_m3_Curlew Valley_sum,Soil_Water_End_Of_Previous_Timestep_m3_Curlew Valley_sum,Curlew Valley_area_m2
0,2024-01-01,34.05877471307781,0.0,10.731712338015448,553.8953761679139,0.512820346593001,135.85882060457143,68.04356258301046,4636.266829029154,2.226874534121996,12.223960731893499,157.9978613257547,53.48058612056166,181067410.81052774,0.0,57052386.76898897,11838327.350938294,64987218.69027953,830043489.6080303,5308895359.259445
1,2024-01-01,34.05877471307781,0.0,10.731712338015448,553.8953761679139,0.512820346593001,135.85882060457143,68.04356258301046,4636.266829029154,2.226874534121996,12.223960731893499,157.9978613257547,53.48058612056166,181067410.81052774,0.0,57052386.76898897,11838327.350938294,64987218.69027953,830043489.6080303,5308895359.259445
2,2024-01-01,34.05877471307781,0.0,10.731712338015448,553.8953761679139,0.512820346593001,135.85882060457143,68.04356258301046,4636.266829029154,2.226874534121996,12.223960731893499,157.9978613257547,53.48058612056166,181067410.81052774,0.0,57052386.76898897,11838327.350938294,64987218.69027953,830043489.6080303,5308895359.259445
3,2024-01-01,34.05877471307781,0.0,10.731712338015448,553.8953761679139,0.512820346593001,135.85882060457143,68.04356258301046,4636.266829029154,2.226874534121996,12.223960731893499,157.9978613257547,53.48058612056166,181067410.81052774,0.0,57052386.76898897,11838327.350938294,64987218.69027953,830043489.6080303,5308895359.259445
4,2024-01-01,34.05877471307781,0.0,10.731712338015448,553.8953761679139,0.512820346593001,135.85882060457143,68.04356258301046,4636.266829029154,2.226874534121996,12.223960731893499,157.9978613257547,53.48058612056166,181067410.81052774,0.0,57052386.76898897,11838327.350938294,64987218.69027953,830043489.6080303,5308895359.259445
5,2024-01-01,34.05877471307781,0.0,10.731712338015448,553.8953761679139,0.512820346593001,135.85882060457143,68.04356258301046,4636.266829029154,2.226874534121996,12.223960731893499,157.9978613257547,53.48058612056166,181067410.81052774,0.0,57052386.76898897,11838327.350938294,64987218.69027953,830043489.6080303,5308895359.259445
6,2024-01-01,34.05877471307781,0.0,10.731712338015448,553.8953761679139,0.512820346593001,135.85882060457143,68.04356258301046,4636.266829029154,2.226874534121996,12.223960731893499,157.9978613257547,53.48058612056166,181067410.81052774,0.0,57052386.76898897,11838327.350938294,64987218.69027953,830043489.6080303,5308895359.259445
7,2024-01-01,34.05877471307781,0.0,10.731712338015448,553.8953761679139,0.512820346593001,135.85882060457143,68.04356258301046,4636.266829029154,2.226874534121996,12.223960731893499,157.9978613257547,53.48058612056166,181067410.81052774,0.0,57052386.76898897,11838327.350938294,64987218.69027953,830043489.6080303,5308895359.259445
8,2024-01-01,34.05877471307781,0.0,10.731712338015448,553.8953761679139,0.512820346593001,135.85882060457143,68.04356258301046,4636.266829029154,2.226874534121996,12.223960731893499,157.9978613257547,53.48058612056166,181067410.81052774,0.0,57052386.76898897,11838327.350938294,64987218.69027953,830043489.6080303,5308895359.259445
9,2024-01-01,34.05877471307781,0.0,10.731712338015448,553.8953761679139,0.512820346593001,135.85882060457143,68.04356258301046,4636.266829029154,2.226874534121996,12.223960731893499,157.9978613257547,53.48058612056166,181067410.81052774,0.0,57052386.76898897,11838327.350938294,64987218.69027953,830043489.6080303,5308895359.259445
10,2024-01-01,34.05877471307781,0.0,10.731712338015448,553.8953761679139,0.512820346593001,135.85882060457143,68.04356258301046,4636.266829029154,2.226874534121996,12.223960731893499,157.9978613257547,53.48058612056166,181067410.81052774,0.0,57052386.76898897,11838327.350938294,64987218.69027953,830043489.6080303,5308895359.259445
11,2024-01-01,34.05877471307781,0.0,10.731712338015448,553.8953761679139,0.512820346593001,135.85882060457143,68.04356258301046,4636.266829029154,2.226874534121996,12.223960731893499,157.9978613257547,53.48058612056166,181067410.81052774,0.0,57052386.76898897,11838327.350938294,64987218.69027953,830043489.6080303,5308895359.263861
12,2024-01-01,34.05877471307781,0.0,10.731712338015448,553.8953761679139,0.512820346593001,135.85882060457143,68.04356258301046,4636.266829029154,2.226874534121996,12.223960731893499,157.9978613257547,53.48058612056166,181067410.81052774,0.0,57052386.76898897,11838327.350938294,64987218.69027953,830043489.6080303,5308895359.259445
13,2024-01-01,34.05877471307781,0.0,10.731712338015448,553.8953761679139,0.512820346593001,135.85882060457143,68.04356258301046,4636.266829029154,2.226874534121996,12.223960731893499,157.9978613257547,53.48058612056166,181067410.81052774,0.0,57052386.76898897,11838327.350938294,64987218.69027953,830043489.6080303,5308895359.259445
14,2024-01-01,34.05877471307781,0.0,10.731712338015448,553.8953761679139,0.512820346593001,135.85882060457143,68.04356258301046,4636.266829029154,2.226874534121996,12.223960731893499,157.9978613257547,53.48058612056166,181067410.81052774,0.0,57052386.76898897,11838327.350938294,64987218.69027953,830043489.6080303,5308895359.259445
15,2024-01-01,34.05877471307781,0.0,10.731712338015448,553.8953761679139,0.512820346593001,135.85882060457143,68.04356258301046,4636.266829029154,2.226874534121996,12.223960731893499,157.9978613257547,53.48058612056166,181067410.81052774,0.0,57052386.76898897,11838327.350938294,64987218.69027953,830043489.6080303,5308895359.259445
16,2024-01-01,34.05877471307781,0.0,10.731712338015448,553.8953761679139,0.512820346593001,135.85882060457143,68.04356258301046,4636.266829029154,2.226874534121996,12.223960731893499,157.9978613257547,53.48058612056166,181067410.81052774,0.0,57052386.76898897,11838327.350938294,64987218.69027953,830043489.6080303,5308895359.259445
17,2024-01-01,34.05877471307781,0.0,10.731712338015448,553.8953761679139,0.512820346593001,135.85882060457143,68.04356258301046,4636.266829029154,2.226874534121996,12.223960731893499,157.9978613257547,53.48058612056166,181067410.81052774,0.0,57052386.76898897,11838327.350938294,64987218.69027953,830043489.6080303,5308895359.259445
18,2024-01-01,34.05877471307781,0.0,10.731712338015448,553.8953761679139,0.512820346593001,135.85882060457143,68.04356258301046,4636.266829029154,2.226874534121996,12.223960731893499,157.9978613257547,53.48058612056166,181067410.81052774,0.0,57052386.76898897,11838327.350938294,64987218.69027953,830043489.6080303,5308895359.259445
19,2024-01-01,34.05877471307781,0.0,10.731712338015448,553.8953761679139,0.512820346593001,135.85882060457143,68.04356258301046,4636.266829029154,2.226874534121996,12.223960731893499,157.9978613257547,53.48058612056166,181067410.81052774,0.0,57052386.76898897,11838327.350938294,64987218.69027953,830043489.6080303,5308895359.263861
20,2024-02-01,77.50891226168959,0.0,24.90762112271905,553.8953761679139,0.512820346593001,135.85882060457143,68.04356258301046,4636.266829029154,7.539282246173866,27.7868564086671,174.9902849640794,60.57560567291899,412071427.36293226,0.0,132414657.64855602,40081934.88497269,147732445.71927947,919317699.680184,5308895359.259445
21,2024-02-01,77.50891226168959,0.0,24.90762112271905,553.8953761679139,0.512820346593001,135.85882060457143,68.04356258301046,4636.266829029154,7.539282246173866,27.7868564086671,174.9902849640794,60.57560567291899,412071427.36293226,0.0,132414657.64855602,40081934.88497269,147732445.71927947,919317699.680184,5308895359.259445
22,2024-02-01,77.50891226168959,0.0,24.90762112271905,553.8953761679139,0.512820346593001,135.85882060457143,68.04356258301046,4636.266829029154,7.539282246173866,27.7868564086671,174.9902849640794,60.57560567291899,412071427.36293226,0.0,132414657.64855602,40081934.88497269,147732445.71927947,919317699.680184,5308895359.259445
23,2024-02-01,77.50891226168959,0.0,24.90762112271905,553.8953761679139,0.512820346593001,135.85882060457143,68.04356258301046,4636.266829029154,7.539282246173866,27.7868564086671,174.9902849640794,60.57560567291899,412071427.36293226,0.0,132414657.64855602,40081934.88497269,147732445.71927947,919317699.680184,5308895359.259445
24,2024-02-01,77.50891226168959,0.0,24.90762112271905,553.8953761679139,0.512820346593001,135.85882060457143,68.04356258301046,4636.266829029154,7.539282246173866,27.7868564086671,174.9902849640794,60.57560567291899,412071427.36293226,0.0,132414657.64855602,40081934.88497269,147732445.71927947,919317699.680184,5308895359.259445
25,2024-02-01,77.50891226168959,0.0,24.90762112271905,553.8953761679139,0.512820346593001,135.85882060457143,68.04356258301046,4636.266829029154,7.539282246173866,27.7868564086671,174.9902849640794,60.57560567291899,412071427.36293226,0.0,132414657.64855602,40081934.88497269,147732445.71927947,919317699.680184,5308895359.259445
26,2024-02-01,77.50891226168959,0.0,24.90762112271905,553.8953761679139,0.512820346593001,135.85882060457143,68.04356258301046,4636.266829029154,7.539282246173866,27.7868564086671,174.9902849640794,60.57560567291899,412071427.36293226,0.0,132414657.64855602,40081934.88497269,147732445.71927947,919317699.680184,5308895359.259445
27,2024-02-01,77.50891226168959,0.0,24.90762112271905,553.8953761679139,0.512820346593001,135.85882060457143,68.04356258301046,4636.266829029154,7.539282246173866,27.7868564086671,174.9902849640794,60.57560567291899,412071427.36293226,0.0,132414657.64855602,40081934.88497269,147732445.71927947,919317699.680184,5308895359.259445
28,2024-02-01,77.50891226168959,0.0,24.90762112271905,553.8953761679139,0.512820346593001,135.85882060457143,68.04356258301046,4636.266829029154,7.539282246173866,27.7868564086671,174.9902849640794,60.57560567291899,412071427.36293226,0.0,132414657.64855602,40081934.88497269,147732445.71927947,919317699.680184,5308895359.263861
29,2024-02-01,77.50891226168959,0.0,24.90762112271905,553.8953761679139,0.512820346593001,135.85882060457143,68.04356258301046,4636.266829029154,7.539282246173866,27.7868564086671,174.9902849640794,60.57560567291899,412071427.36293226,0.0,132414657.64855602,40081934.88497269,147732445.71927947,919317699.680184,5308895359.259445
30,2024-02-01,77.50891226168959,0.0,24.90762112271905,553.8953761679139,0.512820346593001,135.85882060457143,68.04356258301046,4636.266829029154,7.539282246173866,27.7868564086671,174.9902849640794,60.57560567291899,412071427.36293226,0.0,132414657.64855602,40081934.88497269,147732445.71927947,919317699.680184,5308895359.259445
31,2024-02-01,77.50891226168959,0.0,24.90762112271905,553.8953761679139,0.512820346593001,135.85882060457143,68.04356258301046,4636.266829029154,7.539282246173866,27.7868564086671,174.9902849640794,60.57560567291899,412071427.36293226,0.0,132414657.64855602,40081934.88497269,147732445.71927947,919317699.680184,5308895359.259445
32,2024-02-01,77.50891226168959,0.0,24.90762112271905,553.8953761679139,0.512820346593001,135.85882060457143,68.04356258301046,4636.266829029154,7.539282246173866,27.7868564086671,174.9902849640794,60.57560567291899,412071427.36293226,0.0,132414657.64855602,40081934.88497269,147732445.71927947,919317699.680184,5308895359.259445
33,2024-02-01,77.50891226168959,0.0,24.90762112271905,553.8953761679139,0.512820346593001,135.85882060457143,68.04356258301046,4636.266829029154,7.539282246173866,27.7868564086671,174.9902849640794,60.57560567291899,412071427.36293226,0.0,132414657.64855602,40081934.88497269,147732445.71927947,919317699.680184,5308895359.259445
34,2024-02-01,77.50891226168959,0.0,24.90762112271905,553.8953761679139,0.512820346593001,135.85882060457143,68.04356258301046,4636.266829029154,7.539282246173866,27.7868564086671,174.9902849640794,60.57560567291899,412071427.36293226,0.0,132414657.64855602,40081934.88497269,147732445.71927947,919317699.680184,5308895359.259445
35,2024-02-01,77.50891226168959,0.0,24.90762112271905,553.8953761679139,0.512820346593001,135.85882060457143,68.04356258301046,4636.266829029154,7.539282246173866,27.7868564086671,174.9902849640794,60.57560567291899,412071427.36293226,0.0,132414657.64855602,40081934.88497269,147732445.71927947,919317699.680184,5308895359.259445
36,2024-02-01,77.50891226168959,0.0,24.90762112271905,553.8953761679139,0.512820346593001,135.85882060457143,68.04356258301046,4636.266829029154,7.539282246173866,27.7868564086671,174.9902849640794,60.57560567291899,412071427.36293226,0.0,132414657.64855602,40081934.88497269,147732445.71927947,919317699.680184,5308895359.259445
37,2024-02-01,77.50891226168959,0.0,24.90762112271905,553.8953761679139,0.512820346593001,135.85882060457143,68.04356258301046,4636.266829029154,7.539282246173866,27.7868564086671,174.9902849640794,60.57560567291899,412071427.36293226,0.0,132414657.64855602,40081934.88497269,147732445.71927947,919317699.680184,5308895359.259445
38,2024-02-01,77.50891226168959,0.0,24.90762112271905,553.8953761679139,0.512820346593001,135.85882060457143,68.04356258301046,4636.266829029154,7.539282246173866,27.7868564086671,174.9902849640794,60.57560567291899,412071427.36293226,0.0,132414657.64855602,40081934.88497269,147732445.71927947,919317699.680184,5308895359.259445
39,2024-02-01,77.50891226168959,0.0,24.90762112271905,553.8953761679139,0.512820346593001,135.85882060457143,68.04356258301046,4636.266829029154,7.539282246173866,27.7868564086671,174.9902849640794,60.57560567291899,412071427.36293226,0.0,132414657.64855602,40081934.88497269,147732445.71927947,919317699.680184,5308895359.263861
40,2024-03-01,55.57640942345833,0.0,44.9592104768025,553.8953761679139,0.512820346593001,135.85882060457143,68.04356258301046,4636.266829029154,2.1771144224471404,13.626708164324064,169.91907572571722,57.80052363095429,295458548.3099161,0.0,239019570.90811157,11572896.909292733,72443230.78777374,892672152.8020487,5308895359.259445
41,2024-03-01,55.57640942345833,0.0,44.9592104768025,553.8953761679139,0.512820346593001,135.85882060457143,68.04356258301046,4636.266829029154,2.1771144224471404,13.626708164324064,169.91907572571722,57.80052363095429,295458548.3099161,0.0,239019570.90811157,11572896.909292733,72443230.78777374,892672152.8020487,5308895359.259445
42,2024-03-01,55.57640942345833,0.0,44.9592104768025,553.8953761679139,0.512820346593001,135.85882060457143,68.04356258301046,4636.266829029154,2.1771144224471404,13.626708164324064,169.91907572571722,57.80052363095429,295458548.3099161,0.0,239019570.90811157,11572896.909292733,72443230.78777374,892672152.8020487,5308895359.259445
43,2024-03-01,55.57640942345833,0.0,44.9592104768025,553.8953761679139,0.512820346593001,135.85882060457143,68.04356258301046,4636.266829029154,2.1771144224471404,13.626708164324064,169.91907572571722,57.80052363095429,295458548.3099161,0.0,239019570.90811157,11572896.909292733,72443230.78777374,892672152.8020487,5308895359.263861
44,2024-03-01,55.57640942345833,0.0,44.9592104768025,553.8953761679139,0.512820346593001,135.85882060457143,68.04356258301046,4636.266829029154,2.1771144224471404,13.626708164324064,169.91907572571722,57.80052363095429,295458548.3099161,0.0,239019570.90811157,11572896.909292733,72443230.78777374,892672152.8020487,5308895359.259445
45,2024-03-01,55.57640942345833,0.0,44.9592104768025,553.8953761679139,0.512820346593001,135.85882060457143,68.04356258301046,4636.266829029154,2.1771144224471404,13.626708164324064,169.91907572571722,57.80052363095429,295458548.3099161,0.0,239019570.90811157,11572896.909292733,72443230.78777374,892672152.8020487,5308895359.259445
46,2024-03-01,55.57640942345833,0.0,44.9592104768025,553.8953761679139,0.512820346593001,135.85882060457143,68.04356258301046,4636.266829029154,2.1771144224471404,13.626708164324064,169.91907572571722,57.80052363095429,295458548.3099161,0.0,239019570.90811157,11572896.909292733,72443230.78777374,892672152.8020487,5308895359.259445
47,2024-03-01,55.57640942345833,0.0,44.9592104768025,553.8953761679139,0.512820346593001,135.85882060457143,68.04356258301046,4636.266829029154,2.1771144224471404,13.626708164324064,169.91907572571722,57.80052363095429,295458548.3099161,0.0,239019570.90811157,11572896.909292733,72443230.78777374,892672152.8020487,5308895359.259445
48,2024-03-01,55.57640942345833,0.0,44.9592104768025,553.8953761679139,0.512820346593001,135.85882060457143,68.04356258301046,4636.266829029154,2.1771144224471404,13.626708164324064,169.91907572571722,57.80052363095429,295458548.3099161,0.0,239019570.90811157,11572896.909292733,72443230.78777374,892672152.8020487,5308895359.259445
49,2024-03-01,55.57640942345833,0.0,44.9592104768025,553.8953761679139,0.512820346593001,135.85882060457143,68.04356258301046,4636.266829029154,2.1771144224471404,13.626708164324064,169.91907572571722,57.80052363095429,295458548.3099161,0.0,239019570.90811157,11572896.909292733,72443230.78777374,892672152.8020487,5308895359.259445
50,2024-03-01,55.57640942345833,0.0,44.9592104768025,553.8953761679139,0.512820346593001,135.85882060457143,68.04356258301046,4636.266829029154,2.1771144224471404,13.626708164324064,169.91907572571722,57.80052363095429,295458548.3099161,0.0,239019570.90811157,11572896.909292733,72443230.78777374,892672152.8020487,5308895359.263861
51,2024-03-01,55.57640942345833,0.0,44.9592104768025,553.8953761679139,0.512820346593001,135.85882060457143,68.04356258301046,4636.266829029154,2.1771144224471404,13.626708164324064,169.91907572571722,57.80052363095429,295458548.3099161,0.0,239019570.90811157,11572896.909292733,72443230.78777374,892672152.8020487,5308895359.259445
52,2024-03-01,55.57640942345833,0.0,44.9592104768025,553.8953761679139,0.512820346593001,135.85882060457143,68.04356258301046,4636.266829029154,2.1771144224471404,13.626708164324064,169.91907572571722,57.80052363095429,295458548.3099161,0.0,239019570.90811157,11572896.909292733,72443230.78777374,892672152.8020487,5308895359.259445
53,2024-03-01,55.57640942345833,0.0,44.9592104768025,553.8953761679139,0.512820346593001,135.85882060457143,68.04356258301046,4636.266829029154,2.1771144224471404,13.626708164324064,169.91907572571722,57.80052363095429,295458548.3099161,0.0,239019570.90811157,11572896.909292733,72443230.78777374,892672152.8020487,5308895359.259445
54,2024-03-01,55.57640942345833,0.0,44.9592104768025,553.8953761679139,0.512820346593001,135.85882060457143,68.04356258301046,4636.266829029154,2.1771144224471404,13.626708164324064,169.91907572571722,57.80052363095429,295458548.3099161,0.0,239019570.90811157,11572896.909292733,72443230.78777374,892672152.8020487,5308895359.259445
55,2024-03-01,55.57640942345833,0.0,44.9592104768025,553.8953761679139,0.512820346593001,135.85882060457143,68.04356258301046,4636.266829029154,2.1771144224471404,13.626708164324064,169.91907572571722,57.80052363095429,295458548.3099161,0.0,239019570.90811157,11572896.909292733,72443230.78777374,892672152.8020487,5308895359.259445
56,2024-03-01,55.57640942345833,0.0,44.9592104768025,553.8953761679139,0.512820346593001,135.85882060457143,68.04356258301046,4636.266829029154,2.1771144224471404,13.626708164324064,169.91907572571722,57.80052363095429,295458548.3099161,0.0,239019570.90811157,11572896.909292733,72443230.78777374,892672152.8020487,5308895359.259445
57,2024-03-01,55.57640942345833,0.0,44.9592104768025,553.8953761679139,0.512820346593001,135.85882060457143,68.04356258301046,4636.266829029154,2.1771144224471404,13.626708164324064,169.91907572571722,57.80052363095429,295458548.3099161,0.0,239019570.90811157,11572896.909292733,72443230.78777374,892672152.8020487,5308895359.259445
58,2024-03-01,55.57640942345833,0.0,44.9592104768025,553.8953761679139,0.512820346593001,135.85882060457143,68.04356258301046,4636.266829029154,2.1771144224471404,13.626708164324064,169.91907572571722,57.80052363095429,295458548.3099161,0.0,239019570.90811157,11572896.909292733,72443230.78777374,892672152.8020487,5308895359.259445
59,2024-03-01,55.57640942345833,0.0,44.9592104768025,553.8953761679139,0.512820346593001,135.85882060457143,68.04356258301046,4636.266829029154,2.1771144224471404,13.626708164324064,169.91907572571722,57.80052363095429,295458548.3099161,0.0,239019570.90811157,11572896.909292733,72443230.78777374,892672152.8020487,5308895359.259445
60,2024-04-01,34.49340286814087,1.0992505655404328,50.29722887717028,553.8953761679139,0.512820346593001,135.85882060457143,68.04356258301046,4636.266829029154,0.6317424236873075,5.067424940260381,151.9174364424107,49.9943430047262,183384840.21092415,5843904.031747152,267395449.93132105,3358718.857610044,26941845.94663074,798103592.6969066,5308895359.259445
61,2024-04-01,34.49340286814087,1.0992505655404328,50.29722887717028,553.8953761679139,0.512820346593001,135.85882060457143,68.04356258301046,4636.266829029154,0.6317424236873075,5.067424940260381,151.9174364424107,49.9943430047262,183384840.21092415,5843904.031747152,267395449.93132105,3358718.857610044,26941845.94663074,798103592.6969066,5308895359.259445
62,2024-04-01,34.49340286814087,1.0992505655404328,50.29722887717028,553.8953761679139,0.512820346593001,135.85882060457143,68.04356258301046,4636.266829029154,0.6317424236873075,5.067424940260381,151.9174364424107,49.9943430047262,183384840.21092415,5843904.031747152,267395449.93132105,3358718.857610044,26941845.94663074,798103592.6969066,5308895359.259445
63,2024-04-01,34.49340286814087,1.0992505655404328,50.29722887717028,553.8953761679139,0.512820346593001,135.85882060457143,68.04356258301046,4636.266829029154,0.6317424236873075,5.067424940260381,151.9174364424107,49.9943430047262,183384840.21092415,5843904.031747152,267395449.93132105,3358718.857610044,26941845.94663074,798103592.6969066,5308895359.259445
64,2024-04-01,34.49340286814087,1.0992505655404328,50.29722887717028,553.8953761679139,0.512820346593001,135.85882060457143,68.04356258301046,4636.266829029154,0.6317424236873075,5.067424940260381,151.9174364424107,49.9943430047262,183384840.21092415,5843904.031747152,267395449.93132105,3358718.857610044,26941845.94663074,798103592.6969066,5308895359.259445
65,2024-04-01,34.49340286814087,1.0992505655404328,50.29722887717028,553.8953761679139,0.512820346593001,135.85882060457143,68.04356258301046,4636.266829029154,0.6317424236873075,5.067424940260381,151.9174364424107,49.9943430047262,183384840.21092415,5843904.031747152,267395449.93132105,3358718.857610044,26941845.94663074,798103592.6969066,5308895359.259445
66,2024-04-01,34.49340286814087,1.0992505655404328,50.29722887717028,553.8953761679139,0.512820346593001,135.85882060457143,68.04356258301046,4636.266829029154,0.6317424236873075,5.067424940260381,151.9174364424107,49.9943430047262,183384840.21092415,5843904.031747152,267395449.93132105,3358718.857610044,26941845.94663074,798103592.6969066,5308895359.259445
67,2024-04-01,34.49340286814087,1.0992505655404328,50.29722887717028,553.8953761679139,0.512820346593001,135.85882060457143,68.04356258301046,4636.266829029154,0.6317424236873075,5.067424940260381,151.9174364424107,49.9943430047262,183384840.21092415,5843904.031747152,267395449.93132105,3358718.857610044,26941845.94663074,798103592.6969066,5308895359.259445
68,2024-04-01,34.49340286814087,1.0992505655404328,50.29722887717028,553.8953761679139,0.512820346593001,135.85882060457143,68.04356258301046,4636.266829029154,0.6317424236873075,5.067424940260381,151.9174364424107,49.9943430047262,183384840.21092415,5843904.031747152,267395449.93132105,3358718.857610044,26941845.94663074,798103592.6969066,5308895359.259445
69,2024-04-01,34.49340286814087,1.0992505655404328,50.29722887717028,553.8953761679139,0.512820346593001,135.85882060457143,68.04356258301046,4636.266829029154,0.6317424236873075,5.067424940260381,151.9174364424107,49.9943430047262,183384840.21092415,5843904.031747152,267395449.93132105,3358718.857610044,26941845.94663074,798103592.6969066,5308895359.259445
70,2024-04-01,34.49340286814087,1.0992505655404328,50.29722887717028,553.8953761679139,0.512820346593001,135.85882060457143,68.04356258301046,4636.266829029154,0.6317424236873075,5.067424940260381,151.9174364424107,49.9943430047262,183384840.21092415,5843904.031747152,267395449.93132105,3358718.857610044,26941845.94663074,798103592.6969066,5308895359.259445
71,2024-04-01,34.49340286814087,1.0992505655404328,50.29722887717028,553.8953761679139,0.512820346593001,135.85882060457143,68.04356258301046,4636.266829029154,0.6317424236873075,5.067424940260381,151.9174364424107,49.9943430047262,183384840.21092415,5843904.031747152,267395449.93132105,3358718.857610044,26941845.94663074,798103592.6969066,5308895359.259445
72,2024-04-01,34.49340286814087,1.0992505655404328,50.29722887717028,553.8953761679139,0.512820346593001,135.85882060457143,68.04356258301046,4636.266829029154,0.6317424236873075,5.067424940260381,151.9174364424107,49.9943430047262,183384840.21092415,5843904.031747152,267395449.93132105,3358718.857610044,26941845.94663074,798103592.6969066,5308895359.263861
73,2024-04-01,34.49340286814087,1.0992505655404328,50.29722887717028,553.8953761679139,0.512820346593001,135.85882060457143,68.04356258301046,4636.266829029154,0.6317424236873075,5.067424940260381,151.9174364424107,49.9943430047262,183384840.21092415,5843904.031747152,267395449.93132105,3358718.857610044,26941845.94663074,798103592.6969066,5308895359.259445
74,2024-04-01,34.49340286814087,1.0992505655404328,50.29722887717028,553.8953761679139,0.512820346593001,135.85882060457143,68.04356258301046,4636.266829029154,0.6317424236873075,5.067424940260381,151.9174364424107,49.9943430047262,183384840.21092415,5843904.031747152,267395449.93132105,3358718.857610044,26941845.94663074,798103592.6969066,5308895359.259445
75,2024-04-01,34.49340286814087,1.0992505655404328,50.29722887717028,553.8953761679139,0.512820346593001,135.85882060457143,68.04356258301046,4636.266829029154,0.6317424236873075,5.067424940260381,151.9174364424107,49.9943430047262,183384840.21092415,5843904.031747152,267395449.93132105,3358718.857610044,26941845.94663074,798103592.6969066,5308895359.259445
76,2024-04-01,34.49340286814087,1.0992505655404328,50.29722887717028,553.8953761679139,0.512820346593001,135.85882060457143,68.04356258301046,4636.266829029154,0.6317424236873075,5.067424940260381,151.9174364424107,49.9943430047262,183384840.21092415,5843904.031747152,267395449.93132105,3358718.857610044,26941845.94663074,798103592.6969066,5308895359.259445
77,2024-04-01,34.49340286814087,1.0992505655404328,50.29722887717028,553.8953761679139,0.512820346593001,135.85882060457143,68.04356258301046,4636.266829029154,0.6317424236873075,5.067424940260381,151.9174364424107,49.9943430047262,183384840.21092415,5843904.031747152,267395449.93132105,3358718.857610044,26941845.94663074,798103592.6969066,5308895359.259445
78,2024-04-01,34.49340286814087,1.0992505655404328,50.29722887717028,553.8953761679139,0.512820346593001,135.85882060457143,68.04356258301046,4636.266829029154,0.6317424236873075,5.067424940260381,151.9174364424107,49.9943430047262,183384840.21092415,5843904.031747152,267395449.93132105,3358718.857610044,26941845.94663074,798103592.6969066,5308895359.263861
79,2024-04-01,34.49340286814087,1.0992505655404328,50.29722887717028,553.8953761679139,0.512820346593001,135.85882060457143,68.04356258301046,4636.266829029154,0.6317424236873075,5.067424940260381,151.9174364424107,49.9943430047262,183384840.21092415,5843904.031747152,267395449.93132105,3358718.857610044,26941845.94663074,798103592.6969066,5308895359.259445
80,2024-05-01,17.633747734962146,2.85805141542287,43.379747937539975,553.8953761679139,0.512820346593001,135.85882060457143,68.04356258301046,4636.266829029154,0.6184414335039427,1.3928736231873566,133.2966439254397,41.94378791593562,93746273.40768312,15194150.19025331,230625548.1606649,3287731.7663244987,7404802.18801501,700271171.3886567,5308895359.259445
81,2024-05-01,17.633747734962146,2.85805141542287,43.379747937539975,553.8953761679139,0.512820346593001,135.85882060457143,68.04356258301046,4636.266829029154,0.6184414335039427,1.3928736231873566,133.2966439254397,41.94378791593562,93746273.40768312,15194150.19025331,230625548.1606649,3287731.7663244987,7404802.18801501,700271171.3886567,5308895359.259445
82,2024-05-01,17.633747734962146,2.85805141542287,43.379747937539975,553.8953761679139,0.512820346593001,135.85882060457143,68.04356258301046,4636.266829029154,0.6184414335039427,1.3928736231873566,133.2966439254397,41.94378791593562,93746273.40768312,15194150.19025331,230625548.1606649,3287731.7663244987,7404802.18801501,700271171.3886567,5308895359.259445
83,2024-05-01,17.633747734962146,2.85805141542287,43.379747937539975,553.8953761679139,0.512820346593001,135.85882060457143,68.04356258301046,4636.266829029154,0.6184414335039427,1.3928736231873566,133.2966439254397,41.94378791593562,93746273.40768312,15194150.19025331,230625548.1606649,3287731.7663244987,7404802.18801501,700271171.3886567,5308895359.259445
84,2024-05-01,17.633747734962146,2.85805141542287,43.379747937539975,553.8953761679139,0.512820346593001,135.85882060457143,68.04356258301046,4636.266829029154,0.6184414335039427,1.3928736231873566,133.2966439254397,41.94378791593562,93746273.40768312,15194150.19025331,230625548.1606649,3287731.7663244987,7404802.18801501,700271171.3886567,5308895359.259445
85,2024-05-01,17.633747734962146,2.85805141542287,43.379747937539975,553.8953761679139,0.512820346593001,135.85882060457143,68.04356258301046,4636.266829029154,0.6184414335039427,1.3928736231873566,133.2966439254397,41.94378791593562,93746273.40768312,15194150.19025331,230625548.1606649,3287731.7663244987,7404802.18801501,700271171.3886567,5308895359.259445
86,2024-05-01,17.633747734962146,2.85805141542287,43.379747937539975,553.8953761679139,0.512820346593001,135.85882060457143,68.04356258301046,4636.266829029154,0.6184414335039427,1.3928736231873566,133.2966439254397,41.94378791593562,93746273.40768312,15194150.19025331,230625548.1606649,3287731.7663244987,7404802.18801501,700271171.3886567,5308895359.259445
87,2024-05-01,17.633747734962146,2.85805141542287,43.379747937539975,553.8953761679139,0.512820346593001,135.85882060457143,68.04356258301046,4636.266829029154,0.6184414335039427,1.3928736231873566,133.2966439254397,41.94378791593562,93746273.40768312,15194150.19025331,230625548.1606649,3287731.7663244987,7404802.18801501,700271171.3886567,5308895359.259445
88,2024-05-01,17.633747734962146,2.85805141542287,43.379747937539975,553.8953761679139,0.512820346593001,135.85882060457143,68.04356258301046,4636.266829029154,0.6184414335039427,1.3928736231873566,133.2966439254397,41.94378791593562,93746273.40768312,15194150.19025331,230625548.1606649,3287731.7663244987,7404802.18801501,700271171.3886567,5308895359.259445
89,2024-05-01,17.633747734962146,2.85805141542287,43.379747937539975,553.8953761679139,0.512820346593001,135.85882060457143,68.04356258301046,4636.266829029154,0.6184414335039427,1.3928736231873566,133.2966439254397,41.94378791593562,93746273.40768312,15194150.19025331,230625548.1606649,3287731.7663244987,7404802.18801501,700271171.3886567,5308895359.259445
90,2024-05-01,17.633747734962146,2.85805141542287,43.379747937539975,553.8953761679139,0.512820346593001,135.85882060457143,68.04356258301046,4636.266829029154,0.6184414335039427,1.3928736231873566,133.2966439254397,41.94378791593562,93746273.40768312,15194150.19025331,230625548.1606649,3287731.7663244987,7404802.18801501,700271171.3886567,5308895359.259445
91,2024-05-01,17.633747734962146,2.85805141542287,43.379747937539975,553.8953761679139,0.512820346593001,135.85882060457143,68.04356258301046,4636.266829029154,0.6184414335039427,1.3928736231873566,133.2966439254397,41.94378791593562,93746273.40768312,15194150.19025331,230625548.1606649,3287731.7663244987,7404802.18801501,700271171.3886567,5308895359.259445
92,2024-05-01,17.633747734962146,2.85805141542287,43.379747937539975,553.8953761679139,0.512820346593001,135.85882060457143,68.04356258301046,4636.266829029154,0.6184414335039427,1.3928736231873566,133.2966439254397,41.94378791593562,93746273.40768312,15194150.19025331,230625548.1606649,3287731.7663244987,7404802.18801501,700271171.3886567,5308895359.263861
93,2024-05-01,17.633747734962146,2.85805141542287,43.379747937539975,553.8953761679139,0.512820346593001,135.85882060457143,68.04356258301046,4636.266829029154,0.6184414335039427,1.3928736231873566,133.2966439254397,41.94378791593562,93746273.40768312,15194150.19025331,230625548.1606649,3287731.7663244987,7404802.18801501,700271171.3886567,5308895359.263861
94,2024-05-01,17.633747734962146,2.85805141542287,43.379747937539975,553.8953761679139,0.512820346593001,135.85882060457143,68.04356258301046,4636.266829029154,0.6184414335039427,1.3928736231873566,133.2966439254397,41.94378791593562,93746273.40768312,15194150.19025331,230625548.1606649,3287731.7663244987,7404802.18801501,700271171.3886567,5308895359.259445
95,2024-05-01,17.633747734962146,2.85805141542287,43.379747937539975,553.8953761679139,0.512820346593001,135.85882060457143,68.04356258301046,4636.266829029154,0.6184414335039427,1.3928736231873566,133.2966439254397,41.94378791593562,93746273.40768312,15194150.19025331,230625548.1606649,3287731.7663244987,7404802.18801501,700271171.3886567,5308895359.259445
96,2024-05-01,17.633747734962146,2.85805141542287,43.379747937539975,553.8953761679139,0.512820346593001,135.85882060457143,68.04356258301046,4636.266829029154,0.6184414335039427,1.3928736231873566,133.2966439254397,41.94378791593562,93746273.40768312,15194150.19025331,230625548.1606649,3287731.7663244987,7404802.18801501,700271171.3886567,5308895359.259445
97,2024-05-01,17.633747734962146,2.85805141542287,43.379747937539975,553.8953761679139,0.512820346593001,135.85882060457143,68.04356258301046,4636.266829029154,0.6184414335039427,1.3928736231873566,133.2966439254397,41.94378791593562,93746273.40768312,15194150.19025331,230625548.1606649,3287731.7663244987,7404802.18801501,700271171.3886567,5308895359.259445
98,2024-05-01,17.633747734962146,2.85805141542287,43.379747937539975,553.8953761679139,0.512820346593001,135.85882060457143,68.04356258301046,4636.266829029154,0.6184414335039427,1.3928736231873566,133.2966439254397,41.94378791593562,93746273.40768312,15194150.19025331,230625548.1606649,3287731.7663244987,7404802.18801501,700271171.3886567,5308895359.259445
99,2024-05-01,17.633747734962146,2.85805141542287,43.379747937539975,553.8953761679139,0.512820346593001,135.85882060457143,68.04356258301046,4636.266829029154,0.6184414335039427,1.3928736231873566,133.2966439254397,41.94378791593562,93746273.40768312,15194150.19025331,230625548.1606649,3287731.7663244987,7404802.18801501,700271171.3886567,5308895359.259445
100,2024-06-01,14.428160270465344,4.397002262161731,32.5753143771227,553.8953761679139,0.512820346593001,135.85882060457143,68.04356258301046,4636.266829029154,1.5031139670168827,1.2185475794508263,125.60759862786492,38.40605254757287,76701538.60122296,23375616.12698861,173185735.73693705,7990747.057353718,6477943.870468495,659871099.7409612,5308895359.259445
101,2024-06-01,14.428160270465344,4.397002262161731,32.5753143771227,553.8953761679139,0.512820346593001,135.85882060457143,68.04356258301046,4636.266829029154,1.5031139670168827,1.2185475794508263,125.60759862786492,38.40605254757287,76701538.60122296,23375616.12698861,173185735.73693705,7990747.057353718,6477943.870468495,659871099.7409612,5308895359.259445
102,2024-06-01,14.428160270465344,4.397002262161731,32.5753143771227,553.8953761679139,0.512820346593001,135.85882060457143,68.04356258301046,4636.266829029154,1.5031139670168827,1.2185475794508263,125.60759862786492,38.40605254757287,76701538.60122296,23375616.12698861,173185735.73693705,7990747.057353718,6477943.870468495,659871099.7409612,5308895359.259445
103,2024-06-01,14.428160270465344,4.397002262161731,32.5753143771227,553.8953761679139,0.512820346593001,135.85882060457143,68.04356258301046,4636.266829029154,1.5031139670168827,1.2185475794508263,125.60759862786492,38.40605254757287,76701538.60122296,23375616.12698861,173185735.73693705,7990747.057353718,6477943.870468495,659871099.7409612,5308895359.259445
104,2024-06-01,14.428160270465344,4.397002262161731,32.5753143771227,553.8953761679139,0.512820346593001,135.85882060457143,68.04356258301046,4636.266829029154,1.5031139670168827,1.2185475794508263,125.60759862786492,38.40605254757287,76701538.60122296,23375616.12698861,173185735.73693705,7990747.057353718,6477943.870468495,659871099.7409612,5308895359.259445
105,2024-06-01,14.428160270465344,4.397002262161731,32.5753143771227,553.8953761679139,0.512820346593001,135.85882060457143,68.04356258301046,4636.266829029154,1.5031139670168827,1.2185475794508263,125.60759862786492,38.40605254757287,76701538.60122296,23375616.12698861,173185735.73693705,7990747.057353718,6477943.870468495,659871099.7409612,5308895359.259445
106,2024-06-01,14.428160270465344,4.397002262161731,32.5753143771227,553.8953761679139,0.512820346593001,135.85882060457143,68.04356258301046,4636.266829029154,1.5031139670168827,1.2185475794508263,125.60759862786492,38.40605254757287,76701538.60122296,23375616.12698861,173185735.73693705,7990747.057353718,6477943.870468495,659871099.7409612,5308895359.263861
107,2024-06-01,14.428160270465344,4.397002262161731,32.5753143771227,553.8953761679139,0.512820346593001,135.85882060457143,68.04356258301046,4636.266829029154,1.5031139670168827,1.2185475794508263,125.60759862786492,38.40605254757287,76701538.60122296,23375616.12698861,173185735.73693705,7990747.057353718,6477943.870468495,659871099.7409612,5308895359.259445
108,2024-06-01,14.428160270465344,4.397002262161731,32.5753143771227,553.8953761679139,0.512820346593001,135.85882060457143,68.04356258301046,4636.266829029154,1.5031139670168827,1.2185475794508263,125.60759862786492,38.40605254757287,76701538.60122296,23375616.12698861,173185735.73693705,7990747.057353718,6477943.870468495,659871099.7409612,5308895359.259445
109,2024-06-01,14.428160270465344,4.397002262161731,32.5753143771227,553.8953761679139,0.512820346593001,135.85882060457143,68.04356258301046,4636.266829029154,1.5031139670168827,1.2185475794508263,125.60759862786492,38.40605254757287,76701538.60122296,23375616.12698861,173185735.73693705,7990747.057353718,6477943.870468495,659871099.7409612,5308895359.263861
110,2024-06-01,14.428160270465344,4.397002262161731,32.5753143771227,553.8953761679139,0.512820346593001,135.85882060457143,68.04356258301046,4636.266829029154,1.5031139670168827,1.2185475794508263,125.60759862786492,38.40605254757287,76701538.60122296,23375616.12698861,173185735.73693705,7990747.057353718,6477943.870468495,659871099.7409612,5308895359.259445
111,2024-06-01,14.428160270465344,4.397002262161731,32.5753143771227,553.8953761679139,0.512820346593001,135.85882060457143,68.04356258301046,4636.266829029154,1.5031139670168827,1.2185475794508263,125.60759862786492,38.40605254757287,76701538.60122296,23375616.12698861,173185735.73693705,7990747.057353718,6477943.870468495,659871099.7409612,5308895359.259445
112,2024-06-01,14.428160270465344,4.397002262161731,32.5753143771227,553.8953761679139,0.512820346593001,135.85882060457143,68.04356258301046,4636.266829029154,1.5031139670168827,1.2185475794508263,125.60759862786492,38.40605254757287,76701538.60122296,23375616.12698861,173185735.73693705,7990747.057353718,6477943.870468495,659871099.7409612,5308895359.259445
113,2024-06-01,14.428160270465344,4.397002262161731,32.5753143771227,553.8953761679139,0.512820346593001,135.85882060457143,68.04356258301046,4636.266829029154,1.5031139670168827,1.2185475794508263,125.60759862786492,38.40605254757287,76701538.60122296,23375616.12698861,173185735.73693705,7990747.057353718,6477943.870468495,659871099.7409612,5308895359.259445
114,2024-06-01,14.428160270465344,4.397002262161731,32.5753143771227,553.8953761679139,0.512820346593001,135.85882060457143,68.04356258301046,4636.266829029154,1.5031139670168827,1.2185475794508263,125.60759862786492,38.40605254757287,76701538.60122296,23375616.12698861,173185735.73693705,7990747.057353718,6477943.870468495,659871099.7409612,5308895359.259445
115,2024-06-01,14.428160270465344,4.397002262161731,32.5753143771227,553.8953761679139,0.512820346593001,135.85882060457143,68.04356258301046,4636.266829029154,1.5031139670168827,1.2185475794508263,125.60759862786492,38.40605254757287,76701538.60122296,23375616.12698861,173185735.73693705,7990747.057353718,6477943.870468495,659871099.7409612,5308895359.259445
116,2024-06-01,14.428160270465344,4.397002262161731,32.5753143771227,553.8953761679139,0.512820346593001,135.85882060457143,68.04356258301046,4636.266829029154,1.5031139670168827,1.2185475794508263,125.60759862786492,38.40605254757287,76701538.60122296,23375616.12698861,173185735.73693705,7990747.057353718,6477943.870468495,659871099.7409612,5308895359.259445
117,2024-06-01,14.428160270465344,4.397002262161731,32.5753143771227,553.8953761679139,0.512820346593001,135.85882060457143,68.04356258301046,4636.266829029154,1.5031139670168827,1.2185475794508263,125.60759862786492,38.40605254757287,76701538.60122296,23375616.12698861,173185735.73693705,7990747.057353718,6477943.870468495,659871099.7409612,5308895359.259445
118,2024-06-01,14.428160270465344,4.397002262161731,32.5753143771227,553.8953761679139,0.512820346593001,135.85882060457143,68.04356258301046,4636.266829029154,1.5031139670168827,1.2185475794508263,125.60759862786492,38.40605254757287,76701538.60122296,23375616.12698861,173185735.73693705,7990747.057353718,6477943.870468495,659871099.7409612,5308895359.259445
119,2024-06-01,14.428160270465344,4.397002262161731,32.5753143771227,553.8953761679139,0.512820346593001,135.85882060457143,68.04356258301046,4636.266829029154,1.5031139670168827,1.2185475794508263,125.60759862786492,38.40605254757287,76701538.60122296,23375616.12698861,173185735.73693705,7990747.057353718,6477943.870468495,659871099.7409612,5308895359.259445
120,2024-07-01,12.788564521305208,5.71610283084574,33.25481978515442,553.8953761679139,0.512820346593001,135.85882060457143,68.04356258301046,4636.266829029154,2.240934518528149,1.4491898558811556,122.25669702708306,36.973569157272614,67988377.36110231,30388300.38050662,176795643.16221392,11913390.500589164,7704242.399642317,642266156.9556661,5308895359.259445
121,2024-07-01,12.788564521305208,5.71610283084574,33.25481978515442,553.8953761679139,0.512820346593001,135.85882060457143,68.04356258301046,4636.266829029154,2.240934518528149,1.4491898558811556,122.25669702708306,36.973569157272614,67988377.36110231,30388300.38050662,176795643.16221392,11913390.500589164,7704242.399642317,642266156.9556661,5308895359.259445
122,2024-07-01,12.788564521305208,5.71610283084574,33.25481978515442,553.8953761679139,0.512820346593001,135.85882060457143,68.04356258301046,4636.266829029154,2.240934518528149,1.4491898558811556,122.25669702708306,36.973569157272614,67988377.36110231,30388300.38050662,176795643.16221392,11913390.500589164,7704242.399642317,642266156.9556661,5308895359.259445
123,2024-07-01,12.788564521305208,5.71610283084574,33.25481978515442,553.8953761679139,0.512820346593001,135.85882060457143,68.04356258301046,4636.266829029154,2.240934518528149,1.4491898558811556,122.25669702708306,36.973569157272614,67988377.36110231,30388300.38050662,176795643.16221392,11913390.500589164,7704242.399642317,642266156.9556661,5308895359.259445
124,2024-07-01,12.788564521305208,5.71610283084574,33.25481978515442,553.8953761679139,0.512820346593001,135.85882060457143,68.04356258301046,4636.266829029154,2.240934518528149,1.4491898558811556,122.25669702708306,36.973569157272614,67988377.36110231,30388300.38050662,176795643.16221392,11913390.500589164,7704242.399642317,642266156.9556661,5308895359.259445
125,2024-07-01,12.788564521305208,5.71610283084574,33.25481978515442,553.8953761679139,0.512820346593001,135.85882060457143,68.04356258301046,4636.266829029154,2.240934518528149,1.4491898558811556,122.25669702708306,36.973569157272614,67988377.36110231,30388300.38050662,176795643.16221392,11913390.500589164,7704242.399642317,642266156.9556661,5308895359.259445
126,2024-07-01,12.788564521305208,5.71610283084574,33.25481978515442,553.8953761679139,0.512820346593001,135.85882060457143,68.04356258301046,4636.266829029154,2.240934518528149,1.4491898558811556,122.25669702708306,36.973569157272614,67988377.36110231,30388300.38050662,176795643.16221392,11913390.500589164,7704242.399642317,642266156.9556661,5308895359.259445
127,2024-07-01,12.788564521305208,5.71610283084574,33.25481978515442,553.8953761679139,0.512820346593001,135.85882060457143,68.04356258301046,4636.266829029154,2.240934518528149,1.4491898558811556,122.25669702708306,36.973569157272614,67988377.36110231,30388300.38050662,176795643.16221392,11913390.500589164,7704242.399642317,642266156.9556661,5308895359.259445
128,2024-07-01,12.788564521305208,5.71610283084574,33.25481978515442,553.8953761679139,0.512820346593001,135.85882060457143,68.04356258301046,4636.266829029154,2.240934518528149,1.4491898558811556,122.25669702708306,36.973569157272614,67988377.36110231,30388300.38050662,176795643.16221392,11913390.500589164,7704242.399642317,642266156.9556661,5308895359.259445
129,2024-07-01,12.788564521305208,5.71610283084574,33.25481978515442,553.8953761679139,0.512820346593001,135.85882060457143,68.04356258301046,4636.266829029154,2.240934518528149,1.4491898558811556,122.25669702708306,36.973569157272614,67988377.36110231,30388300.38050662,176795643.16221392,11913390.500589164,7704242.399642317,642266156.9556661,5308895359.259445
130,2024-07-01,12.788564521305208,5.71610283084574,33.25481978515442,553.8953761679139,0.512820346593001,135.85882060457143,68.04356258301046,4636.266829029154,2.240934518528149,1.4491898558811556,122.25669702708306,36.973569157272614,67988377.36110231,30388300.38050662,176795643.16221392,11913390.500589164,7704242.399642317,642266156.9556661,5308895359.259445
131,2024-07-01,12.788564521305208,5.71610283084574,33.25481978515442,553.8953761679139,0.512820346593001,135.85882060457143,68.04356258301046,4636.266829029154,2.240934518528149,1.4491898558811556,122.25669702708306,36.973569157272614,67988377.36110231,30388300.38050662,176795643.16221392,11913390.500589164,7704242.399642317,642266156.9556661,5308895359.259445
132,2024-07-01,12.788564521305208,5.71610283084574,33.25481978515442,553.8953761679139,0.512820346593001,135.85882060457143,68.04356258301046,4636.266829029154,2.240934518528149,1.4491898558811556,122.25669702708306,36.973569157272614,67988377.36110231,30388300.38050662,176795643.16221392,11913390.500589164,7704242.399642317,642266156.9556661,5308895359.263861
133,2024-07-01,12.788564521305208,5.71610283084574,33.25481978515442,553.8953761679139,0.512820346593001,135.85882060457143,68.04356258301046,4636.266829029154,2.240934518528149,1.4491898558811556,122.25669702708306,36.973569157272614,67988377.36110231,30388300.38050662,176795643.16221392,11913390.500589164,7704242.399642317,642266156.9556661,5308895359.259445
134,2024-07-01,12.788564521305208,5.71610283084574,33.25481978515442,553.8953761679139,0.512820346593001,135.85882060457143,68.04356258301046,4636.266829029154,2.240934518528149,1.4491898558811556,122.25669702708306,36.973569157272614,67988377.36110231,30388300.38050662,176795643.16221392,11913390.500589164,7704242.399642317,642266156.9556661,5308895359.259445
135,2024-07-01,12.788564521305208,5.71610283084574,33.25481978515442,553.8953761679139,0.512820346593001,135.85882060457143,68.04356258301046,4636.266829029154,2.240934518528149,1.4491898558811556,122.25669702708306,36.973569157272614,67988377.36110231,30388300.38050662,176795643.16221392,11913390.500589164,7704242.399642317,642266156.9556661,5308895359.259445
136,2024-07-01,12.788564521305208,5.71610283084574,33.25481978515442,553.8953761679139,0.512820346593001,135.85882060457143,68.04356258301046,4636.266829029154,2.240934518528149,1.4491898558811556,122.25669702708306,36.973569157272614,67988377.36110231,30388300.38050662,176795643.16221392,11913390.500589164,7704242.399642317,642266156.9556661,5308895359.263861
137,2024-07-01,12.788564521305208,5.71610283084574,33.25481978515442,553.8953761679139,0.512820346593001,135.85882060457143,68.04356258301046,4636.266829029154,2.240934518528149,1.4491898558811556,122.25669702708306,36.973569157272614,67988377.36110231,30388300.38050662,176795643.16221392,11913390.500589164,7704242.399642317,642266156.9556661,5308895359.259445
138,2024-07-01,12.788564521305208,5.71610283084574,33.25481978515442,553.8953761679139,0.512820346593001,135.85882060457143,68.04356258301046,4636.266829029154,2.240934518528149,1.4491898558811556,122.25669702708306,36.973569157272614,67988377.36110231,30388300.38050662,176795643.16221392,11913390.500589164,7704242.399642317,642266156.9556661,5308895359.259445
139,2024-07-01,12.788564521305208,5.71610283084574,33.25481978515442,553.8953761679139,0.512820346593001,135.85882060457143,68.04356258301046,4636.266829029154,2.240934518528149,1.4491898558811556,122.25669702708306,36.973569157272614,67988377.36110231,30388300.38050662,176795643.16221392,11913390.500589164,7704242.399642317,642266156.9556661,5308895359.259445
140,2024-08-01,14.086252238942713,4.616852376577761,36.865515284819054,553.8953761679139,0.512820346593001,135.85882060457143,68.04356258301046,4636.266829029154,1.6959762801410576,1.0409646145679037,115.37689857054683,34.68885257682466,74886985.83107632,24544396.940246027,195991829.74413934,9016094.347676758,5533874.397572419,606120843.5293615,5308895359.259445
141,2024-08-01,14.086252238942713,4.616852376577761,36.865515284819054,553.8953761679139,0.512820346593001,135.85882060457143,68.04356258301046,4636.266829029154,1.6959762801410576,1.0409646145679037,115.37689857054683,34.68885257682466,74886985.83107632,24544396.940246027,195991829.74413934,9016094.347676758,5533874.397572419,606120843.5293615,5308895359.263861
142,2024-08-01,14.086252238942713,4.616852376577761,36.865515284819054,553.8953761679139,0.512820346593001,135.85882060457143,68.04356258301046,4636.266829029154,1.6959762801410576,1.0409646145679037,115.37689857054683,34.68885257682466,74886985.83107632,24544396.940246027,195991829.74413934,9016094.347676758,5533874.397572419,606120843.5293615,5308895359.259445
143,2024-08-01,14.086252238942713,4.616852376577761,36.865515284819054,553.8953761679139,0.512820346593001,135.85882060457143,68.04356258301046,4636.266829029154,1.6959762801410576,1.0409646145679037,115.37689857054683,34.68885257682466,74886985.83107632,24544396.940246027,195991829.74413934,9016094.347676758,5533874.397572419,606120843.5293615,5308895359.259445
144,2024-08-01,14.086252238942713,4.616852376577761,36.865515284819054,553.8953761679139,0.512820346593001,135.85882060457143,68.04356258301046,4636.266829029154,1.6959762801410576,1.0409646145679037,115.37689857054683,34.68885257682466,74886985.83107632,24544396.940246027,195991829.74413934,9016094.347676758,5533874.397572419,606120843.5293615,5308895359.259445
145,2024-08-01,14.086252238942713,4.616852376577761,36.865515284819054,553.8953761679139,0.512820346593001,135.85882060457143,68.04356258301046,4636.266829029154,1.6959762801410576,1.0409646145679037,115.37689857054683,34.68885257682466,74886985.83107632,24544396.940246027,195991829.74413934,9016094.347676758,5533874.397572419,606120843.5293615,5308895359.259445
146,2024-08-01,14.086252238942713,4.616852376577761,36.865515284819054,553.8953761679139,0.512820346593001,135.85882060457143,68.04356258301046,4636.266829029154,1.6959762801410576,1.0409646145679037,115.37689857054683,34.68885257682466,74886985.83107632,24544396.940246027,195991829.74413934,9016094.347676758,5533874.397572419,606120843.5293615,5308895359.259445
147,2024-08-01,14.086252238942713,4.616852376577761,36.865515284819054,553.8953761679139,0.512820346593001,135.85882060457143,68.04356258301046,4636.266829029154,1.6959762801410576,1.0409646145679037,115.37689857054683,34.68885257682466,74886985.83107632,24544396.940246027,195991829.74413934,9016094.347676758,5533874.397572419,606120843.5293615,5308895359.259445
148,2024-08-01,14.086252238942713,4.616852376577761,36.865515284819054,553.8953761679139,0.512820346593001,135.85882060457143,68.04356258301046,4636.266829029154,1.6959762801410576,1.0409646145679037,115.37689857054683,34.68885257682466,74886985.83107632,24544396.940246027,195991829.74413934,9016094.347676758,5533874.397572419,606120843.5293615,5308895359.259445
149,2024-08-01,14.086252238942713,4.616852376577761,36.865515284819054,553.8953761679139,0.512820346593001,135.85882060457143,68.04356258301046,4636.266829029154,1.6959762801410576,1.0409646145679037,115.37689857054683,34.68885257682466,74886985.83107632,24544396.940246027,195991829.74413934,9016094.347676758,5533874.397572419,606120843.5293615,5308895359.263861
150,2024-08-01,14.086252238942713,4.616852376577761,36.865515284819054,553.8953761679139,0.512820346593001,135.85882060457143,68.04356258301046,4636.266829029154,1.6959762801410576,1.0409646145679037,115.37689857054683,34.68885257682466,74886985.83107632,24544396.940246027,195991829.74413934,9016094.347676758,5533874.397572419,606120843.5293615,5308895359.259445
151,2024-08-01,14.086252238942713,4.616852376577761,36.865515284819054,553.8953761679139,0.512820346593001,135.85882060457143,68.04356258301046,4636.266829029154,1.6959762801410576,1.0409646145679037,115.37689857054683,34.68885257682466,74886985.83107632,24544396.940246027,195991829.74413934,9016094.347676758,5533874.397572419,606120843.5293615,5308895359.259445
152,2024-08-01,14.086252238942713,4.616852376577761,36.865515284819054,553.8953761679139,0.512820346593001,135.85882060457143,68.04356258301046,4636.266829029154,1.6959762801410576,1.0409646145679037,115.37689857054683,34.68885257682466,74886985.83107632,24544396.940246027,195991829.74413934,9016094.347676758,5533874.397572419,606120843.5293615,5308895359.259445
153,2024-08-01,14.086252238942713,4.616852376577761,36.865515284819054,553.8953761679139,0.512820346593001,135.85882060457143,68.04356258301046,4636.266829029154,1.6959762801410576,1.0409646145679037,115.37689857054683,34.68885257682466,74886985.83107632,24544396.940246027,195991829.74413934,9016094.347676758,5533874.397572419,606120843.5293615,5308895359.259445
154,2024-08-01,14.086252238942713,4.616852376577761,36.865515284819054,553.8953761679139,0.512820346593001,135.85882060457143,68.04356258301046,4636.266829029154,1.6959762801410576,1.0409646145679037,115.37689857054683,34.68885257682466,74886985.83107632,24544396.940246027,195991829.74413934,9016094.347676758,5533874.397572419,606120843.5293615,5308895359.259445
155,2024-08-01,14.086252238942713,4.616852376577761,36.865515284819054,553.8953761679139,0.512820346593001,135.85882060457143,68.04356258301046,4636.266829029154,1.6959762801410576,1.0409646145679037,115.37689857054683,34.68885257682466,74886985.83107632,24544396.940246027,195991829.74413934,9016094.347676758,5533874.397572419,606120843.5293615,5308895359.259445
156,2024-08-01,14.086252238942713,4.616852376577761,36.865515284819054,553.8953761679139,0.512820346593001,135.85882060457143,68.04356258301046,4636.266829029154,1.6959762801410576,1.0409646145679037,115.37689857054683,34.68885257682466,74886985.83107632,24544396.940246027,195991829.74413934,9016094.347676758,5533874.397572419,606120843.5293615,5308895359.259445
157,2024-08-01,14.086252238942713,4.616852376577761,36.865515284819054,553.8953761679139,0.512820346593001,135.85882060457143,68.04356258301046,4636.266829029154,1.6959762801410576,1.0409646145679037,115.37689857054683,34.68885257682466,74886985.83107632,24544396.940246027,195991829.74413934,9016094.347676758,5533874.397572419,606120843.5293615,5308895359.259445
158,2024-08-01,14.086252238942713,4.616852376577761,36.865515284819054,553.8953761679139,0.512820346593001,135.85882060457143,68.04356258301046,4636.266829029154,1.6959762801410576,1.0409646145679037,115.37689857054683,34.68885257682466,74886985.83107632,24544396.940246027,195991829.74413934,9016094.347676758,5533874.397572419,606120843.5293615,5308895359.259445
159,2024-08-01,14.086252238942713,4.616852376577761,36.865515284819054,553.8953761679139,0.512820346593001,135.85882060457143,68.04356258301046,4636.266829029154,1.6959762801410576,1.0409646145679037,115.37689857054683,34.68885257682466,74886985.83107632,24544396.940246027,195991829.74413934,9016094.347676758,5533874.397572419,606120843.5293615,5308895359.259445
160,2024-09-01,13.355575755368879,2.1985011310808655,16.11021110470823,553.8953761679139,0.512820346593001,135.85882060457143,68.04356258301046,4636.266829029154,1.1630963883906975,1.2952663356532164,117.68157758533263,35.67256778970627,71002192.14544259,11687808.063494304,85647305.18873613,6183080.289591148,6885730.9688139595,618228365.3894753,5308895359.259445
161,2024-09-01,13.355575755368879,2.1985011310808655,16.11021110470823,553.8953761679139,0.512820346593001,135.85882060457143,68.04356258301046,4636.266829029154,1.1630963883906975,1.2952663356532164,117.68157758533263,35.67256778970627,71002192.14544259,11687808.063494304,85647305.18873613,6183080.289591148,6885730.9688139595,618228365.3894753,5308895359.263861
162,2024-09-01,13.355575755368879,2.1985011310808655,16.11021110470823,553.8953761679139,0.512820346593001,135.85882060457143,68.04356258301046,4636.266829029154,1.1630963883906975,1.2952663356532164,117.68157758533263,35.67256778970627,71002192.14544259,11687808.063494304,85647305.18873613,6183080.289591148,6885730.9688139595,618228365.3894753,5308895359.259445
163,2024-09-01,13.355575755368879,2.1985011310808655,16.11021110470823,553.8953761679139,0.512820346593001,135.85882060457143,68.04356258301046,4636.266829029154,1.1630963883906975,1.2952663356532164,117.68157758533263,35.67256778970627,71002192.14544259,11687808.063494304,85647305.18873613,6183080.289591148,6885730.9688139595,618228365.3894753,5308895359.259445
164,2024-09-01,13.355575755368879,2.1985011310808655,16.11021110470823,553.8953761679139,0.512820346593001,135.85882060457143,68.04356258301046,4636.266829029154,1.1630963883906975,1.2952663356532164,117.68157758533263,35.67256778970627,71002192.14544259,11687808.063494304,85647305.18873613,6183080.289591148,6885730.9688139595,618228365.3894753,5308895359.259445
165,2024-09-01,13.355575755368879,2.1985011310808655,16.11021110470823,553.8953761679139,0.512820346593001,135.85882060457143,68.04356258301046,4636.266829029154,1.1630963883906975,1.2952663356532164,117.68157758533263,35.67256778970627,71002192.14544259,11687808.063494304,85647305.18873613,6183080.289591148,6885730.9688139595,618228365.3894753,5308895359.259445
166,2024-09-01,13.355575755368879,2.1985011310808655,16.11021110470823,553.8953761679139,0.512820346593001,135.85882060457143,68.04356258301046,4636.266829029154,1.1630963883906975,1.2952663356532164,117.68157758533263,35.67256778970627,71002192.14544259,11687808.063494304,85647305.18873613,6183080.289591148,6885730.9688139595,618228365.3894753,5308895359.259445
167,2024-09-01,13.355575755368879,2.1985011310808655,16.11021110470823,553.8953761679139,0.512820346593001,135.85882060457143,68.04356258301046,4636.266829029154,1.1630963883906975,1.2952663356532164,117.68157758533263,35.67256778970627,71002192.14544259,11687808.063494304,85647305.18873613,6183080.289591148,6885730.9688139595,618228365.3894753,5308895359.259445
168,2024-09-01,13.355575755368879,2.1985011310808655,16.11021110470823,553.8953761679139,0.512820346593001,135.85882060457143,68.04356258301046,4636.266829029154,1.1630963883906975,1.2952663356532164,117.68157758533263,35.67256778970627,71002192.14544259,11687808.063494304,85647305.18873613,6183080.289591148,6885730.9688139595,618228365.3894753,5308895359.259445
169,2024-09-01,13.355575755368879,2.1985011310808655,16.11021110470823,553.8953761679139,0.512820346593001,135.85882060457143,68.04356258301046,4636.266829029154,1.1630963883906975,1.2952663356532164,117.68157758533263,35.67256778970627,71002192.14544259,11687808.063494304,85647305.18873613,6183080.289591148,6885730.9688139595,618228365.3894753,5308895359.259445
170,2024-09-01,13.355575755368879,2.1985011310808655,16.11021110470823,553.8953761679139,0.512820346593001,135.85882060457143,68.04356258301046,4636.266829029154,1.1630963883906975,1.2952663356532164,117.68157758533263,35.67256778970627,71002192.14544259,11687808.063494304,85647305.18873613,6183080.289591148,6885730.9688139595,618228365.3894753,5308895359.259445
171,2024-09-01,13.355575755368879,2.1985011310808655,16.11021110470823,553.8953761679139,0.512820346593001,135.85882060457143,68.04356258301046,4636.266829029154,1.1630963883906975,1.2952663356532164,117.68157758533263,35.67256778970627,71002192.14544259,11687808.063494304,85647305.18873613,6183080.289591148,6885730.9688139595,618228365.3894753,5308895359.259445
172,2024-09-01,13.355575755368879,2.1985011310808655,16.11021110470823,553.8953761679139,0.512820346593001,135.85882060457143,68.04356258301046,4636.266829029154,1.1630963883906975,1.2952663356532164,117.68157758533263,35.67256778970627,71002192.14544259,11687808.063494304,85647305.18873613,6183080.289591148,6885730.9688139595,618228365.3894753,5308895359.263861
173,2024-09-01,13.355575755368879,2.1985011310808655,16.11021110470823,553.8953761679139,0.512820346593001,135.85882060457143,68.04356258301046,4636.266829029154,1.1630963883906975,1.2952663356532164,117.68157758533263,35.67256778970627,71002192.14544259,11687808.063494304,85647305.18873613,6183080.289591148,6885730.9688139595,618228365.3894753,5308895359.259445
174,2024-09-01,13.355575755368879,2.1985011310808655,16.11021110470823,553.8953761679139,0.512820346593001,135.85882060457143,68.04356258301046,4636.266829029154,1.1630963883906975,1.2952663356532164,117.68157758533263,35.67256778970627,71002192.14544259,11687808.063494304,85647305.18873613,6183080.289591148,6885730.9688139595,618228365.3894753,5308895359.259445
175,2024-09-01,13.355575755368879,2.1985011310808655,16.11021110470823,553.8953761679139,0.512820346593001,135.85882060457143,68.04356258301046,4636.266829029154,1.1630963883906975,1.2952663356532164,117.68157758533263,35.67256778970627,71002192.14544259,11687808.063494304,85647305.18873613,6183080.289591148,6885730.9688139595,618228365.3894753,5308895359.259445
176,2024-09-01,13.355575755368879,2.1985011310808655,16.11021110470823,553.8953761679139,0.512820346593001,135.85882060457143,68.04356258301046,4636.266829029154,1.1630963883906975,1.2952663356532164,117.68157758533263,35.67256778970627,71002192.14544259,11687808.063494304,85647305.18873613,6183080.289591148,6885730.9688139595,618228365.3894753,5308895359.259445
177,2024-09-01,13.355575755368879,2.1985011310808655,16.11021110470823,553.8953761679139,0.512820346593001,135.85882060457143,68.04356258301046,4636.266829029154,1.1630963883906975,1.2952663356532164,117.68157758533263,35.67256778970627,71002192.14544259,11687808.063494304,85647305.18873613,6183080.289591148,6885730.9688139595,618228365.3894753,5308895359.259445
178,2024-09-01,13.355575755368879,2.1985011310808655,16.11021110470823,553.8953761679139,0.512820346593001,135.85882060457143,68.04356258301046,4636.266829029154,1.1630963883906975,1.2952663356532164,117.68157758533263,35.67256778970627,71002192.14544259,11687808.063494304,85647305.18873613,6183080.289591148,6885730.9688139595,618228365.3894753,5308895359.259445
179,2024-09-01,13.355575755368879,2.1985011310808655,16.11021110470823,553.8953761679139,0.512820346593001,135.85882060457143,68.04356258301046,4636.266829029154,1.1630963883906975,1.2952663356532164,117.68157758533263,35.67256778970627,71002192.14544259,11687808.063494304,85647305.18873613,6183080.289591148,6885730.9688139595,618228365.3894753,5308895359.259445
180,2024-10-01,13.629295165965958,1.0992505655404328,8.928100736442655,553.8953761679139,0.512820346593001,135.85882060457143,68.04356258301046,4636.266829029154,0.8278378624945623,1.7222574898883012,123.28353789011807,38.23864068970804,72460529.1190457,5843904.031747152,47465453.55313457,4400874.738972508,9156068.50426458,647660345.3554796,5308895359.259445
181,2024-10-01,13.629295165965958,1.0992505655404328,8.928100736442655,553.8953761679139,0.512820346593001,135.85882060457143,68.04356258301046,4636.266829029154,0.8278378624945623,1.7222574898883012,123.28353789011807,38.23864068970804,72460529.1190457,5843904.031747152,47465453.55313457,4400874.738972508,9156068.50426458,647660345.3554796,5308895359.259445
182,2024-10-01,13.629295165965958,1.0992505655404328,8.928100736442655,553.8953761679139,0.512820346593001,135.85882060457143,68.04356258301046,4636.266829029154,0.8278378624945623,1.7222574898883012,123.28353789011807,38.23864068970804,72460529.1190457,5843904.031747152,47465453.55313457,4400874.738972508,9156068.50426458,647660345.3554796,5308895359.259445
183,2024-10-01,13.629295165965958,1.0992505655404328,8.928100736442655,553.8953761679139,0.512820346593001,135.85882060457143,68.04356258301046,4636.266829029154,0.8278378624945623,1.7222574898883012,123.28353789011807,38.23864068970804,72460529.1190457,5843904.031747152,47465453.55313457,4400874.738972508,9156068.50426458,647660345.3554796,5308895359.259445
184,2024-10-01,13.629295165965958,1.0992505655404328,8.928100736442655,553.8953761679139,0.512820346593001,135.85882060457143,68.04356258301046,4636.266829029154,0.8278378624945623,1.7222574898883012,123.28353789011807,38.23864068970804,72460529.1190457,5843904.031747152,47465453.55313457,4400874.738972508,9156068.50426458,647660345.3554796,5308895359.259445
185,2024-10-01,13.629295165965958,1.0992505655404328,8.928100736442655,553.8953761679139,0.512820346593001,135.85882060457143,68.04356258301046,4636.266829029154,0.8278378624945623,1.7222574898883012,123.28353789011807,38.23864068970804,72460529.1190457,5843904.031747152,47465453.55313457,4400874.738972508,9156068.50426458,647660345.3554796,5308895359.259445
186,2024-10-01,13.629295165965958,1.0992505655404328,8.928100736442655,553.8953761679139,0.512820346593001,135.85882060457143,68.04356258301046,4636.266829029154,0.8278378624945623,1.7222574898883012,123.28353789011807,38.23864068970804,72460529.1190457,5843904.031747152,47465453.55313457,4400874.738972508,9156068.50426458,647660345.3554796,5308895359.259445
187,2024-10-01,13.629295165965958,1.0992505655404328,8.928100736442655,553.8953761679139,0.512820346593001,135.85882060457143,68.04356258301046,4636.266829029154,0.8278378624945623,1.7222574898883012,123.28353789011807,38.23864068970804,72460529.1190457,5843904.031747152,47465453.55313457,4400874.738972508,9156068.50426458,647660345.3554796,5308895359.259445
188,2024-10-01,13.629295165965958,1.0992505655404328,8.928100736442655,553.8953761679139,0.512820346593001,135.85882060457143,68.04356258301046,4636.266829029154,0.8278378624945623,1.7222574898883012,123.28353789011807,38.23864068970804,72460529.1190457,5843904.031747152,47465453.55313457,4400874.738972508,9156068.50426458,647660345.3554796,5308895359.259445
189,2024-10-01,13.629295165965958,1.0992505655404328,8.928100736442655,553.8953761679139,0.512820346593001,135.85882060457143,68.04356258301046,4636.266829029154,0.8278378624945623,1.7222574898883012,123.28353789011807,38.23864068970804,72460529.1190457,5843904.031747152,47465453.55313457,4400874.738972508,9156068.50426458,647660345.3554796,5308895359.259445
190,2024-10-01,13.629295165965958,1.0992505655404328,8.928100736442655,553.8953761679139,0.512820346593001,135.85882060457143,68.04356258301046,4636.266829029154,0.8278378624945623,1.7222574898883012,123.28353789011807,38.23864068970804,72460529.1190457,5843904.031747152,47465453.55313457,4400874.738972508,9156068.50426458,647660345.3554796,5308895359.259445
191,2024-10-01,13.629295165965958,1.0992505655404328,8.928100736442655,553.8953761679139,0.512820346593001,135.85882060457143,68.04356258301046,4636.266829029154,0.8278378624945623,1.7222574898883012,123.28353789011807,38.23864068970804,72460529.1190457,5843904.031747152,47465453.55313457,4400874.738972508,9156068.50426458,647660345.3554796,5308895359.259445
192,2024-10-01,13.629295165965958,1.0992505655404328,8.928100736442655,553.8953761679139,0.512820346593001,135.85882060457143,68.04356258301046,4636.266829029154,0.8278378624945623,1.7222574898883012,123.28353789011807,38.23864068970804,72460529.1190457,5843904.031747152,47465453.55313457,4400874.738972508,9156068.50426458,647660345.3554796,5308895359.263861
193,2024-10-01,13.629295165965958,1.0992505655404328,8.928100736442655,553.8953761679139,0.512820346593001,135.85882060457143,68.04356258301046,4636.266829029154,0.8278378624945623,1.7222574898883012,123.28353789011807,38.23864068970804,72460529.1190457,5843904.031747152,47465453.55313457,4400874.738972508,9156068.50426458,647660345.3554796,5308895359.259445
194,2024-10-01,13.629295165965958,1.0992505655404328,8.928100736442655,553.8953761679139,0.512820346593001,135.85882060457143,68.04356258301046,4636.266829029154,0.8278378624945623,1.7222574898883012,123.28353789011807,38.23864068970804,72460529.1190457,5843904.031747152,47465453.55313457,4400874.738972508,9156068.50426458,647660345.3554796,5308895359.259445
195,2024-10-01,13.629295165965958,1.0992505655404328,8.928100736442655,553.8953761679139,0.512820346593001,135.85882060457143,68.04356258301046,4636.266829029154,0.8278378624945623,1.7222574898883012,123.28353789011807,38.23864068970804,72460529.1190457,5843904.031747152,47465453.55313457,4400874.738972508,9156068.50426458,647660345.3554796,5308895359.263861
196,2024-10-01,13.629295165965958,1.0992505655404328,8.928100736442655,553.8953761679139,0.512820346593001,135.85882060457143,68.04356258301046,4636.266829029154,0.8278378624945623,1.7222574898883012,123.28353789011807,38.23864068970804,72460529.1190457,5843904.031747152,47465453.55313457,4400874.738972508,9156068.50426458,647660345.3554796,5308895359.259445
197,2024-10-01,13.629295165965958,1.0992505655404328,8.928100736442655,553.8953761679139,0.512820346593001,135.85882060457143,68.04356258301046,4636.266829029154,0.8278378624945623,1.7222574898883012,123.28353789011807,38.23864068970804,72460529.1190457,5843904.031747152,47465453.55313457,4400874.738972508,9156068.50426458,647660345.3554796,5308895359.259445
198,2024-10-01,13.629295165965958,1.0992505655404328,8.928100736442655,553.8953761679139,0.512820346593001,135.85882060457143,68.04356258301046,4636.266829029154,0.8278378624945623,1.7222574898883012,123.28353789011807,38.23864068970804,72460529.1190457,5843904.031747152,47465453.55313457,4400874.738972508,9156068.50426458,647660345.3554796,5308895359.259445
199,2024-10-01,13.629295165965958,1.0992505655404328,8.928100736442655,553.8953761679139,0.512820346593001,135.85882060457143,68.04356258301046,4636.266829029154,0.8278378624945623,1.7222574898883012,123.28353789011807,38.23864068970804,72460529.1190457,5843904.031747152,47465453.55313457,4400874.738972508,9156068.50426458,647660345.3554796,5308895359.259445
200,2024-11-01,15.6727749028238,0.0,5.613680818771353,553.8953761679139,0.512820346593001,135.85882060457143,68.04356258301046,4636.266829029154,0.5806056040440477,2.062394136543262,130.74417088034352,41.63121379798066,83323554.05306038,0.0,29844208.787336342,3086505.249112649,10964582.750458678,686857720.4699436,5308895359.259445
201,2024-11-01,15.6727749028238,0.0,5.613680818771353,553.8953761679139,0.512820346593001,135.85882060457143,68.04356258301046,4636.266829029154,0.5806056040440477,2.062394136543262,130.74417088034352,41.63121379798066,83323554.05306038,0.0,29844208.787336342,3086505.249112649,10964582.750458678,686857720.4699436,5308895359.263861
202,2024-11-01,15.6727749028238,0.0,5.613680818771353,553.8953761679139,0.512820346593001,135.85882060457143,68.04356258301046,4636.266829029154,0.5806056040440477,2.062394136543262,130.74417088034352,41.63121379798066,83323554.05306038,0.0,29844208.787336342,3086505.249112649,10964582.750458678,686857720.4699436,5308895359.259445
203,2024-11-01,15.6727749028238,0.0,5.613680818771353,553.8953761679139,0.512820346593001,135.85882060457143,68.04356258301046,4636.266829029154,0.5806056040440477,2.062394136543262,130.74417088034352,41.63121379798066,83323554.05306038,0.0,29844208.787336342,3086505.249112649,10964582.750458678,686857720.4699436,5308895359.259445
204,2024-11-01,15.6727749028238,0.0,5.613680818771353,553.8953761679139,0.512820346593001,135.85882060457143,68.04356258301046,4636.266829029154,0.5806056040440477,2.062394136543262,130.74417088034352,41.63121379798066,83323554.05306038,0.0,29844208.787336342,3086505.249112649,10964582.750458678,686857720.4699436,5308895359.259445
205,2024-11-01,15.6727749028238,0.0,5.613680818771353,553.8953761679139,0.512820346593001,135.85882060457143,68.04356258301046,4636.266829029154,0.5806056040440477,2.062394136543262,130.74417088034352,41.63121379798066,83323554.05306038,0.0,29844208.787336342,3086505.249112649,10964582.750458678,686857720.4699436,5308895359.259445
206,2024-11-01,15.6727749028238,0.0,5.613680818771353,553.8953761679139,0.512820346593001,135.85882060457143,68.04356258301046,4636.266829029154,0.5806056040440477,2.062394136543262,130.74417088034352,41.63121379798066,83323554.05306038,0.0,29844208.787336342,3086505.249112649,10964582.750458678,686857720.4699436,5308895359.259445
207,2024-11-01,15.6727749028238,0.0,5.613680818771353,553.8953761679139,0.512820346593001,135.85882060457143,68.04356258301046,4636.266829029154,0.5806056040440477,2.062394136543262,130.74417088034352,41.63121379798066,83323554.05306038,0.0,29844208.787336342,3086505.249112649,10964582.750458678,686857720.4699436,5308895359.259445
208,2024-11-01,15.6727749028238,0.0,5.613680818771353,553.8953761679139,0.512820346593001,135.85882060457143,68.04356258301046,4636.266829029154,0.5806056040440477,2.062394136543262,130.74417088034352,41.63121379798066,83323554.05306038,0.0,29844208.787336342,3086505.249112649,10964582.750458678,686857720.4699436,5308895359.259445
209,2024-11-01,15.6727749028238,0.0,5.613680818771353,553.8953761679139,0.512820346593001,135.85882060457143,68.04356258301046,4636.266829029154,0.5806056040440477,2.062394136543262,130.74417088034352,41.63121379798066,83323554.05306038,0.0,29844208.787336342,3086505.249112649,10964582.750458678,686857720.4699436,5308895359.259445
210,2024-11-01,15.6727749028238,0.0,5.613680818771353,553.8953761679139,0.512820346593001,135.85882060457143,68.04356258301046,4636.266829029154,0.5806056040440477,2.062394136543262,130.74417088034352,41.63121379798066,83323554.05306038,0.0,29844208.787336342,3086505.249112649,10964582.750458678,686857720.4699436,5308895359.259445
211,2024-11-01,15.6727749028238,0.0,5.613680818771353,553.8953761679139,0.512820346593001,135.85882060457143,68.04356258301046,4636.266829029154,0.5806056040440477,2.062394136543262,130.74417088034352,41.63121379798066,83323554.05306038,0.0,29844208.787336342,3086505.249112649,10964582.750458678,686857720.4699436,5308895359.259445
212,2024-11-01,15.6727749028238,0.0,5.613680818771353,553.8953761679139,0.512820346593001,135.85882060457143,68.04356258301046,4636.266829029154,0.5806056040440477,2.062394136543262,130.74417088034352,41.63121379798066,83323554.05306038,0.0,29844208.787336342,3086505.249112649,10964582.750458678,686857720.4699436,5308895359.259445
213,2024-11-01,15.6727749028238,0.0,5.613680818771353,553.8953761679139,0.512820346593001,135.85882060457143,68.04356258301046,4636.266829029154,0.5806056040440477,2.062394136543262,130.74417088034352,41.63121379798066,83323554.05306038,0.0,29844208.787336342,3086505.249112649,10964582.750458678,686857720.4699436,5308895359.259445
214,2024-11-01,15.6727749028238,0.0,5.613680818771353,553.8953761679139,0.512820346593001,135.85882060457143,68.04356258301046,4636.266829029154,0.5806056040440477,2.062394136543262,130.74417088034352,41.63121379798066,83323554.05306038,0.0,29844208.787336342,3086505.249112649,10964582.750458678,686857720.4699436,5308895359.259445
215,2024-11-01,15.6727749028238,0.0,5.613680818771353,553.8953761679139,0.512820346593001,135.85882060457143,68.04356258301046,4636.266829029154,0.5806056040440477,2.062394136543262,130.74417088034352,41.63121379798066,83323554.05306038,0.0,29844208.787336342,3086505.249112649,10964582.750458678,686857720.4699436,5308895359.259445
216,2024-11-01,15.6727749028238,0.0,5.613680818771353,553.8953761679139,0.512820346593001,135.85882060457143,68.04356258301046,4636.266829029154,0.5806056040440477,2.062394136543262,130.74417088034352,41.63121379798066,83323554.05306038,0.0,29844208.787336342,3086505.249112649,10964582.750458678,686857720.4699436,5308895359.259445
217,2024-11-01,15.6727749028238,0.0,5.613680818771353,553.8953761679139,0.512820346593001,135.85882060457143,68.04356258301046,4636.266829029154,0.5806056040440477,2.062394136543262,130.74417088034352,41.63121379798066,83323554.05306038,0.0,29844208.787336342,3086505.249112649,10964582.750458678,686857720.4699436,5308895359.259445
218,2024-11-01,15.6727749028238,0.0,5.613680818771353,553.8953761679139,0.512820346593001,135.85882060457143,68.04356258301046,4636.266829029154,0.5806056040440477,2.062394136543262,130.74417088034352,41.63121379798066,83323554.05306038,0.0,29844208.787336342,3086505.249112649,10964582.750458678,686857720.4699436,5308895359.259445
219,2024-11-01,15.6727749028238,0.0,5.613680818771353,553.8953761679139,0.512820346593001,135.85882060457143,68.04356258301046,4636.266829029154,0.5806056040440477,2.062394136543262,130.74417088034352,41.63121379798066,83323554.05306038,0.0,29844208.787336342,3086505.249112649,10964582.750458678,686857720.4699436,5308895359.263861
220,2024-12-01,37.047703831416726,0.0,6.5164461864134715,553.8953761679139,0.512820346593001,135.85882060457143,68.04356258301046,4636.266829029154,3.562120693093124,7.371336779135366,150.30967396893902,49.80196731293995,196956128.68391982,0.0,34644678.362625584,18935615.6445462,39187873.032813996,789647562.6120046,5308895359.259445
221,2024-12-01,37.047703831416726,0.0,6.5164461864134715,553.8953761679139,0.512820346593001,135.85882060457143,68.04356258301046,4636.266829029154,3.562120693093124,7.371336779135366,150.30967396893902,49.80196731293995,196956128.68391982,0.0,34644678.362625584,18935615.6445462,39187873.032813996,789647562.6120046,5308895359.259445
222,2024-12-01,37.047703831416726,0.0,6.5164461864134715,553.8953761679139,0.512820346593001,135.85882060457143,68.04356258301046,4636.266829029154,3.562120693093124,7.371336779135366,150.30967396893902,49.80196731293995,196956128.68391982,0.0,34644678.362625584,18935615.6445462,39187873.032813996,789647562.6120046,5308895359.259445
223,2024-12-01,37.047703831416726,0.0,6.5164461864134715,553.8953761679139,0.512820346593001,135.85882060457143,68.04356258301046,4636.266829029154,3.562120693093124,7.371336779135366,150.30967396893902,49.80196731293995,196956128.68391982,0.0,34644678.362625584,18935615.6445462,39187873.032813996,789647562.6120046,5308895359.259445
224,2024-12-01,37.047703831416726,0.0,6.5164461864134715,553.8953761679139,0.512820346593001,135.85882060457143,68.04356258301046,4636.266829029154,3.562120693093124,7.371336779135366,150.30967396893902,49.80196731293995,196956128.68391982,0.0,34644678.362625584,18935615.6445462,39187873.032813996,789647562.6120046,5308895359.259445
225,2024-12-01,37.047703831416726,0.0,6.5164461864134715,553.8953761679139,0.512820346593001,135.85882060457143,68.04356258301046,4636.266829029154,3.562120693093124,7.371336779135366,150.30967396893902,49.80196731293995,196956128.68391982,0.0,34644678.362625584,18935615.6445462,39187873.032813996,789647562.6120046,5308895359.259445
226,2024-12-01,37.047703831416726,0.0,6.5164461864134715,553.8953761679139,0.512820346593001,135.85882060457143,68.04356258301046,4636.266829029154,3.562120693093124,7.371336779135366,150.30967396893902,49.80196731293995,196956128.68391982,0.0,34644678.362625584,18935615.6445462,39187873.032813996,789647562.6120046,5308895359.259445
227,2024-12-01,37.047703831416726,0.0,6.5164461864134715,553.8953761679139,0.512820346593001,135.85882060457143,68.04356258301046,4636.266829029154,3.562120693093124,7.371336779135366,150.30967396893902,49.80196731293995,196956128.68391982,0.0,34644678.362625584,18935615.6445462,39187873.032813996,789647562.6120046,5308895359.259445
228,2024-12-01,37.047703831416726,0.0,6.5164461864134715,553.8953761679139,0.512820346593001,135.85882060457143,68.04356258301046,4636.266829029154,3.562120693093124,7.371336779135366,150.30967396893902,49.80196731293995,196956128.68391982,0.0,34644678.362625584,18935615.6445462,39187873.032813996,789647562.6120046,5308895359.259445
229,2024-12-01,37.047703831416726,0.0,6.5164461864134715,553.8953761679139,0.512820346593001,135.85882060457143,68.04356258301046,4636.266829029154,3.562120693093124,7.371336779135366,150.30967396893902,49.80196731293995,196956128.68391982,0.0,34644678.362625584,18935615.6445462,39187873.032813996,789647562.6120046,5308895359.259445
230,2024-12-01,37.047703831416726,0.0,6.5164461864134715,553.8953761679139,0.512820346593001,135.85882060457143,68.04356258301046,4636.266829029154,3.562120693093124,7.371336779135366,150.30967396893902,49.80196731293995,196956128.68391982,0.0,34644678.362625584,18935615.6445462,39187873.032813996,789647562.6120046,5308895359.259445
231,2024-12-01,37.047703831416726,0.0,6.5164461864134715,553.8953761679139,0.512820346593001,135.85882060457143,68.04356258301046,4636.266829029154,3.562120693093124,7.371336779135366,150.30967396893902,49.80196731293995,196956128.68391982,0.0,34644678.362625584,18935615.6445462,39187873.032813996,789647562.6120046,5308895359.259445
232,2024-12-01,37.047703831416726,0.0,6.5164461864134715,553.8953761679139,0.512820346593001,135.85882060457143,68.04356258301046,4636.266829029154,3.562120693093124,7.371336779135366,150.30967396893902,49.80196731293995,196956128.68391982,0.0,34644678.362625584,18935615.6445462,39187873.032813996,789647562.6120046,5308895359.259445
233,2024-12-01,37.047703831416726,0.0,6.5164461864134715,553.8953761679139,0.512820346593001,135.85882060457143,68.04356258301046,4636.266829029154,3.562120693093124,7.371336779135366,150.30967396893902,49.80196731293995,196956128.68391982,0.0,34644678.362625584,18935615.6445462,39187873.032813996,789647562.6120046,5308895359.259445
234,2024-12-01,37.047703831416726,0.0,6.5164461864134715,553.8953761679139,0.512820346593001,135.85882060457143,68.04356258301046,4636.266829029154,3.562120693093124,7.371336779135366,150.30967396893902,49.80196731293995,196956128.68391982,0.0,34644678.362625584,18935615.6445462,39187873.032813996,789647562.6120046,5308895359.259445
235,2024-12-01,37.047703831416726,0.0,6.5164461864134715,553.8953761679139,0.512820346593001,135.85882060457143,68.04356258301046,4636.266829029154,3.562120693093124,7.371336779135366,150.30967396893902,49.80196731293995,196956128.68391982,0.0,34644678.362625584,18935615.6445462,39187873.032813996,789647562.6120046,5308895359.263861
236,2024-12-01,37.047703831416726,0.0,6.5164461864134715,553.8953761679139,0.512820346593001,135.85882060457143,68.04356258301046,4636.266829029154,3.562120693093124,7.371336779135366,150.30967396893902,49.80196731293995,196956128.68391982,0.0,34644678.362625584,18935615.6445462,39187873.032813996,789647562.6120046,5308895359.259445
237,2024-12-01,37.047703831416726,0.0,6.5164461864134715,553.8953761679139,0.512820346593001,135.85882060457143,68.04356258301046,4636.266829029154,3.562120693093124,7.371336779135366,150.30967396893902,49.80196731293995,196956128.68391982,0.0,34644678.362625584,18935615.6445462,39187873.032813996,789647562.6120046,5308895359.259445
238,2024-12-01,37.047703831416726,0.0,6.5164461864134715,553.8953761679139,0.512820346593001,135.85882060457143,68.04356258301046,4636.266829029154,3.562120693093124,7.371336779135366,150.30967396893902,49.80196731293995,196956128.68391982,0.0,34644678.362625584,18935615.6445462,39187873.032813996,789647562.6120046,5308895359.263861
239,2024-12-01,37.047703831416726,0.0,6.5164461864134715,553.8953761679139,0.512820346593001,135.85882060457143,68.04356258301046,4636.266829029154,3.562120693093124,7.371336779135366,150.30967396893902,49.80196731293995,196956128.68391982,0.0,34644678.362625584,18935615.6445462,39187873.032813996,789647562.6120046,5308895359.259445
