,Date,precip_and_snowmelt_input_Upper Lake Powell_mean,irrigation_Upper Lake Powell_mean,AET_Upper Lake Powell_mean,soil_thickness_Upper Lake Powell_mean,soil_porosity_Upper Lake Powell_mean,field_capacity_Upper Lake Powell_mean,wilting_point_Upper Lake Powell_mean,Geo_K_Upper Lake Powell_mean,Runoff_Upper Lake Powell_mean,Recharge_Upper Lake Powell_mean,Soil_Water_End_Of_Previous_Timestep_Upper Lake Powell_mean,Soil_Saturation_Percent_End_Of_Timestep_Upper Lake Powell_mean,precip_and_snowmelt_input_m3_Upper Lake Powell_sum,irrigation_m3_Upper Lake Powell_sum,AET_m3_Upper Lake Powell_sum,Runoff_m3_Upper Lake Powell_sum,Recharge_m3_Upper Lake Powell_sum,Soil_Water_End_Of_Previous_Timestep_m3_Upper Lake Powell_sum,Upper Lake Powell_area_m2
0,2024-01-01,13.30626401380244,0,4.564455241158294,260.6794488258575,0.4470379939347094,48.58187120095158,22.63975350470351,10754.712922487755,0.10380748343773537,9.824309050565677,38.161379428971536,31.628236641240502,98502112.46705517,0,33788985.95479216,768497.7523972872,72726588.09898046,277564595.9687407,7402242815.990761
1,2024-01-01,13.30626401380244,0,4.564455241158294,260.6794488258575,0.4470379939347094,48.58187120095158,22.63975350470351,10754.712922487755,0.10380748343773537,9.824309050565677,38.161379428971536,31.628236641240502,98502112.46705517,0,33788985.95479216,768497.7523972872,72726588.09898046,277564595.9687407,7402242815.990761
2,2024-01-01,13.30626401380244,0,4.564455241158294,260.6794488258575,0.4470379939347094,48.58187120095158,22.63975350470351,10754.712922487755,0.10380748343773537,9.824309050565677,38.161379428971536,31.628236641240502,98502112.46705517,0,33788985.95479216,768497.7523972872,72726588.09898046,277564595.9687407,7402242815.990761
3,2024-01-01,13.30626401380244,0,4.564455241158294,260.6794488258575,0.4470379939347094,48.58187120095158,22.63975350470351,10754.712922487755,0.10380748343773537,9.824309050565677,38.161379428971536,31.628236641240502,98502112.46705517,0,33788985.95479216,768497.7523972872,72726588.09898046,277564595.9687407,7402242815.993721
4,2024-01-01,13.30626401380244,0,4.564455241158294,260.6794488258575,0.4470379939347094,48.58187120095158,22.63975350470351,10754.712922487755,0.10380748343773537,9.824309050565677,38.161379428971536,31.628236641240502,98502112.46705517,0,33788985.95479216,768497.7523972872,72726588.09898046,277564595.9687407,7402242815.990761
5,2024-01-01,13.30626401380244,0,4.564455241158294,260.6794488258575,0.4470379939347094,48.58187120095158,22.63975350470351,10754.712922487755,0.10380748343773537,9.824309050565677,38.161379428971536,31.628236641240502,98502112.46705517,0,33788985.95479216,768497.7523972872,72726588.09898046,277564595.9687407,7402242815.990761
6,2024-01-01,13.30626401380244,0,4.564455241158294,260.6794488258575,0.4470379939347094,48.58187120095158,22.63975350470351,10754.712922487755,0.10380748343773537,9.824309050565677,38.161379428971536,31.628236641240502,98502112.46705517,0,33788985.95479216,768497.7523972872,72726588.09898046,277564595.9687407,7402242815.990761
7,2024-01-01,13.30626401380244,0,4.564455241158294,260.6794488258575,0.4470379939347094,48.58187120095158,22.63975350470351,10754.712922487755,0.10380748343773537,9.824309050565677,38.161379428971536,31.628236641240502,98502112.46705517,0,33788985.95479216,768497.7523972872,72726588.09898046,277564595.9687407,7402242815.990761
8,2024-01-01,13.30626401380244,0,4.564455241158294,260.6794488258575,0.4470379939347094,48.58187120095158,22.63975350470351,10754.712922487755,0.10380748343773537,9.824309050565677,38.161379428971536,31.628236641240502,98502112.46705517,0,33788985.95479216,768497.7523972872,72726588.09898046,277564595.9687407,7402242815.990761
9,2024-01-01,13.30626401380244,0,4.564455241158294,260.6794488258575,0.4470379939347094,48.58187120095158,22.63975350470351,10754.712922487755,0.10380748343773537,9.824309050565677,38.161379428971536,31.628236641240502,98502112.46705517,0,33788985.95479216,768497.7523972872,72726588.09898046,277564595.9687407,7402242815.990761
10,2024-01-01,13.30626401380244,0,4.564455241158294,260.6794488258575,0.4470379939347094,48.58187120095158,22.63975350470351,10754.712922487755,0.10380748343773537,9.824309050565677,38.161379428971536,31.628236641240502,98502112.46705517,0,33788985.95479216,768497.7523972872,72726588.09898046,277564595.9687407,7402242815.990761
11,2024-01-01,13.30626401380244,0,4.564455241158294,260.6794488258575,0.4470379939347094,48.58187120095158,22.63975350470351,10754.712922487755,0.10380748343773537,9.824309050565677,38.161379428971536,31.628236641240502,98502112.46705517,0,33788985.95479216,768497.7523972872,72726588.09898046,277564595.9687407,7402242815.990761
12,2024-01-01,13.30626401380244,0,4.564455241158294,260.6794488258575,0.4470379939347094,48.58187120095158,22.63975350470351,10754.712922487755,0.10380748343773537,9.824309050565677,38.161379428971536,31.628236641240502,98502112.46705517,0,33788985.95479216,768497.7523972872,72726588.09898046,277564595.9687407,7402242815.990761
13,2024-01-01,13.30626401380244,0,4.564455241158294,260.6794488258575,0.4470379939347094,48.58187120095158,22.63975350470351,10754.712922487755,0.10380748343773537,9.824309050565677,38.161379428971536,31.628236641240502,98502112.46705517,0,33788985.95479216,768497.7523972872,72726588.09898046,277564595.9687407,7402242815.990761
14,2024-01-01,13.30626401380244,0,4.564455241158294,260.6794488258575,0.4470379939347094,48.58187120095158,22.63975350470351,10754.712922487755,0.10380748343773537,9.824309050565677,38.161379428971536,31.628236641240502,98502112.46705517,0,33788985.95479216,768497.7523972872,72726588.09898046,277564595.9687407,7402242815.990761
15,2024-01-01,13.30626401380244,0,4.564455241158294,260.6794488258575,0.4470379939347094,48.58187120095158,22.63975350470351,10754.712922487755,0.10380748343773537,9.824309050565677,38.161379428971536,31.628236641240502,98502112.46705517,0,33788985.95479216,768497.7523972872,72726588.09898046,277564595.9687407,7402242815.990761
16,2024-01-01,13.30626401380244,0,4.564455241158294,260.6794488258575,0.4470379939347094,48.58187120095158,22.63975350470351,10754.712922487755,0.10380748343773537,9.824309050565677,38.161379428971536,31.628236641240502,98502112.46705517,0,33788985.95479216,768497.7523972872,72726588.09898046,277564595.9687407,7402242815.990761
17,2024-01-01,13.30626401380244,0,4.564455241158294,260.6794488258575,0.4470379939347094,48.58187120095158,22.63975350470351,10754.712922487755,0.10380748343773537,9.824309050565677,38.161379428971536,31.628236641240502,98502112.46705517,0,33788985.95479216,768497.7523972872,72726588.09898046,277564595.9687407,7402242815.990761
18,2024-01-01,13.30626401380244,0,4.564455241158294,260.6794488258575,0.4470379939347094,48.58187120095158,22.63975350470351,10754.712922487755,0.10380748343773537,9.824309050565677,38.161379428971536,31.628236641240502,98502112.46705517,0,33788985.95479216,768497.7523972872,72726588.09898046,277564595.9687407,7402242815.990761
19,2024-01-01,13.30626401380244,0,4.564455241158294,260.6794488258575,0.4470379939347094,48.58187120095158,22.63975350470351,10754.712922487755,0.10380748343773537,9.824309050565677,38.161379428971536,31.628236641240502,98502112.46705517,0,33788985.95479216,768497.7523972872,72726588.09898046,277564595.9687407,7402242815.990761
20,2024-02-01,20.050998055466717,0,4.764920564318385,260.6794488258575,0.4470379939347094,48.58187120095158,22.63975350470351,10754.712922487755,0.1821907781976232,14.577436300642443,39.2090772585936,33.252748157577365,148432851.65682408,0,35273082.44146666,1348785.7355447996,107913482.25593323,285185143.4340237,7402242815.990761
21,2024-02-01,20.050998055466717,0,4.764920564318385,260.6794488258575,0.4470379939347094,48.58187120095158,22.63975350470351,10754.712922487755,0.1821907781976232,14.577436300642443,39.2090772585936,33.252748157577365,148432851.65682408,0,35273082.44146666,1348785.7355447996,107913482.25593323,285185143.4340237,7402242815.990761
22,2024-02-01,20.050998055466717,0,4.764920564318385,260.6794488258575,0.4470379939347094,48.58187120095158,22.63975350470351,10754.712922487755,0.1821907781976232,14.577436300642443,39.2090772585936,33.252748157577365,148432851.65682408,0,35273082.44146666,1348785.7355447996,107913482.25593323,285185143.4340237,7402242815.990761
23,2024-02-01,20.050998055466717,0,4.764920564318385,260.6794488258575,0.4470379939347094,48.58187120095158,22.63975350470351,10754.712922487755,0.1821907781976232,14.577436300642443,39.2090772585936,33.252748157577365,148432851.65682408,0,35273082.44146666,1348785.7355447996,107913482.25593323,285185143.4340237,7402242815.990761
24,2024-02-01,20.050998055466717,0,4.764920564318385,260.6794488258575,0.4470379939347094,48.58187120095158,22.63975350470351,10754.712922487755,0.1821907781976232,14.577436300642443,39.2090772585936,33.252748157577365,148432851.65682408,0,35273082.44146666,1348785.7355447996,107913482.25593323,285185143.4340237,7402242815.993721
25,2024-02-01,20.050998055466717,0,4.764920564318385,260.6794488258575,0.4470379939347094,48.58187120095158,22.63975350470351,10754.712922487755,0.1821907781976232,14.577436300642443,39.2090772585936,33.252748157577365,148432851.65682408,0,35273082.44146666,1348785.7355447996,107913482.25593323,285185143.4340237,7402242815.990761
26,2024-02-01,20.050998055466717,0,4.764920564318385,260.6794488258575,0.4470379939347094,48.58187120095158,22.63975350470351,10754.712922487755,0.1821907781976232,14.577436300642443,39.2090772585936,33.252748157577365,148432851.65682408,0,35273082.44146666,1348785.7355447996,107913482.25593323,285185143.4340237,7402242815.990761
27,2024-02-01,20.050998055466717,0,4.764920564318385,260.6794488258575,0.4470379939347094,48.58187120095158,22.63975350470351,10754.712922487755,0.1821907781976232,14.577436300642443,39.2090772585936,33.252748157577365,148432851.65682408,0,35273082.44146666,1348785.7355447996,107913482.25593323,285185143.4340237,7402242815.990761
28,2024-02-01,20.050998055466717,0,4.764920564318385,260.6794488258575,0.4470379939347094,48.58187120095158,22.63975350470351,10754.712922487755,0.1821907781976232,14.577436300642443,39.2090772585936,33.252748157577365,148432851.65682408,0,35273082.44146666,1348785.7355447996,107913482.25593323,285185143.4340237,7402242815.990761
29,2024-02-01,20.050998055466717,0,4.764920564318385,260.6794488258575,0.4470379939347094,48.58187120095158,22.63975350470351,10754.712922487755,0.1821907781976232,14.577436300642443,39.2090772585936,33.252748157577365,148432851.65682408,0,35273082.44146666,1348785.7355447996,107913482.25593323,285185143.4340237,7402242815.990761
30,2024-02-01,20.050998055466717,0,4.764920564318385,260.6794488258575,0.4470379939347094,48.58187120095158,22.63975350470351,10754.712922487755,0.1821907781976232,14.577436300642443,39.2090772585936,33.252748157577365,148432851.65682408,0,35273082.44146666,1348785.7355447996,107913482.25593323,285185143.4340237,7402242815.990761
31,2024-02-01,20.050998055466717,0,4.764920564318385,260.6794488258575,0.4470379939347094,48.58187120095158,22.63975350470351,10754.712922487755,0.1821907781976232,14.577436300642443,39.2090772585936,33.252748157577365,148432851.65682408,0,35273082.44146666,1348785.7355447996,107913482.25593323,285185143.4340237,7402242815.990761
32,2024-02-01,20.050998055466717,0,4.764920564318385,260.6794488258575,0.4470379939347094,48.58187120095158,22.63975350470351,10754.712922487755,0.1821907781976232,14.577436300642443,39.2090772585936,33.252748157577365,148432851.65682408,0,35273082.44146666,1348785.7355447996,107913482.25593323,285185143.4340237,7402242815.990761
33,2024-02-01,20.050998055466717,0,4.764920564318385,260.6794488258575,0.4470379939347094,48.58187120095158,22.63975350470351,10754.712922487755,0.1821907781976232,14.577436300642443,39.2090772585936,33.252748157577365,148432851.65682408,0,35273082.44146666,1348785.7355447996,107913482.25593323,285185143.4340237,7402242815.990761
34,2024-02-01,20.050998055466717,0,4.764920564318385,260.6794488258575,0.4470379939347094,48.58187120095158,22.63975350470351,10754.712922487755,0.1821907781976232,14.577436300642443,39.2090772585936,33.252748157577365,148432851.65682408,0,35273082.44146666,1348785.7355447996,107913482.25593323,285185143.4340237,7402242815.990761
35,2024-02-01,20.050998055466717,0,4.764920564318385,260.6794488258575,0.4470379939347094,48.58187120095158,22.63975350470351,10754.712922487755,0.1821907781976232,14.577436300642443,39.2090772585936,33.252748157577365,148432851.65682408,0,35273082.44146666,1348785.7355447996,107913482.25593323,285185143.4340237,7402242815.990761
36,2024-02-01,20.050998055466717,0,4.764920564318385,260.6794488258575,0.4470379939347094,48.58187120095158,22.63975350470351,10754.712922487755,0.1821907781976232,14.577436300642443,39.2090772585936,33.252748157577365,148432851.65682408,0,35273082.44146666,1348785.7355447996,107913482.25593323,285185143.4340237,7402242815.990761
37,2024-02-01,20.050998055466717,0,4.764920564318385,260.6794488258575,0.4470379939347094,48.58187120095158,22.63975350470351,10754.712922487755,0.1821907781976232,14.577436300642443,39.2090772585936,33.252748157577365,148432851.65682408,0,35273082.44146666,1348785.7355447996,107913482.25593323,285185143.4340237,7402242815.990761
38,2024-02-01,20.050998055466717,0,4.764920564318385,260.6794488258575,0.4470379939347094,48.58187120095158,22.63975350470351,10754.712922487755,0.1821907781976232,14.577436300642443,39.2090772585936,33.252748157577365,148432851.65682408,0,35273082.44146666,1348785.7355447996,107913482.25593323,285185143.4340237,7402242815.990761
39,2024-02-01,20.050998055466717,0,4.764920564318385,260.6794488258575,0.4470379939347094,48.58187120095158,22.63975350470351,10754.712922487755,0.1821907781976232,14.577436300642443,39.2090772585936,33.252748157577365,148432851.65682408,0,35273082.44146666,1348785.7355447996,107913482.25593323,285185143.4340237,7402242815.990761
40,2024-03-01,36.1094186883443,0,6.160342605581603,260.6794488258575,0.4470379939347094,48.58187120095158,22.63975350470351,10754.712922487755,1.0214541245462287,24.96798051786486,43.09267675934283,41.32567138996246,267308873.69920513,0,45602443.15115294,7562010.668007287,184831342.03897396,313433314.4193268,7402242815.990761
41,2024-03-01,36.1094186883443,0,6.160342605581603,260.6794488258575,0.4470379939347094,48.58187120095158,22.63975350470351,10754.712922487755,1.0214541245462287,24.96798051786486,43.09267675934283,41.32567138996246,267308873.69920513,0,45602443.15115294,7562010.668007287,184831342.03897396,313433314.4193268,7402242815.990761
42,2024-03-01,36.1094186883443,0,6.160342605581603,260.6794488258575,0.4470379939347094,48.58187120095158,22.63975350470351,10754.712922487755,1.0214541245462287,24.96798051786486,43.09267675934283,41.32567138996246,267308873.69920513,0,45602443.15115294,7562010.668007287,184831342.03897396,313433314.4193268,7402242815.990761
43,2024-03-01,36.1094186883443,0,6.160342605581603,260.6794488258575,0.4470379939347094,48.58187120095158,22.63975350470351,10754.712922487755,1.0214541245462287,24.96798051786486,43.09267675934283,41.32567138996246,267308873.69920513,0,45602443.15115294,7562010.668007287,184831342.03897396,313433314.4193268,7402242815.990761
44,2024-03-01,36.1094186883443,0,6.160342605581603,260.6794488258575,0.4470379939347094,48.58187120095158,22.63975350470351,10754.712922487755,1.0214541245462287,24.96798051786486,43.09267675934283,41.32567138996246,267308873.69920513,0,45602443.15115294,7562010.668007287,184831342.03897396,313433314.4193268,7402242815.990761
45,2024-03-01,36.1094186883443,0,6.160342605581603,260.6794488258575,0.4470379939347094,48.58187120095158,22.63975350470351,10754.712922487755,1.0214541245462287,24.96798051786486,43.09267675934283,41.32567138996246,267308873.69920513,0,45602443.15115294,7562010.668007287,184831342.03897396,313433314.4193268,7402242815.990761
46,2024-03-01,36.1094186883443,0,6.160342605581603,260.6794488258575,0.4470379939347094,48.58187120095158,22.63975350470351,10754.712922487755,1.0214541245462287,24.96798051786486,43.09267675934283,41.32567138996246,267308873.69920513,0,45602443.15115294,7562010.668007287,184831342.03897396,313433314.4193268,7402242815.993721
47,2024-03-01,36.1094186883443,0,6.160342605581603,260.6794488258575,0.4470379939347094,48.58187120095158,22.63975350470351,10754.712922487755,1.0214541245462287,24.96798051786486,43.09267675934283,41.32567138996246,267308873.69920513,0,45602443.15115294,7562010.668007287,184831342.03897396,313433314.4193268,7402242815.990761
48,2024-03-01,36.1094186883443,0,6.160342605581603,260.6794488258575,0.4470379939347094,48.58187120095158,22.63975350470351,10754.712922487755,1.0214541245462287,24.96798051786486,43.09267675934283,41.32567138996246,267308873.69920513,0,45602443.15115294,7562010.668007287,184831342.03897396,313433314.4193268,7402242815.990761
49,2024-03-01,36.1094186883443,0,6.160342605581603,260.6794488258575,0.4470379939347094,48.58187120095158,22.63975350470351,10754.712922487755,1.0214541245462287,24.96798051786486,43.09267675934283,41.32567138996246,267308873.69920513,0,45602443.15115294,7562010.668007287,184831342.03897396,313433314.4193268,7402242815.990761
50,2024-03-01,36.1094186883443,0,6.160342605581603,260.6794488258575,0.4470379939347094,48.58187120095158,22.63975350470351,10754.712922487755,1.0214541245462287,24.96798051786486,43.09267675934283,41.32567138996246,267308873.69920513,0,45602443.15115294,7562010.668007287,184831342.03897396,313433314.4193268,7402242815.990761
51,2024-03-01,36.1094186883443,0,6.160342605581603,260.6794488258575,0.4470379939347094,48.58187120095158,22.63975350470351,10754.712922487755,1.0214541245462287,24.96798051786486,43.09267675934283,41.32567138996246,267308873.69920513,0,45602443.15115294,7562010.668007287,184831342.03897396,313433314.4193268,7402242815.990761
52,2024-03-01,36.1094186883443,0,6.160342605581603,260.6794488258575,0.4470379939347094,48.58187120095158,22.63975350470351,10754.712922487755,1.0214541245462287,24.96798051786486,43.09267675934283,41.32567138996246,267308873.69920513,0,45602443.15115294,7562010.668007287,184831342.03897396,313433314.4193268,7402242815.990761
53,2024-03-01,36.1094186883443,0,6.160342605581603,260.6794488258575,0.4470379939347094,48.58187120095158,22.63975350470351,10754.712922487755,1.0214541245462287,24.96798051786486,43.09267675934283,41.32567138996246,267308873.69920513,0,45602443.15115294,7562010.668007287,184831342.03897396,313433314.4193268,7402242815.990761
54,2024-03-01,36.1094186883443,0,6.160342605581603,260.6794488258575,0.4470379939347094,48.58187120095158,22.63975350470351,10754.712922487755,1.0214541245462287,24.96798051786486,43.09267675934283,41.32567138996246,267308873.69920513,0,45602443.15115294,7562010.668007287,184831342.03897396,313433314.4193268,7402242815.990761
55,2024-03-01,36.1094186883443,0,6.160342605581603,260.6794488258575,0.4470379939347094,48.58187120095158,22.63975350470351,10754.712922487755,1.0214541245462287,24.96798051786486,43.09267675934283,41.32567138996246,267308873.69920513,0,45602443.15115294,7562010.668007287,184831342.03897396,313433314.4193268,7402242815.990761
56,2024-03-01,36.1094186883443,0,6.160342605581603,260.6794488258575,0.4470379939347094,48.58187120095158,22.63975350470351,10754.712922487755,1.0214541245462287,24.96798051786486,43.09267675934283,41.32567138996246,267308873.69920513,0,45602443.15115294,7562010.668007287,184831342.03897396,313433314.4193268,7402242815.990761
57,2024-03-01,36.1094186883443,0,6.160342605581603,260.6794488258575,0.4470379939347094,48.58187120095158,22.63975350470351,10754.712922487755,1.0214541245462287,24.96798051786486,43.09267675934283,41.32567138996246,267308873.69920513,0,45602443.15115294,7562010.668007287,184831342.03897396,313433314.4193268,7402242815.990761
58,2024-03-01,36.1094186883443,0,6.160342605581603,260.6794488258575,0.4470379939347094,48.58187120095158,22.63975350470351,10754.712922487755,1.0214541245462287,24.96798051786486,43.09267675934283,41.32567138996246,267308873.69920513,0,45602443.15115294,7562010.668007287,184831342.03897396,313433314.4193268,7402242815.990761
59,2024-03-01,36.1094186883443,0,6.160342605581603,260.6794488258575,0.4470379939347094,48.58187120095158,22.63975350470351,10754.712922487755,1.0214541245462287,24.96798051786486,43.09267675934283,41.32567138996246,267308873.69920513,0,45602443.15115294,7562010.668007287,184831342.03897396,313433314.4193268,7402242815.990761
60,2024-04-01,9.166378757253291,0,6.058655809126269,260.6794488258575,0.4470379939347094,48.58187120095158,22.63975350470351,10754.712922487755,0.06090257963055857,8.136091259100402,40.26371686612456,35.49245460695722,67856097.57663655,0,44850118.87433723,450868.6643351409,60229854.65676695,292856262.1589762,7402242815.990761
61,2024-04-01,9.166378757253291,0,6.058655809126269,260.6794488258575,0.4470379939347094,48.58187120095158,22.63975350470351,10754.712922487755,0.06090257963055857,8.136091259100402,40.26371686612456,35.49245460695722,67856097.57663655,0,44850118.87433723,450868.6643351409,60229854.65676695,292856262.1589762,7402242815.990761
62,2024-04-01,9.166378757253291,0,6.058655809126269,260.6794488258575,0.4470379939347094,48.58187120095158,22.63975350470351,10754.712922487755,0.06090257963055857,8.136091259100402,40.26371686612456,35.49245460695722,67856097.57663655,0,44850118.87433723,450868.6643351409,60229854.65676695,292856262.1589762,7402242815.990761
63,2024-04-01,9.166378757253291,0,6.058655809126269,260.6794488258575,0.4470379939347094,48.58187120095158,22.63975350470351,10754.712922487755,0.06090257963055857,8.136091259100402,40.26371686612456,35.49245460695722,67856097.57663655,0,44850118.87433723,450868.6643351409,60229854.65676695,292856262.1589762,7402242815.990761
64,2024-04-01,9.166378757253291,0,6.058655809126269,260.6794488258575,0.4470379939347094,48.58187120095158,22.63975350470351,10754.712922487755,0.06090257963055857,8.136091259100402,40.26371686612456,35.49245460695722,67856097.57663655,0,44850118.87433723,450868.6643351409,60229854.65676695,292856262.1589762,7402242815.990761
65,2024-04-01,9.166378757253291,0,6.058655809126269,260.6794488258575,0.4470379939347094,48.58187120095158,22.63975350470351,10754.712922487755,0.06090257963055857,8.136091259100402,40.26371686612456,35.49245460695722,67856097.57663655,0,44850118.87433723,450868.6643351409,60229854.65676695,292856262.1589762,7402242815.993721
66,2024-04-01,9.166378757253291,0,6.058655809126269,260.6794488258575,0.4470379939347094,48.58187120095158,22.63975350470351,10754.712922487755,0.06090257963055857,8.136091259100402,40.26371686612456,35.49245460695722,67856097.57663655,0,44850118.87433723,450868.6643351409,60229854.65676695,292856262.1589762,7402242815.990761
67,2024-04-01,9.166378757253291,0,6.058655809126269,260.6794488258575,0.4470379939347094,48.58187120095158,22.63975350470351,10754.712922487755,0.06090257963055857,8.136091259100402,40.26371686612456,35.49245460695722,67856097.57663655,0,44850118.87433723,450868.6643351409,60229854.65676695,292856262.1589762,7402242815.990761
68,2024-04-01,9.166378757253291,0,6.058655809126269,260.6794488258575,0.4470379939347094,48.58187120095158,22.63975350470351,10754.712922487755,0.06090257963055857,8.136091259100402,40.26371686612456,35.49245460695722,67856097.57663655,0,44850118.87433723,450868.6643351409,60229854.65676695,292856262.1589762,7402242815.990761
69,2024-04-01,9.166378757253291,0,6.058655809126269,260.6794488258575,0.4470379939347094,48.58187120095158,22.63975350470351,10754.712922487755,0.06090257963055857,8.136091259100402,40.26371686612456,35.49245460695722,67856097.57663655,0,44850118.87433723,450868.6643351409,60229854.65676695,292856262.1589762,7402242815.990761
70,2024-04-01,9.166378757253291,0,6.058655809126269,260.6794488258575,0.4470379939347094,48.58187120095158,22.63975350470351,10754.712922487755,0.06090257963055857,8.136091259100402,40.26371686612456,35.49245460695722,67856097.57663655,0,44850118.87433723,450868.6643351409,60229854.65676695,292856262.1589762,7402242815.990761
71,2024-04-01,9.166378757253291,0,6.058655809126269,260.6794488258575,0.4470379939347094,48.58187120095158,22.63975350470351,10754.712922487755,0.06090257963055857,8.136091259100402,40.26371686612456,35.49245460695722,67856097.57663655,0,44850118.87433723,450868.6643351409,60229854.65676695,292856262.1589762,7402242815.990761
72,2024-04-01,9.166378757253291,0,6.058655809126269,260.6794488258575,0.4470379939347094,48.58187120095158,22.63975350470351,10754.712922487755,0.06090257963055857,8.136091259100402,40.26371686612456,35.49245460695722,67856097.57663655,0,44850118.87433723,450868.6643351409,60229854.65676695,292856262.1589762,7402242815.990761
73,2024-04-01,9.166378757253291,0,6.058655809126269,260.6794488258575,0.4470379939347094,48.58187120095158,22.63975350470351,10754.712922487755,0.06090257963055857,8.136091259100402,40.26371686612456,35.49245460695722,67856097.57663655,0,44850118.87433723,450868.6643351409,60229854.65676695,292856262.1589762,7402242815.990761
74,2024-04-01,9.166378757253291,0,6.058655809126269,260.6794488258575,0.4470379939347094,48.58187120095158,22.63975350470351,10754.712922487755,0.06090257963055857,8.136091259100402,40.26371686612456,35.49245460695722,67856097.57663655,0,44850118.87433723,450868.6643351409,60229854.65676695,292856262.1589762,7402242815.990761
75,2024-04-01,9.166378757253291,0,6.058655809126269,260.6794488258575,0.4470379939347094,48.58187120095158,22.63975350470351,10754.712922487755,0.06090257963055857,8.136091259100402,40.26371686612456,35.49245460695722,67856097.57663655,0,44850118.87433723,450868.6643351409,60229854.65676695,292856262.1589762,7402242815.990761
76,2024-04-01,9.166378757253291,0,6.058655809126269,260.6794488258575,0.4470379939347094,48.58187120095158,22.63975350470351,10754.712922487755,0.06090257963055857,8.136091259100402,40.26371686612456,35.49245460695722,67856097.57663655,0,44850118.87433723,450868.6643351409,60229854.65676695,292856262.1589762,7402242815.990761
77,2024-04-01,9.166378757253291,0,6.058655809126269,260.6794488258575,0.4470379939347094,48.58187120095158,22.63975350470351,10754.712922487755,0.06090257963055857,8.136091259100402,40.26371686612456,35.49245460695722,67856097.57663655,0,44850118.87433723,450868.6643351409,60229854.65676695,292856262.1589762,7402242815.990761
78,2024-04-01,9.166378757253291,0,6.058655809126269,260.6794488258575,0.4470379939347094,48.58187120095158,22.63975350470351,10754.712922487755,0.06090257963055857,8.136091259100402,40.26371686612456,35.49245460695722,67856097.57663655,0,44850118.87433723,450868.6643351409,60229854.65676695,292856262.1589762,7402242815.990761
79,2024-04-01,9.166378757253291,0,6.058655809126269,260.6794488258575,0.4470379939347094,48.58187120095158,22.63975350470351,10754.712922487755,0.06090257963055857,8.136091259100402,40.26371686612456,35.49245460695722,67856097.57663655,0,44850118.87433723,450868.6643351409,60229854.65676695,292856262.1589762,7402242815.990761
80,2024-05-01,5.840348165997886,0,7.407762228989182,260.6794488258575,0.4470379939347094,48.58187120095158,22.63975350470351,10754.712922487755,0.01627949360564245,4.960190072980061,38.47464739412644,31.710295899117394,43233346.876696795,0,54836568.848345086,120518.10870057625,36718662.08094435,279843215.7629202,7402242815.990761
81,2024-05-01,5.840348165997886,0,7.407762228989182,260.6794488258575,0.4470379939347094,48.58187120095158,22.63975350470351,10754.712922487755,0.01627949360564245,4.960190072980061,38.47464739412644,31.710295899117394,43233346.876696795,0,54836568.848345086,120518.10870057625,36718662.08094435,279843215.7629202,7402242815.990761
82,2024-05-01,5.840348165997886,0,7.407762228989182,260.6794488258575,0.4470379939347094,48.58187120095158,22.63975350470351,10754.712922487755,0.01627949360564245,4.960190072980061,38.47464739412644,31.710295899117394,43233346.876696795,0,54836568.848345086,120518.10870057625,36718662.08094435,279843215.7629202,7402242815.990761
83,2024-05-01,5.840348165997886,0,7.407762228989182,260.6794488258575,0.4470379939347094,48.58187120095158,22.63975350470351,10754.712922487755,0.01627949360564245,4.960190072980061,38.47464739412644,31.710295899117394,43233346.876696795,0,54836568.848345086,120518.10870057625,36718662.08094435,279843215.7629202,7402242815.990761
84,2024-05-01,5.840348165997886,0,7.407762228989182,260.6794488258575,0.4470379939347094,48.58187120095158,22.63975350470351,10754.712922487755,0.01627949360564245,4.960190072980061,38.47464739412644,31.710295899117394,43233346.876696795,0,54836568.848345086,120518.10870057625,36718662.08094435,279843215.7629202,7402242815.990761
85,2024-05-01,5.840348165997886,0,7.407762228989182,260.6794488258575,0.4470379939347094,48.58187120095158,22.63975350470351,10754.712922487755,0.01627949360564245,4.960190072980061,38.47464739412644,31.710295899117394,43233346.876696795,0,54836568.848345086,120518.10870057625,36718662.08094435,279843215.7629202,7402242815.990761
86,2024-05-01,5.840348165997886,0,7.407762228989182,260.6794488258575,0.4470379939347094,48.58187120095158,22.63975350470351,10754.712922487755,0.01627949360564245,4.960190072980061,38.47464739412644,31.710295899117394,43233346.876696795,0,54836568.848345086,120518.10870057625,36718662.08094435,279843215.7629202,7402242815.990761
87,2024-05-01,5.840348165997886,0,7.407762228989182,260.6794488258575,0.4470379939347094,48.58187120095158,22.63975350470351,10754.712922487755,0.01627949360564245,4.960190072980061,38.47464739412644,31.710295899117394,43233346.876696795,0,54836568.848345086,120518.10870057625,36718662.08094435,279843215.7629202,7402242815.990761
88,2024-05-01,5.840348165997886,0,7.407762228989182,260.6794488258575,0.4470379939347094,48.58187120095158,22.63975350470351,10754.712922487755,0.01627949360564245,4.960190072980061,38.47464739412644,31.710295899117394,43233346.876696795,0,54836568.848345086,120518.10870057625,36718662.08094435,279843215.7629202,7402242815.990761
89,2024-05-01,5.840348165997886,0,7.407762228989182,260.6794488258575,0.4470379939347094,48.58187120095158,22.63975350470351,10754.712922487755,0.01627949360564245,4.960190072980061,38.47464739412644,31.710295899117394,43233346.876696795,0,54836568.848345086,120518.10870057625,36718662.08094435,279843215.7629202,7402242815.990761
90,2024-05-01,5.840348165997886,0,7.407762228989182,260.6794488258575,0.4470379939347094,48.58187120095158,22.63975350470351,10754.712922487755,0.01627949360564245,4.960190072980061,38.47464739412644,31.710295899117394,43233346.876696795,0,54836568.848345086,120518.10870057625,36718662.08094435,279843215.7629202,7402242815.990761
91,2024-05-01,5.840348165997886,0,7.407762228989182,260.6794488258575,0.4470379939347094,48.58187120095158,22.63975350470351,10754.712922487755,0.01627949360564245,4.960190072980061,38.47464739412644,31.710295899117394,43233346.876696795,0,54836568.848345086,120518.10870057625,36718662.08094435,279843215.7629202,7402242815.990761
92,2024-05-01,5.840348165997886,0,7.407762228989182,260.6794488258575,0.4470379939347094,48.58187120095158,22.63975350470351,10754.712922487755,0.01627949360564245,4.960190072980061,38.47464739412644,31.710295899117394,43233346.876696795,0,54836568.848345086,120518.10870057625,36718662.08094435,279843215.7629202,7402242815.990761
93,2024-05-01,5.840348165997886,0,7.407762228989182,260.6794488258575,0.4470379939347094,48.58187120095158,22.63975350470351,10754.712922487755,0.01627949360564245,4.960190072980061,38.47464739412644,31.710295899117394,43233346.876696795,0,54836568.848345086,120518.10870057625,36718662.08094435,279843215.7629202,7402242815.990761
94,2024-05-01,5.840348165997886,0,7.407762228989182,260.6794488258575,0.4470379939347094,48.58187120095158,22.63975350470351,10754.712922487755,0.01627949360564245,4.960190072980061,38.47464739412644,31.710295899117394,43233346.876696795,0,54836568.848345086,120518.10870057625,36718662.08094435,279843215.7629202,7402242815.993721
95,2024-05-01,5.840348165997886,0,7.407762228989182,260.6794488258575,0.4470379939347094,48.58187120095158,22.63975350470351,10754.712922487755,0.01627949360564245,4.960190072980061,38.47464739412644,31.710295899117394,43233346.876696795,0,54836568.848345086,120518.10870057625,36718662.08094435,279843215.7629202,7402242815.990761
96,2024-05-01,5.840348165997886,0,7.407762228989182,260.6794488258575,0.4470379939347094,48.58187120095158,22.63975350470351,10754.712922487755,0.01627949360564245,4.960190072980061,38.47464739412644,31.710295899117394,43233346.876696795,0,54836568.848345086,120518.10870057625,36718662.08094435,279843215.7629202,7402242815.990761
97,2024-05-01,5.840348165997886,0,7.407762228989182,260.6794488258575,0.4470379939347094,48.58187120095158,22.63975350470351,10754.712922487755,0.01627949360564245,4.960190072980061,38.47464739412644,31.710295899117394,43233346.876696795,0,54836568.848345086,120518.10870057625,36718662.08094435,279843215.7629202,7402242815.990761
98,2024-05-01,5.840348165997886,0,7.407762228989182,260.6794488258575,0.4470379939347094,48.58187120095158,22.63975350470351,10754.712922487755,0.01627949360564245,4.960190072980061,38.47464739412644,31.710295899117394,43233346.876696795,0,54836568.848345086,120518.10870057625,36718662.08094435,279843215.7629202,7402242815.990761
99,2024-05-01,5.840348165997886,0,7.407762228989182,260.6794488258575,0.4470379939347094,48.58187120095158,22.63975350470351,10754.712922487755,0.01627949360564245,4.960190072980061,38.47464739412644,31.710295899117394,43233346.876696795,0,54836568.848345086,120518.10870057625,36718662.08094435,279843215.7629202,7402242815.990761
100,2024-06-01,24.785839852611037,0,13.649753082195696,260.6794488258575,0.4470379939347094,48.58187120095158,22.63975350470351,10754.712922487755,0.22114154848363726,17.70038535051828,38.465910681169085,33.451964111111806,183480014.89791852,0,101043859.76347454,1637133.2006484882,131029283.745149,279779748.7648599,7402242815.990761
101,2024-06-01,24.785839852611037,0,13.649753082195696,260.6794488258575,0.4470379939347094,48.58187120095158,22.63975350470351,10754.712922487755,0.22114154848363726,17.70038535051828,38.465910681169085,33.451964111111806,183480014.89791852,0,101043859.76347454,1637133.2006484882,131029283.745149,279779748.7648599,7402242815.990761
102,2024-06-01,24.785839852611037,0,13.649753082195696,260.6794488258575,0.4470379939347094,48.58187120095158,22.63975350470351,10754.712922487755,0.22114154848363726,17.70038535051828,38.465910681169085,33.451964111111806,183480014.89791852,0,101043859.76347454,1637133.2006484882,131029283.745149,279779748.7648599,7402242815.990761
103,2024-06-01,24.785839852611037,0,13.649753082195696,260.6794488258575,0.4470379939347094,48.58187120095158,22.63975350470351,10754.712922487755,0.22114154848363726,17.70038535051828,38.465910681169085,33.451964111111806,183480014.89791852,0,101043859.76347454,1637133.2006484882,131029283.745149,279779748.7648599,7402242815.990761
104,2024-06-01,24.785839852611037,0,13.649753082195696,260.6794488258575,0.4470379939347094,48.58187120095158,22.63975350470351,10754.712922487755,0.22114154848363726,17.70038535051828,38.465910681169085,33.451964111111806,183480014.89791852,0,101043859.76347454,1637133.2006484882,131029283.745149,279779748.7648599,7402242815.990761
105,2024-06-01,24.785839852611037,0,13.649753082195696,260.6794488258575,0.4470379939347094,48.58187120095158,22.63975350470351,10754.712922487755,0.22114154848363726,17.70038535051828,38.465910681169085,33.451964111111806,183480014.89791852,0,101043859.76347454,1637133.2006484882,131029283.745149,279779748.7648599,7402242815.990761
106,2024-06-01,24.785839852611037,0,13.649753082195696,260.6794488258575,0.4470379939347094,48.58187120095158,22.63975350470351,10754.712922487755,0.22114154848363726,17.70038535051828,38.465910681169085,33.451964111111806,183480014.89791852,0,101043859.76347454,1637133.2006484882,131029283.745149,279779748.7648599,7402242815.990761
107,2024-06-01,24.785839852611037,0,13.649753082195696,260.6794488258575,0.4470379939347094,48.58187120095158,22.63975350470351,10754.712922487755,0.22114154848363726,17.70038535051828,38.465910681169085,33.451964111111806,183480014.89791852,0,101043859.76347454,1637133.2006484882,131029283.745149,279779748.7648599,7402242815.990761
108,2024-06-01,24.785839852611037,0,13.649753082195696,260.6794488258575,0.4470379939347094,48.58187120095158,22.63975350470351,10754.712922487755,0.22114154848363726,17.70038535051828,38.465910681169085,33.451964111111806,183480014.89791852,0,101043859.76347454,1637133.2006484882,131029283.745149,279779748.7648599,7402242815.990761
109,2024-06-01,24.785839852611037,0,13.649753082195696,260.6794488258575,0.4470379939347094,48.58187120095158,22.63975350470351,10754.712922487755,0.22114154848363726,17.70038535051828,38.465910681169085,33.451964111111806,183480014.89791852,0,101043859.76347454,1637133.2006484882,131029283.745149,279779748.7648599,7402242815.990761
110,2024-06-01,24.785839852611037,0,13.649753082195696,260.6794488258575,0.4470379939347094,48.58187120095158,22.63975350470351,10754.712922487755,0.22114154848363726,17.70038535051828,38.465910681169085,33.451964111111806,183480014.89791852,0,101043859.76347454,1637133.2006484882,131029283.745149,279779748.7648599,7402242815.990761
111,2024-06-01,24.785839852611037,0,13.649753082195696,260.6794488258575,0.4470379939347094,48.58187120095158,22.63975350470351,10754.712922487755,0.22114154848363726,17.70038535051828,38.465910681169085,33.451964111111806,183480014.89791852,0,101043859.76347454,1637133.2006484882,131029283.745149,279779748.7648599,7402242815.990761
112,2024-06-01,24.785839852611037,0,13.649753082195696,260.6794488258575,0.4470379939347094,48.58187120095158,22.63975350470351,10754.712922487755,0.22114154848363726,17.70038535051828,38.465910681169085,33.451964111111806,183480014.89791852,0,101043859.76347454,1637133.2006484882,131029283.745149,279779748.7648599,7402242815.990761
113,2024-06-01,24.785839852611037,0,13.649753082195696,260.6794488258575,0.4470379939347094,48.58187120095158,22.63975350470351,10754.712922487755,0.22114154848363726,17.70038535051828,38.465910681169085,33.451964111111806,183480014.89791852,0,101043859.76347454,1637133.2006484882,131029283.745149,279779748.7648599,7402242815.990761
114,2024-06-01,24.785839852611037,0,13.649753082195696,260.6794488258575,0.4470379939347094,48.58187120095158,22.63975350470351,10754.712922487755,0.22114154848363726,17.70038535051828,38.465910681169085,33.451964111111806,183480014.89791852,0,101043859.76347454,1637133.2006484882,131029283.745149,279779748.7648599,7402242815.990761
115,2024-06-01,24.785839852611037,0,13.649753082195696,260.6794488258575,0.4470379939347094,48.58187120095158,22.63975350470351,10754.712922487755,0.22114154848363726,17.70038535051828,38.465910681169085,33.451964111111806,183480014.89791852,0,101043859.76347454,1637133.2006484882,131029283.745149,279779748.7648599,7402242815.990761
116,2024-06-01,24.785839852611037,0,13.649753082195696,260.6794488258575,0.4470379939347094,48.58187120095158,22.63975350470351,10754.712922487755,0.22114154848363726,17.70038535051828,38.465910681169085,33.451964111111806,183480014.89791852,0,101043859.76347454,1637133.2006484882,131029283.745149,279779748.7648599,7402242815.990761
117,2024-06-01,24.785839852611037,0,13.649753082195696,260.6794488258575,0.4470379939347094,48.58187120095158,22.63975350470351,10754.712922487755,0.22114154848363726,17.70038535051828,38.465910681169085,33.451964111111806,183480014.89791852,0,101043859.76347454,1637133.2006484882,131029283.745149,279779748.7648599,7402242815.993721
118,2024-06-01,24.785839852611037,0,13.649753082195696,260.6794488258575,0.4470379939347094,48.58187120095158,22.63975350470351,10754.712922487755,0.22114154848363726,17.70038535051828,38.465910681169085,33.451964111111806,183480014.89791852,0,101043859.76347454,1637133.2006484882,131029283.745149,279779748.7648599,7402242815.990761
119,2024-06-01,24.785839852611037,0,13.649753082195696,260.6794488258575,0.4470379939347094,48.58187120095158,22.63975350470351,10754.712922487755,0.22114154848363726,17.70038535051828,38.465910681169085,33.451964111111806,183480014.89791852,0,101043859.76347454,1637133.2006484882,131029283.745149,279779748.7648599,7402242815.990761
120,2024-07-01,5.576266421573563,0,9.556049771330168,260.6794488258575,0.4470379939347094,48.58187120095158,22.63975350470351,10754.712922487755,0.005047387731280944,4.510315175713973,37.71366024291097,31.15945832001403,41278180.9103161,0,70738775.92636076,37365.32888636994,33388101.47481068,274308063.2212127,7402242815.990761
121,2024-07-01,5.576266421573563,0,9.556049771330168,260.6794488258575,0.4470379939347094,48.58187120095158,22.63975350470351,10754.712922487755,0.005047387731280944,4.510315175713973,37.71366024291097,31.15945832001403,41278180.9103161,0,70738775.92636076,37365.32888636994,33388101.47481068,274308063.2212127,7402242815.990761
122,2024-07-01,5.576266421573563,0,9.556049771330168,260.6794488258575,0.4470379939347094,48.58187120095158,22.63975350470351,10754.712922487755,0.005047387731280944,4.510315175713973,37.71366024291097,31.15945832001403,41278180.9103161,0,70738775.92636076,37365.32888636994,33388101.47481068,274308063.2212127,7402242815.990761
123,2024-07-01,5.576266421573563,0,9.556049771330168,260.6794488258575,0.4470379939347094,48.58187120095158,22.63975350470351,10754.712922487755,0.005047387731280944,4.510315175713973,37.71366024291097,31.15945832001403,41278180.9103161,0,70738775.92636076,37365.32888636994,33388101.47481068,274308063.2212127,7402242815.990761
124,2024-07-01,5.576266421573563,0,9.556049771330168,260.6794488258575,0.4470379939347094,48.58187120095158,22.63975350470351,10754.712922487755,0.005047387731280944,4.510315175713973,37.71366024291097,31.15945832001403,41278180.9103161,0,70738775.92636076,37365.32888636994,33388101.47481068,274308063.2212127,7402242815.990761
125,2024-07-01,5.576266421573563,0,9.556049771330168,260.6794488258575,0.4470379939347094,48.58187120095158,22.63975350470351,10754.712922487755,0.005047387731280944,4.510315175713973,37.71366024291097,31.15945832001403,41278180.9103161,0,70738775.92636076,37365.32888636994,33388101.47481068,274308063.2212127,7402242815.990761
126,2024-07-01,5.576266421573563,0,9.556049771330168,260.6794488258575,0.4470379939347094,48.58187120095158,22.63975350470351,10754.712922487755,0.005047387731280944,4.510315175713973,37.71366024291097,31.15945832001403,41278180.9103161,0,70738775.92636076,37365.32888636994,33388101.47481068,274308063.2212127,7402242815.990761
127,2024-07-01,5.576266421573563,0,9.556049771330168,260.6794488258575,0.4470379939347094,48.58187120095158,22.63975350470351,10754.712922487755,0.005047387731280944,4.510315175713973,37.71366024291097,31.15945832001403,41278180.9103161,0,70738775.92636076,37365.32888636994,33388101.47481068,274308063.2212127,7402242815.990761
128,2024-07-01,5.576266421573563,0,9.556049771330168,260.6794488258575,0.4470379939347094,48.58187120095158,22.63975350470351,10754.712922487755,0.005047387731280944,4.510315175713973,37.71366024291097,31.15945832001403,41278180.9103161,0,70738775.92636076,37365.32888636994,33388101.47481068,274308063.2212127,7402242815.990761
129,2024-07-01,5.576266421573563,0,9.556049771330168,260.6794488258575,0.4470379939347094,48.58187120095158,22.63975350470351,10754.712922487755,0.005047387731280944,4.510315175713973,37.71366024291097,31.15945832001403,41278180.9103161,0,70738775.92636076,37365.32888636994,33388101.47481068,274308063.2212127,7402242815.990761
130,2024-07-01,5.576266421573563,0,9.556049771330168,260.6794488258575,0.4470379939347094,48.58187120095158,22.63975350470351,10754.712922487755,0.005047387731280944,4.510315175713973,37.71366024291097,31.15945832001403,41278180.9103161,0,70738775.92636076,37365.32888636994,33388101.47481068,274308063.2212127,7402242815.990761
131,2024-07-01,5.576266421573563,0,9.556049771330168,260.6794488258575,0.4470379939347094,48.58187120095158,22.63975350470351,10754.712922487755,0.005047387731280944,4.510315175713973,37.71366024291097,31.15945832001403,41278180.9103161,0,70738775.92636076,37365.32888636994,33388101.47481068,274308063.2212127,7402242815.990761
132,2024-07-01,5.576266421573563,0,9.556049771330168,260.6794488258575,0.4470379939347094,48.58187120095158,22.63975350470351,10754.712922487755,0.005047387731280944,4.510315175713973,37.71366024291097,31.15945832001403,41278180.9103161,0,70738775.92636076,37365.32888636994,33388101.47481068,274308063.2212127,7402242815.990761
133,2024-07-01,5.576266421573563,0,9.556049771330168,260.6794488258575,0.4470379939347094,48.58187120095158,22.63975350470351,10754.712922487755,0.005047387731280944,4.510315175713973,37.71366024291097,31.15945832001403,41278180.9103161,0,70738775.92636076,37365.32888636994,33388101.47481068,274308063.2212127,7402242815.990761
134,2024-07-01,5.576266421573563,0,9.556049771330168,260.6794488258575,0.4470379939347094,48.58187120095158,22.63975350470351,10754.712922487755,0.005047387731280944,4.510315175713973,37.71366024291097,31.15945832001403,41278180.9103161,0,70738775.92636076,37365.32888636994,33388101.47481068,274308063.2212127,7402242815.990761
135,2024-07-01,5.576266421573563,0,9.556049771330168,260.6794488258575,0.4470379939347094,48.58187120095158,22.63975350470351,10754.712922487755,0.005047387731280944,4.510315175713973,37.71366024291097,31.15945832001403,41278180.9103161,0,70738775.92636076,37365.32888636994,33388101.47481068,274308063.2212127,7402242815.990761
136,2024-07-01,5.576266421573563,0,9.556049771330168,260.6794488258575,0.4470379939347094,48.58187120095158,22.63975350470351,10754.712922487755,0.005047387731280944,4.510315175713973,37.71366024291097,31.15945832001403,41278180.9103161,0,70738775.92636076,37365.32888636994,33388101.47481068,274308063.2212127,7402242815.990761
137,2024-07-01,5.576266421573563,0,9.556049771330168,260.6794488258575,0.4470379939347094,48.58187120095158,22.63975350470351,10754.712922487755,0.005047387731280944,4.510315175713973,37.71366024291097,31.15945832001403,41278180.9103161,0,70738775.92636076,37365.32888636994,33388101.47481068,274308063.2212127,7402242815.993721
138,2024-07-01,5.576266421573563,0,9.556049771330168,260.6794488258575,0.4470379939347094,48.58187120095158,22.63975350470351,10754.712922487755,0.005047387731280944,4.510315175713973,37.71366024291097,31.15945832001403,41278180.9103161,0,70738775.92636076,37365.32888636994,33388101.47481068,274308063.2212127,7402242815.990761
139,2024-07-01,5.576266421573563,0,9.556049771330168,260.6794488258575,0.4470379939347094,48.58187120095158,22.63975350470351,10754.712922487755,0.005047387731280944,4.510315175713973,37.71366024291097,31.15945832001403,41278180.9103161,0,70738775.92636076,37365.32888636994,33388101.47481068,274308063.2212127,7402242815.990761
140,2024-08-01,53.67374487791314,0,15.84810848416419,260.6794488258575,0.4470379939347094,48.58187120095158,22.63975350470351,10754.712922487755,1.8494151905349796,35.13515982898603,42.15002667844988,41.73208774651477,397329984.2921337,0,117316682.35917647,13691630.958163273,260093643.85822013,306577943.5705843,7402242815.990761
141,2024-08-01,53.67374487791314,0,15.84810848416419,260.6794488258575,0.4470379939347094,48.58187120095158,22.63975350470351,10754.712922487755,1.8494151905349796,35.13515982898603,42.15002667844988,41.73208774651477,397329984.2921337,0,117316682.35917647,13691630.958163273,260093643.85822013,306577943.5705843,7402242815.990761
142,2024-08-01,53.67374487791314,0,15.84810848416419,260.6794488258575,0.4470379939347094,48.58187120095158,22.63975350470351,10754.712922487755,1.8494151905349796,35.13515982898603,42.15002667844988,41.73208774651477,397329984.2921337,0,117316682.35917647,13691630.958163273,260093643.85822013,306577943.5705843,7402242815.990761
143,2024-08-01,53.67374487791314,0,15.84810848416419,260.6794488258575,0.4470379939347094,48.58187120095158,22.63975350470351,10754.712922487755,1.8494151905349796,35.13515982898603,42.15002667844988,41.73208774651477,397329984.2921337,0,117316682.35917647,13691630.958163273,260093643.85822013,306577943.5705843,7402242815.990761
144,2024-08-01,53.67374487791314,0,15.84810848416419,260.6794488258575,0.4470379939347094,48.58187120095158,22.63975350470351,10754.712922487755,1.8494151905349796,35.13515982898603,42.15002667844988,41.73208774651477,397329984.2921337,0,117316682.35917647,13691630.958163273,260093643.85822013,306577943.5705843,7402242815.990761
145,2024-08-01,53.67374487791314,0,15.84810848416419,260.6794488258575,0.4470379939347094,48.58187120095158,22.63975350470351,10754.712922487755,1.8494151905349796,35.13515982898603,42.15002667844988,41.73208774651477,397329984.2921337,0,117316682.35917647,13691630.958163273,260093643.85822013,306577943.5705843,7402242815.990761
146,2024-08-01,53.67374487791314,0,15.84810848416419,260.6794488258575,0.4470379939347094,48.58187120095158,22.63975350470351,10754.712922487755,1.8494151905349796,35.13515982898603,42.15002667844988,41.73208774651477,397329984.2921337,0,117316682.35917647,13691630.958163273,260093643.85822013,306577943.5705843,7402242815.990761
147,2024-08-01,53.67374487791314,0,15.84810848416419,260.6794488258575,0.4470379939347094,48.58187120095158,22.63975350470351,10754.712922487755,1.8494151905349796,35.13515982898603,42.15002667844988,41.73208774651477,397329984.2921337,0,117316682.35917647,13691630.958163273,260093643.85822013,306577943.5705843,7402242815.990761
148,2024-08-01,53.67374487791314,0,15.84810848416419,260.6794488258575,0.4470379939347094,48.58187120095158,22.63975350470351,10754.712922487755,1.8494151905349796,35.13515982898603,42.15002667844988,41.73208774651477,397329984.2921337,0,117316682.35917647,13691630.958163273,260093643.85822013,306577943.5705843,7402242815.990761
149,2024-08-01,53.67374487791314,0,15.84810848416419,260.6794488258575,0.4470379939347094,48.58187120095158,22.63975350470351,10754.712922487755,1.8494151905349796,35.13515982898603,42.15002667844988,41.73208774651477,397329984.2921337,0,117316682.35917647,13691630.958163273,260093643.85822013,306577943.5705843,7402242815.990761
150,2024-08-01,53.67374487791314,0,15.84810848416419,260.6794488258575,0.4470379939347094,48.58187120095158,22.63975350470351,10754.712922487755,1.8494151905349796,35.13515982898603,42.15002667844988,41.73208774651477,397329984.2921337,0,117316682.35917647,13691630.958163273,260093643.85822013,306577943.5705843,7402242815.990761
151,2024-08-01,53.67374487791314,0,15.84810848416419,260.6794488258575,0.4470379939347094,48.58187120095158,22.63975350470351,10754.712922487755,1.8494151905349796,35.13515982898603,42.15002667844988,41.73208774651477,397329984.2921337,0,117316682.35917647,13691630.958163273,260093643.85822013,306577943.5705843,7402242815.990761
152,2024-08-01,53.67374487791314,0,15.84810848416419,260.6794488258575,0.4470379939347094,48.58187120095158,22.63975350470351,10754.712922487755,1.8494151905349796,35.13515982898603,42.15002667844988,41.73208774651477,397329984.2921337,0,117316682.35917647,13691630.958163273,260093643.85822013,306577943.5705843,7402242815.990761
153,2024-08-01,53.67374487791314,0,15.84810848416419,260.6794488258575,0.4470379939347094,48.58187120095158,22.63975350470351,10754.712922487755,1.8494151905349796,35.13515982898603,42.15002667844988,41.73208774651477,397329984.2921337,0,117316682.35917647,13691630.958163273,260093643.85822013,306577943.5705843,7402242815.990761
154,2024-08-01,53.67374487791314,0,15.84810848416419,260.6794488258575,0.4470379939347094,48.58187120095158,22.63975350470351,10754.712922487755,1.8494151905349796,35.13515982898603,42.15002667844988,41.73208774651477,397329984.2921337,0,117316682.35917647,13691630.958163273,260093643.85822013,306577943.5705843,7402242815.990761
155,2024-08-01,53.67374487791314,0,15.84810848416419,260.6794488258575,0.4470379939347094,48.58187120095158,22.63975350470351,10754.712922487755,1.8494151905349796,35.13515982898603,42.15002667844988,41.73208774651477,397329984.2921337,0,117316682.35917647,13691630.958163273,260093643.85822013,306577943.5705843,7402242815.990761
156,2024-08-01,53.67374487791314,0,15.84810848416419,260.6794488258575,0.4470379939347094,48.58187120095158,22.63975350470351,10754.712922487755,1.8494151905349796,35.13515982898603,42.15002667844988,41.73208774651477,397329984.2921337,0,117316682.35917647,13691630.958163273,260093643.85822013,306577943.5705843,7402242815.990761
157,2024-08-01,53.67374487791314,0,15.84810848416419,260.6794488258575,0.4470379939347094,48.58187120095158,22.63975350470351,10754.712922487755,1.8494151905349796,35.13515982898603,42.15002667844988,41.73208774651477,397329984.2921337,0,117316682.35917647,13691630.958163273,260093643.85822013,306577943.5705843,7402242815.993721
158,2024-08-01,53.67374487791314,0,15.84810848416419,260.6794488258575,0.4470379939347094,48.58187120095158,22.63975350470351,10754.712922487755,1.8494151905349796,35.13515982898603,42.15002667844988,41.73208774651477,397329984.2921337,0,117316682.35917647,13691630.958163273,260093643.85822013,306577943.5705843,7402242815.990761
159,2024-08-01,53.67374487791314,0,15.84810848416419,260.6794488258575,0.4470379939347094,48.58187120095158,22.63975350470351,10754.712922487755,1.8494151905349796,35.13515982898603,42.15002667844988,41.73208774651477,397329984.2921337,0,117316682.35917647,13691630.958163273,260093643.85822013,306577943.5705843,7402242815.990761
160,2024-09-01,2.0212126239571258,0,5.59600141421745,260.6794488258575,0.4470379939347094,48.58187120095158,22.63975350470351,10754.712922487755,0.00023543972859051213,5.395046341951262,37.85528395526324,31.554419282648208,14961936.94968473,0,41424344.79662747,1742.8326472688307,39939479.63642907,275338237.54552203,7402242815.990761
161,2024-09-01,2.0212126239571258,0,5.59600141421745,260.6794488258575,0.4470379939347094,48.58187120095158,22.63975350470351,10754.712922487755,0.00023543972859051213,5.395046341951262,37.85528395526324,31.554419282648208,14961936.94968473,0,41424344.79662747,1742.8326472688307,39939479.63642907,275338237.54552203,7402242815.990761
162,2024-09-01,2.0212126239571258,0,5.59600141421745,260.6794488258575,0.4470379939347094,48.58187120095158,22.63975350470351,10754.712922487755,0.00023543972859051213,5.395046341951262,37.85528395526324,31.554419282648208,14961936.94968473,0,41424344.79662747,1742.8326472688307,39939479.63642907,275338237.54552203,7402242815.990761
163,2024-09-01,2.0212126239571258,0,5.59600141421745,260.6794488258575,0.4470379939347094,48.58187120095158,22.63975350470351,10754.712922487755,0.00023543972859051213,5.395046341951262,37.85528395526324,31.554419282648208,14961936.94968473,0,41424344.79662747,1742.8326472688307,39939479.63642907,275338237.54552203,7402242815.990761
164,2024-09-01,2.0212126239571258,0,5.59600141421745,260.6794488258575,0.4470379939347094,48.58187120095158,22.63975350470351,10754.712922487755,0.00023543972859051213,5.395046341951262,37.85528395526324,31.554419282648208,14961936.94968473,0,41424344.79662747,1742.8326472688307,39939479.63642907,275338237.54552203,7402242815.990761
165,2024-09-01,2.0212126239571258,0,5.59600141421745,260.6794488258575,0.4470379939347094,48.58187120095158,22.63975350470351,10754.712922487755,0.00023543972859051213,5.395046341951262,37.85528395526324,31.554419282648208,14961936.94968473,0,41424344.79662747,1742.8326472688307,39939479.63642907,275338237.54552203,7402242815.990761
166,2024-09-01,2.0212126239571258,0,5.59600141421745,260.6794488258575,0.4470379939347094,48.58187120095158,22.63975350470351,10754.712922487755,0.00023543972859051213,5.395046341951262,37.85528395526324,31.554419282648208,14961936.94968473,0,41424344.79662747,1742.8326472688307,39939479.63642907,275338237.54552203,7402242815.990761
167,2024-09-01,2.0212126239571258,0,5.59600141421745,260.6794488258575,0.4470379939347094,48.58187120095158,22.63975350470351,10754.712922487755,0.00023543972859051213,5.395046341951262,37.85528395526324,31.554419282648208,14961936.94968473,0,41424344.79662747,1742.8326472688307,39939479.63642907,275338237.54552203,7402242815.990761
168,2024-09-01,2.0212126239571258,0,5.59600141421745,260.6794488258575,0.4470379939347094,48.58187120095158,22.63975350470351,10754.712922487755,0.00023543972859051213,5.395046341951262,37.85528395526324,31.554419282648208,14961936.94968473,0,41424344.79662747,1742.8326472688307,39939479.63642907,275338237.54552203,7402242815.990761
169,2024-09-01,2.0212126239571258,0,5.59600141421745,260.6794488258575,0.4470379939347094,48.58187120095158,22.63975350470351,10754.712922487755,0.00023543972859051213,5.395046341951262,37.85528395526324,31.554419282648208,14961936.94968473,0,41424344.79662747,1742.8326472688307,39939479.63642907,275338237.54552203,7402242815.990761
170,2024-09-01,2.0212126239571258,0,5.59600141421745,260.6794488258575,0.4470379939347094,48.58187120095158,22.63975350470351,10754.712922487755,0.00023543972859051213,5.395046341951262,37.85528395526324,31.554419282648208,14961936.94968473,0,41424344.79662747,1742.8326472688307,39939479.63642907,275338237.54552203,7402242815.990761
171,2024-09-01,2.0212126239571258,0,5.59600141421745,260.6794488258575,0.4470379939347094,48.58187120095158,22.63975350470351,10754.712922487755,0.00023543972859051213,5.395046341951262,37.85528395526324,31.554419282648208,14961936.94968473,0,41424344.79662747,1742.8326472688307,39939479.63642907,275338237.54552203,7402242815.990761
172,2024-09-01,2.0212126239571258,0,5.59600141421745,260.6794488258575,0.4470379939347094,48.58187120095158,22.63975350470351,10754.712922487755,0.00023543972859051213,5.395046341951262,37.85528395526324,31.554419282648208,14961936.94968473,0,41424344.79662747,1742.8326472688307,39939479.63642907,275338237.54552203,7402242815.990761
173,2024-09-01,2.0212126239571258,0,5.59600141421745,260.6794488258575,0.4470379939347094,48.58187120095158,22.63975350470351,10754.712922487755,0.00023543972859051213,5.395046341951262,37.85528395526324,31.554419282648208,14961936.94968473,0,41424344.79662747,1742.8326472688307,39939479.63642907,275338237.54552203,7402242815.990761
174,2024-09-01,2.0212126239571258,0,5.59600141421745,260.6794488258575,0.4470379939347094,48.58187120095158,22.63975350470351,10754.712922487755,0.00023543972859051213,5.395046341951262,37.85528395526324,31.554419282648208,14961936.94968473,0,41424344.79662747,1742.8326472688307,39939479.63642907,275338237.54552203,7402242815.990761
175,2024-09-01,2.0212126239571258,0,5.59600141421745,260.6794488258575,0.4470379939347094,48.58187120095158,22.63975350470351,10754.712922487755,0.00023543972859051213,5.395046341951262,37.85528395526324,31.554419282648208,14961936.94968473,0,41424344.79662747,1742.8326472688307,39939479.63642907,275338237.54552203,7402242815.993721
176,2024-09-01,2.0212126239571258,0,5.59600141421745,260.6794488258575,0.4470379939347094,48.58187120095158,22.63975350470351,10754.712922487755,0.00023543972859051213,5.395046341951262,37.85528395526324,31.554419282648208,14961936.94968473,0,41424344.79662747,1742.8326472688307,39939479.63642907,275338237.54552203,7402242815.990761
177,2024-09-01,2.0212126239571258,0,5.59600141421745,260.6794488258575,0.4470379939347094,48.58187120095158,22.63975350470351,10754.712922487755,0.00023543972859051213,5.395046341951262,37.85528395526324,31.554419282648208,14961936.94968473,0,41424344.79662747,1742.8326472688307,39939479.63642907,275338237.54552203,7402242815.990761
178,2024-09-01,2.0212126239571258,0,5.59600141421745,260.6794488258575,0.4470379939347094,48.58187120095158,22.63975350470351,10754.712922487755,0.00023543972859051213,5.395046341951262,37.85528395526324,31.554419282648208,14961936.94968473,0,41424344.79662747,1742.8326472688307,39939479.63642907,275338237.54552203,7402242815.990761
179,2024-09-01,2.0212126239571258,0,5.59600141421745,260.6794488258575,0.4470379939347094,48.58187120095158,22.63975350470351,10754.712922487755,0.00023543972859051213,5.395046341951262,37.85528395526324,31.554419282648208,14961936.94968473,0,41424344.79662747,1742.8326472688307,39939479.63642907,275338237.54552203,7402242815.990761
180,2024-10-01,27.25807474061142,0,7.0628414365712135,260.6794488258575,0.4470379939347094,48.58187120095158,22.63975350470351,10754.712922487755,0.1789014549274346,19.555436485753507,39.30625974199531,34.583632862307596,201781426.07476324,0,52283299.44894121,1324425.9775573357,144762081.2595272,285891816.27894676,7402242815.990761
181,2024-10-01,27.25807474061142,0,7.0628414365712135,260.6794488258575,0.4470379939347094,48.58187120095158,22.63975350470351,10754.712922487755,0.1789014549274346,19.555436485753507,39.30625974199531,34.583632862307596,201781426.07476324,0,52283299.44894121,1324425.9775573357,144762081.2595272,285891816.27894676,7402242815.990761
182,2024-10-01,27.25807474061142,0,7.0628414365712135,260.6794488258575,0.4470379939347094,48.58187120095158,22.63975350470351,10754.712922487755,0.1789014549274346,19.555436485753507,39.30625974199531,34.583632862307596,201781426.07476324,0,52283299.44894121,1324425.9775573357,144762081.2595272,285891816.27894676,7402242815.990761
183,2024-10-01,27.25807474061142,0,7.0628414365712135,260.6794488258575,0.4470379939347094,48.58187120095158,22.63975350470351,10754.712922487755,0.1789014549274346,19.555436485753507,39.30625974199531,34.583632862307596,201781426.07476324,0,52283299.44894121,1324425.9775573357,144762081.2595272,285891816.27894676,7402242815.990761
184,2024-10-01,27.25807474061142,0,7.0628414365712135,260.6794488258575,0.4470379939347094,48.58187120095158,22.63975350470351,10754.712922487755,0.1789014549274346,19.555436485753507,39.30625974199531,34.583632862307596,201781426.07476324,0,52283299.44894121,1324425.9775573357,144762081.2595272,285891816.27894676,7402242815.990761
185,2024-10-01,27.25807474061142,0,7.0628414365712135,260.6794488258575,0.4470379939347094,48.58187120095158,22.63975350470351,10754.712922487755,0.1789014549274346,19.555436485753507,39.30625974199531,34.583632862307596,201781426.07476324,0,52283299.44894121,1324425.9775573357,144762081.2595272,285891816.27894676,7402242815.990761
186,2024-10-01,27.25807474061142,0,7.0628414365712135,260.6794488258575,0.4470379939347094,48.58187120095158,22.63975350470351,10754.712922487755,0.1789014549274346,19.555436485753507,39.30625974199531,34.583632862307596,201781426.07476324,0,52283299.44894121,1324425.9775573357,144762081.2595272,285891816.27894676,7402242815.990761
187,2024-10-01,27.25807474061142,0,7.0628414365712135,260.6794488258575,0.4470379939347094,48.58187120095158,22.63975350470351,10754.712922487755,0.1789014549274346,19.555436485753507,39.30625974199531,34.583632862307596,201781426.07476324,0,52283299.44894121,1324425.9775573357,144762081.2595272,285891816.27894676,7402242815.990761
188,2024-10-01,27.25807474061142,0,7.0628414365712135,260.6794488258575,0.4470379939347094,48.58187120095158,22.63975350470351,10754.712922487755,0.1789014549274346,19.555436485753507,39.30625974199531,34.583632862307596,201781426.07476324,0,52283299.44894121,1324425.9775573357,144762081.2595272,285891816.27894676,7402242815.990761
189,2024-10-01,27.25807474061142,0,7.0628414365712135,260.6794488258575,0.4470379939347094,48.58187120095158,22.63975350470351,10754.712922487755,0.1789014549274346,19.555436485753507,39.30625974199531,34.583632862307596,201781426.07476324,0,52283299.44894121,1324425.9775573357,144762081.2595272,285891816.27894676,7402242815.990761
190,2024-10-01,27.25807474061142,0,7.0628414365712135,260.6794488258575,0.4470379939347094,48.58187120095158,22.63975350470351,10754.712922487755,0.1789014549274346,19.555436485753507,39.30625974199531,34.583632862307596,201781426.07476324,0,52283299.44894121,1324425.9775573357,144762081.2595272,285891816.27894676,7402242815.990761
191,2024-10-01,27.25807474061142,0,7.0628414365712135,260.6794488258575,0.4470379939347094,48.58187120095158,22.63975350470351,10754.712922487755,0.1789014549274346,19.555436485753507,39.30625974199531,34.583632862307596,201781426.07476324,0,52283299.44894121,1324425.9775573357,144762081.2595272,285891816.27894676,7402242815.990761
192,2024-10-01,27.25807474061142,0,7.0628414365712135,260.6794488258575,0.4470379939347094,48.58187120095158,22.63975350470351,10754.712922487755,0.1789014549274346,19.555436485753507,39.30625974199531,34.583632862307596,201781426.07476324,0,52283299.44894121,1324425.9775573357,144762081.2595272,285891816.27894676,7402242815.990761
193,2024-10-01,27.25807474061142,0,7.0628414365712135,260.6794488258575,0.4470379939347094,48.58187120095158,22.63975350470351,10754.712922487755,0.1789014549274346,19.555436485753507,39.30625974199531,34.583632862307596,201781426.07476324,0,52283299.44894121,1324425.9775573357,144762081.2595272,285891816.27894676,7402242815.990761
194,2024-10-01,27.25807474061142,0,7.0628414365712135,260.6794488258575,0.4470379939347094,48.58187120095158,22.63975350470351,10754.712922487755,0.1789014549274346,19.555436485753507,39.30625974199531,34.583632862307596,201781426.07476324,0,52283299.44894121,1324425.9775573357,144762081.2595272,285891816.27894676,7402242815.990761
195,2024-10-01,27.25807474061142,0,7.0628414365712135,260.6794488258575,0.4470379939347094,48.58187120095158,22.63975350470351,10754.712922487755,0.1789014549274346,19.555436485753507,39.30625974199531,34.583632862307596,201781426.07476324,0,52283299.44894121,1324425.9775573357,144762081.2595272,285891816.27894676,7402242815.990761
196,2024-10-01,27.25807474061142,0,7.0628414365712135,260.6794488258575,0.4470379939347094,48.58187120095158,22.63975350470351,10754.712922487755,0.1789014549274346,19.555436485753507,39.30625974199531,34.583632862307596,201781426.07476324,0,52283299.44894121,1324425.9775573357,144762081.2595272,285891816.27894676,7402242815.993721
197,2024-10-01,27.25807474061142,0,7.0628414365712135,260.6794488258575,0.4470379939347094,48.58187120095158,22.63975350470351,10754.712922487755,0.1789014549274346,19.555436485753507,39.30625974199531,34.583632862307596,201781426.07476324,0,52283299.44894121,1324425.9775573357,144762081.2595272,285891816.27894676,7402242815.990761
198,2024-10-01,27.25807474061142,0,7.0628414365712135,260.6794488258575,0.4470379939347094,48.58187120095158,22.63975350470351,10754.712922487755,0.1789014549274346,19.555436485753507,39.30625974199531,34.583632862307596,201781426.07476324,0,52283299.44894121,1324425.9775573357,144762081.2595272,285891816.27894676,7402242815.990761
199,2024-10-01,27.25807474061142,0,7.0628414365712135,260.6794488258575,0.4470379939347094,48.58187120095158,22.63975350470351,10754.712922487755,0.1789014549274346,19.555436485753507,39.30625974199531,34.583632862307596,201781426.07476324,0,52283299.44894121,1324425.9775573357,144762081.2595272,285891816.27894676,7402242815.990761
200,2024-11-01,11.167684682117075,0,3.7296221530320164,260.6794488258575,0.4470379939347094,48.58187120095158,22.63975350470351,10754.712922487755,0.047579599366800805,8.872662945513298,38.80151318622536,33.09460608293391,82669374.4832877,0,27608716.663623527,352235.613973827,65681143.87120343,282220216.33505267,7402242815.990761
201,2024-11-01,11.167684682117075,0,3.7296221530320164,260.6794488258575,0.4470379939347094,48.58187120095158,22.63975350470351,10754.712922487755,0.047579599366800805,8.872662945513298,38.80151318622536,33.09460608293391,82669374.4832877,0,27608716.663623527,352235.613973827,65681143.87120343,282220216.33505267,7402242815.990761
202,2024-11-01,11.167684682117075,0,3.7296221530320164,260.6794488258575,0.4470379939347094,48.58187120095158,22.63975350470351,10754.712922487755,0.047579599366800805,8.872662945513298,38.80151318622536,33.09460608293391,82669374.4832877,0,27608716.663623527,352235.613973827,65681143.87120343,282220216.33505267,7402242815.990761
203,2024-11-01,11.167684682117075,0,3.7296221530320164,260.6794488258575,0.4470379939347094,48.58187120095158,22.63975350470351,10754.712922487755,0.047579599366800805,8.872662945513298,38.80151318622536,33.09460608293391,82669374.4832877,0,27608716.663623527,352235.613973827,65681143.87120343,282220216.33505267,7402242815.990761
204,2024-11-01,11.167684682117075,0,3.7296221530320164,260.6794488258575,0.4470379939347094,48.58187120095158,22.63975350470351,10754.712922487755,0.047579599366800805,8.872662945513298,38.80151318622536,33.09460608293391,82669374.4832877,0,27608716.663623527,352235.613973827,65681143.87120343,282220216.33505267,7402242815.990761
205,2024-11-01,11.167684682117075,0,3.7296221530320164,260.6794488258575,0.4470379939347094,48.58187120095158,22.63975350470351,10754.712922487755,0.047579599366800805,8.872662945513298,38.80151318622536,33.09460608293391,82669374.4832877,0,27608716.663623527,352235.613973827,65681143.87120343,282220216.33505267,7402242815.990761
206,2024-11-01,11.167684682117075,0,3.7296221530320164,260.6794488258575,0.4470379939347094,48.58187120095158,22.63975350470351,10754.712922487755,0.047579599366800805,8.872662945513298,38.80151318622536,33.09460608293391,82669374.4832877,0,27608716.663623527,352235.613973827,65681143.87120343,282220216.33505267,7402242815.990761
207,2024-11-01,11.167684682117075,0,3.7296221530320164,260.6794488258575,0.4470379939347094,48.58187120095158,22.63975350470351,10754.712922487755,0.047579599366800805,8.872662945513298,38.80151318622536,33.09460608293391,82669374.4832877,0,27608716.663623527,352235.613973827,65681143.87120343,282220216.33505267,7402242815.990761
208,2024-11-01,11.167684682117075,0,3.7296221530320164,260.6794488258575,0.4470379939347094,48.58187120095158,22.63975350470351,10754.712922487755,0.047579599366800805,8.872662945513298,38.80151318622536,33.09460608293391,82669374.4832877,0,27608716.663623527,352235.613973827,65681143.87120343,282220216.33505267,7402242815.990761
209,2024-11-01,11.167684682117075,0,3.7296221530320164,260.6794488258575,0.4470379939347094,48.58187120095158,22.63975350470351,10754.712922487755,0.047579599366800805,8.872662945513298,38.80151318622536,33.09460608293391,82669374.4832877,0,27608716.663623527,352235.613973827,65681143.87120343,282220216.33505267,7402242815.990761
210,2024-11-01,11.167684682117075,0,3.7296221530320164,260.6794488258575,0.4470379939347094,48.58187120095158,22.63975350470351,10754.712922487755,0.047579599366800805,8.872662945513298,38.80151318622536,33.09460608293391,82669374.4832877,0,27608716.663623527,352235.613973827,65681143.87120343,282220216.33505267,7402242815.990761
211,2024-11-01,11.167684682117075,0,3.7296221530320164,260.6794488258575,0.4470379939347094,48.58187120095158,22.63975350470351,10754.712922487755,0.047579599366800805,8.872662945513298,38.80151318622536,33.09460608293391,82669374.4832877,0,27608716.663623527,352235.613973827,65681143.87120343,282220216.33505267,7402242815.990761
212,2024-11-01,11.167684682117075,0,3.7296221530320164,260.6794488258575,0.4470379939347094,48.58187120095158,22.63975350470351,10754.712922487755,0.047579599366800805,8.872662945513298,38.80151318622536,33.09460608293391,82669374.4832877,0,27608716.663623527,352235.613973827,65681143.87120343,282220216.33505267,7402242815.990761
213,2024-11-01,11.167684682117075,0,3.7296221530320164,260.6794488258575,0.4470379939347094,48.58187120095158,22.63975350470351,10754.712922487755,0.047579599366800805,8.872662945513298,38.80151318622536,33.09460608293391,82669374.4832877,0,27608716.663623527,352235.613973827,65681143.87120343,282220216.33505267,7402242815.993721
214,2024-11-01,11.167684682117075,0,3.7296221530320164,260.6794488258575,0.4470379939347094,48.58187120095158,22.63975350470351,10754.712922487755,0.047579599366800805,8.872662945513298,38.80151318622536,33.09460608293391,82669374.4832877,0,27608716.663623527,352235.613973827,65681143.87120343,282220216.33505267,7402242815.990761
215,2024-11-01,11.167684682117075,0,3.7296221530320164,260.6794488258575,0.4470379939347094,48.58187120095158,22.63975350470351,10754.712922487755,0.047579599366800805,8.872662945513298,38.80151318622536,33.09460608293391,82669374.4832877,0,27608716.663623527,352235.613973827,65681143.87120343,282220216.33505267,7402242815.990761
216,2024-11-01,11.167684682117075,0,3.7296221530320164,260.6794488258575,0.4470379939347094,48.58187120095158,22.63975350470351,10754.712922487755,0.047579599366800805,8.872662945513298,38.80151318622536,33.09460608293391,82669374.4832877,0,27608716.663623527,352235.613973827,65681143.87120343,282220216.33505267,7402242815.990761
217,2024-11-01,11.167684682117075,0,3.7296221530320164,260.6794488258575,0.4470379939347094,48.58187120095158,22.63975350470351,10754.712922487755,0.047579599366800805,8.872662945513298,38.80151318622536,33.09460608293391,82669374.4832877,0,27608716.663623527,352235.613973827,65681143.87120343,282220216.33505267,7402242815.990761
218,2024-11-01,11.167684682117075,0,3.7296221530320164,260.6794488258575,0.4470379939347094,48.58187120095158,22.63975350470351,10754.712922487755,0.047579599366800805,8.872662945513298,38.80151318622536,33.09460608293391,82669374.4832877,0,27608716.663623527,352235.613973827,65681143.87120343,282220216.33505267,7402242815.990761
219,2024-11-01,11.167684682117075,0,3.7296221530320164,260.6794488258575,0.4470379939347094,48.58187120095158,22.63975350470351,10754.712922487755,0.047579599366800805,8.872662945513298,38.80151318622536,33.09460608293391,82669374.4832877,0,27608716.663623527,352235.613973827,65681143.87120343,282220216.33505267,7402242815.990761
220,2024-12-01,0.2991725050936294,0,1.4105108290279547,260.6794488258575,0.4470379939347094,48.58187120095158,22.63975350470351,10754.712922487755,0.0,0.5341786858360789,38.1136904133753,31.369414603814892,2214713.9332132037,0,10441294.197513727,0.0,3954507.353177608,277217444.1180376,7402242815.990761
221,2024-12-01,0.2991725050936294,0,1.4105108290279547,260.6794488258575,0.4470379939347094,48.58187120095158,22.63975350470351,10754.712922487755,0.0,0.5341786858360789,38.1136904133753,31.369414603814892,2214713.9332132037,0,10441294.197513727,0.0,3954507.353177608,277217444.1180376,7402242815.990761
222,2024-12-01,0.2991725050936294,0,1.4105108290279547,260.6794488258575,0.4470379939347094,48.58187120095158,22.63975350470351,10754.712922487755,0.0,0.5341786858360789,38.1136904133753,31.369414603814892,2214713.9332132037,0,10441294.197513727,0.0,3954507.353177608,277217444.1180376,7402242815.990761
223,2024-12-01,0.2991725050936294,0,1.4105108290279547,260.6794488258575,0.4470379939347094,48.58187120095158,22.63975350470351,10754.712922487755,0.0,0.5341786858360789,38.1136904133753,31.369414603814892,2214713.9332132037,0,10441294.197513727,0.0,3954507.353177608,277217444.1180376,7402242815.990761
224,2024-12-01,0.2991725050936294,0,1.4105108290279547,260.6794488258575,0.4470379939347094,48.58187120095158,22.63975350470351,10754.712922487755,0.0,0.5341786858360789,38.1136904133753,31.369414603814892,2214713.9332132037,0,10441294.197513727,0.0,3954507.353177608,277217444.1180376,7402242815.990761
225,2024-12-01,0.2991725050936294,0,1.4105108290279547,260.6794488258575,0.4470379939347094,48.58187120095158,22.63975350470351,10754.712922487755,0.0,0.5341786858360789,38.1136904133753,31.369414603814892,2214713.9332132037,0,10441294.197513727,0.0,3954507.353177608,277217444.1180376,7402242815.990761
226,2024-12-01,0.2991725050936294,0,1.4105108290279547,260.6794488258575,0.4470379939347094,48.58187120095158,22.63975350470351,10754.712922487755,0.0,0.5341786858360789,38.1136904133753,31.369414603814892,2214713.9332132037,0,10441294.197513727,0.0,3954507.353177608,277217444.1180376,7402242815.990761
227,2024-12-01,0.2991725050936294,0,1.4105108290279547,260.6794488258575,0.4470379939347094,48.58187120095158,22.63975350470351,10754.712922487755,0.0,0.5341786858360789,38.1136904133753,31.369414603814892,2214713.9332132037,0,10441294.197513727,0.0,3954507.353177608,277217444.1180376,7402242815.990761
228,2024-12-01,0.2991725050936294,0,1.4105108290279547,260.6794488258575,0.4470379939347094,48.58187120095158,22.63975350470351,10754.712922487755,0.0,0.5341786858360789,38.1136904133753,31.369414603814892,2214713.9332132037,0,10441294.197513727,0.0,3954507.353177608,277217444.1180376,7402242815.990761
229,2024-12-01,0.2991725050936294,0,1.4105108290279547,260.6794488258575,0.4470379939347094,48.58187120095158,22.63975350470351,10754.712922487755,0.0,0.5341786858360789,38.1136904133753,31.369414603814892,2214713.9332132037,0,10441294.197513727,0.0,3954507.353177608,277217444.1180376,7402242815.990761
230,2024-12-01,0.2991725050936294,0,1.4105108290279547,260.6794488258575,0.4470379939347094,48.58187120095158,22.63975350470351,10754.712922487755,0.0,0.5341786858360789,38.1136904133753,31.369414603814892,2214713.9332132037,0,10441294.197513727,0.0,3954507.353177608,277217444.1180376,7402242815.993721
231,2024-12-01,0.2991725050936294,0,1.4105108290279547,260.6794488258575,0.4470379939347094,48.58187120095158,22.63975350470351,10754.712922487755,0.0,0.5341786858360789,38.1136904133753,31.369414603814892,2214713.9332132037,0,10441294.197513727,0.0,3954507.353177608,277217444.1180376,7402242815.990761
232,2024-12-01,0.2991725050936294,0,1.4105108290279547,260.6794488258575,0.4470379939347094,48.58187120095158,22.63975350470351,10754.712922487755,0.0,0.5341786858360789,38.1136904133753,31.369414603814892,2214713.9332132037,0,10441294.197513727,0.0,3954507.353177608,277217444.1180376,7402242815.990761
233,2024-12-01,0.2991725050936294,0,1.4105108290279547,260.6794488258575,0.4470379939347094,48.58187120095158,22.63975350470351,10754.712922487755,0.0,0.5341786858360789,38.1136904133753,31.369414603814892,2214713.9332132037,0,10441294.197513727,0.0,3954507.353177608,277217444.1180376,7402242815.990761
234,2024-12-01,0.2991725050936294,0,1.4105108290279547,260.6794488258575,0.4470379939347094,48.58187120095158,22.63975350470351,10754.712922487755,0.0,0.5341786858360789,38.1136904133753,31.369414603814892,2214713.9332132037,0,10441294.197513727,0.0,3954507.353177608,277217444.1180376,7402242815.990761
235,2024-12-01,0.2991725050936294,0,1.4105108290279547,260.6794488258575,0.4470379939347094,48.58187120095158,22.63975350470351,10754.712922487755,0.0,0.5341786858360789,38.1136904133753,31.369414603814892,2214713.9332132037,0,10441294.197513727,0.0,3954507.353177608,277217444.1180376,7402242815.990761
236,2024-12-01,0.2991725050936294,0,1.4105108290279547,260.6794488258575,0.4470379939347094,48.58187120095158,22.63975350470351,10754.712922487755,0.0,0.5341786858360789,38.1136904133753,31.369414603814892,2214713.9332132037,0,10441294.197513727,0.0,3954507.353177608,277217444.1180376,7402242815.990761
237,2024-12-01,0.2991725050936294,0,1.4105108290279547,260.6794488258575,0.4470379939347094,48.58187120095158,22.63975350470351,10754.712922487755,0.0,0.5341786858360789,38.1136904133753,31.369414603814892,2214713.9332132037,0,10441294.197513727,0.0,3954507.353177608,277217444.1180376,7402242815.990761
238,2024-12-01,0.2991725050936294,0,1.4105108290279547,260.6794488258575,0.4470379939347094,48.58187120095158,22.63975350470351,10754.712922487755,0.0,0.5341786858360789,38.1136904133753,31.369414603814892,2214713.9332132037,0,10441294.197513727,0.0,3954507.353177608,277217444.1180376,7402242815.990761
239,2024-12-01,0.2991725050936294,0,1.4105108290279547,260.6794488258575,0.4470379939347094,48.58187120095158,22.63975350470351,10754.712922487755,0.0,0.5341786858360789,38.1136904133753,31.369414603814892,2214713.9332132037,0,10441294.197513727,0.0,3954507.353177608,277217444.1180376,7402242815.990761
