,Date,precip_and_snowmelt_input_Central Bear_mean,irrigation_Central Bear_mean,AET_Central Bear_mean,soil_thickness_Central Bear_mean,soil_porosity_Central Bear_mean,field_capacity_Central Bear_mean,wilting_point_Central Bear_mean,Geo_K_Central Bear_mean,Runoff_Central Bear_mean,Recharge_Central Bear_mean,Soil_Water_End_Of_Previous_Timestep_Central Bear_mean,Soil_Saturation_Percent_End_Of_Timestep_Central Bear_mean,precip_and_snowmelt_input_m3_Central Bear_sum,irrigation_m3_Central Bear_sum,AET_m3_Central Bear_sum,Runoff_m3_Central Bear_sum,Recharge_m3_Central Bear_sum,Soil_Water_End_Of_Previous_Timestep_m3_Central Bear_sum,Central Bear_area_m2
0,2024-01-01,47.5954288088477,0.0,9.98759601917192,421.94704961256423,0.49707034784299287,112.9367007867898,56.604707976480185,6650.654569894065,4.833643157209353,9.571068604642065,103.76597311381703,53.07582956482835,55614736.89257355,0.0,11670400.628123045,5570833.164156625,11004767.162934382,118492391.54345013,2119436591.4576964
1,2024-01-01,47.5954288088477,0.0,9.98759601917192,421.94704961256423,0.49707034784299287,112.9367007867898,56.604707976480185,6650.654569894065,4.833643157209353,9.571068604642065,103.76597311381703,53.07582956482835,55614736.89257355,0.0,11670400.628123045,5570833.164156625,11004767.162934382,118492391.54345013,2119436591.4576964
2,2024-01-01,47.5954288088477,0.0,9.98759601917192,421.94704961256423,0.49707034784299287,112.9367007867898,56.604707976480185,6650.654569894065,4.833643157209353,9.571068604642065,103.76597311381703,53.07582956482835,55614736.89257355,0.0,11670400.628123045,5570833.164156625,11004767.162934382,118492391.54345013,2119436591.4576964
3,2024-01-01,47.5954288088477,0.0,9.98759601917192,421.94704961256423,0.49707034784299287,112.9367007867898,56.604707976480185,6650.654569894065,4.833643157209353,9.571068604642065,103.76597311381703,53.07582956482835,55614736.89257355,0.0,11670400.628123045,5570833.164156625,11004767.162934382,118492391.54345013,2119436591.4576964
4,2024-01-01,47.5954288088477,0.0,9.98759601917192,421.94704961256423,0.49707034784299287,112.9367007867898,56.604707976480185,6650.654569894065,4.833643157209353,9.571068604642065,103.76597311381703,53.07582956482835,55614736.89257355,0.0,11670400.628123045,5570833.164156625,11004767.162934382,118492391.54345013,2119436591.4576964
5,2024-01-01,47.5954288088477,0.0,9.98759601917192,421.94704961256423,0.49707034784299287,112.9367007867898,56.604707976480185,6650.654569894065,4.833643157209353,9.571068604642065,103.76597311381703,53.07582956482835,55614736.89257355,0.0,11670400.628123045,5570833.164156625,11004767.162934382,118492391.54345013,2119436591.4576964
6,2024-01-01,47.5954288088477,0.0,9.98759601917192,421.94704961256423,0.49707034784299287,112.9367007867898,56.604707976480185,6650.654569894065,4.833643157209353,9.571068604642065,103.76597311381703,53.07582956482835,55614736.89257355,0.0,11670400.628123045,5570833.164156625,11004767.162934382,118492391.54345013,2119436591.4576964
7,2024-01-01,47.5954288088477,0.0,9.98759601917192,421.94704961256423,0.49707034784299287,112.9367007867898,56.604707976480185,6650.654569894065,4.833643157209353,9.571068604642065,103.76597311381703,53.07582956482835,55614736.89257355,0.0,11670400.628123045,5570833.164156625,11004767.162934382,118492391.54345013,2119436591.4576964
8,2024-01-01,47.5954288088477,0.0,9.98759601917192,421.94704961256423,0.49707034784299287,112.9367007867898,56.604707976480185,6650.654569894065,4.833643157209353,9.571068604642065,103.76597311381703,53.07582956482835,55614736.89257355,0.0,11670400.628123045,5570833.164156625,11004767.162934382,118492391.54345013,2119436591.453372
9,2024-01-01,47.5954288088477,0.0,9.98759601917192,421.94704961256423,0.49707034784299287,112.9367007867898,56.604707976480185,6650.654569894065,4.833643157209353,9.571068604642065,103.76597311381703,53.07582956482835,55614736.89257355,0.0,11670400.628123045,5570833.164156625,11004767.162934382,118492391.54345013,2119436591.4576964
10,2024-01-01,47.5954288088477,0.0,9.98759601917192,421.94704961256423,0.49707034784299287,112.9367007867898,56.604707976480185,6650.654569894065,4.833643157209353,9.571068604642065,103.76597311381703,53.07582956482835,55614736.89257355,0.0,11670400.628123045,5570833.164156625,11004767.162934382,118492391.54345013,2119436591.4576964
11,2024-01-01,47.5954288088477,0.0,9.98759601917192,421.94704961256423,0.49707034784299287,112.9367007867898,56.604707976480185,6650.654569894065,4.833643157209353,9.571068604642065,103.76597311381703,53.07582956482835,55614736.89257355,0.0,11670400.628123045,5570833.164156625,11004767.162934382,118492391.54345013,2119436591.4576964
12,2024-01-01,47.5954288088477,0.0,9.98759601917192,421.94704961256423,0.49707034784299287,112.9367007867898,56.604707976480185,6650.654569894065,4.833643157209353,9.571068604642065,103.76597311381703,53.07582956482835,55614736.89257355,0.0,11670400.628123045,5570833.164156625,11004767.162934382,118492391.54345013,2119436591.453372
13,2024-01-01,47.5954288088477,0.0,9.98759601917192,421.94704961256423,0.49707034784299287,112.9367007867898,56.604707976480185,6650.654569894065,4.833643157209353,9.571068604642065,103.76597311381703,53.07582956482835,55614736.89257355,0.0,11670400.628123045,5570833.164156625,11004767.162934382,118492391.54345013,2119436591.4576964
14,2024-01-01,47.5954288088477,0.0,9.98759601917192,421.94704961256423,0.49707034784299287,112.9367007867898,56.604707976480185,6650.654569894065,4.833643157209353,9.571068604642065,103.76597311381703,53.07582956482835,55614736.89257355,0.0,11670400.628123045,5570833.164156625,11004767.162934382,118492391.54345013,2119436591.4576964
15,2024-01-01,47.5954288088477,0.0,9.98759601917192,421.94704961256423,0.49707034784299287,112.9367007867898,56.604707976480185,6650.654569894065,4.833643157209353,9.571068604642065,103.76597311381703,53.07582956482835,55614736.89257355,0.0,11670400.628123045,5570833.164156625,11004767.162934382,118492391.54345013,2119436591.4576964
16,2024-01-01,47.5954288088477,0.0,9.98759601917192,421.94704961256423,0.49707034784299287,112.9367007867898,56.604707976480185,6650.654569894065,4.833643157209353,9.571068604642065,103.76597311381703,53.07582956482835,55614736.89257355,0.0,11670400.628123045,5570833.164156625,11004767.162934382,118492391.54345013,2119436591.4576964
17,2024-01-01,47.5954288088477,0.0,9.98759601917192,421.94704961256423,0.49707034784299287,112.9367007867898,56.604707976480185,6650.654569894065,4.833643157209353,9.571068604642065,103.76597311381703,53.07582956482835,55614736.89257355,0.0,11670400.628123045,5570833.164156625,11004767.162934382,118492391.54345013,2119436591.4576964
18,2024-01-01,47.5954288088477,0.0,9.98759601917192,421.94704961256423,0.49707034784299287,112.9367007867898,56.604707976480185,6650.654569894065,4.833643157209353,9.571068604642065,103.76597311381703,53.07582956482835,55614736.89257355,0.0,11670400.628123045,5570833.164156625,11004767.162934382,118492391.54345013,2119436591.4576964
19,2024-01-01,47.5954288088477,0.0,9.98759601917192,421.94704961256423,0.49707034784299287,112.9367007867898,56.604707976480185,6650.654569894065,4.833643157209353,9.571068604642065,103.76597311381703,53.07582956482835,55614736.89257355,0.0,11670400.628123045,5570833.164156625,11004767.162934382,118492391.54345013,2119436591.4576964
20,2024-02-01,61.57577642838076,0.0,9.681328868392855,421.94704961256423,0.49707034784299287,112.9367007867898,56.604707976480185,6650.654569894065,11.666521707928808,20.83979306530535,122.67090529263679,64.69400388801341,71950617.12748797,0.0,11312531.587903196,13445798.775993822,23870295.972718943,140080296.87846446,2119436591.4576964
21,2024-02-01,61.57577642838076,0.0,9.681328868392855,421.94704961256423,0.49707034784299287,112.9367007867898,56.604707976480185,6650.654569894065,11.666521707928808,20.83979306530535,122.67090529263679,64.69400388801341,71950617.12748797,0.0,11312531.587903196,13445798.775993822,23870295.972718943,140080296.87846446,2119436591.4576964
22,2024-02-01,61.57577642838076,0.0,9.681328868392855,421.94704961256423,0.49707034784299287,112.9367007867898,56.604707976480185,6650.654569894065,11.666521707928808,20.83979306530535,122.67090529263679,64.69400388801341,71950617.12748797,0.0,11312531.587903196,13445798.775993822,23870295.972718943,140080296.87846446,2119436591.4576964
23,2024-02-01,61.57577642838076,0.0,9.681328868392855,421.94704961256423,0.49707034784299287,112.9367007867898,56.604707976480185,6650.654569894065,11.666521707928808,20.83979306530535,122.67090529263679,64.69400388801341,71950617.12748797,0.0,11312531.587903196,13445798.775993822,23870295.972718943,140080296.87846446,2119436591.4576964
24,2024-02-01,61.57577642838076,0.0,9.681328868392855,421.94704961256423,0.49707034784299287,112.9367007867898,56.604707976480185,6650.654569894065,11.666521707928808,20.83979306530535,122.67090529263679,64.69400388801341,71950617.12748797,0.0,11312531.587903196,13445798.775993822,23870295.972718943,140080296.87846446,2119436591.4576964
25,2024-02-01,61.57577642838076,0.0,9.681328868392855,421.94704961256423,0.49707034784299287,112.9367007867898,56.604707976480185,6650.654569894065,11.666521707928808,20.83979306530535,122.67090529263679,64.69400388801341,71950617.12748797,0.0,11312531.587903196,13445798.775993822,23870295.972718943,140080296.87846446,2119436591.4576964
26,2024-02-01,61.57577642838076,0.0,9.681328868392855,421.94704961256423,0.49707034784299287,112.9367007867898,56.604707976480185,6650.654569894065,11.666521707928808,20.83979306530535,122.67090529263679,64.69400388801341,71950617.12748797,0.0,11312531.587903196,13445798.775993822,23870295.972718943,140080296.87846446,2119436591.453372
27,2024-02-01,61.57577642838076,0.0,9.681328868392855,421.94704961256423,0.49707034784299287,112.9367007867898,56.604707976480185,6650.654569894065,11.666521707928808,20.83979306530535,122.67090529263679,64.69400388801341,71950617.12748797,0.0,11312531.587903196,13445798.775993822,23870295.972718943,140080296.87846446,2119436591.4576964
28,2024-02-01,61.57577642838076,0.0,9.681328868392855,421.94704961256423,0.49707034784299287,112.9367007867898,56.604707976480185,6650.654569894065,11.666521707928808,20.83979306530535,122.67090529263679,64.69400388801341,71950617.12748797,0.0,11312531.587903196,13445798.775993822,23870295.972718943,140080296.87846446,2119436591.4576964
29,2024-02-01,61.57577642838076,0.0,9.681328868392855,421.94704961256423,0.49707034784299287,112.9367007867898,56.604707976480185,6650.654569894065,11.666521707928808,20.83979306530535,122.67090529263679,64.69400388801341,71950617.12748797,0.0,11312531.587903196,13445798.775993822,23870295.972718943,140080296.87846446,2119436591.4576964
30,2024-02-01,61.57577642838076,0.0,9.681328868392855,421.94704961256423,0.49707034784299287,112.9367007867898,56.604707976480185,6650.654569894065,11.666521707928808,20.83979306530535,122.67090529263679,64.69400388801341,71950617.12748797,0.0,11312531.587903196,13445798.775993822,23870295.972718943,140080296.87846446,2119436591.4576964
31,2024-02-01,61.57577642838076,0.0,9.681328868392855,421.94704961256423,0.49707034784299287,112.9367007867898,56.604707976480185,6650.654569894065,11.666521707928808,20.83979306530535,122.67090529263679,64.69400388801341,71950617.12748797,0.0,11312531.587903196,13445798.775993822,23870295.972718943,140080296.87846446,2119436591.4576964
32,2024-02-01,61.57577642838076,0.0,9.681328868392855,421.94704961256423,0.49707034784299287,112.9367007867898,56.604707976480185,6650.654569894065,11.666521707928808,20.83979306530535,122.67090529263679,64.69400388801341,71950617.12748797,0.0,11312531.587903196,13445798.775993822,23870295.972718943,140080296.87846446,2119436591.4576964
33,2024-02-01,61.57577642838076,0.0,9.681328868392855,421.94704961256423,0.49707034784299287,112.9367007867898,56.604707976480185,6650.654569894065,11.666521707928808,20.83979306530535,122.67090529263679,64.69400388801341,71950617.12748797,0.0,11312531.587903196,13445798.775993822,23870295.972718943,140080296.87846446,2119436591.4576964
34,2024-02-01,61.57577642838076,0.0,9.681328868392855,421.94704961256423,0.49707034784299287,112.9367007867898,56.604707976480185,6650.654569894065,11.666521707928808,20.83979306530535,122.67090529263679,64.69400388801341,71950617.12748797,0.0,11312531.587903196,13445798.775993822,23870295.972718943,140080296.87846446,2119436591.4576964
35,2024-02-01,61.57577642838076,0.0,9.681328868392855,421.94704961256423,0.49707034784299287,112.9367007867898,56.604707976480185,6650.654569894065,11.666521707928808,20.83979306530535,122.67090529263679,64.69400388801341,71950617.12748797,0.0,11312531.587903196,13445798.775993822,23870295.972718943,140080296.87846446,2119436591.4576964
36,2024-02-01,61.57577642838076,0.0,9.681328868392855,421.94704961256423,0.49707034784299287,112.9367007867898,56.604707976480185,6650.654569894065,11.666521707928808,20.83979306530535,122.67090529263679,64.69400388801341,71950617.12748797,0.0,11312531.587903196,13445798.775993822,23870295.972718943,140080296.87846446,2119436591.4576964
37,2024-02-01,61.57577642838076,0.0,9.681328868392855,421.94704961256423,0.49707034784299287,112.9367007867898,56.604707976480185,6650.654569894065,11.666521707928808,20.83979306530535,122.67090529263679,64.69400388801341,71950617.12748797,0.0,11312531.587903196,13445798.775993822,23870295.972718943,140080296.87846446,2119436591.453372
38,2024-02-01,61.57577642838076,0.0,9.681328868392855,421.94704961256423,0.49707034784299287,112.9367007867898,56.604707976480185,6650.654569894065,11.666521707928808,20.83979306530535,122.67090529263679,64.69400388801341,71950617.12748797,0.0,11312531.587903196,13445798.775993822,23870295.972718943,140080296.87846446,2119436591.4576964
39,2024-02-01,61.57577642838076,0.0,9.681328868392855,421.94704961256423,0.49707034784299287,112.9367007867898,56.604707976480185,6650.654569894065,11.666521707928808,20.83979306530535,122.67090529263679,64.69400388801341,71950617.12748797,0.0,11312531.587903196,13445798.775993822,23870295.972718943,140080296.87846446,2119436591.4576964
40,2024-03-01,61.12749483429654,0.0,26.69447178119551,421.94704961256423,0.49707034784299287,112.9367007867898,56.604707976480185,6650.654569894065,7.633731492113914,21.27034191589526,127.61663680923512,66.02827983103126,71426802.86558446,0.0,31192205.996075474,8797960.554328138,24307604.542587005,145727926.19359645,2119436591.4576964
41,2024-03-01,61.12749483429654,0.0,26.69447178119551,421.94704961256423,0.49707034784299287,112.9367007867898,56.604707976480185,6650.654569894065,7.633731492113914,21.27034191589526,127.61663680923512,66.02827983103126,71426802.86558446,0.0,31192205.996075474,8797960.554328138,24307604.542587005,145727926.19359645,2119436591.453372
42,2024-03-01,61.12749483429654,0.0,26.69447178119551,421.94704961256423,0.49707034784299287,112.9367007867898,56.604707976480185,6650.654569894065,7.633731492113914,21.27034191589526,127.61663680923512,66.02827983103126,71426802.86558446,0.0,31192205.996075474,8797960.554328138,24307604.542587005,145727926.19359645,2119436591.4576964
43,2024-03-01,61.12749483429654,0.0,26.69447178119551,421.94704961256423,0.49707034784299287,112.9367007867898,56.604707976480185,6650.654569894065,7.633731492113914,21.27034191589526,127.61663680923512,66.02827983103126,71426802.86558446,0.0,31192205.996075474,8797960.554328138,24307604.542587005,145727926.19359645,2119436591.4576964
44,2024-03-01,61.12749483429654,0.0,26.69447178119551,421.94704961256423,0.49707034784299287,112.9367007867898,56.604707976480185,6650.654569894065,7.633731492113914,21.27034191589526,127.61663680923512,66.02827983103126,71426802.86558446,0.0,31192205.996075474,8797960.554328138,24307604.542587005,145727926.19359645,2119436591.4576964
45,2024-03-01,61.12749483429654,0.0,26.69447178119551,421.94704961256423,0.49707034784299287,112.9367007867898,56.604707976480185,6650.654569894065,7.633731492113914,21.27034191589526,127.61663680923512,66.02827983103126,71426802.86558446,0.0,31192205.996075474,8797960.554328138,24307604.542587005,145727926.19359645,2119436591.4576964
46,2024-03-01,61.12749483429654,0.0,26.69447178119551,421.94704961256423,0.49707034784299287,112.9367007867898,56.604707976480185,6650.654569894065,7.633731492113914,21.27034191589526,127.61663680923512,66.02827983103126,71426802.86558446,0.0,31192205.996075474,8797960.554328138,24307604.542587005,145727926.19359645,2119436591.4576964
47,2024-03-01,61.12749483429654,0.0,26.69447178119551,421.94704961256423,0.49707034784299287,112.9367007867898,56.604707976480185,6650.654569894065,7.633731492113914,21.27034191589526,127.61663680923512,66.02827983103126,71426802.86558446,0.0,31192205.996075474,8797960.554328138,24307604.542587005,145727926.19359645,2119436591.4576964
48,2024-03-01,61.12749483429654,0.0,26.69447178119551,421.94704961256423,0.49707034784299287,112.9367007867898,56.604707976480185,6650.654569894065,7.633731492113914,21.27034191589526,127.61663680923512,66.02827983103126,71426802.86558446,0.0,31192205.996075474,8797960.554328138,24307604.542587005,145727926.19359645,2119436591.4576964
49,2024-03-01,61.12749483429654,0.0,26.69447178119551,421.94704961256423,0.49707034784299287,112.9367007867898,56.604707976480185,6650.654569894065,7.633731492113914,21.27034191589526,127.61663680923512,66.02827983103126,71426802.86558446,0.0,31192205.996075474,8797960.554328138,24307604.542587005,145727926.19359645,2119436591.4576964
50,2024-03-01,61.12749483429654,0.0,26.69447178119551,421.94704961256423,0.49707034784299287,112.9367007867898,56.604707976480185,6650.654569894065,7.633731492113914,21.27034191589526,127.61663680923512,66.02827983103126,71426802.86558446,0.0,31192205.996075474,8797960.554328138,24307604.542587005,145727926.19359645,2119436591.4576964
51,2024-03-01,61.12749483429654,0.0,26.69447178119551,421.94704961256423,0.49707034784299287,112.9367007867898,56.604707976480185,6650.654569894065,7.633731492113914,21.27034191589526,127.61663680923512,66.02827983103126,71426802.86558446,0.0,31192205.996075474,8797960.554328138,24307604.542587005,145727926.19359645,2119436591.4576964
52,2024-03-01,61.12749483429654,0.0,26.69447178119551,421.94704961256423,0.49707034784299287,112.9367007867898,56.604707976480185,6650.654569894065,7.633731492113914,21.27034191589526,127.61663680923512,66.02827983103126,71426802.86558446,0.0,31192205.996075474,8797960.554328138,24307604.542587005,145727926.19359645,2119436591.4576964
53,2024-03-01,61.12749483429654,0.0,26.69447178119551,421.94704961256423,0.49707034784299287,112.9367007867898,56.604707976480185,6650.654569894065,7.633731492113914,21.27034191589526,127.61663680923512,66.02827983103126,71426802.86558446,0.0,31192205.996075474,8797960.554328138,24307604.542587005,145727926.19359645,2119436591.453372
54,2024-03-01,61.12749483429654,0.0,26.69447178119551,421.94704961256423,0.49707034784299287,112.9367007867898,56.604707976480185,6650.654569894065,7.633731492113914,21.27034191589526,127.61663680923512,66.02827983103126,71426802.86558446,0.0,31192205.996075474,8797960.554328138,24307604.542587005,145727926.19359645,2119436591.4576964
55,2024-03-01,61.12749483429654,0.0,26.69447178119551,421.94704961256423,0.49707034784299287,112.9367007867898,56.604707976480185,6650.654569894065,7.633731492113914,21.27034191589526,127.61663680923512,66.02827983103126,71426802.86558446,0.0,31192205.996075474,8797960.554328138,24307604.542587005,145727926.19359645,2119436591.4576964
56,2024-03-01,61.12749483429654,0.0,26.69447178119551,421.94704961256423,0.49707034784299287,112.9367007867898,56.604707976480185,6650.654569894065,7.633731492113914,21.27034191589526,127.61663680923512,66.02827983103126,71426802.86558446,0.0,31192205.996075474,8797960.554328138,24307604.542587005,145727926.19359645,2119436591.4576964
57,2024-03-01,61.12749483429654,0.0,26.69447178119551,421.94704961256423,0.49707034784299287,112.9367007867898,56.604707976480185,6650.654569894065,7.633731492113914,21.27034191589526,127.61663680923512,66.02827983103126,71426802.86558446,0.0,31192205.996075474,8797960.554328138,24307604.542587005,145727926.19359645,2119436591.4576964
58,2024-03-01,61.12749483429654,0.0,26.69447178119551,421.94704961256423,0.49707034784299287,112.9367007867898,56.604707976480185,6650.654569894065,7.633731492113914,21.27034191589526,127.61663680923512,66.02827983103126,71426802.86558446,0.0,31192205.996075474,8797960.554328138,24307604.542587005,145727926.19359645,2119436591.4576964
59,2024-03-01,61.12749483429654,0.0,26.69447178119551,421.94704961256423,0.49707034784299287,112.9367007867898,56.604707976480185,6650.654569894065,7.633731492113914,21.27034191589526,127.61663680923512,66.02827983103126,71426802.86558446,0.0,31192205.996075474,8797960.554328138,24307604.542587005,145727926.19359645,2119436591.4576964
60,2024-04-01,33.984740554102956,6.15068116827819,63.06467334168549,421.94704961256423,0.49707034784299287,112.9367007867898,56.604707976480185,6650.654569894065,2.174745542360654,4.058329653946386,98.03083153205397,40.601503404787046,39710789.09498998,7187010.11309435,73690398.39558995,2515933.940417629,4684369.79615574,111943326.99915896,2119436591.453372
61,2024-04-01,33.984740554102956,6.15068116827819,63.06467334168549,421.94704961256423,0.49707034784299287,112.9367007867898,56.604707976480185,6650.654569894065,2.174745542360654,4.058329653946386,98.03083153205397,40.601503404787046,39710789.09498998,7187010.11309435,73690398.39558995,2515933.940417629,4684369.79615574,111943326.99915896,2119436591.4576964
62,2024-04-01,33.984740554102956,6.15068116827819,63.06467334168549,421.94704961256423,0.49707034784299287,112.9367007867898,56.604707976480185,6650.654569894065,2.174745542360654,4.058329653946386,98.03083153205397,40.601503404787046,39710789.09498998,7187010.11309435,73690398.39558995,2515933.940417629,4684369.79615574,111943326.99915896,2119436591.4576964
63,2024-04-01,33.984740554102956,6.15068116827819,63.06467334168549,421.94704961256423,0.49707034784299287,112.9367007867898,56.604707976480185,6650.654569894065,2.174745542360654,4.058329653946386,98.03083153205397,40.601503404787046,39710789.09498998,7187010.11309435,73690398.39558995,2515933.940417629,4684369.79615574,111943326.99915896,2119436591.453372
64,2024-04-01,33.984740554102956,6.15068116827819,63.06467334168549,421.94704961256423,0.49707034784299287,112.9367007867898,56.604707976480185,6650.654569894065,2.174745542360654,4.058329653946386,98.03083153205397,40.601503404787046,39710789.09498998,7187010.11309435,73690398.39558995,2515933.940417629,4684369.79615574,111943326.99915896,2119436591.4576964
65,2024-04-01,33.984740554102956,6.15068116827819,63.06467334168549,421.94704961256423,0.49707034784299287,112.9367007867898,56.604707976480185,6650.654569894065,2.174745542360654,4.058329653946386,98.03083153205397,40.601503404787046,39710789.09498998,7187010.11309435,73690398.39558995,2515933.940417629,4684369.79615574,111943326.99915896,2119436591.4576964
66,2024-04-01,33.984740554102956,6.15068116827819,63.06467334168549,421.94704961256423,0.49707034784299287,112.9367007867898,56.604707976480185,6650.654569894065,2.174745542360654,4.058329653946386,98.03083153205397,40.601503404787046,39710789.09498998,7187010.11309435,73690398.39558995,2515933.940417629,4684369.79615574,111943326.99915896,2119436591.4576964
67,2024-04-01,33.984740554102956,6.15068116827819,63.06467334168549,421.94704961256423,0.49707034784299287,112.9367007867898,56.604707976480185,6650.654569894065,2.174745542360654,4.058329653946386,98.03083153205397,40.601503404787046,39710789.09498998,7187010.11309435,73690398.39558995,2515933.940417629,4684369.79615574,111943326.99915896,2119436591.4576964
68,2024-04-01,33.984740554102956,6.15068116827819,63.06467334168549,421.94704961256423,0.49707034784299287,112.9367007867898,56.604707976480185,6650.654569894065,2.174745542360654,4.058329653946386,98.03083153205397,40.601503404787046,39710789.09498998,7187010.11309435,73690398.39558995,2515933.940417629,4684369.79615574,111943326.99915896,2119436591.4576964
69,2024-04-01,33.984740554102956,6.15068116827819,63.06467334168549,421.94704961256423,0.49707034784299287,112.9367007867898,56.604707976480185,6650.654569894065,2.174745542360654,4.058329653946386,98.03083153205397,40.601503404787046,39710789.09498998,7187010.11309435,73690398.39558995,2515933.940417629,4684369.79615574,111943326.99915896,2119436591.4576964
70,2024-04-01,33.984740554102956,6.15068116827819,63.06467334168549,421.94704961256423,0.49707034784299287,112.9367007867898,56.604707976480185,6650.654569894065,2.174745542360654,4.058329653946386,98.03083153205397,40.601503404787046,39710789.09498998,7187010.11309435,73690398.39558995,2515933.940417629,4684369.79615574,111943326.99915896,2119436591.4576964
71,2024-04-01,33.984740554102956,6.15068116827819,63.06467334168549,421.94704961256423,0.49707034784299287,112.9367007867898,56.604707976480185,6650.654569894065,2.174745542360654,4.058329653946386,98.03083153205397,40.601503404787046,39710789.09498998,7187010.11309435,73690398.39558995,2515933.940417629,4684369.79615574,111943326.99915896,2119436591.4576964
72,2024-04-01,33.984740554102956,6.15068116827819,63.06467334168549,421.94704961256423,0.49707034784299287,112.9367007867898,56.604707976480185,6650.654569894065,2.174745542360654,4.058329653946386,98.03083153205397,40.601503404787046,39710789.09498998,7187010.11309435,73690398.39558995,2515933.940417629,4684369.79615574,111943326.99915896,2119436591.4576964
73,2024-04-01,33.984740554102956,6.15068116827819,63.06467334168549,421.94704961256423,0.49707034784299287,112.9367007867898,56.604707976480185,6650.654569894065,2.174745542360654,4.058329653946386,98.03083153205397,40.601503404787046,39710789.09498998,7187010.11309435,73690398.39558995,2515933.940417629,4684369.79615574,111943326.99915896,2119436591.4576964
74,2024-04-01,33.984740554102956,6.15068116827819,63.06467334168549,421.94704961256423,0.49707034784299287,112.9367007867898,56.604707976480185,6650.654569894065,2.174745542360654,4.058329653946386,98.03083153205397,40.601503404787046,39710789.09498998,7187010.11309435,73690398.39558995,2515933.940417629,4684369.79615574,111943326.99915896,2119436591.4576964
75,2024-04-01,33.984740554102956,6.15068116827819,63.06467334168549,421.94704961256423,0.49707034784299287,112.9367007867898,56.604707976480185,6650.654569894065,2.174745542360654,4.058329653946386,98.03083153205397,40.601503404787046,39710789.09498998,7187010.11309435,73690398.39558995,2515933.940417629,4684369.79615574,111943326.99915896,2119436591.4576964
76,2024-04-01,33.984740554102956,6.15068116827819,63.06467334168549,421.94704961256423,0.49707034784299287,112.9367007867898,56.604707976480185,6650.654569894065,2.174745542360654,4.058329653946386,98.03083153205397,40.601503404787046,39710789.09498998,7187010.11309435,73690398.39558995,2515933.940417629,4684369.79615574,111943326.99915896,2119436591.4576964
77,2024-04-01,33.984740554102956,6.15068116827819,63.06467334168549,421.94704961256423,0.49707034784299287,112.9367007867898,56.604707976480185,6650.654569894065,2.174745542360654,4.058329653946386,98.03083153205397,40.601503404787046,39710789.09498998,7187010.11309435,73690398.39558995,2515933.940417629,4684369.79615574,111943326.99915896,2119436591.4576964
78,2024-04-01,33.984740554102956,6.15068116827819,63.06467334168549,421.94704961256423,0.49707034784299287,112.9367007867898,56.604707976480185,6650.654569894065,2.174745542360654,4.058329653946386,98.03083153205397,40.601503404787046,39710789.09498998,7187010.11309435,73690398.39558995,2515933.940417629,4684369.79615574,111943326.99915896,2119436591.4576964
79,2024-04-01,33.984740554102956,6.15068116827819,63.06467334168549,421.94704961256423,0.49707034784299287,112.9367007867898,56.604707976480185,6650.654569894065,2.174745542360654,4.058329653946386,98.03083153205397,40.601503404787046,39710789.09498998,7187010.11309435,73690398.39558995,2515933.940417629,4684369.79615574,111943326.99915896,2119436591.4576964
80,2024-05-01,26.397712093996468,15.991770727736238,96.51832719236077,421.94704961256423,0.49707034784299287,112.9367007867898,56.604707976480185,6650.654569894065,1.1817888710180833,0.6470796712139695,61.786588071042345,16.367504313344273,30845438.246528126,18686225.93206202,112780625.64532457,1377806.6234695143,752563.1427397522,70555338.68749203,2119436591.4576964
81,2024-05-01,26.397712093996468,15.991770727736238,96.51832719236077,421.94704961256423,0.49707034784299287,112.9367007867898,56.604707976480185,6650.654569894065,1.1817888710180833,0.6470796712139695,61.786588071042345,16.367504313344273,30845438.246528126,18686225.93206202,112780625.64532457,1377806.6234695143,752563.1427397522,70555338.68749203,2119436591.4576964
82,2024-05-01,26.397712093996468,15.991770727736238,96.51832719236077,421.94704961256423,0.49707034784299287,112.9367007867898,56.604707976480185,6650.654569894065,1.1817888710180833,0.6470796712139695,61.786588071042345,16.367504313344273,30845438.246528126,18686225.93206202,112780625.64532457,1377806.6234695143,752563.1427397522,70555338.68749203,2119436591.4576964
83,2024-05-01,26.397712093996468,15.991770727736238,96.51832719236077,421.94704961256423,0.49707034784299287,112.9367007867898,56.604707976480185,6650.654569894065,1.1817888710180833,0.6470796712139695,61.786588071042345,16.367504313344273,30845438.246528126,18686225.93206202,112780625.64532457,1377806.6234695143,752563.1427397522,70555338.68749203,2119436591.4576964
84,2024-05-01,26.397712093996468,15.991770727736238,96.51832719236077,421.94704961256423,0.49707034784299287,112.9367007867898,56.604707976480185,6650.654569894065,1.1817888710180833,0.6470796712139695,61.786588071042345,16.367504313344273,30845438.246528126,18686225.93206202,112780625.64532457,1377806.6234695143,752563.1427397522,70555338.68749203,2119436591.4576964
85,2024-05-01,26.397712093996468,15.991770727736238,96.51832719236077,421.94704961256423,0.49707034784299287,112.9367007867898,56.604707976480185,6650.654569894065,1.1817888710180833,0.6470796712139695,61.786588071042345,16.367504313344273,30845438.246528126,18686225.93206202,112780625.64532457,1377806.6234695143,752563.1427397522,70555338.68749203,2119436591.4576964
86,2024-05-01,26.397712093996468,15.991770727736238,96.51832719236077,421.94704961256423,0.49707034784299287,112.9367007867898,56.604707976480185,6650.654569894065,1.1817888710180833,0.6470796712139695,61.786588071042345,16.367504313344273,30845438.246528126,18686225.93206202,112780625.64532457,1377806.6234695143,752563.1427397522,70555338.68749203,2119436591.4576964
87,2024-05-01,26.397712093996468,15.991770727736238,96.51832719236077,421.94704961256423,0.49707034784299287,112.9367007867898,56.604707976480185,6650.654569894065,1.1817888710180833,0.6470796712139695,61.786588071042345,16.367504313344273,30845438.246528126,18686225.93206202,112780625.64532457,1377806.6234695143,752563.1427397522,70555338.68749203,2119436591.4576964
88,2024-05-01,26.397712093996468,15.991770727736238,96.51832719236077,421.94704961256423,0.49707034784299287,112.9367007867898,56.604707976480185,6650.654569894065,1.1817888710180833,0.6470796712139695,61.786588071042345,16.367504313344273,30845438.246528126,18686225.93206202,112780625.64532457,1377806.6234695143,752563.1427397522,70555338.68749203,2119436591.4576964
89,2024-05-01,26.397712093996468,15.991770727736238,96.51832719236077,421.94704961256423,0.49707034784299287,112.9367007867898,56.604707976480185,6650.654569894065,1.1817888710180833,0.6470796712139695,61.786588071042345,16.367504313344273,30845438.246528126,18686225.93206202,112780625.64532457,1377806.6234695143,752563.1427397522,70555338.68749203,2119436591.4576964
90,2024-05-01,26.397712093996468,15.991770727736238,96.51832719236077,421.94704961256423,0.49707034784299287,112.9367007867898,56.604707976480185,6650.654569894065,1.1817888710180833,0.6470796712139695,61.786588071042345,16.367504313344273,30845438.246528126,18686225.93206202,112780625.64532457,1377806.6234695143,752563.1427397522,70555338.68749203,2119436591.4576964
91,2024-05-01,26.397712093996468,15.991770727736238,96.51832719236077,421.94704961256423,0.49707034784299287,112.9367007867898,56.604707976480185,6650.654569894065,1.1817888710180833,0.6470796712139695,61.786588071042345,16.367504313344273,30845438.246528126,18686225.93206202,112780625.64532457,1377806.6234695143,752563.1427397522,70555338.68749203,2119436591.4576964
92,2024-05-01,26.397712093996468,15.991770727736238,96.51832719236077,421.94704961256423,0.49707034784299287,112.9367007867898,56.604707976480185,6650.654569894065,1.1817888710180833,0.6470796712139695,61.786588071042345,16.367504313344273,30845438.246528126,18686225.93206202,112780625.64532457,1377806.6234695143,752563.1427397522,70555338.68749203,2119436591.4576964
93,2024-05-01,26.397712093996468,15.991770727736238,96.51832719236077,421.94704961256423,0.49707034784299287,112.9367007867898,56.604707976480185,6650.654569894065,1.1817888710180833,0.6470796712139695,61.786588071042345,16.367504313344273,30845438.246528126,18686225.93206202,112780625.64532457,1377806.6234695143,752563.1427397522,70555338.68749203,2119436591.4576964
94,2024-05-01,26.397712093996468,15.991770727736238,96.51832719236077,421.94704961256423,0.49707034784299287,112.9367007867898,56.604707976480185,6650.654569894065,1.1817888710180833,0.6470796712139695,61.786588071042345,16.367504313344273,30845438.246528126,18686225.93206202,112780625.64532457,1377806.6234695143,752563.1427397522,70555338.68749203,2119436591.4576964
95,2024-05-01,26.397712093996468,15.991770727736238,96.51832719236077,421.94704961256423,0.49707034784299287,112.9367007867898,56.604707976480185,6650.654569894065,1.1817888710180833,0.6470796712139695,61.786588071042345,16.367504313344273,30845438.246528126,18686225.93206202,112780625.64532457,1377806.6234695143,752563.1427397522,70555338.68749203,2119436591.4576964
96,2024-05-01,26.397712093996468,15.991770727736238,96.51832719236077,421.94704961256423,0.49707034784299287,112.9367007867898,56.604707976480185,6650.654569894065,1.1817888710180833,0.6470796712139695,61.786588071042345,16.367504313344273,30845438.246528126,18686225.93206202,112780625.64532457,1377806.6234695143,752563.1427397522,70555338.68749203,2119436591.4576964
97,2024-05-01,26.397712093996468,15.991770727736238,96.51832719236077,421.94704961256423,0.49707034784299287,112.9367007867898,56.604707976480185,6650.654569894065,1.1817888710180833,0.6470796712139695,61.786588071042345,16.367504313344273,30845438.246528126,18686225.93206202,112780625.64532457,1377806.6234695143,752563.1427397522,70555338.68749203,2119436591.453372
98,2024-05-01,26.397712093996468,15.991770727736238,96.51832719236077,421.94704961256423,0.49707034784299287,112.9367007867898,56.604707976480185,6650.654569894065,1.1817888710180833,0.6470796712139695,61.786588071042345,16.367504313344273,30845438.246528126,18686225.93206202,112780625.64532457,1377806.6234695143,752563.1427397522,70555338.68749203,2119436591.4576964
99,2024-05-01,26.397712093996468,15.991770727736238,96.51832719236077,421.94704961256423,0.49707034784299287,112.9367007867898,56.604707976480185,6650.654569894065,1.1817888710180833,0.6470796712139695,61.786588071042345,16.367504313344273,30845438.246528126,18686225.93206202,112780625.64532457,1377806.6234695143,752563.1427397522,70555338.68749203,2119436591.453372
100,2024-06-01,15.240516149831542,24.60272467311276,91.57904724798215,421.94704961256423,0.49707034784299287,112.9367007867898,56.604707976480185,6650.654569894065,3.875286195185977,1.8083890839759507,54.346679181300075,13.607138411419887,17808378.667879462,28748040.4523774,107009124.40419842,4518061.608281455,2105170.040361883,62059568.36104179,2119436591.4576964
101,2024-06-01,15.240516149831542,24.60272467311276,91.57904724798215,421.94704961256423,0.49707034784299287,112.9367007867898,56.604707976480185,6650.654569894065,3.875286195185977,1.8083890839759507,54.346679181300075,13.607138411419887,17808378.667879462,28748040.4523774,107009124.40419842,4518061.608281455,2105170.040361883,62059568.36104179,2119436591.453372
102,2024-06-01,15.240516149831542,24.60272467311276,91.57904724798215,421.94704961256423,0.49707034784299287,112.9367007867898,56.604707976480185,6650.654569894065,3.875286195185977,1.8083890839759507,54.346679181300075,13.607138411419887,17808378.667879462,28748040.4523774,107009124.40419842,4518061.608281455,2105170.040361883,62059568.36104179,2119436591.4576964
103,2024-06-01,15.240516149831542,24.60272467311276,91.57904724798215,421.94704961256423,0.49707034784299287,112.9367007867898,56.604707976480185,6650.654569894065,3.875286195185977,1.8083890839759507,54.346679181300075,13.607138411419887,17808378.667879462,28748040.4523774,107009124.40419842,4518061.608281455,2105170.040361883,62059568.36104179,2119436591.4576964
104,2024-06-01,15.240516149831542,24.60272467311276,91.57904724798215,421.94704961256423,0.49707034784299287,112.9367007867898,56.604707976480185,6650.654569894065,3.875286195185977,1.8083890839759507,54.346679181300075,13.607138411419887,17808378.667879462,28748040.4523774,107009124.40419842,4518061.608281455,2105170.040361883,62059568.36104179,2119436591.4576964
105,2024-06-01,15.240516149831542,24.60272467311276,91.57904724798215,421.94704961256423,0.49707034784299287,112.9367007867898,56.604707976480185,6650.654569894065,3.875286195185977,1.8083890839759507,54.346679181300075,13.607138411419887,17808378.667879462,28748040.4523774,107009124.40419842,4518061.608281455,2105170.040361883,62059568.36104179,2119436591.4576964
106,2024-06-01,15.240516149831542,24.60272467311276,91.57904724798215,421.94704961256423,0.49707034784299287,112.9367007867898,56.604707976480185,6650.654569894065,3.875286195185977,1.8083890839759507,54.346679181300075,13.607138411419887,17808378.667879462,28748040.4523774,107009124.40419842,4518061.608281455,2105170.040361883,62059568.36104179,2119436591.4576964
107,2024-06-01,15.240516149831542,24.60272467311276,91.57904724798215,421.94704961256423,0.49707034784299287,112.9367007867898,56.604707976480185,6650.654569894065,3.875286195185977,1.8083890839759507,54.346679181300075,13.607138411419887,17808378.667879462,28748040.4523774,107009124.40419842,4518061.608281455,2105170.040361883,62059568.36104179,2119436591.4576964
108,2024-06-01,15.240516149831542,24.60272467311276,91.57904724798215,421.94704961256423,0.49707034784299287,112.9367007867898,56.604707976480185,6650.654569894065,3.875286195185977,1.8083890839759507,54.346679181300075,13.607138411419887,17808378.667879462,28748040.4523774,107009124.40419842,4518061.608281455,2105170.040361883,62059568.36104179,2119436591.4576964
109,2024-06-01,15.240516149831542,24.60272467311276,91.57904724798215,421.94704961256423,0.49707034784299287,112.9367007867898,56.604707976480185,6650.654569894065,3.875286195185977,1.8083890839759507,54.346679181300075,13.607138411419887,17808378.667879462,28748040.4523774,107009124.40419842,4518061.608281455,2105170.040361883,62059568.36104179,2119436591.4576964
110,2024-06-01,15.240516149831542,24.60272467311276,91.57904724798215,421.94704961256423,0.49707034784299287,112.9367007867898,56.604707976480185,6650.654569894065,3.875286195185977,1.8083890839759507,54.346679181300075,13.607138411419887,17808378.667879462,28748040.4523774,107009124.40419842,4518061.608281455,2105170.040361883,62059568.36104179,2119436591.4576964
111,2024-06-01,15.240516149831542,24.60272467311276,91.57904724798215,421.94704961256423,0.49707034784299287,112.9367007867898,56.604707976480185,6650.654569894065,3.875286195185977,1.8083890839759507,54.346679181300075,13.607138411419887,17808378.667879462,28748040.4523774,107009124.40419842,4518061.608281455,2105170.040361883,62059568.36104179,2119436591.4576964
112,2024-06-01,15.240516149831542,24.60272467311276,91.57904724798215,421.94704961256423,0.49707034784299287,112.9367007867898,56.604707976480185,6650.654569894065,3.875286195185977,1.8083890839759507,54.346679181300075,13.607138411419887,17808378.667879462,28748040.4523774,107009124.40419842,4518061.608281455,2105170.040361883,62059568.36104179,2119436591.4576964
113,2024-06-01,15.240516149831542,24.60272467311276,91.57904724798215,421.94704961256423,0.49707034784299287,112.9367007867898,56.604707976480185,6650.654569894065,3.875286195185977,1.8083890839759507,54.346679181300075,13.607138411419887,17808378.667879462,28748040.4523774,107009124.40419842,4518061.608281455,2105170.040361883,62059568.36104179,2119436591.4576964
114,2024-06-01,15.240516149831542,24.60272467311276,91.57904724798215,421.94704961256423,0.49707034784299287,112.9367007867898,56.604707976480185,6650.654569894065,3.875286195185977,1.8083890839759507,54.346679181300075,13.607138411419887,17808378.667879462,28748040.4523774,107009124.40419842,4518061.608281455,2105170.040361883,62059568.36104179,2119436591.453372
115,2024-06-01,15.240516149831542,24.60272467311276,91.57904724798215,421.94704961256423,0.49707034784299287,112.9367007867898,56.604707976480185,6650.654569894065,3.875286195185977,1.8083890839759507,54.346679181300075,13.607138411419887,17808378.667879462,28748040.4523774,107009124.40419842,4518061.608281455,2105170.040361883,62059568.36104179,2119436591.4576964
116,2024-06-01,15.240516149831542,24.60272467311276,91.57904724798215,421.94704961256423,0.49707034784299287,112.9367007867898,56.604707976480185,6650.654569894065,3.875286195185977,1.8083890839759507,54.346679181300075,13.607138411419887,17808378.667879462,28748040.4523774,107009124.40419842,4518061.608281455,2105170.040361883,62059568.36104179,2119436591.4576964
117,2024-06-01,15.240516149831542,24.60272467311276,91.57904724798215,421.94704961256423,0.49707034784299287,112.9367007867898,56.604707976480185,6650.654569894065,3.875286195185977,1.8083890839759507,54.346679181300075,13.607138411419887,17808378.667879462,28748040.4523774,107009124.40419842,4518061.608281455,2105170.040361883,62059568.36104179,2119436591.4576964
118,2024-06-01,15.240516149831542,24.60272467311276,91.57904724798215,421.94704961256423,0.49707034784299287,112.9367007867898,56.604707976480185,6650.654569894065,3.875286195185977,1.8083890839759507,54.346679181300075,13.607138411419887,17808378.667879462,28748040.4523774,107009124.40419842,4518061.608281455,2105170.040361883,62059568.36104179,2119436591.4576964
119,2024-06-01,15.240516149831542,24.60272467311276,91.57904724798215,421.94704961256423,0.49707034784299287,112.9367007867898,56.604707976480185,6650.654569894065,3.875286195185977,1.8083890839759507,54.346679181300075,13.607138411419887,17808378.667879462,28748040.4523774,107009124.40419842,4518061.608281455,2105170.040361883,62059568.36104179,2119436591.4576964
120,2024-07-01,30.29277964761916,31.983541455472476,98.74396342958478,421.94704961256423,0.49707034784299287,112.9367007867898,56.604707976480185,6650.654569894065,7.248471849012192,3.7471270136985155,54.00323473568384,13.552240074948806,35396784.99750396,37372451.86412404,115381254.6748331,8450741.316960884,4362079.787707903,61667381.682872064,2119436591.453372
121,2024-07-01,30.29277964761916,31.983541455472476,98.74396342958478,421.94704961256423,0.49707034784299287,112.9367007867898,56.604707976480185,6650.654569894065,7.248471849012192,3.7471270136985155,54.00323473568384,13.552240074948806,35396784.99750396,37372451.86412404,115381254.6748331,8450741.316960884,4362079.787707903,61667381.682872064,2119436591.4576964
122,2024-07-01,30.29277964761916,31.983541455472476,98.74396342958478,421.94704961256423,0.49707034784299287,112.9367007867898,56.604707976480185,6650.654569894065,7.248471849012192,3.7471270136985155,54.00323473568384,13.552240074948806,35396784.99750396,37372451.86412404,115381254.6748331,8450741.316960884,4362079.787707903,61667381.682872064,2119436591.4576964
123,2024-07-01,30.29277964761916,31.983541455472476,98.74396342958478,421.94704961256423,0.49707034784299287,112.9367007867898,56.604707976480185,6650.654569894065,7.248471849012192,3.7471270136985155,54.00323473568384,13.552240074948806,35396784.99750396,37372451.86412404,115381254.6748331,8450741.316960884,4362079.787707903,61667381.682872064,2119436591.4576964
124,2024-07-01,30.29277964761916,31.983541455472476,98.74396342958478,421.94704961256423,0.49707034784299287,112.9367007867898,56.604707976480185,6650.654569894065,7.248471849012192,3.7471270136985155,54.00323473568384,13.552240074948806,35396784.99750396,37372451.86412404,115381254.6748331,8450741.316960884,4362079.787707903,61667381.682872064,2119436591.4576964
125,2024-07-01,30.29277964761916,31.983541455472476,98.74396342958478,421.94704961256423,0.49707034784299287,112.9367007867898,56.604707976480185,6650.654569894065,7.248471849012192,3.7471270136985155,54.00323473568384,13.552240074948806,35396784.99750396,37372451.86412404,115381254.6748331,8450741.316960884,4362079.787707903,61667381.682872064,2119436591.4576964
126,2024-07-01,30.29277964761916,31.983541455472476,98.74396342958478,421.94704961256423,0.49707034784299287,112.9367007867898,56.604707976480185,6650.654569894065,7.248471849012192,3.7471270136985155,54.00323473568384,13.552240074948806,35396784.99750396,37372451.86412404,115381254.6748331,8450741.316960884,4362079.787707903,61667381.682872064,2119436591.4576964
127,2024-07-01,30.29277964761916,31.983541455472476,98.74396342958478,421.94704961256423,0.49707034784299287,112.9367007867898,56.604707976480185,6650.654569894065,7.248471849012192,3.7471270136985155,54.00323473568384,13.552240074948806,35396784.99750396,37372451.86412404,115381254.6748331,8450741.316960884,4362079.787707903,61667381.682872064,2119436591.4576964
128,2024-07-01,30.29277964761916,31.983541455472476,98.74396342958478,421.94704961256423,0.49707034784299287,112.9367007867898,56.604707976480185,6650.654569894065,7.248471849012192,3.7471270136985155,54.00323473568384,13.552240074948806,35396784.99750396,37372451.86412404,115381254.6748331,8450741.316960884,4362079.787707903,61667381.682872064,2119436591.4576964
129,2024-07-01,30.29277964761916,31.983541455472476,98.74396342958478,421.94704961256423,0.49707034784299287,112.9367007867898,56.604707976480185,6650.654569894065,7.248471849012192,3.7471270136985155,54.00323473568384,13.552240074948806,35396784.99750396,37372451.86412404,115381254.6748331,8450741.316960884,4362079.787707903,61667381.682872064,2119436591.4576964
130,2024-07-01,30.29277964761916,31.983541455472476,98.74396342958478,421.94704961256423,0.49707034784299287,112.9367007867898,56.604707976480185,6650.654569894065,7.248471849012192,3.7471270136985155,54.00323473568384,13.552240074948806,35396784.99750396,37372451.86412404,115381254.6748331,8450741.316960884,4362079.787707903,61667381.682872064,2119436591.4576964
131,2024-07-01,30.29277964761916,31.983541455472476,98.74396342958478,421.94704961256423,0.49707034784299287,112.9367007867898,56.604707976480185,6650.654569894065,7.248471849012192,3.7471270136985155,54.00323473568384,13.552240074948806,35396784.99750396,37372451.86412404,115381254.6748331,8450741.316960884,4362079.787707903,61667381.682872064,2119436591.4576964
132,2024-07-01,30.29277964761916,31.983541455472476,98.74396342958478,421.94704961256423,0.49707034784299287,112.9367007867898,56.604707976480185,6650.654569894065,7.248471849012192,3.7471270136985155,54.00323473568384,13.552240074948806,35396784.99750396,37372451.86412404,115381254.6748331,8450741.316960884,4362079.787707903,61667381.682872064,2119436591.4576964
133,2024-07-01,30.29277964761916,31.983541455472476,98.74396342958478,421.94704961256423,0.49707034784299287,112.9367007867898,56.604707976480185,6650.654569894065,7.248471849012192,3.7471270136985155,54.00323473568384,13.552240074948806,35396784.99750396,37372451.86412404,115381254.6748331,8450741.316960884,4362079.787707903,61667381.682872064,2119436591.4576964
134,2024-07-01,30.29277964761916,31.983541455472476,98.74396342958478,421.94704961256423,0.49707034784299287,112.9367007867898,56.604707976480185,6650.654569894065,7.248471849012192,3.7471270136985155,54.00323473568384,13.552240074948806,35396784.99750396,37372451.86412404,115381254.6748331,8450741.316960884,4362079.787707903,61667381.682872064,2119436591.4576964
135,2024-07-01,30.29277964761916,31.983541455472476,98.74396342958478,421.94704961256423,0.49707034784299287,112.9367007867898,56.604707976480185,6650.654569894065,7.248471849012192,3.7471270136985155,54.00323473568384,13.552240074948806,35396784.99750396,37372451.86412404,115381254.6748331,8450741.316960884,4362079.787707903,61667381.682872064,2119436591.4576964
136,2024-07-01,30.29277964761916,31.983541455472476,98.74396342958478,421.94704961256423,0.49707034784299287,112.9367007867898,56.604707976480185,6650.654569894065,7.248471849012192,3.7471270136985155,54.00323473568384,13.552240074948806,35396784.99750396,37372451.86412404,115381254.6748331,8450741.316960884,4362079.787707903,61667381.682872064,2119436591.4576964
137,2024-07-01,30.29277964761916,31.983541455472476,98.74396342958478,421.94704961256423,0.49707034784299287,112.9367007867898,56.604707976480185,6650.654569894065,7.248471849012192,3.7471270136985155,54.00323473568384,13.552240074948806,35396784.99750396,37372451.86412404,115381254.6748331,8450741.316960884,4362079.787707903,61667381.682872064,2119436591.4576964
138,2024-07-01,30.29277964761916,31.983541455472476,98.74396342958478,421.94704961256423,0.49707034784299287,112.9367007867898,56.604707976480185,6650.654569894065,7.248471849012192,3.7471270136985155,54.00323473568384,13.552240074948806,35396784.99750396,37372451.86412404,115381254.6748331,8450741.316960884,4362079.787707903,61667381.682872064,2119436591.4576964
139,2024-07-01,30.29277964761916,31.983541455472476,98.74396342958478,421.94704961256423,0.49707034784299287,112.9367007867898,56.604707976480185,6650.654569894065,7.248471849012192,3.7471270136985155,54.00323473568384,13.552240074948806,35396784.99750396,37372451.86412404,115381254.6748331,8450741.316960884,4362079.787707903,61667381.682872064,2119436591.453372
140,2024-08-01,26.172086633872933,25.832861238967414,79.68394200055748,421.94704961256423,0.49707034784299287,112.9367007867898,56.604707976480185,6650.654569894065,6.433357071340861,3.4673506172354047,53.72961864324057,13.503231867315169,30581801.14944628,30185442.86316752,93109825.55680636,7500427.6103154775,4036388.52487939,61354933.93590291,2119436591.4576964
141,2024-08-01,26.172086633872933,25.832861238967414,79.68394200055748,421.94704961256423,0.49707034784299287,112.9367007867898,56.604707976480185,6650.654569894065,6.433357071340861,3.4673506172354047,53.72961864324057,13.503231867315169,30581801.14944628,30185442.86316752,93109825.55680636,7500427.6103154775,4036388.52487939,61354933.93590291,2119436591.4576964
142,2024-08-01,26.172086633872933,25.832861238967414,79.68394200055748,421.94704961256423,0.49707034784299287,112.9367007867898,56.604707976480185,6650.654569894065,6.433357071340861,3.4673506172354047,53.72961864324057,13.503231867315169,30581801.14944628,30185442.86316752,93109825.55680636,7500427.6103154775,4036388.52487939,61354933.93590291,2119436591.453372
143,2024-08-01,26.172086633872933,25.832861238967414,79.68394200055748,421.94704961256423,0.49707034784299287,112.9367007867898,56.604707976480185,6650.654569894065,6.433357071340861,3.4673506172354047,53.72961864324057,13.503231867315169,30581801.14944628,30185442.86316752,93109825.55680636,7500427.6103154775,4036388.52487939,61354933.93590291,2119436591.4576964
144,2024-08-01,26.172086633872933,25.832861238967414,79.68394200055748,421.94704961256423,0.49707034784299287,112.9367007867898,56.604707976480185,6650.654569894065,6.433357071340861,3.4673506172354047,53.72961864324057,13.503231867315169,30581801.14944628,30185442.86316752,93109825.55680636,7500427.6103154775,4036388.52487939,61354933.93590291,2119436591.4576964
145,2024-08-01,26.172086633872933,25.832861238967414,79.68394200055748,421.94704961256423,0.49707034784299287,112.9367007867898,56.604707976480185,6650.654569894065,6.433357071340861,3.4673506172354047,53.72961864324057,13.503231867315169,30581801.14944628,30185442.86316752,93109825.55680636,7500427.6103154775,4036388.52487939,61354933.93590291,2119436591.4576964
146,2024-08-01,26.172086633872933,25.832861238967414,79.68394200055748,421.94704961256423,0.49707034784299287,112.9367007867898,56.604707976480185,6650.654569894065,6.433357071340861,3.4673506172354047,53.72961864324057,13.503231867315169,30581801.14944628,30185442.86316752,93109825.55680636,7500427.6103154775,4036388.52487939,61354933.93590291,2119436591.4576964
147,2024-08-01,26.172086633872933,25.832861238967414,79.68394200055748,421.94704961256423,0.49707034784299287,112.9367007867898,56.604707976480185,6650.654569894065,6.433357071340861,3.4673506172354047,53.72961864324057,13.503231867315169,30581801.14944628,30185442.86316752,93109825.55680636,7500427.6103154775,4036388.52487939,61354933.93590291,2119436591.4576964
148,2024-08-01,26.172086633872933,25.832861238967414,79.68394200055748,421.94704961256423,0.49707034784299287,112.9367007867898,56.604707976480185,6650.654569894065,6.433357071340861,3.4673506172354047,53.72961864324057,13.503231867315169,30581801.14944628,30185442.86316752,93109825.55680636,7500427.6103154775,4036388.52487939,61354933.93590291,2119436591.4576964
149,2024-08-01,26.172086633872933,25.832861238967414,79.68394200055748,421.94704961256423,0.49707034784299287,112.9367007867898,56.604707976480185,6650.654569894065,6.433357071340861,3.4673506172354047,53.72961864324057,13.503231867315169,30581801.14944628,30185442.86316752,93109825.55680636,7500427.6103154775,4036388.52487939,61354933.93590291,2119436591.4576964
150,2024-08-01,26.172086633872933,25.832861238967414,79.68394200055748,421.94704961256423,0.49707034784299287,112.9367007867898,56.604707976480185,6650.654569894065,6.433357071340861,3.4673506172354047,53.72961864324057,13.503231867315169,30581801.14944628,30185442.86316752,93109825.55680636,7500427.6103154775,4036388.52487939,61354933.93590291,2119436591.453372
151,2024-08-01,26.172086633872933,25.832861238967414,79.68394200055748,421.94704961256423,0.49707034784299287,112.9367007867898,56.604707976480185,6650.654569894065,6.433357071340861,3.4673506172354047,53.72961864324057,13.503231867315169,30581801.14944628,30185442.86316752,93109825.55680636,7500427.6103154775,4036388.52487939,61354933.93590291,2119436591.4576964
152,2024-08-01,26.172086633872933,25.832861238967414,79.68394200055748,421.94704961256423,0.49707034784299287,112.9367007867898,56.604707976480185,6650.654569894065,6.433357071340861,3.4673506172354047,53.72961864324057,13.503231867315169,30581801.14944628,30185442.86316752,93109825.55680636,7500427.6103154775,4036388.52487939,61354933.93590291,2119436591.4576964
153,2024-08-01,26.172086633872933,25.832861238967414,79.68394200055748,421.94704961256423,0.49707034784299287,112.9367007867898,56.604707976480185,6650.654569894065,6.433357071340861,3.4673506172354047,53.72961864324057,13.503231867315169,30581801.14944628,30185442.86316752,93109825.55680636,7500427.6103154775,4036388.52487939,61354933.93590291,2119436591.4576964
154,2024-08-01,26.172086633872933,25.832861238967414,79.68394200055748,421.94704961256423,0.49707034784299287,112.9367007867898,56.604707976480185,6650.654569894065,6.433357071340861,3.4673506172354047,53.72961864324057,13.503231867315169,30581801.14944628,30185442.86316752,93109825.55680636,7500427.6103154775,4036388.52487939,61354933.93590291,2119436591.4576964
155,2024-08-01,26.172086633872933,25.832861238967414,79.68394200055748,421.94704961256423,0.49707034784299287,112.9367007867898,56.604707976480185,6650.654569894065,6.433357071340861,3.4673506172354047,53.72961864324057,13.503231867315169,30581801.14944628,30185442.86316752,93109825.55680636,7500427.6103154775,4036388.52487939,61354933.93590291,2119436591.4576964
156,2024-08-01,26.172086633872933,25.832861238967414,79.68394200055748,421.94704961256423,0.49707034784299287,112.9367007867898,56.604707976480185,6650.654569894065,6.433357071340861,3.4673506172354047,53.72961864324057,13.503231867315169,30581801.14944628,30185442.86316752,93109825.55680636,7500427.6103154775,4036388.52487939,61354933.93590291,2119436591.4576964
157,2024-08-01,26.172086633872933,25.832861238967414,79.68394200055748,421.94704961256423,0.49707034784299287,112.9367007867898,56.604707976480185,6650.654569894065,6.433357071340861,3.4673506172354047,53.72961864324057,13.503231867315169,30581801.14944628,30185442.86316752,93109825.55680636,7500427.6103154775,4036388.52487939,61354933.93590291,2119436591.4576964
158,2024-08-01,26.172086633872933,25.832861238967414,79.68394200055748,421.94704961256423,0.49707034784299287,112.9367007867898,56.604707976480185,6650.654569894065,6.433357071340861,3.4673506172354047,53.72961864324057,13.503231867315169,30581801.14944628,30185442.86316752,93109825.55680636,7500427.6103154775,4036388.52487939,61354933.93590291,2119436591.4576964
159,2024-08-01,26.172086633872933,25.832861238967414,79.68394200055748,421.94704961256423,0.49707034784299287,112.9367007867898,56.604707976480185,6650.654569894065,6.433357071340861,3.4673506172354047,53.72961864324057,13.503231867315169,30581801.14944628,30185442.86316752,93109825.55680636,7500427.6103154775,4036388.52487939,61354933.93590291,2119436591.4576964
160,2024-09-01,11.180657422320738,12.30136233655638,69.37632461953397,421.94704961256423,0.49707034784299287,112.9367007867898,56.604707976480185,6650.654569894065,0.7710903104143901,0.5959415466870535,50.384165884510516,12.570927933673167,13064473.998843942,14374020.2261887,81065484.47482586,899662.398441138,694265.1082981898,57534695.281335585,2119436591.4576964
161,2024-09-01,11.180657422320738,12.30136233655638,69.37632461953397,421.94704961256423,0.49707034784299287,112.9367007867898,56.604707976480185,6650.654569894065,0.7710903104143901,0.5959415466870535,50.384165884510516,12.570927933673167,13064473.998843942,14374020.2261887,81065484.47482586,899662.398441138,694265.1082981898,57534695.281335585,2119436591.4576964
162,2024-09-01,11.180657422320738,12.30136233655638,69.37632461953397,421.94704961256423,0.49707034784299287,112.9367007867898,56.604707976480185,6650.654569894065,0.7710903104143901,0.5959415466870535,50.384165884510516,12.570927933673167,13064473.998843942,14374020.2261887,81065484.47482586,899662.398441138,694265.1082981898,57534695.281335585,2119436591.4576964
163,2024-09-01,11.180657422320738,12.30136233655638,69.37632461953397,421.94704961256423,0.49707034784299287,112.9367007867898,56.604707976480185,6650.654569894065,0.7710903104143901,0.5959415466870535,50.384165884510516,12.570927933673167,13064473.998843942,14374020.2261887,81065484.47482586,899662.398441138,694265.1082981898,57534695.281335585,2119436591.4576964
164,2024-09-01,11.180657422320738,12.30136233655638,69.37632461953397,421.94704961256423,0.49707034784299287,112.9367007867898,56.604707976480185,6650.654569894065,0.7710903104143901,0.5959415466870535,50.384165884510516,12.570927933673167,13064473.998843942,14374020.2261887,81065484.47482586,899662.398441138,694265.1082981898,57534695.281335585,2119436591.4576964
165,2024-09-01,11.180657422320738,12.30136233655638,69.37632461953397,421.94704961256423,0.49707034784299287,112.9367007867898,56.604707976480185,6650.654569894065,0.7710903104143901,0.5959415466870535,50.384165884510516,12.570927933673167,13064473.998843942,14374020.2261887,81065484.47482586,899662.398441138,694265.1082981898,57534695.281335585,2119436591.4576964
166,2024-09-01,11.180657422320738,12.30136233655638,69.37632461953397,421.94704961256423,0.49707034784299287,112.9367007867898,56.604707976480185,6650.654569894065,0.7710903104143901,0.5959415466870535,50.384165884510516,12.570927933673167,13064473.998843942,14374020.2261887,81065484.47482586,899662.398441138,694265.1082981898,57534695.281335585,2119436591.4576964
167,2024-09-01,11.180657422320738,12.30136233655638,69.37632461953397,421.94704961256423,0.49707034784299287,112.9367007867898,56.604707976480185,6650.654569894065,0.7710903104143901,0.5959415466870535,50.384165884510516,12.570927933673167,13064473.998843942,14374020.2261887,81065484.47482586,899662.398441138,694265.1082981898,57534695.281335585,2119436591.4576964
168,2024-09-01,11.180657422320738,12.30136233655638,69.37632461953397,421.94704961256423,0.49707034784299287,112.9367007867898,56.604707976480185,6650.654569894065,0.7710903104143901,0.5959415466870535,50.384165884510516,12.570927933673167,13064473.998843942,14374020.2261887,81065484.47482586,899662.398441138,694265.1082981898,57534695.281335585,2119436591.453372
169,2024-09-01,11.180657422320738,12.30136233655638,69.37632461953397,421.94704961256423,0.49707034784299287,112.9367007867898,56.604707976480185,6650.654569894065,0.7710903104143901,0.5959415466870535,50.384165884510516,12.570927933673167,13064473.998843942,14374020.2261887,81065484.47482586,899662.398441138,694265.1082981898,57534695.281335585,2119436591.4576964
170,2024-09-01,11.180657422320738,12.30136233655638,69.37632461953397,421.94704961256423,0.49707034784299287,112.9367007867898,56.604707976480185,6650.654569894065,0.7710903104143901,0.5959415466870535,50.384165884510516,12.570927933673167,13064473.998843942,14374020.2261887,81065484.47482586,899662.398441138,694265.1082981898,57534695.281335585,2119436591.4576964
171,2024-09-01,11.180657422320738,12.30136233655638,69.37632461953397,421.94704961256423,0.49707034784299287,112.9367007867898,56.604707976480185,6650.654569894065,0.7710903104143901,0.5959415466870535,50.384165884510516,12.570927933673167,13064473.998843942,14374020.2261887,81065484.47482586,899662.398441138,694265.1082981898,57534695.281335585,2119436591.4576964
172,2024-09-01,11.180657422320738,12.30136233655638,69.37632461953397,421.94704961256423,0.49707034784299287,112.9367007867898,56.604707976480185,6650.654569894065,0.7710903104143901,0.5959415466870535,50.384165884510516,12.570927933673167,13064473.998843942,14374020.2261887,81065484.47482586,899662.398441138,694265.1082981898,57534695.281335585,2119436591.4576964
173,2024-09-01,11.180657422320738,12.30136233655638,69.37632461953397,421.94704961256423,0.49707034784299287,112.9367007867898,56.604707976480185,6650.654569894065,0.7710903104143901,0.5959415466870535,50.384165884510516,12.570927933673167,13064473.998843942,14374020.2261887,81065484.47482586,899662.398441138,694265.1082981898,57534695.281335585,2119436591.453372
174,2024-09-01,11.180657422320738,12.30136233655638,69.37632461953397,421.94704961256423,0.49707034784299287,112.9367007867898,56.604707976480185,6650.654569894065,0.7710903104143901,0.5959415466870535,50.384165884510516,12.570927933673167,13064473.998843942,14374020.2261887,81065484.47482586,899662.398441138,694265.1082981898,57534695.281335585,2119436591.4576964
175,2024-09-01,11.180657422320738,12.30136233655638,69.37632461953397,421.94704961256423,0.49707034784299287,112.9367007867898,56.604707976480185,6650.654569894065,0.7710903104143901,0.5959415466870535,50.384165884510516,12.570927933673167,13064473.998843942,14374020.2261887,81065484.47482586,899662.398441138,694265.1082981898,57534695.281335585,2119436591.4576964
176,2024-09-01,11.180657422320738,12.30136233655638,69.37632461953397,421.94704961256423,0.49707034784299287,112.9367007867898,56.604707976480185,6650.654569894065,0.7710903104143901,0.5959415466870535,50.384165884510516,12.570927933673167,13064473.998843942,14374020.2261887,81065484.47482586,899662.398441138,694265.1082981898,57534695.281335585,2119436591.4576964
177,2024-09-01,11.180657422320738,12.30136233655638,69.37632461953397,421.94704961256423,0.49707034784299287,112.9367007867898,56.604707976480185,6650.654569894065,0.7710903104143901,0.5959415466870535,50.384165884510516,12.570927933673167,13064473.998843942,14374020.2261887,81065484.47482586,899662.398441138,694265.1082981898,57534695.281335585,2119436591.4576964
178,2024-09-01,11.180657422320738,12.30136233655638,69.37632461953397,421.94704961256423,0.49707034784299287,112.9367007867898,56.604707976480185,6650.654569894065,0.7710903104143901,0.5959415466870535,50.384165884510516,12.570927933673167,13064473.998843942,14374020.2261887,81065484.47482586,899662.398441138,694265.1082981898,57534695.281335585,2119436591.4576964
179,2024-09-01,11.180657422320738,12.30136233655638,69.37632461953397,421.94704961256423,0.49707034784299287,112.9367007867898,56.604707976480185,6650.654569894065,0.7710903104143901,0.5959415466870535,50.384165884510516,12.570927933673167,13064473.998843942,14374020.2261887,81065484.47482586,899662.398441138,694265.1082981898,57534695.281335585,2119436591.4576964
180,2024-10-01,27.4368246252503,6.15068116827819,28.95779354912384,421.94704961256423,0.49707034784299287,112.9367007867898,56.604707976480185,6650.654569894065,1.9281584431056409,1.0133021254202907,54.80291350134956,16.18029721334391,32059633.193707474,7187010.11309435,33836870.17431739,2247973.174304925,1179598.4863504,62580547.454049006,2119436591.4576964
181,2024-10-01,27.4368246252503,6.15068116827819,28.95779354912384,421.94704961256423,0.49707034784299287,112.9367007867898,56.604707976480185,6650.654569894065,1.9281584431056409,1.0133021254202907,54.80291350134956,16.18029721334391,32059633.193707474,7187010.11309435,33836870.17431739,2247973.174304925,1179598.4863504,62580547.454049006,2119436591.4576964
182,2024-10-01,27.4368246252503,6.15068116827819,28.95779354912384,421.94704961256423,0.49707034784299287,112.9367007867898,56.604707976480185,6650.654569894065,1.9281584431056409,1.0133021254202907,54.80291350134956,16.18029721334391,32059633.193707474,7187010.11309435,33836870.17431739,2247973.174304925,1179598.4863504,62580547.454049006,2119436591.4576964
183,2024-10-01,27.4368246252503,6.15068116827819,28.95779354912384,421.94704961256423,0.49707034784299287,112.9367007867898,56.604707976480185,6650.654569894065,1.9281584431056409,1.0133021254202907,54.80291350134956,16.18029721334391,32059633.193707474,7187010.11309435,33836870.17431739,2247973.174304925,1179598.4863504,62580547.454049006,2119436591.4576964
184,2024-10-01,27.4368246252503,6.15068116827819,28.95779354912384,421.94704961256423,0.49707034784299287,112.9367007867898,56.604707976480185,6650.654569894065,1.9281584431056409,1.0133021254202907,54.80291350134956,16.18029721334391,32059633.193707474,7187010.11309435,33836870.17431739,2247973.174304925,1179598.4863504,62580547.454049006,2119436591.4576964
185,2024-10-01,27.4368246252503,6.15068116827819,28.95779354912384,421.94704961256423,0.49707034784299287,112.9367007867898,56.604707976480185,6650.654569894065,1.9281584431056409,1.0133021254202907,54.80291350134956,16.18029721334391,32059633.193707474,7187010.11309435,33836870.17431739,2247973.174304925,1179598.4863504,62580547.454049006,2119436591.4576964
186,2024-10-01,27.4368246252503,6.15068116827819,28.95779354912384,421.94704961256423,0.49707034784299287,112.9367007867898,56.604707976480185,6650.654569894065,1.9281584431056409,1.0133021254202907,54.80291350134956,16.18029721334391,32059633.193707474,7187010.11309435,33836870.17431739,2247973.174304925,1179598.4863504,62580547.454049006,2119436591.4576964
187,2024-10-01,27.4368246252503,6.15068116827819,28.95779354912384,421.94704961256423,0.49707034784299287,112.9367007867898,56.604707976480185,6650.654569894065,1.9281584431056409,1.0133021254202907,54.80291350134956,16.18029721334391,32059633.193707474,7187010.11309435,33836870.17431739,2247973.174304925,1179598.4863504,62580547.454049006,2119436591.4576964
188,2024-10-01,27.4368246252503,6.15068116827819,28.95779354912384,421.94704961256423,0.49707034784299287,112.9367007867898,56.604707976480185,6650.654569894065,1.9281584431056409,1.0133021254202907,54.80291350134956,16.18029721334391,32059633.193707474,7187010.11309435,33836870.17431739,2247973.174304925,1179598.4863504,62580547.454049006,2119436591.453372
189,2024-10-01,27.4368246252503,6.15068116827819,28.95779354912384,421.94704961256423,0.49707034784299287,112.9367007867898,56.604707976480185,6650.654569894065,1.9281584431056409,1.0133021254202907,54.80291350134956,16.18029721334391,32059633.193707474,7187010.11309435,33836870.17431739,2247973.174304925,1179598.4863504,62580547.454049006,2119436591.4576964
190,2024-10-01,27.4368246252503,6.15068116827819,28.95779354912384,421.94704961256423,0.49707034784299287,112.9367007867898,56.604707976480185,6650.654569894065,1.9281584431056409,1.0133021254202907,54.80291350134956,16.18029721334391,32059633.193707474,7187010.11309435,33836870.17431739,2247973.174304925,1179598.4863504,62580547.454049006,2119436591.453372
191,2024-10-01,27.4368246252503,6.15068116827819,28.95779354912384,421.94704961256423,0.49707034784299287,112.9367007867898,56.604707976480185,6650.654569894065,1.9281584431056409,1.0133021254202907,54.80291350134956,16.18029721334391,32059633.193707474,7187010.11309435,33836870.17431739,2247973.174304925,1179598.4863504,62580547.454049006,2119436591.4576964
192,2024-10-01,27.4368246252503,6.15068116827819,28.95779354912384,421.94704961256423,0.49707034784299287,112.9367007867898,56.604707976480185,6650.654569894065,1.9281584431056409,1.0133021254202907,54.80291350134956,16.18029721334391,32059633.193707474,7187010.11309435,33836870.17431739,2247973.174304925,1179598.4863504,62580547.454049006,2119436591.4576964
193,2024-10-01,27.4368246252503,6.15068116827819,28.95779354912384,421.94704961256423,0.49707034784299287,112.9367007867898,56.604707976480185,6650.654569894065,1.9281584431056409,1.0133021254202907,54.80291350134956,16.18029721334391,32059633.193707474,7187010.11309435,33836870.17431739,2247973.174304925,1179598.4863504,62580547.454049006,2119436591.4576964
194,2024-10-01,27.4368246252503,6.15068116827819,28.95779354912384,421.94704961256423,0.49707034784299287,112.9367007867898,56.604707976480185,6650.654569894065,1.9281584431056409,1.0133021254202907,54.80291350134956,16.18029721334391,32059633.193707474,7187010.11309435,33836870.17431739,2247973.174304925,1179598.4863504,62580547.454049006,2119436591.4576964
195,2024-10-01,27.4368246252503,6.15068116827819,28.95779354912384,421.94704961256423,0.49707034784299287,112.9367007867898,56.604707976480185,6650.654569894065,1.9281584431056409,1.0133021254202907,54.80291350134956,16.18029721334391,32059633.193707474,7187010.11309435,33836870.17431739,2247973.174304925,1179598.4863504,62580547.454049006,2119436591.4576964
196,2024-10-01,27.4368246252503,6.15068116827819,28.95779354912384,421.94704961256423,0.49707034784299287,112.9367007867898,56.604707976480185,6650.654569894065,1.9281584431056409,1.0133021254202907,54.80291350134956,16.18029721334391,32059633.193707474,7187010.11309435,33836870.17431739,2247973.174304925,1179598.4863504,62580547.454049006,2119436591.4576964
197,2024-10-01,27.4368246252503,6.15068116827819,28.95779354912384,421.94704961256423,0.49707034784299287,112.9367007867898,56.604707976480185,6650.654569894065,1.9281584431056409,1.0133021254202907,54.80291350134956,16.18029721334391,32059633.193707474,7187010.11309435,33836870.17431739,2247973.174304925,1179598.4863504,62580547.454049006,2119436591.4576964
198,2024-10-01,27.4368246252503,6.15068116827819,28.95779354912384,421.94704961256423,0.49707034784299287,112.9367007867898,56.604707976480185,6650.654569894065,1.9281584431056409,1.0133021254202907,54.80291350134956,16.18029721334391,32059633.193707474,7187010.11309435,33836870.17431739,2247973.174304925,1179598.4863504,62580547.454049006,2119436591.4576964
199,2024-10-01,27.4368246252503,6.15068116827819,28.95779354912384,421.94704961256423,0.49707034784299287,112.9367007867898,56.604707976480185,6650.654569894065,1.9281584431056409,1.0133021254202907,54.80291350134956,16.18029721334391,32059633.193707474,7187010.11309435,33836870.17431739,2247973.174304925,1179598.4863504,62580547.454049006,2119436591.4576964
200,2024-11-01,24.251698918867877,0.0,10.008544740651665,421.94704961256423,0.49707034784299287,112.9367007867898,56.604707976480185,6650.654569894065,0.5369396685650931,1.4715886828679574,66.88295218974001,28.392213273931453,28337844.849416103,0.0,11694878.10677352,625879.2321396683,1699885.4712914496,76374968.66499904,2119436591.453372
201,2024-11-01,24.251698918867877,0.0,10.008544740651665,421.94704961256423,0.49707034784299287,112.9367007867898,56.604707976480185,6650.654569894065,0.5369396685650931,1.4715886828679574,66.88295218974001,28.392213273931453,28337844.849416103,0.0,11694878.10677352,625879.2321396683,1699885.4712914496,76374968.66499904,2119436591.4576964
202,2024-11-01,24.251698918867877,0.0,10.008544740651665,421.94704961256423,0.49707034784299287,112.9367007867898,56.604707976480185,6650.654569894065,0.5369396685650931,1.4715886828679574,66.88295218974001,28.392213273931453,28337844.849416103,0.0,11694878.10677352,625879.2321396683,1699885.4712914496,76374968.66499904,2119436591.4576964
203,2024-11-01,24.251698918867877,0.0,10.008544740651665,421.94704961256423,0.49707034784299287,112.9367007867898,56.604707976480185,6650.654569894065,0.5369396685650931,1.4715886828679574,66.88295218974001,28.392213273931453,28337844.849416103,0.0,11694878.10677352,625879.2321396683,1699885.4712914496,76374968.66499904,2119436591.4576964
204,2024-11-01,24.251698918867877,0.0,10.008544740651665,421.94704961256423,0.49707034784299287,112.9367007867898,56.604707976480185,6650.654569894065,0.5369396685650931,1.4715886828679574,66.88295218974001,28.392213273931453,28337844.849416103,0.0,11694878.10677352,625879.2321396683,1699885.4712914496,76374968.66499904,2119436591.4576964
205,2024-11-01,24.251698918867877,0.0,10.008544740651665,421.94704961256423,0.49707034784299287,112.9367007867898,56.604707976480185,6650.654569894065,0.5369396685650931,1.4715886828679574,66.88295218974001,28.392213273931453,28337844.849416103,0.0,11694878.10677352,625879.2321396683,1699885.4712914496,76374968.66499904,2119436591.4576964
206,2024-11-01,24.251698918867877,0.0,10.008544740651665,421.94704961256423,0.49707034784299287,112.9367007867898,56.604707976480185,6650.654569894065,0.5369396685650931,1.4715886828679574,66.88295218974001,28.392213273931453,28337844.849416103,0.0,11694878.10677352,625879.2321396683,1699885.4712914496,76374968.66499904,2119436591.4576964
207,2024-11-01,24.251698918867877,0.0,10.008544740651665,421.94704961256423,0.49707034784299287,112.9367007867898,56.604707976480185,6650.654569894065,0.5369396685650931,1.4715886828679574,66.88295218974001,28.392213273931453,28337844.849416103,0.0,11694878.10677352,625879.2321396683,1699885.4712914496,76374968.66499904,2119436591.4576964
208,2024-11-01,24.251698918867877,0.0,10.008544740651665,421.94704961256423,0.49707034784299287,112.9367007867898,56.604707976480185,6650.654569894065,0.5369396685650931,1.4715886828679574,66.88295218974001,28.392213273931453,28337844.849416103,0.0,11694878.10677352,625879.2321396683,1699885.4712914496,76374968.66499904,2119436591.4576964
209,2024-11-01,24.251698918867877,0.0,10.008544740651665,421.94704961256423,0.49707034784299287,112.9367007867898,56.604707976480185,6650.654569894065,0.5369396685650931,1.4715886828679574,66.88295218974001,28.392213273931453,28337844.849416103,0.0,11694878.10677352,625879.2321396683,1699885.4712914496,76374968.66499904,2119436591.4576964
210,2024-11-01,24.251698918867877,0.0,10.008544740651665,421.94704961256423,0.49707034784299287,112.9367007867898,56.604707976480185,6650.654569894065,0.5369396685650931,1.4715886828679574,66.88295218974001,28.392213273931453,28337844.849416103,0.0,11694878.10677352,625879.2321396683,1699885.4712914496,76374968.66499904,2119436591.453372
211,2024-11-01,24.251698918867877,0.0,10.008544740651665,421.94704961256423,0.49707034784299287,112.9367007867898,56.604707976480185,6650.654569894065,0.5369396685650931,1.4715886828679574,66.88295218974001,28.392213273931453,28337844.849416103,0.0,11694878.10677352,625879.2321396683,1699885.4712914496,76374968.66499904,2119436591.4576964
212,2024-11-01,24.251698918867877,0.0,10.008544740651665,421.94704961256423,0.49707034784299287,112.9367007867898,56.604707976480185,6650.654569894065,0.5369396685650931,1.4715886828679574,66.88295218974001,28.392213273931453,28337844.849416103,0.0,11694878.10677352,625879.2321396683,1699885.4712914496,76374968.66499904,2119436591.4576964
213,2024-11-01,24.251698918867877,0.0,10.008544740651665,421.94704961256423,0.49707034784299287,112.9367007867898,56.604707976480185,6650.654569894065,0.5369396685650931,1.4715886828679574,66.88295218974001,28.392213273931453,28337844.849416103,0.0,11694878.10677352,625879.2321396683,1699885.4712914496,76374968.66499904,2119436591.4576964
214,2024-11-01,24.251698918867877,0.0,10.008544740651665,421.94704961256423,0.49707034784299287,112.9367007867898,56.604707976480185,6650.654569894065,0.5369396685650931,1.4715886828679574,66.88295218974001,28.392213273931453,28337844.849416103,0.0,11694878.10677352,625879.2321396683,1699885.4712914496,76374968.66499904,2119436591.4576964
215,2024-11-01,24.251698918867877,0.0,10.008544740651665,421.94704961256423,0.49707034784299287,112.9367007867898,56.604707976480185,6650.654569894065,0.5369396685650931,1.4715886828679574,66.88295218974001,28.392213273931453,28337844.849416103,0.0,11694878.10677352,625879.2321396683,1699885.4712914496,76374968.66499904,2119436591.4576964
216,2024-11-01,24.251698918867877,0.0,10.008544740651665,421.94704961256423,0.49707034784299287,112.9367007867898,56.604707976480185,6650.654569894065,0.5369396685650931,1.4715886828679574,66.88295218974001,28.392213273931453,28337844.849416103,0.0,11694878.10677352,625879.2321396683,1699885.4712914496,76374968.66499904,2119436591.4576964
217,2024-11-01,24.251698918867877,0.0,10.008544740651665,421.94704961256423,0.49707034784299287,112.9367007867898,56.604707976480185,6650.654569894065,0.5369396685650931,1.4715886828679574,66.88295218974001,28.392213273931453,28337844.849416103,0.0,11694878.10677352,625879.2321396683,1699885.4712914496,76374968.66499904,2119436591.4576964
218,2024-11-01,24.251698918867877,0.0,10.008544740651665,421.94704961256423,0.49707034784299287,112.9367007867898,56.604707976480185,6650.654569894065,0.5369396685650931,1.4715886828679574,66.88295218974001,28.392213273931453,28337844.849416103,0.0,11694878.10677352,625879.2321396683,1699885.4712914496,76374968.66499904,2119436591.4576964
219,2024-11-01,24.251698918867877,0.0,10.008544740651665,421.94704961256423,0.49707034784299287,112.9367007867898,56.604707976480185,6650.654569894065,0.5369396685650931,1.4715886828679574,66.88295218974001,28.392213273931453,28337844.849416103,0.0,11694878.10677352,625879.2321396683,1699885.4712914496,76374968.66499904,2119436591.4576964
220,2024-12-01,52.75865750896309,0.0,5.0623792937825565,421.94704961256423,0.49707034784299287,112.9367007867898,56.604707976480185,6650.654569894065,5.80698741743327,8.605956721949289,99.67805711042242,53.50091821581448,61647912.30929584,0.0,5915336.107730614,6692621.70040322,9910927.320732959,113824318.27172656,2119436591.4576964
221,2024-12-01,52.75865750896309,0.0,5.0623792937825565,421.94704961256423,0.49707034784299287,112.9367007867898,56.604707976480185,6650.654569894065,5.80698741743327,8.605956721949289,99.67805711042242,53.50091821581448,61647912.30929584,0.0,5915336.107730614,6692621.70040322,9910927.320732959,113824318.27172656,2119436591.4576964
222,2024-12-01,52.75865750896309,0.0,5.0623792937825565,421.94704961256423,0.49707034784299287,112.9367007867898,56.604707976480185,6650.654569894065,5.80698741743327,8.605956721949289,99.67805711042242,53.50091821581448,61647912.30929584,0.0,5915336.107730614,6692621.70040322,9910927.320732959,113824318.27172656,2119436591.4576964
223,2024-12-01,52.75865750896309,0.0,5.0623792937825565,421.94704961256423,0.49707034784299287,112.9367007867898,56.604707976480185,6650.654569894065,5.80698741743327,8.605956721949289,99.67805711042242,53.50091821581448,61647912.30929584,0.0,5915336.107730614,6692621.70040322,9910927.320732959,113824318.27172656,2119436591.4576964
224,2024-12-01,52.75865750896309,0.0,5.0623792937825565,421.94704961256423,0.49707034784299287,112.9367007867898,56.604707976480185,6650.654569894065,5.80698741743327,8.605956721949289,99.67805711042242,53.50091821581448,61647912.30929584,0.0,5915336.107730614,6692621.70040322,9910927.320732959,113824318.27172656,2119436591.4576964
225,2024-12-01,52.75865750896309,0.0,5.0623792937825565,421.94704961256423,0.49707034784299287,112.9367007867898,56.604707976480185,6650.654569894065,5.80698741743327,8.605956721949289,99.67805711042242,53.50091821581448,61647912.30929584,0.0,5915336.107730614,6692621.70040322,9910927.320732959,113824318.27172656,2119436591.4576964
226,2024-12-01,52.75865750896309,0.0,5.0623792937825565,421.94704961256423,0.49707034784299287,112.9367007867898,56.604707976480185,6650.654569894065,5.80698741743327,8.605956721949289,99.67805711042242,53.50091821581448,61647912.30929584,0.0,5915336.107730614,6692621.70040322,9910927.320732959,113824318.27172656,2119436591.4576964
227,2024-12-01,52.75865750896309,0.0,5.0623792937825565,421.94704961256423,0.49707034784299287,112.9367007867898,56.604707976480185,6650.654569894065,5.80698741743327,8.605956721949289,99.67805711042242,53.50091821581448,61647912.30929584,0.0,5915336.107730614,6692621.70040322,9910927.320732959,113824318.27172656,2119436591.4576964
228,2024-12-01,52.75865750896309,0.0,5.0623792937825565,421.94704961256423,0.49707034784299287,112.9367007867898,56.604707976480185,6650.654569894065,5.80698741743327,8.605956721949289,99.67805711042242,53.50091821581448,61647912.30929584,0.0,5915336.107730614,6692621.70040322,9910927.320732959,113824318.27172656,2119436591.4576964
229,2024-12-01,52.75865750896309,0.0,5.0623792937825565,421.94704961256423,0.49707034784299287,112.9367007867898,56.604707976480185,6650.654569894065,5.80698741743327,8.605956721949289,99.67805711042242,53.50091821581448,61647912.30929584,0.0,5915336.107730614,6692621.70040322,9910927.320732959,113824318.27172656,2119436591.4576964
230,2024-12-01,52.75865750896309,0.0,5.0623792937825565,421.94704961256423,0.49707034784299287,112.9367007867898,56.604707976480185,6650.654569894065,5.80698741743327,8.605956721949289,99.67805711042242,53.50091821581448,61647912.30929584,0.0,5915336.107730614,6692621.70040322,9910927.320732959,113824318.27172656,2119436591.4576964
231,2024-12-01,52.75865750896309,0.0,5.0623792937825565,421.94704961256423,0.49707034784299287,112.9367007867898,56.604707976480185,6650.654569894065,5.80698741743327,8.605956721949289,99.67805711042242,53.50091821581448,61647912.30929584,0.0,5915336.107730614,6692621.70040322,9910927.320732959,113824318.27172656,2119436591.4576964
232,2024-12-01,52.75865750896309,0.0,5.0623792937825565,421.94704961256423,0.49707034784299287,112.9367007867898,56.604707976480185,6650.654569894065,5.80698741743327,8.605956721949289,99.67805711042242,53.50091821581448,61647912.30929584,0.0,5915336.107730614,6692621.70040322,9910927.320732959,113824318.27172656,2119436591.4576964
233,2024-12-01,52.75865750896309,0.0,5.0623792937825565,421.94704961256423,0.49707034784299287,112.9367007867898,56.604707976480185,6650.654569894065,5.80698741743327,8.605956721949289,99.67805711042242,53.50091821581448,61647912.30929584,0.0,5915336.107730614,6692621.70040322,9910927.320732959,113824318.27172656,2119436591.4576964
234,2024-12-01,52.75865750896309,0.0,5.0623792937825565,421.94704961256423,0.49707034784299287,112.9367007867898,56.604707976480185,6650.654569894065,5.80698741743327,8.605956721949289,99.67805711042242,53.50091821581448,61647912.30929584,0.0,5915336.107730614,6692621.70040322,9910927.320732959,113824318.27172656,2119436591.4576964
235,2024-12-01,52.75865750896309,0.0,5.0623792937825565,421.94704961256423,0.49707034784299287,112.9367007867898,56.604707976480185,6650.654569894065,5.80698741743327,8.605956721949289,99.67805711042242,53.50091821581448,61647912.30929584,0.0,5915336.107730614,6692621.70040322,9910927.320732959,113824318.27172656,2119436591.4576964
236,2024-12-01,52.75865750896309,0.0,5.0623792937825565,421.94704961256423,0.49707034784299287,112.9367007867898,56.604707976480185,6650.654569894065,5.80698741743327,8.605956721949289,99.67805711042242,53.50091821581448,61647912.30929584,0.0,5915336.107730614,6692621.70040322,9910927.320732959,113824318.27172656,2119436591.453372
237,2024-12-01,52.75865750896309,0.0,5.0623792937825565,421.94704961256423,0.49707034784299287,112.9367007867898,56.604707976480185,6650.654569894065,5.80698741743327,8.605956721949289,99.67805711042242,53.50091821581448,61647912.30929584,0.0,5915336.107730614,6692621.70040322,9910927.320732959,113824318.27172656,2119436591.4576964
238,2024-12-01,52.75865750896309,0.0,5.0623792937825565,421.94704961256423,0.49707034784299287,112.9367007867898,56.604707976480185,6650.654569894065,5.80698741743327,8.605956721949289,99.67805711042242,53.50091821581448,61647912.30929584,0.0,5915336.107730614,6692621.70040322,9910927.320732959,113824318.27172656,2119436591.4576964
239,2024-12-01,52.75865750896309,0.0,5.0623792937825565,421.94704961256423,0.49707034784299287,112.9367007867898,56.604707976480185,6650.654569894065,5.80698741743327,8.605956721949289,99.67805711042242,53.50091821581448,61647912.30929584,0.0,5915336.107730614,6692621.70040322,9910927.320732959,113824318.27172656,2119436591.453372
