,Date,precip_and_snowmelt_input_Montezuma_mean,irrigation_Montezuma_mean,AET_Montezuma_mean,soil_thickness_Montezuma_mean,soil_porosity_Montezuma_mean,field_capacity_Montezuma_mean,wilting_point_Montezuma_mean,Geo_K_Montezuma_mean,Runoff_Montezuma_mean,Recharge_Montezuma_mean,Soil_Water_End_Of_Previous_Timestep_Montezuma_mean,Soil_Saturation_Percent_End_Of_Timestep_Montezuma_mean,precip_and_snowmelt_input_m3_Montezuma_sum,irrigation_m3_Montezuma_sum,AET_m3_Montezuma_sum,Runoff_m3_Montezuma_sum,Recharge_m3_Montezuma_sum,Soil_Water_End_Of_Previous_Timestep_m3_Montezuma_sum,Montezuma_area_m2
0,2024-01-01,20.896155066262164,0.0,22.134757261600683,352.1302776397805,0.47136965965644617,76.51292811609187,38.47307208770791,23407.28983577667,0.03044983878423917,0.6663989093211447,11.642454173199344,6.876483364233408,51048313.81606789,0.0,54072623.312796585,74398.5861541486,1628162.8340629893,28371700.72572453,2457681185.295
1,2024-01-01,20.896155066262164,0.0,22.134757261600683,352.1302776397805,0.47136965965644617,76.51292811609187,38.47307208770791,23407.28983577667,0.03044983878423917,0.6663989093211447,11.642454173199344,6.876483364233408,51048313.81606789,0.0,54072623.312796585,74398.5861541486,1628162.8340629893,28371700.72572453,2457681185.295
2,2024-01-01,20.896155066262164,0.0,22.134757261600683,352.1302776397805,0.47136965965644617,76.51292811609187,38.47307208770791,23407.28983577667,0.03044983878423917,0.6663989093211447,11.642454173199344,6.876483364233408,51048313.81606789,0.0,54072623.312796585,74398.5861541486,1628162.8340629893,28371700.72572453,2457681185.295
3,2024-01-01,20.896155066262164,0.0,22.134757261600683,352.1302776397805,0.47136965965644617,76.51292811609187,38.47307208770791,23407.28983577667,0.03044983878423917,0.6663989093211447,11.642454173199344,6.876483364233408,51048313.81606789,0.0,54072623.312796585,74398.5861541486,1628162.8340629893,28371700.72572453,2457681185.295
4,2024-01-01,20.896155066262164,0.0,22.134757261600683,352.1302776397805,0.47136965965644617,76.51292811609187,38.47307208770791,23407.28983577667,0.03044983878423917,0.6663989093211447,11.642454173199344,6.876483364233408,51048313.81606789,0.0,54072623.312796585,74398.5861541486,1628162.8340629893,28371700.72572453,2457681185.295
5,2024-01-01,20.896155066262164,0.0,22.134757261600683,352.1302776397805,0.47136965965644617,76.51292811609187,38.47307208770791,23407.28983577667,0.03044983878423917,0.6663989093211447,11.642454173199344,6.876483364233408,51048313.81606789,0.0,54072623.312796585,74398.5861541486,1628162.8340629893,28371700.72572453,2457681185.295
6,2024-01-01,20.896155066262164,0.0,22.134757261600683,352.1302776397805,0.47136965965644617,76.51292811609187,38.47307208770791,23407.28983577667,0.03044983878423917,0.6663989093211447,11.642454173199344,6.876483364233408,51048313.81606789,0.0,54072623.312796585,74398.5861541486,1628162.8340629893,28371700.72572453,2457681185.295
7,2024-01-01,20.896155066262164,0.0,22.134757261600683,352.1302776397805,0.47136965965644617,76.51292811609187,38.47307208770791,23407.28983577667,0.03044983878423917,0.6663989093211447,11.642454173199344,6.876483364233408,51048313.81606789,0.0,54072623.312796585,74398.5861541486,1628162.8340629893,28371700.72572453,2457681185.295
8,2024-01-01,20.896155066262164,0.0,22.134757261600683,352.1302776397805,0.47136965965644617,76.51292811609187,38.47307208770791,23407.28983577667,0.03044983878423917,0.6663989093211447,11.642454173199344,6.876483364233408,51048313.81606789,0.0,54072623.312796585,74398.5861541486,1628162.8340629893,28371700.72572453,2457681185.295
9,2024-01-01,20.896155066262164,0.0,22.134757261600683,352.1302776397805,0.47136965965644617,76.51292811609187,38.47307208770791,23407.28983577667,0.03044983878423917,0.6663989093211447,11.642454173199344,6.876483364233408,51048313.81606789,0.0,54072623.312796585,74398.5861541486,1628162.8340629893,28371700.72572453,2457681185.295
10,2024-01-01,20.896155066262164,0.0,22.134757261600683,352.1302776397805,0.47136965965644617,76.51292811609187,38.47307208770791,23407.28983577667,0.03044983878423917,0.6663989093211447,11.642454173199344,6.876483364233408,51048313.81606789,0.0,54072623.312796585,74398.5861541486,1628162.8340629893,28371700.72572453,2457681185.295
11,2024-01-01,20.896155066262164,0.0,22.134757261600683,352.1302776397805,0.47136965965644617,76.51292811609187,38.47307208770791,23407.28983577667,0.03044983878423917,0.6663989093211447,11.642454173199344,6.876483364233408,51048313.81606789,0.0,54072623.312796585,74398.5861541486,1628162.8340629893,28371700.72572453,2457681185.295
12,2024-01-01,20.896155066262164,0.0,22.134757261600683,352.1302776397805,0.47136965965644617,76.51292811609187,38.47307208770791,23407.28983577667,0.03044983878423917,0.6663989093211447,11.642454173199344,6.876483364233408,51048313.81606789,0.0,54072623.312796585,74398.5861541486,1628162.8340629893,28371700.72572453,2457681185.295
13,2024-01-01,20.896155066262164,0.0,22.134757261600683,352.1302776397805,0.47136965965644617,76.51292811609187,38.47307208770791,23407.28983577667,0.03044983878423917,0.6663989093211447,11.642454173199344,6.876483364233408,51048313.81606789,0.0,54072623.312796585,74398.5861541486,1628162.8340629893,28371700.72572453,2457681185.295
14,2024-01-01,20.896155066262164,0.0,22.134757261600683,352.1302776397805,0.47136965965644617,76.51292811609187,38.47307208770791,23407.28983577667,0.03044983878423917,0.6663989093211447,11.642454173199344,6.876483364233408,51048313.81606789,0.0,54072623.312796585,74398.5861541486,1628162.8340629893,28371700.72572453,2457681185.295
15,2024-01-01,20.896155066262164,0.0,22.134757261600683,352.1302776397805,0.47136965965644617,76.51292811609187,38.47307208770791,23407.28983577667,0.03044983878423917,0.6663989093211447,11.642454173199344,6.876483364233408,51048313.81606789,0.0,54072623.312796585,74398.5861541486,1628162.8340629893,28371700.72572453,2457681185.295
16,2024-01-01,20.896155066262164,0.0,22.134757261600683,352.1302776397805,0.47136965965644617,76.51292811609187,38.47307208770791,23407.28983577667,0.03044983878423917,0.6663989093211447,11.642454173199344,6.876483364233408,51048313.81606789,0.0,54072623.312796585,74398.5861541486,1628162.8340629893,28371700.72572453,2457681185.295
17,2024-01-01,20.896155066262164,0.0,22.134757261600683,352.1302776397805,0.47136965965644617,76.51292811609187,38.47307208770791,23407.28983577667,0.03044983878423917,0.6663989093211447,11.642454173199344,6.876483364233408,51048313.81606789,0.0,54072623.312796585,74398.5861541486,1628162.8340629893,28371700.72572453,2457681185.295
18,2024-01-01,20.896155066262164,0.0,22.134757261600683,352.1302776397805,0.47136965965644617,76.51292811609187,38.47307208770791,23407.28983577667,0.03044983878423917,0.6663989093211447,11.642454173199344,6.876483364233408,51048313.81606789,0.0,54072623.312796585,74398.5861541486,1628162.8340629893,28371700.72572453,2457681185.295
19,2024-01-01,20.896155066262164,0.0,22.134757261600683,352.1302776397805,0.47136965965644617,76.51292811609187,38.47307208770791,23407.28983577667,0.03044983878423917,0.6663989093211447,11.642454173199344,6.876483364233408,51048313.81606789,0.0,54072623.312796585,74398.5861541486,1628162.8340629893,28371700.72572453,2457681185.295
20,2024-02-01,38.894904197405495,0.0,35.16862038016737,352.1302776397805,0.47136965965644617,76.51292811609187,38.47307208770791,23407.28983577667,0.05929818037039707,1.2705243426372206,17.691246177780418,10.79761843581357,95016217.94677208,0.0,85912458.2643575,144883.05045851378,3104060.451285988,43111924.224293105,2457681185.295
21,2024-02-01,38.894904197405495,0.0,35.16862038016737,352.1302776397805,0.47136965965644617,76.51292811609187,38.47307208770791,23407.28983577667,0.05929818037039707,1.2705243426372206,17.691246177780418,10.79761843581357,95016217.94677208,0.0,85912458.2643575,144883.05045851378,3104060.451285988,43111924.224293105,2457681185.295
22,2024-02-01,38.894904197405495,0.0,35.16862038016737,352.1302776397805,0.47136965965644617,76.51292811609187,38.47307208770791,23407.28983577667,0.05929818037039707,1.2705243426372206,17.691246177780418,10.79761843581357,95016217.94677208,0.0,85912458.2643575,144883.05045851378,3104060.451285988,43111924.224293105,2457681185.295
23,2024-02-01,38.894904197405495,0.0,35.16862038016737,352.1302776397805,0.47136965965644617,76.51292811609187,38.47307208770791,23407.28983577667,0.05929818037039707,1.2705243426372206,17.691246177780418,10.79761843581357,95016217.94677208,0.0,85912458.2643575,144883.05045851378,3104060.451285988,43111924.224293105,2457681185.295
24,2024-02-01,38.894904197405495,0.0,35.16862038016737,352.1302776397805,0.47136965965644617,76.51292811609187,38.47307208770791,23407.28983577667,0.05929818037039707,1.2705243426372206,17.691246177780418,10.79761843581357,95016217.94677208,0.0,85912458.2643575,144883.05045851378,3104060.451285988,43111924.224293105,2457681185.295
25,2024-02-01,38.894904197405495,0.0,35.16862038016737,352.1302776397805,0.47136965965644617,76.51292811609187,38.47307208770791,23407.28983577667,0.05929818037039707,1.2705243426372206,17.691246177780418,10.79761843581357,95016217.94677208,0.0,85912458.2643575,144883.05045851378,3104060.451285988,43111924.224293105,2457681185.295
26,2024-02-01,38.894904197405495,0.0,35.16862038016737,352.1302776397805,0.47136965965644617,76.51292811609187,38.47307208770791,23407.28983577667,0.05929818037039707,1.2705243426372206,17.691246177780418,10.79761843581357,95016217.94677208,0.0,85912458.2643575,144883.05045851378,3104060.451285988,43111924.224293105,2457681185.295
27,2024-02-01,38.894904197405495,0.0,35.16862038016737,352.1302776397805,0.47136965965644617,76.51292811609187,38.47307208770791,23407.28983577667,0.05929818037039707,1.2705243426372206,17.691246177780418,10.79761843581357,95016217.94677208,0.0,85912458.2643575,144883.05045851378,3104060.451285988,43111924.224293105,2457681185.295
28,2024-02-01,38.894904197405495,0.0,35.16862038016737,352.1302776397805,0.47136965965644617,76.51292811609187,38.47307208770791,23407.28983577667,0.05929818037039707,1.2705243426372206,17.691246177780418,10.79761843581357,95016217.94677208,0.0,85912458.2643575,144883.05045851378,3104060.451285988,43111924.224293105,2457681185.295
29,2024-02-01,38.894904197405495,0.0,35.16862038016737,352.1302776397805,0.47136965965644617,76.51292811609187,38.47307208770791,23407.28983577667,0.05929818037039707,1.2705243426372206,17.691246177780418,10.79761843581357,95016217.94677208,0.0,85912458.2643575,144883.05045851378,3104060.451285988,43111924.224293105,2457681185.295
30,2024-02-01,38.894904197405495,0.0,35.16862038016737,352.1302776397805,0.47136965965644617,76.51292811609187,38.47307208770791,23407.28983577667,0.05929818037039707,1.2705243426372206,17.691246177780418,10.79761843581357,95016217.94677208,0.0,85912458.2643575,144883.05045851378,3104060.451285988,43111924.224293105,2457681185.295
31,2024-02-01,38.894904197405495,0.0,35.16862038016737,352.1302776397805,0.47136965965644617,76.51292811609187,38.47307208770791,23407.28983577667,0.05929818037039707,1.2705243426372206,17.691246177780418,10.79761843581357,95016217.94677208,0.0,85912458.2643575,144883.05045851378,3104060.451285988,43111924.224293105,2457681185.295
32,2024-02-01,38.894904197405495,0.0,35.16862038016737,352.1302776397805,0.47136965965644617,76.51292811609187,38.47307208770791,23407.28983577667,0.05929818037039707,1.2705243426372206,17.691246177780418,10.79761843581357,95016217.94677208,0.0,85912458.2643575,144883.05045851378,3104060.451285988,43111924.224293105,2457681185.295
33,2024-02-01,38.894904197405495,0.0,35.16862038016737,352.1302776397805,0.47136965965644617,76.51292811609187,38.47307208770791,23407.28983577667,0.05929818037039707,1.2705243426372206,17.691246177780418,10.79761843581357,95016217.94677208,0.0,85912458.2643575,144883.05045851378,3104060.451285988,43111924.224293105,2457681185.295
34,2024-02-01,38.894904197405495,0.0,35.16862038016737,352.1302776397805,0.47136965965644617,76.51292811609187,38.47307208770791,23407.28983577667,0.05929818037039707,1.2705243426372206,17.691246177780418,10.79761843581357,95016217.94677208,0.0,85912458.2643575,144883.05045851378,3104060.451285988,43111924.224293105,2457681185.295
35,2024-02-01,38.894904197405495,0.0,35.16862038016737,352.1302776397805,0.47136965965644617,76.51292811609187,38.47307208770791,23407.28983577667,0.05929818037039707,1.2705243426372206,17.691246177780418,10.79761843581357,95016217.94677208,0.0,85912458.2643575,144883.05045851378,3104060.451285988,43111924.224293105,2457681185.295
36,2024-02-01,38.894904197405495,0.0,35.16862038016737,352.1302776397805,0.47136965965644617,76.51292811609187,38.47307208770791,23407.28983577667,0.05929818037039707,1.2705243426372206,17.691246177780418,10.79761843581357,95016217.94677208,0.0,85912458.2643575,144883.05045851378,3104060.451285988,43111924.224293105,2457681185.295
37,2024-02-01,38.894904197405495,0.0,35.16862038016737,352.1302776397805,0.47136965965644617,76.51292811609187,38.47307208770791,23407.28983577667,0.05929818037039707,1.2705243426372206,17.691246177780418,10.79761843581357,95016217.94677208,0.0,85912458.2643575,144883.05045851378,3104060.451285988,43111924.224293105,2457681185.295
38,2024-02-01,38.894904197405495,0.0,35.16862038016737,352.1302776397805,0.47136965965644617,76.51292811609187,38.47307208770791,23407.28983577667,0.05929818037039707,1.2705243426372206,17.691246177780418,10.79761843581357,95016217.94677208,0.0,85912458.2643575,144883.05045851378,3104060.451285988,43111924.224293105,2457681185.295
39,2024-02-01,38.894904197405495,0.0,35.16862038016737,352.1302776397805,0.47136965965644617,76.51292811609187,38.47307208770791,23407.28983577667,0.05929818037039707,1.2705243426372206,17.691246177780418,10.79761843581357,95016217.94677208,0.0,85912458.2643575,144883.05045851378,3104060.451285988,43111924.224293105,2457681185.295
40,2024-03-01,45.06190245234425,0.0,47.62190867185484,352.1302776397805,0.47136965965644617,76.51292811609187,38.47307208770791,23407.28983577667,0.6425099320417411,3.886126506348836,21.367046953260406,9.632928717023177,110085160.11676317,0.0,116335191.49526577,1569847.2295350356,9494836.350641938,52070612.116821535,2457681185.295
41,2024-03-01,45.06190245234425,0.0,47.62190867185484,352.1302776397805,0.47136965965644617,76.51292811609187,38.47307208770791,23407.28983577667,0.6425099320417411,3.886126506348836,21.367046953260406,9.632928717023177,110085160.11676317,0.0,116335191.49526577,1569847.2295350356,9494836.350641938,52070612.116821535,2457681185.295
42,2024-03-01,45.06190245234425,0.0,47.62190867185484,352.1302776397805,0.47136965965644617,76.51292811609187,38.47307208770791,23407.28983577667,0.6425099320417411,3.886126506348836,21.367046953260406,9.632928717023177,110085160.11676317,0.0,116335191.49526577,1569847.2295350356,9494836.350641938,52070612.116821535,2457681185.295
43,2024-03-01,45.06190245234425,0.0,47.62190867185484,352.1302776397805,0.47136965965644617,76.51292811609187,38.47307208770791,23407.28983577667,0.6425099320417411,3.886126506348836,21.367046953260406,9.632928717023177,110085160.11676317,0.0,116335191.49526577,1569847.2295350356,9494836.350641938,52070612.116821535,2457681185.295
44,2024-03-01,45.06190245234425,0.0,47.62190867185484,352.1302776397805,0.47136965965644617,76.51292811609187,38.47307208770791,23407.28983577667,0.6425099320417411,3.886126506348836,21.367046953260406,9.632928717023177,110085160.11676317,0.0,116335191.49526577,1569847.2295350356,9494836.350641938,52070612.116821535,2457681185.295
45,2024-03-01,45.06190245234425,0.0,47.62190867185484,352.1302776397805,0.47136965965644617,76.51292811609187,38.47307208770791,23407.28983577667,0.6425099320417411,3.886126506348836,21.367046953260406,9.632928717023177,110085160.11676317,0.0,116335191.49526577,1569847.2295350356,9494836.350641938,52070612.116821535,2457681185.295
46,2024-03-01,45.06190245234425,0.0,47.62190867185484,352.1302776397805,0.47136965965644617,76.51292811609187,38.47307208770791,23407.28983577667,0.6425099320417411,3.886126506348836,21.367046953260406,9.632928717023177,110085160.11676317,0.0,116335191.49526577,1569847.2295350356,9494836.350641938,52070612.116821535,2457681185.295
47,2024-03-01,45.06190245234425,0.0,47.62190867185484,352.1302776397805,0.47136965965644617,76.51292811609187,38.47307208770791,23407.28983577667,0.6425099320417411,3.886126506348836,21.367046953260406,9.632928717023177,110085160.11676317,0.0,116335191.49526577,1569847.2295350356,9494836.350641938,52070612.116821535,2457681185.295
48,2024-03-01,45.06190245234425,0.0,47.62190867185484,352.1302776397805,0.47136965965644617,76.51292811609187,38.47307208770791,23407.28983577667,0.6425099320417411,3.886126506348836,21.367046953260406,9.632928717023177,110085160.11676317,0.0,116335191.49526577,1569847.2295350356,9494836.350641938,52070612.116821535,2457681185.295
49,2024-03-01,45.06190245234425,0.0,47.62190867185484,352.1302776397805,0.47136965965644617,76.51292811609187,38.47307208770791,23407.28983577667,0.6425099320417411,3.886126506348836,21.367046953260406,9.632928717023177,110085160.11676317,0.0,116335191.49526577,1569847.2295350356,9494836.350641938,52070612.116821535,2457681185.295
50,2024-03-01,45.06190245234425,0.0,47.62190867185484,352.1302776397805,0.47136965965644617,76.51292811609187,38.47307208770791,23407.28983577667,0.6425099320417411,3.886126506348836,21.367046953260406,9.632928717023177,110085160.11676317,0.0,116335191.49526577,1569847.2295350356,9494836.350641938,52070612.116821535,2457681185.295
51,2024-03-01,45.06190245234425,0.0,47.62190867185484,352.1302776397805,0.47136965965644617,76.51292811609187,38.47307208770791,23407.28983577667,0.6425099320417411,3.886126506348836,21.367046953260406,9.632928717023177,110085160.11676317,0.0,116335191.49526577,1569847.2295350356,9494836.350641938,52070612.116821535,2457681185.295
52,2024-03-01,45.06190245234425,0.0,47.62190867185484,352.1302776397805,0.47136965965644617,76.51292811609187,38.47307208770791,23407.28983577667,0.6425099320417411,3.886126506348836,21.367046953260406,9.632928717023177,110085160.11676317,0.0,116335191.49526577,1569847.2295350356,9494836.350641938,52070612.116821535,2457681185.295
53,2024-03-01,45.06190245234425,0.0,47.62190867185484,352.1302776397805,0.47136965965644617,76.51292811609187,38.47307208770791,23407.28983577667,0.6425099320417411,3.886126506348836,21.367046953260406,9.632928717023177,110085160.11676317,0.0,116335191.49526577,1569847.2295350356,9494836.350641938,52070612.116821535,2457681185.295
54,2024-03-01,45.06190245234425,0.0,47.62190867185484,352.1302776397805,0.47136965965644617,76.51292811609187,38.47307208770791,23407.28983577667,0.6425099320417411,3.886126506348836,21.367046953260406,9.632928717023177,110085160.11676317,0.0,116335191.49526577,1569847.2295350356,9494836.350641938,52070612.116821535,2457681185.295
55,2024-03-01,45.06190245234425,0.0,47.62190867185484,352.1302776397805,0.47136965965644617,76.51292811609187,38.47307208770791,23407.28983577667,0.6425099320417411,3.886126506348836,21.367046953260406,9.632928717023177,110085160.11676317,0.0,116335191.49526577,1569847.2295350356,9494836.350641938,52070612.116821535,2457681185.295
56,2024-03-01,45.06190245234425,0.0,47.62190867185484,352.1302776397805,0.47136965965644617,76.51292811609187,38.47307208770791,23407.28983577667,0.6425099320417411,3.886126506348836,21.367046953260406,9.632928717023177,110085160.11676317,0.0,116335191.49526577,1569847.2295350356,9494836.350641938,52070612.116821535,2457681185.295
57,2024-03-01,45.06190245234425,0.0,47.62190867185484,352.1302776397805,0.47136965965644617,76.51292811609187,38.47307208770791,23407.28983577667,0.6425099320417411,3.886126506348836,21.367046953260406,9.632928717023177,110085160.11676317,0.0,116335191.49526577,1569847.2295350356,9494836.350641938,52070612.116821535,2457681185.295
58,2024-03-01,45.06190245234425,0.0,47.62190867185484,352.1302776397805,0.47136965965644617,76.51292811609187,38.47307208770791,23407.28983577667,0.6425099320417411,3.886126506348836,21.367046953260406,9.632928717023177,110085160.11676317,0.0,116335191.49526577,1569847.2295350356,9494836.350641938,52070612.116821535,2457681185.295
59,2024-03-01,45.06190245234425,0.0,47.62190867185484,352.1302776397805,0.47136965965644617,76.51292811609187,38.47307208770791,23407.28983577667,0.6425099320417411,3.886126506348836,21.367046953260406,9.632928717023177,110085160.11676317,0.0,116335191.49526577,1569847.2295350356,9494836.350641938,52070612.116821535,2457681185.295
60,2024-04-01,11.612956514200908,0.28270938923372946,53.34164323869558,352.1302776397805,0.47136965965644617,76.51292811609187,38.47307208770791,23407.28983577667,0.0,0.4561316706528679,10.80282467229582,3.921308822145405,28369708.572248034,690613.3908907932,130308179.97852461,0.0,1114473.350602418,26326815.756543152,2457681185.295
61,2024-04-01,11.612956514200908,0.28270938923372946,53.34164323869558,352.1302776397805,0.47136965965644617,76.51292811609187,38.47307208770791,23407.28983577667,0.0,0.4561316706528679,10.80282467229582,3.921308822145405,28369708.572248034,690613.3908907932,130308179.97852461,0.0,1114473.350602418,26326815.756543152,2457681185.295
62,2024-04-01,11.612956514200908,0.28270938923372946,53.34164323869558,352.1302776397805,0.47136965965644617,76.51292811609187,38.47307208770791,23407.28983577667,0.0,0.4561316706528679,10.80282467229582,3.921308822145405,28369708.572248034,690613.3908907932,130308179.97852461,0.0,1114473.350602418,26326815.756543152,2457681185.295
63,2024-04-01,11.612956514200908,0.28270938923372946,53.34164323869558,352.1302776397805,0.47136965965644617,76.51292811609187,38.47307208770791,23407.28983577667,0.0,0.4561316706528679,10.80282467229582,3.921308822145405,28369708.572248034,690613.3908907932,130308179.97852461,0.0,1114473.350602418,26326815.756543152,2457681185.295
64,2024-04-01,11.612956514200908,0.28270938923372946,53.34164323869558,352.1302776397805,0.47136965965644617,76.51292811609187,38.47307208770791,23407.28983577667,0.0,0.4561316706528679,10.80282467229582,3.921308822145405,28369708.572248034,690613.3908907932,130308179.97852461,0.0,1114473.350602418,26326815.756543152,2457681185.295
65,2024-04-01,11.612956514200908,0.28270938923372946,53.34164323869558,352.1302776397805,0.47136965965644617,76.51292811609187,38.47307208770791,23407.28983577667,0.0,0.4561316706528679,10.80282467229582,3.921308822145405,28369708.572248034,690613.3908907932,130308179.97852461,0.0,1114473.350602418,26326815.756543152,2457681185.295
66,2024-04-01,11.612956514200908,0.28270938923372946,53.34164323869558,352.1302776397805,0.47136965965644617,76.51292811609187,38.47307208770791,23407.28983577667,0.0,0.4561316706528679,10.80282467229582,3.921308822145405,28369708.572248034,690613.3908907932,130308179.97852461,0.0,1114473.350602418,26326815.756543152,2457681185.295
67,2024-04-01,11.612956514200908,0.28270938923372946,53.34164323869558,352.1302776397805,0.47136965965644617,76.51292811609187,38.47307208770791,23407.28983577667,0.0,0.4561316706528679,10.80282467229582,3.921308822145405,28369708.572248034,690613.3908907932,130308179.97852461,0.0,1114473.350602418,26326815.756543152,2457681185.295
68,2024-04-01,11.612956514200908,0.28270938923372946,53.34164323869558,352.1302776397805,0.47136965965644617,76.51292811609187,38.47307208770791,23407.28983577667,0.0,0.4561316706528679,10.80282467229582,3.921308822145405,28369708.572248034,690613.3908907932,130308179.97852461,0.0,1114473.350602418,26326815.756543152,2457681185.295
69,2024-04-01,11.612956514200908,0.28270938923372946,53.34164323869558,352.1302776397805,0.47136965965644617,76.51292811609187,38.47307208770791,23407.28983577667,0.0,0.4561316706528679,10.80282467229582,3.921308822145405,28369708.572248034,690613.3908907932,130308179.97852461,0.0,1114473.350602418,26326815.756543152,2457681185.295
70,2024-04-01,11.612956514200908,0.28270938923372946,53.34164323869558,352.1302776397805,0.47136965965644617,76.51292811609187,38.47307208770791,23407.28983577667,0.0,0.4561316706528679,10.80282467229582,3.921308822145405,28369708.572248034,690613.3908907932,130308179.97852461,0.0,1114473.350602418,26326815.756543152,2457681185.295
71,2024-04-01,11.612956514200908,0.28270938923372946,53.34164323869558,352.1302776397805,0.47136965965644617,76.51292811609187,38.47307208770791,23407.28983577667,0.0,0.4561316706528679,10.80282467229582,3.921308822145405,28369708.572248034,690613.3908907932,130308179.97852461,0.0,1114473.350602418,26326815.756543152,2457681185.295
72,2024-04-01,11.612956514200908,0.28270938923372946,53.34164323869558,352.1302776397805,0.47136965965644617,76.51292811609187,38.47307208770791,23407.28983577667,0.0,0.4561316706528679,10.80282467229582,3.921308822145405,28369708.572248034,690613.3908907932,130308179.97852461,0.0,1114473.350602418,26326815.756543152,2457681185.295
73,2024-04-01,11.612956514200908,0.28270938923372946,53.34164323869558,352.1302776397805,0.47136965965644617,76.51292811609187,38.47307208770791,23407.28983577667,0.0,0.4561316706528679,10.80282467229582,3.921308822145405,28369708.572248034,690613.3908907932,130308179.97852461,0.0,1114473.350602418,26326815.756543152,2457681185.295
74,2024-04-01,11.612956514200908,0.28270938923372946,53.34164323869558,352.1302776397805,0.47136965965644617,76.51292811609187,38.47307208770791,23407.28983577667,0.0,0.4561316706528679,10.80282467229582,3.921308822145405,28369708.572248034,690613.3908907932,130308179.97852461,0.0,1114473.350602418,26326815.756543152,2457681185.295
75,2024-04-01,11.612956514200908,0.28270938923372946,53.34164323869558,352.1302776397805,0.47136965965644617,76.51292811609187,38.47307208770791,23407.28983577667,0.0,0.4561316706528679,10.80282467229582,3.921308822145405,28369708.572248034,690613.3908907932,130308179.97852461,0.0,1114473.350602418,26326815.756543152,2457681185.295
76,2024-04-01,11.612956514200908,0.28270938923372946,53.34164323869558,352.1302776397805,0.47136965965644617,76.51292811609187,38.47307208770791,23407.28983577667,0.0,0.4561316706528679,10.80282467229582,3.921308822145405,28369708.572248034,690613.3908907932,130308179.97852461,0.0,1114473.350602418,26326815.756543152,2457681185.295
77,2024-04-01,11.612956514200908,0.28270938923372946,53.34164323869558,352.1302776397805,0.47136965965644617,76.51292811609187,38.47307208770791,23407.28983577667,0.0,0.4561316706528679,10.80282467229582,3.921308822145405,28369708.572248034,690613.3908907932,130308179.97852461,0.0,1114473.350602418,26326815.756543152,2457681185.295
78,2024-04-01,11.612956514200908,0.28270938923372946,53.34164323869558,352.1302776397805,0.47136965965644617,76.51292811609187,38.47307208770791,23407.28983577667,0.0,0.4561316706528679,10.80282467229582,3.921308822145405,28369708.572248034,690613.3908907932,130308179.97852461,0.0,1114473.350602418,26326815.756543152,2457681185.295
79,2024-04-01,11.612956514200908,0.28270938923372946,53.34164323869558,352.1302776397805,0.47136965965644617,76.51292811609187,38.47307208770791,23407.28983577667,0.0,0.4561316706528679,10.80282467229582,3.921308822145405,28369708.572248034,690613.3908907932,130308179.97852461,0.0,1114473.350602418,26326815.756543152,2457681185.295
80,2024-05-01,8.424214794202678,0.735044429746469,60.745536108511004,352.1302776397805,0.47136965965644617,76.51292811609187,38.47307208770791,23407.28983577667,0.0,0.011637717739227957,4.4764380322004,1.4263153314173782,20579733.20491876,1795594.8596496994,148395929.64235464,0.0,28431.850137349793,10909263.052985543,2457681185.295
81,2024-05-01,8.424214794202678,0.735044429746469,60.745536108511004,352.1302776397805,0.47136965965644617,76.51292811609187,38.47307208770791,23407.28983577667,0.0,0.011637717739227957,4.4764380322004,1.4263153314173782,20579733.20491876,1795594.8596496994,148395929.64235464,0.0,28431.850137349793,10909263.052985543,2457681185.295
82,2024-05-01,8.424214794202678,0.735044429746469,60.745536108511004,352.1302776397805,0.47136965965644617,76.51292811609187,38.47307208770791,23407.28983577667,0.0,0.011637717739227957,4.4764380322004,1.4263153314173782,20579733.20491876,1795594.8596496994,148395929.64235464,0.0,28431.850137349793,10909263.052985543,2457681185.295
83,2024-05-01,8.424214794202678,0.735044429746469,60.745536108511004,352.1302776397805,0.47136965965644617,76.51292811609187,38.47307208770791,23407.28983577667,0.0,0.011637717739227957,4.4764380322004,1.4263153314173782,20579733.20491876,1795594.8596496994,148395929.64235464,0.0,28431.850137349793,10909263.052985543,2457681185.295
84,2024-05-01,8.424214794202678,0.735044429746469,60.745536108511004,352.1302776397805,0.47136965965644617,76.51292811609187,38.47307208770791,23407.28983577667,0.0,0.011637717739227957,4.4764380322004,1.4263153314173782,20579733.20491876,1795594.8596496994,148395929.64235464,0.0,28431.850137349793,10909263.052985543,2457681185.295
85,2024-05-01,8.424214794202678,0.735044429746469,60.745536108511004,352.1302776397805,0.47136965965644617,76.51292811609187,38.47307208770791,23407.28983577667,0.0,0.011637717739227957,4.4764380322004,1.4263153314173782,20579733.20491876,1795594.8596496994,148395929.64235464,0.0,28431.850137349793,10909263.052985543,2457681185.295
86,2024-05-01,8.424214794202678,0.735044429746469,60.745536108511004,352.1302776397805,0.47136965965644617,76.51292811609187,38.47307208770791,23407.28983577667,0.0,0.011637717739227957,4.4764380322004,1.4263153314173782,20579733.20491876,1795594.8596496994,148395929.64235464,0.0,28431.850137349793,10909263.052985543,2457681185.295
87,2024-05-01,8.424214794202678,0.735044429746469,60.745536108511004,352.1302776397805,0.47136965965644617,76.51292811609187,38.47307208770791,23407.28983577667,0.0,0.011637717739227957,4.4764380322004,1.4263153314173782,20579733.20491876,1795594.8596496994,148395929.64235464,0.0,28431.850137349793,10909263.052985543,2457681185.295
88,2024-05-01,8.424214794202678,0.735044429746469,60.745536108511004,352.1302776397805,0.47136965965644617,76.51292811609187,38.47307208770791,23407.28983577667,0.0,0.011637717739227957,4.4764380322004,1.4263153314173782,20579733.20491876,1795594.8596496994,148395929.64235464,0.0,28431.850137349793,10909263.052985543,2457681185.295
89,2024-05-01,8.424214794202678,0.735044429746469,60.745536108511004,352.1302776397805,0.47136965965644617,76.51292811609187,38.47307208770791,23407.28983577667,0.0,0.011637717739227957,4.4764380322004,1.4263153314173782,20579733.20491876,1795594.8596496994,148395929.64235464,0.0,28431.850137349793,10909263.052985543,2457681185.295
90,2024-05-01,8.424214794202678,0.735044429746469,60.745536108511004,352.1302776397805,0.47136965965644617,76.51292811609187,38.47307208770791,23407.28983577667,0.0,0.011637717739227957,4.4764380322004,1.4263153314173782,20579733.20491876,1795594.8596496994,148395929.64235464,0.0,28431.850137349793,10909263.052985543,2457681185.295
91,2024-05-01,8.424214794202678,0.735044429746469,60.745536108511004,352.1302776397805,0.47136965965644617,76.51292811609187,38.47307208770791,23407.28983577667,0.0,0.011637717739227957,4.4764380322004,1.4263153314173782,20579733.20491876,1795594.8596496994,148395929.64235464,0.0,28431.850137349793,10909263.052985543,2457681185.295
92,2024-05-01,8.424214794202678,0.735044429746469,60.745536108511004,352.1302776397805,0.47136965965644617,76.51292811609187,38.47307208770791,23407.28983577667,0.0,0.011637717739227957,4.4764380322004,1.4263153314173782,20579733.20491876,1795594.8596496994,148395929.64235464,0.0,28431.850137349793,10909263.052985543,2457681185.295
93,2024-05-01,8.424214794202678,0.735044429746469,60.745536108511004,352.1302776397805,0.47136965965644617,76.51292811609187,38.47307208770791,23407.28983577667,0.0,0.011637717739227957,4.4764380322004,1.4263153314173782,20579733.20491876,1795594.8596496994,148395929.64235464,0.0,28431.850137349793,10909263.052985543,2457681185.295
94,2024-05-01,8.424214794202678,0.735044429746469,60.745536108511004,352.1302776397805,0.47136965965644617,76.51292811609187,38.47307208770791,23407.28983577667,0.0,0.011637717739227957,4.4764380322004,1.4263153314173782,20579733.20491876,1795594.8596496994,148395929.64235464,0.0,28431.850137349793,10909263.052985543,2457681185.295
95,2024-05-01,8.424214794202678,0.735044429746469,60.745536108511004,352.1302776397805,0.47136965965644617,76.51292811609187,38.47307208770791,23407.28983577667,0.0,0.011637717739227957,4.4764380322004,1.4263153314173782,20579733.20491876,1795594.8596496994,148395929.64235464,0.0,28431.850137349793,10909263.052985543,2457681185.295
96,2024-05-01,8.424214794202678,0.735044429746469,60.745536108511004,352.1302776397805,0.47136965965644617,76.51292811609187,38.47307208770791,23407.28983577667,0.0,0.011637717739227957,4.4764380322004,1.4263153314173782,20579733.20491876,1795594.8596496994,148395929.64235464,0.0,28431.850137349793,10909263.052985543,2457681185.295
97,2024-05-01,8.424214794202678,0.735044429746469,60.745536108511004,352.1302776397805,0.47136965965644617,76.51292811609187,38.47307208770791,23407.28983577667,0.0,0.011637717739227957,4.4764380322004,1.4263153314173782,20579733.20491876,1795594.8596496994,148395929.64235464,0.0,28431.850137349793,10909263.052985543,2457681185.295
98,2024-05-01,8.424214794202678,0.735044429746469,60.745536108511004,352.1302776397805,0.47136965965644617,76.51292811609187,38.47307208770791,23407.28983577667,0.0,0.011637717739227957,4.4764380322004,1.4263153314173782,20579733.20491876,1795594.8596496994,148395929.64235464,0.0,28431.850137349793,10909263.052985543,2457681185.295
99,2024-05-01,8.424214794202678,0.735044429746469,60.745536108511004,352.1302776397805,0.47136965965644617,76.51292811609187,38.47307208770791,23407.28983577667,0.0,0.011637717739227957,4.4764380322004,1.4263153314173782,20579733.20491876,1795594.8596496994,148395929.64235464,0.0,28431.850137349793,10909263.052985543,2457681185.295
100,2024-06-01,57.98752408621265,1.1308375569349178,68.7206850654512,352.1302776397805,0.47136965965644617,76.51292811609187,38.47307208770791,23407.28983577667,0.0,0.6808035895990758,8.363563468632481,6.5461669733601155,141657940.64735687,2762453.5635631727,167878628.85970238,0.0,1663155.3910632818,20380879.36250055,2457681185.295
101,2024-06-01,57.98752408621265,1.1308375569349178,68.7206850654512,352.1302776397805,0.47136965965644617,76.51292811609187,38.47307208770791,23407.28983577667,0.0,0.6808035895990758,8.363563468632481,6.5461669733601155,141657940.64735687,2762453.5635631727,167878628.85970238,0.0,1663155.3910632818,20380879.36250055,2457681185.295
102,2024-06-01,57.98752408621265,1.1308375569349178,68.7206850654512,352.1302776397805,0.47136965965644617,76.51292811609187,38.47307208770791,23407.28983577667,0.0,0.6808035895990758,8.363563468632481,6.5461669733601155,141657940.64735687,2762453.5635631727,167878628.85970238,0.0,1663155.3910632818,20380879.36250055,2457681185.295
103,2024-06-01,57.98752408621265,1.1308375569349178,68.7206850654512,352.1302776397805,0.47136965965644617,76.51292811609187,38.47307208770791,23407.28983577667,0.0,0.6808035895990758,8.363563468632481,6.5461669733601155,141657940.64735687,2762453.5635631727,167878628.85970238,0.0,1663155.3910632818,20380879.36250055,2457681185.295
104,2024-06-01,57.98752408621265,1.1308375569349178,68.7206850654512,352.1302776397805,0.47136965965644617,76.51292811609187,38.47307208770791,23407.28983577667,0.0,0.6808035895990758,8.363563468632481,6.5461669733601155,141657940.64735687,2762453.5635631727,167878628.85970238,0.0,1663155.3910632818,20380879.36250055,2457681185.295
105,2024-06-01,57.98752408621265,1.1308375569349178,68.7206850654512,352.1302776397805,0.47136965965644617,76.51292811609187,38.47307208770791,23407.28983577667,0.0,0.6808035895990758,8.363563468632481,6.5461669733601155,141657940.64735687,2762453.5635631727,167878628.85970238,0.0,1663155.3910632818,20380879.36250055,2457681185.295
106,2024-06-01,57.98752408621265,1.1308375569349178,68.7206850654512,352.1302776397805,0.47136965965644617,76.51292811609187,38.47307208770791,23407.28983577667,0.0,0.6808035895990758,8.363563468632481,6.5461669733601155,141657940.64735687,2762453.5635631727,167878628.85970238,0.0,1663155.3910632818,20380879.36250055,2457681185.295
107,2024-06-01,57.98752408621265,1.1308375569349178,68.7206850654512,352.1302776397805,0.47136965965644617,76.51292811609187,38.47307208770791,23407.28983577667,0.0,0.6808035895990758,8.363563468632481,6.5461669733601155,141657940.64735687,2762453.5635631727,167878628.85970238,0.0,1663155.3910632818,20380879.36250055,2457681185.295
108,2024-06-01,57.98752408621265,1.1308375569349178,68.7206850654512,352.1302776397805,0.47136965965644617,76.51292811609187,38.47307208770791,23407.28983577667,0.0,0.6808035895990758,8.363563468632481,6.5461669733601155,141657940.64735687,2762453.5635631727,167878628.85970238,0.0,1663155.3910632818,20380879.36250055,2457681185.295
109,2024-06-01,57.98752408621265,1.1308375569349178,68.7206850654512,352.1302776397805,0.47136965965644617,76.51292811609187,38.47307208770791,23407.28983577667,0.0,0.6808035895990758,8.363563468632481,6.5461669733601155,141657940.64735687,2762453.5635631727,167878628.85970238,0.0,1663155.3910632818,20380879.36250055,2457681185.295
110,2024-06-01,57.98752408621265,1.1308375569349178,68.7206850654512,352.1302776397805,0.47136965965644617,76.51292811609187,38.47307208770791,23407.28983577667,0.0,0.6808035895990758,8.363563468632481,6.5461669733601155,141657940.64735687,2762453.5635631727,167878628.85970238,0.0,1663155.3910632818,20380879.36250055,2457681185.295
111,2024-06-01,57.98752408621265,1.1308375569349178,68.7206850654512,352.1302776397805,0.47136965965644617,76.51292811609187,38.47307208770791,23407.28983577667,0.0,0.6808035895990758,8.363563468632481,6.5461669733601155,141657940.64735687,2762453.5635631727,167878628.85970238,0.0,1663155.3910632818,20380879.36250055,2457681185.295
112,2024-06-01,57.98752408621265,1.1308375569349178,68.7206850654512,352.1302776397805,0.47136965965644617,76.51292811609187,38.47307208770791,23407.28983577667,0.0,0.6808035895990758,8.363563468632481,6.5461669733601155,141657940.64735687,2762453.5635631727,167878628.85970238,0.0,1663155.3910632818,20380879.36250055,2457681185.295
113,2024-06-01,57.98752408621265,1.1308375569349178,68.7206850654512,352.1302776397805,0.47136965965644617,76.51292811609187,38.47307208770791,23407.28983577667,0.0,0.6808035895990758,8.363563468632481,6.5461669733601155,141657940.64735687,2762453.5635631727,167878628.85970238,0.0,1663155.3910632818,20380879.36250055,2457681185.295
114,2024-06-01,57.98752408621265,1.1308375569349178,68.7206850654512,352.1302776397805,0.47136965965644617,76.51292811609187,38.47307208770791,23407.28983577667,0.0,0.6808035895990758,8.363563468632481,6.5461669733601155,141657940.64735687,2762453.5635631727,167878628.85970238,0.0,1663155.3910632818,20380879.36250055,2457681185.295
115,2024-06-01,57.98752408621265,1.1308375569349178,68.7206850654512,352.1302776397805,0.47136965965644617,76.51292811609187,38.47307208770791,23407.28983577667,0.0,0.6808035895990758,8.363563468632481,6.5461669733601155,141657940.64735687,2762453.5635631727,167878628.85970238,0.0,1663155.3910632818,20380879.36250055,2457681185.295
116,2024-06-01,57.98752408621265,1.1308375569349178,68.7206850654512,352.1302776397805,0.47136965965644617,76.51292811609187,38.47307208770791,23407.28983577667,0.0,0.6808035895990758,8.363563468632481,6.5461669733601155,141657940.64735687,2762453.5635631727,167878628.85970238,0.0,1663155.3910632818,20380879.36250055,2457681185.295
117,2024-06-01,57.98752408621265,1.1308375569349178,68.7206850654512,352.1302776397805,0.47136965965644617,76.51292811609187,38.47307208770791,23407.28983577667,0.0,0.6808035895990758,8.363563468632481,6.5461669733601155,141657940.64735687,2762453.5635631727,167878628.85970238,0.0,1663155.3910632818,20380879.36250055,2457681185.295
118,2024-06-01,57.98752408621265,1.1308375569349178,68.7206850654512,352.1302776397805,0.47136965965644617,76.51292811609187,38.47307208770791,23407.28983577667,0.0,0.6808035895990758,8.363563468632481,6.5461669733601155,141657940.64735687,2762453.5635631727,167878628.85970238,0.0,1663155.3910632818,20380879.36250055,2457681185.295
119,2024-06-01,57.98752408621265,1.1308375569349178,68.7206850654512,352.1302776397805,0.47136965965644617,76.51292811609187,38.47307208770791,23407.28983577667,0.0,0.6808035895990758,8.363563468632481,6.5461669733601155,141657940.64735687,2762453.5635631727,167878628.85970238,0.0,1663155.3910632818,20380879.36250055,2457681185.295
120,2024-07-01,5.4651525926415445,1.470088859492938,78.97707564331259,352.1302776397805,0.47136965965644617,76.51292811609187,38.47307208770791,23407.28983577667,0.0,0.08125246560549886,1.9531526604444824,0.6844005236326497,13350843.60498876,3591189.719299399,192934008.76390418,0.0,198505.84400209752,4759772.419397346,2457681185.295
121,2024-07-01,5.4651525926415445,1.470088859492938,78.97707564331259,352.1302776397805,0.47136965965644617,76.51292811609187,38.47307208770791,23407.28983577667,0.0,0.08125246560549886,1.9531526604444824,0.6844005236326497,13350843.60498876,3591189.719299399,192934008.76390418,0.0,198505.84400209752,4759772.419397346,2457681185.295
122,2024-07-01,5.4651525926415445,1.470088859492938,78.97707564331259,352.1302776397805,0.47136965965644617,76.51292811609187,38.47307208770791,23407.28983577667,0.0,0.08125246560549886,1.9531526604444824,0.6844005236326497,13350843.60498876,3591189.719299399,192934008.76390418,0.0,198505.84400209752,4759772.419397346,2457681185.295
123,2024-07-01,5.4651525926415445,1.470088859492938,78.97707564331259,352.1302776397805,0.47136965965644617,76.51292811609187,38.47307208770791,23407.28983577667,0.0,0.08125246560549886,1.9531526604444824,0.6844005236326497,13350843.60498876,3591189.719299399,192934008.76390418,0.0,198505.84400209752,4759772.419397346,2457681185.295
124,2024-07-01,5.4651525926415445,1.470088859492938,78.97707564331259,352.1302776397805,0.47136965965644617,76.51292811609187,38.47307208770791,23407.28983577667,0.0,0.08125246560549886,1.9531526604444824,0.6844005236326497,13350843.60498876,3591189.719299399,192934008.76390418,0.0,198505.84400209752,4759772.419397346,2457681185.295
125,2024-07-01,5.4651525926415445,1.470088859492938,78.97707564331259,352.1302776397805,0.47136965965644617,76.51292811609187,38.47307208770791,23407.28983577667,0.0,0.08125246560549886,1.9531526604444824,0.6844005236326497,13350843.60498876,3591189.719299399,192934008.76390418,0.0,198505.84400209752,4759772.419397346,2457681185.295
126,2024-07-01,5.4651525926415445,1.470088859492938,78.97707564331259,352.1302776397805,0.47136965965644617,76.51292811609187,38.47307208770791,23407.28983577667,0.0,0.08125246560549886,1.9531526604444824,0.6844005236326497,13350843.60498876,3591189.719299399,192934008.76390418,0.0,198505.84400209752,4759772.419397346,2457681185.295
127,2024-07-01,5.4651525926415445,1.470088859492938,78.97707564331259,352.1302776397805,0.47136965965644617,76.51292811609187,38.47307208770791,23407.28983577667,0.0,0.08125246560549886,1.9531526604444824,0.6844005236326497,13350843.60498876,3591189.719299399,192934008.76390418,0.0,198505.84400209752,4759772.419397346,2457681185.295
128,2024-07-01,5.4651525926415445,1.470088859492938,78.97707564331259,352.1302776397805,0.47136965965644617,76.51292811609187,38.47307208770791,23407.28983577667,0.0,0.08125246560549886,1.9531526604444824,0.6844005236326497,13350843.60498876,3591189.719299399,192934008.76390418,0.0,198505.84400209752,4759772.419397346,2457681185.295
129,2024-07-01,5.4651525926415445,1.470088859492938,78.97707564331259,352.1302776397805,0.47136965965644617,76.51292811609187,38.47307208770791,23407.28983577667,0.0,0.08125246560549886,1.9531526604444824,0.6844005236326497,13350843.60498876,3591189.719299399,192934008.76390418,0.0,198505.84400209752,4759772.419397346,2457681185.295
130,2024-07-01,5.4651525926415445,1.470088859492938,78.97707564331259,352.1302776397805,0.47136965965644617,76.51292811609187,38.47307208770791,23407.28983577667,0.0,0.08125246560549886,1.9531526604444824,0.6844005236326497,13350843.60498876,3591189.719299399,192934008.76390418,0.0,198505.84400209752,4759772.419397346,2457681185.295
131,2024-07-01,5.4651525926415445,1.470088859492938,78.97707564331259,352.1302776397805,0.47136965965644617,76.51292811609187,38.47307208770791,23407.28983577667,0.0,0.08125246560549886,1.9531526604444824,0.6844005236326497,13350843.60498876,3591189.719299399,192934008.76390418,0.0,198505.84400209752,4759772.419397346,2457681185.295
132,2024-07-01,5.4651525926415445,1.470088859492938,78.97707564331259,352.1302776397805,0.47136965965644617,76.51292811609187,38.47307208770791,23407.28983577667,0.0,0.08125246560549886,1.9531526604444824,0.6844005236326497,13350843.60498876,3591189.719299399,192934008.76390418,0.0,198505.84400209752,4759772.419397346,2457681185.295
133,2024-07-01,5.4651525926415445,1.470088859492938,78.97707564331259,352.1302776397805,0.47136965965644617,76.51292811609187,38.47307208770791,23407.28983577667,0.0,0.08125246560549886,1.9531526604444824,0.6844005236326497,13350843.60498876,3591189.719299399,192934008.76390418,0.0,198505.84400209752,4759772.419397346,2457681185.295
134,2024-07-01,5.4651525926415445,1.470088859492938,78.97707564331259,352.1302776397805,0.47136965965644617,76.51292811609187,38.47307208770791,23407.28983577667,0.0,0.08125246560549886,1.9531526604444824,0.6844005236326497,13350843.60498876,3591189.719299399,192934008.76390418,0.0,198505.84400209752,4759772.419397346,2457681185.295
135,2024-07-01,5.4651525926415445,1.470088859492938,78.97707564331259,352.1302776397805,0.47136965965644617,76.51292811609187,38.47307208770791,23407.28983577667,0.0,0.08125246560549886,1.9531526604444824,0.6844005236326497,13350843.60498876,3591189.719299399,192934008.76390418,0.0,198505.84400209752,4759772.419397346,2457681185.295
136,2024-07-01,5.4651525926415445,1.470088859492938,78.97707564331259,352.1302776397805,0.47136965965644617,76.51292811609187,38.47307208770791,23407.28983577667,0.0,0.08125246560549886,1.9531526604444824,0.6844005236326497,13350843.60498876,3591189.719299399,192934008.76390418,0.0,198505.84400209752,4759772.419397346,2457681185.295
137,2024-07-01,5.4651525926415445,1.470088859492938,78.97707564331259,352.1302776397805,0.47136965965644617,76.51292811609187,38.47307208770791,23407.28983577667,0.0,0.08125246560549886,1.9531526604444824,0.6844005236326497,13350843.60498876,3591189.719299399,192934008.76390418,0.0,198505.84400209752,4759772.419397346,2457681185.295
138,2024-07-01,5.4651525926415445,1.470088859492938,78.97707564331259,352.1302776397805,0.47136965965644617,76.51292811609187,38.47307208770791,23407.28983577667,0.0,0.08125246560549886,1.9531526604444824,0.6844005236326497,13350843.60498876,3591189.719299399,192934008.76390418,0.0,198505.84400209752,4759772.419397346,2457681185.295
139,2024-07-01,5.4651525926415445,1.470088859492938,78.97707564331259,352.1302776397805,0.47136965965644617,76.51292811609187,38.47307208770791,23407.28983577667,0.0,0.08125246560549886,1.9531526604444824,0.6844005236326497,13350843.60498876,3591189.719299399,192934008.76390418,0.0,198505.84400209752,4759772.419397346,2457681185.295
140,2024-08-01,66.65026241231577,1.1873794638199089,65.59268565630164,352.1302776397805,0.47136965965644617,76.51292811609187,38.47307208770791,23407.28983577667,0.0,0.5875764679989816,9.277350911532345,6.909577669655218,162821781.9862414,2900576.312676974,160237123.12988803,0.0,1435449.3384869716,22607883.72783884,2457681185.295
141,2024-08-01,66.65026241231577,1.1873794638199089,65.59268565630164,352.1302776397805,0.47136965965644617,76.51292811609187,38.47307208770791,23407.28983577667,0.0,0.5875764679989816,9.277350911532345,6.909577669655218,162821781.9862414,2900576.312676974,160237123.12988803,0.0,1435449.3384869716,22607883.72783884,2457681185.295
142,2024-08-01,66.65026241231577,1.1873794638199089,65.59268565630164,352.1302776397805,0.47136965965644617,76.51292811609187,38.47307208770791,23407.28983577667,0.0,0.5875764679989816,9.277350911532345,6.909577669655218,162821781.9862414,2900576.312676974,160237123.12988803,0.0,1435449.3384869716,22607883.72783884,2457681185.295
143,2024-08-01,66.65026241231577,1.1873794638199089,65.59268565630164,352.1302776397805,0.47136965965644617,76.51292811609187,38.47307208770791,23407.28983577667,0.0,0.5875764679989816,9.277350911532345,6.909577669655218,162821781.9862414,2900576.312676974,160237123.12988803,0.0,1435449.3384869716,22607883.72783884,2457681185.295
144,2024-08-01,66.65026241231577,1.1873794638199089,65.59268565630164,352.1302776397805,0.47136965965644617,76.51292811609187,38.47307208770791,23407.28983577667,0.0,0.5875764679989816,9.277350911532345,6.909577669655218,162821781.9862414,2900576.312676974,160237123.12988803,0.0,1435449.3384869716,22607883.72783884,2457681185.295
145,2024-08-01,66.65026241231577,1.1873794638199089,65.59268565630164,352.1302776397805,0.47136965965644617,76.51292811609187,38.47307208770791,23407.28983577667,0.0,0.5875764679989816,9.277350911532345,6.909577669655218,162821781.9862414,2900576.312676974,160237123.12988803,0.0,1435449.3384869716,22607883.72783884,2457681185.295
146,2024-08-01,66.65026241231577,1.1873794638199089,65.59268565630164,352.1302776397805,0.47136965965644617,76.51292811609187,38.47307208770791,23407.28983577667,0.0,0.5875764679989816,9.277350911532345,6.909577669655218,162821781.9862414,2900576.312676974,160237123.12988803,0.0,1435449.3384869716,22607883.72783884,2457681185.295
147,2024-08-01,66.65026241231577,1.1873794638199089,65.59268565630164,352.1302776397805,0.47136965965644617,76.51292811609187,38.47307208770791,23407.28983577667,0.0,0.5875764679989816,9.277350911532345,6.909577669655218,162821781.9862414,2900576.312676974,160237123.12988803,0.0,1435449.3384869716,22607883.72783884,2457681185.295
148,2024-08-01,66.65026241231577,1.1873794638199089,65.59268565630164,352.1302776397805,0.47136965965644617,76.51292811609187,38.47307208770791,23407.28983577667,0.0,0.5875764679989816,9.277350911532345,6.909577669655218,162821781.9862414,2900576.312676974,160237123.12988803,0.0,1435449.3384869716,22607883.72783884,2457681185.295
149,2024-08-01,66.65026241231577,1.1873794638199089,65.59268565630164,352.1302776397805,0.47136965965644617,76.51292811609187,38.47307208770791,23407.28983577667,0.0,0.5875764679989816,9.277350911532345,6.909577669655218,162821781.9862414,2900576.312676974,160237123.12988803,0.0,1435449.3384869716,22607883.72783884,2457681185.295
150,2024-08-01,66.65026241231577,1.1873794638199089,65.59268565630164,352.1302776397805,0.47136965965644617,76.51292811609187,38.47307208770791,23407.28983577667,0.0,0.5875764679989816,9.277350911532345,6.909577669655218,162821781.9862414,2900576.312676974,160237123.12988803,0.0,1435449.3384869716,22607883.72783884,2457681185.295
151,2024-08-01,66.65026241231577,1.1873794638199089,65.59268565630164,352.1302776397805,0.47136965965644617,76.51292811609187,38.47307208770791,23407.28983577667,0.0,0.5875764679989816,9.277350911532345,6.909577669655218,162821781.9862414,2900576.312676974,160237123.12988803,0.0,1435449.3384869716,22607883.72783884,2457681185.295
152,2024-08-01,66.65026241231577,1.1873794638199089,65.59268565630164,352.1302776397805,0.47136965965644617,76.51292811609187,38.47307208770791,23407.28983577667,0.0,0.5875764679989816,9.277350911532345,6.909577669655218,162821781.9862414,2900576.312676974,160237123.12988803,0.0,1435449.3384869716,22607883.72783884,2457681185.295
153,2024-08-01,66.65026241231577,1.1873794638199089,65.59268565630164,352.1302776397805,0.47136965965644617,76.51292811609187,38.47307208770791,23407.28983577667,0.0,0.5875764679989816,9.277350911532345,6.909577669655218,162821781.9862414,2900576.312676974,160237123.12988803,0.0,1435449.3384869716,22607883.72783884,2457681185.295
154,2024-08-01,66.65026241231577,1.1873794638199089,65.59268565630164,352.1302776397805,0.47136965965644617,76.51292811609187,38.47307208770791,23407.28983577667,0.0,0.5875764679989816,9.277350911532345,6.909577669655218,162821781.9862414,2900576.312676974,160237123.12988803,0.0,1435449.3384869716,22607883.72783884,2457681185.295
155,2024-08-01,66.65026241231577,1.1873794638199089,65.59268565630164,352.1302776397805,0.47136965965644617,76.51292811609187,38.47307208770791,23407.28983577667,0.0,0.5875764679989816,9.277350911532345,6.909577669655218,162821781.9862414,2900576.312676974,160237123.12988803,0.0,1435449.3384869716,22607883.72783884,2457681185.295
156,2024-08-01,66.65026241231577,1.1873794638199089,65.59268565630164,352.1302776397805,0.47136965965644617,76.51292811609187,38.47307208770791,23407.28983577667,0.0,0.5875764679989816,9.277350911532345,6.909577669655218,162821781.9862414,2900576.312676974,160237123.12988803,0.0,1435449.3384869716,22607883.72783884,2457681185.295
157,2024-08-01,66.65026241231577,1.1873794638199089,65.59268565630164,352.1302776397805,0.47136965965644617,76.51292811609187,38.47307208770791,23407.28983577667,0.0,0.5875764679989816,9.277350911532345,6.909577669655218,162821781.9862414,2900576.312676974,160237123.12988803,0.0,1435449.3384869716,22607883.72783884,2457681185.295
158,2024-08-01,66.65026241231577,1.1873794638199089,65.59268565630164,352.1302776397805,0.47136965965644617,76.51292811609187,38.47307208770791,23407.28983577667,0.0,0.5875764679989816,9.277350911532345,6.909577669655218,162821781.9862414,2900576.312676974,160237123.12988803,0.0,1435449.3384869716,22607883.72783884,2457681185.295
159,2024-08-01,66.65026241231577,1.1873794638199089,65.59268565630164,352.1302776397805,0.47136965965644617,76.51292811609187,38.47307208770791,23407.28983577667,0.0,0.5875764679989816,9.277350911532345,6.909577669655218,162821781.9862414,2900576.312676974,160237123.12988803,0.0,1435449.3384869716,22607883.72783884,2457681185.295
160,2024-09-01,8.785932135967139,0.5654187784674589,49.693011426855804,352.1302776397805,0.47136965965644617,76.51292811609187,38.47307208770791,23407.28983577667,0.0,0.008179933988085109,2.5219527690656514,0.8970687062466468,21462282.688374825,1381226.7817815864,121395297.97687094,0.0,19984.420809348325,6145766.046874542,2457681185.295
161,2024-09-01,8.785932135967139,0.5654187784674589,49.693011426855804,352.1302776397805,0.47136965965644617,76.51292811609187,38.47307208770791,23407.28983577667,0.0,0.008179933988085109,2.5219527690656514,0.8970687062466468,21462282.688374825,1381226.7817815864,121395297.97687094,0.0,19984.420809348325,6145766.046874542,2457681185.295
162,2024-09-01,8.785932135967139,0.5654187784674589,49.693011426855804,352.1302776397805,0.47136965965644617,76.51292811609187,38.47307208770791,23407.28983577667,0.0,0.008179933988085109,2.5219527690656514,0.8970687062466468,21462282.688374825,1381226.7817815864,121395297.97687094,0.0,19984.420809348325,6145766.046874542,2457681185.295
163,2024-09-01,8.785932135967139,0.5654187784674589,49.693011426855804,352.1302776397805,0.47136965965644617,76.51292811609187,38.47307208770791,23407.28983577667,0.0,0.008179933988085109,2.5219527690656514,0.8970687062466468,21462282.688374825,1381226.7817815864,121395297.97687094,0.0,19984.420809348325,6145766.046874542,2457681185.295
164,2024-09-01,8.785932135967139,0.5654187784674589,49.693011426855804,352.1302776397805,0.47136965965644617,76.51292811609187,38.47307208770791,23407.28983577667,0.0,0.008179933988085109,2.5219527690656514,0.8970687062466468,21462282.688374825,1381226.7817815864,121395297.97687094,0.0,19984.420809348325,6145766.046874542,2457681185.295
165,2024-09-01,8.785932135967139,0.5654187784674589,49.693011426855804,352.1302776397805,0.47136965965644617,76.51292811609187,38.47307208770791,23407.28983577667,0.0,0.008179933988085109,2.5219527690656514,0.8970687062466468,21462282.688374825,1381226.7817815864,121395297.97687094,0.0,19984.420809348325,6145766.046874542,2457681185.295
166,2024-09-01,8.785932135967139,0.5654187784674589,49.693011426855804,352.1302776397805,0.47136965965644617,76.51292811609187,38.47307208770791,23407.28983577667,0.0,0.008179933988085109,2.5219527690656514,0.8970687062466468,21462282.688374825,1381226.7817815864,121395297.97687094,0.0,19984.420809348325,6145766.046874542,2457681185.295
167,2024-09-01,8.785932135967139,0.5654187784674589,49.693011426855804,352.1302776397805,0.47136965965644617,76.51292811609187,38.47307208770791,23407.28983577667,0.0,0.008179933988085109,2.5219527690656514,0.8970687062466468,21462282.688374825,1381226.7817815864,121395297.97687094,0.0,19984.420809348325,6145766.046874542,2457681185.295
168,2024-09-01,8.785932135967139,0.5654187784674589,49.693011426855804,352.1302776397805,0.47136965965644617,76.51292811609187,38.47307208770791,23407.28983577667,0.0,0.008179933988085109,2.5219527690656514,0.8970687062466468,21462282.688374825,1381226.7817815864,121395297.97687094,0.0,19984.420809348325,6145766.046874542,2457681185.295
169,2024-09-01,8.785932135967139,0.5654187784674589,49.693011426855804,352.1302776397805,0.47136965965644617,76.51292811609187,38.47307208770791,23407.28983577667,0.0,0.008179933988085109,2.5219527690656514,0.8970687062466468,21462282.688374825,1381226.7817815864,121395297.97687094,0.0,19984.420809348325,6145766.046874542,2457681185.295
170,2024-09-01,8.785932135967139,0.5654187784674589,49.693011426855804,352.1302776397805,0.47136965965644617,76.51292811609187,38.47307208770791,23407.28983577667,0.0,0.008179933988085109,2.5219527690656514,0.8970687062466468,21462282.688374825,1381226.7817815864,121395297.97687094,0.0,19984.420809348325,6145766.046874542,2457681185.295
171,2024-09-01,8.785932135967139,0.5654187784674589,49.693011426855804,352.1302776397805,0.47136965965644617,76.51292811609187,38.47307208770791,23407.28983577667,0.0,0.008179933988085109,2.5219527690656514,0.8970687062466468,21462282.688374825,1381226.7817815864,121395297.97687094,0.0,19984.420809348325,6145766.046874542,2457681185.295
172,2024-09-01,8.785932135967139,0.5654187784674589,49.693011426855804,352.1302776397805,0.47136965965644617,76.51292811609187,38.47307208770791,23407.28983577667,0.0,0.008179933988085109,2.5219527690656514,0.8970687062466468,21462282.688374825,1381226.7817815864,121395297.97687094,0.0,19984.420809348325,6145766.046874542,2457681185.295
173,2024-09-01,8.785932135967139,0.5654187784674589,49.693011426855804,352.1302776397805,0.47136965965644617,76.51292811609187,38.47307208770791,23407.28983577667,0.0,0.008179933988085109,2.5219527690656514,0.8970687062466468,21462282.688374825,1381226.7817815864,121395297.97687094,0.0,19984.420809348325,6145766.046874542,2457681185.295
174,2024-09-01,8.785932135967139,0.5654187784674589,49.693011426855804,352.1302776397805,0.47136965965644617,76.51292811609187,38.47307208770791,23407.28983577667,0.0,0.008179933988085109,2.5219527690656514,0.8970687062466468,21462282.688374825,1381226.7817815864,121395297.97687094,0.0,19984.420809348325,6145766.046874542,2457681185.295
175,2024-09-01,8.785932135967139,0.5654187784674589,49.693011426855804,352.1302776397805,0.47136965965644617,76.51292811609187,38.47307208770791,23407.28983577667,0.0,0.008179933988085109,2.5219527690656514,0.8970687062466468,21462282.688374825,1381226.7817815864,121395297.97687094,0.0,19984.420809348325,6145766.046874542,2457681185.295
176,2024-09-01,8.785932135967139,0.5654187784674589,49.693011426855804,352.1302776397805,0.47136965965644617,76.51292811609187,38.47307208770791,23407.28983577667,0.0,0.008179933988085109,2.5219527690656514,0.8970687062466468,21462282.688374825,1381226.7817815864,121395297.97687094,0.0,19984.420809348325,6145766.046874542,2457681185.295
177,2024-09-01,8.785932135967139,0.5654187784674589,49.693011426855804,352.1302776397805,0.47136965965644617,76.51292811609187,38.47307208770791,23407.28983577667,0.0,0.008179933988085109,2.5219527690656514,0.8970687062466468,21462282.688374825,1381226.7817815864,121395297.97687094,0.0,19984.420809348325,6145766.046874542,2457681185.295
178,2024-09-01,8.785932135967139,0.5654187784674589,49.693011426855804,352.1302776397805,0.47136965965644617,76.51292811609187,38.47307208770791,23407.28983577667,0.0,0.008179933988085109,2.5219527690656514,0.8970687062466468,21462282.688374825,1381226.7817815864,121395297.97687094,0.0,19984.420809348325,6145766.046874542,2457681185.295
179,2024-09-01,8.785932135967139,0.5654187784674589,49.693011426855804,352.1302776397805,0.47136965965644617,76.51292811609187,38.47307208770791,23407.28983577667,0.0,0.008179933988085109,2.5219527690656514,0.8970687062466468,21462282.688374825,1381226.7817815864,121395297.97687094,0.0,19984.420809348325,6145766.046874542,2457681185.295
180,2024-10-01,59.61396896871988,0.28270938923372946,36.710966538274455,352.1302776397805,0.47136965965644617,76.51292811609187,38.47307208770791,23407.28983577667,0.03460529924062798,3.7826633836837993,22.431320502052674,22.6371820250648,145629013.71409944,690613.3908907932,89681143.77409537,84535.4658756913,9239453.653219823,54659728.80922794,2457681185.295
181,2024-10-01,59.61396896871988,0.28270938923372946,36.710966538274455,352.1302776397805,0.47136965965644617,76.51292811609187,38.47307208770791,23407.28983577667,0.03460529924062798,3.7826633836837993,22.431320502052674,22.6371820250648,145629013.71409944,690613.3908907932,89681143.77409537,84535.4658756913,9239453.653219823,54659728.80922794,2457681185.295
182,2024-10-01,59.61396896871988,0.28270938923372946,36.710966538274455,352.1302776397805,0.47136965965644617,76.51292811609187,38.47307208770791,23407.28983577667,0.03460529924062798,3.7826633836837993,22.431320502052674,22.6371820250648,145629013.71409944,690613.3908907932,89681143.77409537,84535.4658756913,9239453.653219823,54659728.80922794,2457681185.295
183,2024-10-01,59.61396896871988,0.28270938923372946,36.710966538274455,352.1302776397805,0.47136965965644617,76.51292811609187,38.47307208770791,23407.28983577667,0.03460529924062798,3.7826633836837993,22.431320502052674,22.6371820250648,145629013.71409944,690613.3908907932,89681143.77409537,84535.4658756913,9239453.653219823,54659728.80922794,2457681185.295
184,2024-10-01,59.61396896871988,0.28270938923372946,36.710966538274455,352.1302776397805,0.47136965965644617,76.51292811609187,38.47307208770791,23407.28983577667,0.03460529924062798,3.7826633836837993,22.431320502052674,22.6371820250648,145629013.71409944,690613.3908907932,89681143.77409537,84535.4658756913,9239453.653219823,54659728.80922794,2457681185.295
185,2024-10-01,59.61396896871988,0.28270938923372946,36.710966538274455,352.1302776397805,0.47136965965644617,76.51292811609187,38.47307208770791,23407.28983577667,0.03460529924062798,3.7826633836837993,22.431320502052674,22.6371820250648,145629013.71409944,690613.3908907932,89681143.77409537,84535.4658756913,9239453.653219823,54659728.80922794,2457681185.295
186,2024-10-01,59.61396896871988,0.28270938923372946,36.710966538274455,352.1302776397805,0.47136965965644617,76.51292811609187,38.47307208770791,23407.28983577667,0.03460529924062798,3.7826633836837993,22.431320502052674,22.6371820250648,145629013.71409944,690613.3908907932,89681143.77409537,84535.4658756913,9239453.653219823,54659728.80922794,2457681185.295
187,2024-10-01,59.61396896871988,0.28270938923372946,36.710966538274455,352.1302776397805,0.47136965965644617,76.51292811609187,38.47307208770791,23407.28983577667,0.03460529924062798,3.7826633836837993,22.431320502052674,22.6371820250648,145629013.71409944,690613.3908907932,89681143.77409537,84535.4658756913,9239453.653219823,54659728.80922794,2457681185.295
188,2024-10-01,59.61396896871988,0.28270938923372946,36.710966538274455,352.1302776397805,0.47136965965644617,76.51292811609187,38.47307208770791,23407.28983577667,0.03460529924062798,3.7826633836837993,22.431320502052674,22.6371820250648,145629013.71409944,690613.3908907932,89681143.77409537,84535.4658756913,9239453.653219823,54659728.80922794,2457681185.295
189,2024-10-01,59.61396896871988,0.28270938923372946,36.710966538274455,352.1302776397805,0.47136965965644617,76.51292811609187,38.47307208770791,23407.28983577667,0.03460529924062798,3.7826633836837993,22.431320502052674,22.6371820250648,145629013.71409944,690613.3908907932,89681143.77409537,84535.4658756913,9239453.653219823,54659728.80922794,2457681185.295
190,2024-10-01,59.61396896871988,0.28270938923372946,36.710966538274455,352.1302776397805,0.47136965965644617,76.51292811609187,38.47307208770791,23407.28983577667,0.03460529924062798,3.7826633836837993,22.431320502052674,22.6371820250648,145629013.71409944,690613.3908907932,89681143.77409537,84535.4658756913,9239453.653219823,54659728.80922794,2457681185.295
191,2024-10-01,59.61396896871988,0.28270938923372946,36.710966538274455,352.1302776397805,0.47136965965644617,76.51292811609187,38.47307208770791,23407.28983577667,0.03460529924062798,3.7826633836837993,22.431320502052674,22.6371820250648,145629013.71409944,690613.3908907932,89681143.77409537,84535.4658756913,9239453.653219823,54659728.80922794,2457681185.295
192,2024-10-01,59.61396896871988,0.28270938923372946,36.710966538274455,352.1302776397805,0.47136965965644617,76.51292811609187,38.47307208770791,23407.28983577667,0.03460529924062798,3.7826633836837993,22.431320502052674,22.6371820250648,145629013.71409944,690613.3908907932,89681143.77409537,84535.4658756913,9239453.653219823,54659728.80922794,2457681185.295
193,2024-10-01,59.61396896871988,0.28270938923372946,36.710966538274455,352.1302776397805,0.47136965965644617,76.51292811609187,38.47307208770791,23407.28983577667,0.03460529924062798,3.7826633836837993,22.431320502052674,22.6371820250648,145629013.71409944,690613.3908907932,89681143.77409537,84535.4658756913,9239453.653219823,54659728.80922794,2457681185.295
194,2024-10-01,59.61396896871988,0.28270938923372946,36.710966538274455,352.1302776397805,0.47136965965644617,76.51292811609187,38.47307208770791,23407.28983577667,0.03460529924062798,3.7826633836837993,22.431320502052674,22.6371820250648,145629013.71409944,690613.3908907932,89681143.77409537,84535.4658756913,9239453.653219823,54659728.80922794,2457681185.295
195,2024-10-01,59.61396896871988,0.28270938923372946,36.710966538274455,352.1302776397805,0.47136965965644617,76.51292811609187,38.47307208770791,23407.28983577667,0.03460529924062798,3.7826633836837993,22.431320502052674,22.6371820250648,145629013.71409944,690613.3908907932,89681143.77409537,84535.4658756913,9239453.653219823,54659728.80922794,2457681185.295
196,2024-10-01,59.61396896871988,0.28270938923372946,36.710966538274455,352.1302776397805,0.47136965965644617,76.51292811609187,38.47307208770791,23407.28983577667,0.03460529924062798,3.7826633836837993,22.431320502052674,22.6371820250648,145629013.71409944,690613.3908907932,89681143.77409537,84535.4658756913,9239453.653219823,54659728.80922794,2457681185.295
197,2024-10-01,59.61396896871988,0.28270938923372946,36.710966538274455,352.1302776397805,0.47136965965644617,76.51292811609187,38.47307208770791,23407.28983577667,0.03460529924062798,3.7826633836837993,22.431320502052674,22.6371820250648,145629013.71409944,690613.3908907932,89681143.77409537,84535.4658756913,9239453.653219823,54659728.80922794,2457681185.295
198,2024-10-01,59.61396896871988,0.28270938923372946,36.710966538274455,352.1302776397805,0.47136965965644617,76.51292811609187,38.47307208770791,23407.28983577667,0.03460529924062798,3.7826633836837993,22.431320502052674,22.6371820250648,145629013.71409944,690613.3908907932,89681143.77409537,84535.4658756913,9239453.653219823,54659728.80922794,2457681185.295
199,2024-10-01,59.61396896871988,0.28270938923372946,36.710966538274455,352.1302776397805,0.47136965965644617,76.51292811609187,38.47307208770791,23407.28983577667,0.03460529924062798,3.7826633836837993,22.431320502052674,22.6371820250648,145629013.71409944,690613.3908907932,89681143.77409537,84535.4658756913,9239453.653219823,54659728.80922794,2457681185.295
200,2024-11-01,13.061186485643367,0.0,24.645894311619056,352.1302776397805,0.47136965965644617,76.51292811609187,38.47307208770791,23407.28983577667,0.0011481298893814375,0.38003355468056654,14.035853772403952,10.617340202993239,31907921.21743407,0.0,60207481.09487094,2805.1187463526608,928364.6179206768,34202603.07155151,2457681185.295
201,2024-11-01,13.061186485643367,0.0,24.645894311619056,352.1302776397805,0.47136965965644617,76.51292811609187,38.47307208770791,23407.28983577667,0.0011481298893814375,0.38003355468056654,14.035853772403952,10.617340202993239,31907921.21743407,0.0,60207481.09487094,2805.1187463526608,928364.6179206768,34202603.07155151,2457681185.295
202,2024-11-01,13.061186485643367,0.0,24.645894311619056,352.1302776397805,0.47136965965644617,76.51292811609187,38.47307208770791,23407.28983577667,0.0011481298893814375,0.38003355468056654,14.035853772403952,10.617340202993239,31907921.21743407,0.0,60207481.09487094,2805.1187463526608,928364.6179206768,34202603.07155151,2457681185.295
203,2024-11-01,13.061186485643367,0.0,24.645894311619056,352.1302776397805,0.47136965965644617,76.51292811609187,38.47307208770791,23407.28983577667,0.0011481298893814375,0.38003355468056654,14.035853772403952,10.617340202993239,31907921.21743407,0.0,60207481.09487094,2805.1187463526608,928364.6179206768,34202603.07155151,2457681185.295
204,2024-11-01,13.061186485643367,0.0,24.645894311619056,352.1302776397805,0.47136965965644617,76.51292811609187,38.47307208770791,23407.28983577667,0.0011481298893814375,0.38003355468056654,14.035853772403952,10.617340202993239,31907921.21743407,0.0,60207481.09487094,2805.1187463526608,928364.6179206768,34202603.07155151,2457681185.295
205,2024-11-01,13.061186485643367,0.0,24.645894311619056,352.1302776397805,0.47136965965644617,76.51292811609187,38.47307208770791,23407.28983577667,0.0011481298893814375,0.38003355468056654,14.035853772403952,10.617340202993239,31907921.21743407,0.0,60207481.09487094,2805.1187463526608,928364.6179206768,34202603.07155151,2457681185.295
206,2024-11-01,13.061186485643367,0.0,24.645894311619056,352.1302776397805,0.47136965965644617,76.51292811609187,38.47307208770791,23407.28983577667,0.0011481298893814375,0.38003355468056654,14.035853772403952,10.617340202993239,31907921.21743407,0.0,60207481.09487094,2805.1187463526608,928364.6179206768,34202603.07155151,2457681185.295
207,2024-11-01,13.061186485643367,0.0,24.645894311619056,352.1302776397805,0.47136965965644617,76.51292811609187,38.47307208770791,23407.28983577667,0.0011481298893814375,0.38003355468056654,14.035853772403952,10.617340202993239,31907921.21743407,0.0,60207481.09487094,2805.1187463526608,928364.6179206768,34202603.07155151,2457681185.295
208,2024-11-01,13.061186485643367,0.0,24.645894311619056,352.1302776397805,0.47136965965644617,76.51292811609187,38.47307208770791,23407.28983577667,0.0011481298893814375,0.38003355468056654,14.035853772403952,10.617340202993239,31907921.21743407,0.0,60207481.09487094,2805.1187463526608,928364.6179206768,34202603.07155151,2457681185.295
209,2024-11-01,13.061186485643367,0.0,24.645894311619056,352.1302776397805,0.47136965965644617,76.51292811609187,38.47307208770791,23407.28983577667,0.0011481298893814375,0.38003355468056654,14.035853772403952,10.617340202993239,31907921.21743407,0.0,60207481.09487094,2805.1187463526608,928364.6179206768,34202603.07155151,2457681185.295
210,2024-11-01,13.061186485643367,0.0,24.645894311619056,352.1302776397805,0.47136965965644617,76.51292811609187,38.47307208770791,23407.28983577667,0.0011481298893814375,0.38003355468056654,14.035853772403952,10.617340202993239,31907921.21743407,0.0,60207481.09487094,2805.1187463526608,928364.6179206768,34202603.07155151,2457681185.295
211,2024-11-01,13.061186485643367,0.0,24.645894311619056,352.1302776397805,0.47136965965644617,76.51292811609187,38.47307208770791,23407.28983577667,0.0011481298893814375,0.38003355468056654,14.035853772403952,10.617340202993239,31907921.21743407,0.0,60207481.09487094,2805.1187463526608,928364.6179206768,34202603.07155151,2457681185.295
212,2024-11-01,13.061186485643367,0.0,24.645894311619056,352.1302776397805,0.47136965965644617,76.51292811609187,38.47307208770791,23407.28983577667,0.0011481298893814375,0.38003355468056654,14.035853772403952,10.617340202993239,31907921.21743407,0.0,60207481.09487094,2805.1187463526608,928364.6179206768,34202603.07155151,2457681185.295
213,2024-11-01,13.061186485643367,0.0,24.645894311619056,352.1302776397805,0.47136965965644617,76.51292811609187,38.47307208770791,23407.28983577667,0.0011481298893814375,0.38003355468056654,14.035853772403952,10.617340202993239,31907921.21743407,0.0,60207481.09487094,2805.1187463526608,928364.6179206768,34202603.07155151,2457681185.295
214,2024-11-01,13.061186485643367,0.0,24.645894311619056,352.1302776397805,0.47136965965644617,76.51292811609187,38.47307208770791,23407.28983577667,0.0011481298893814375,0.38003355468056654,14.035853772403952,10.617340202993239,31907921.21743407,0.0,60207481.09487094,2805.1187463526608,928364.6179206768,34202603.07155151,2457681185.295
215,2024-11-01,13.061186485643367,0.0,24.645894311619056,352.1302776397805,0.47136965965644617,76.51292811609187,38.47307208770791,23407.28983577667,0.0011481298893814375,0.38003355468056654,14.035853772403952,10.617340202993239,31907921.21743407,0.0,60207481.09487094,2805.1187463526608,928364.6179206768,34202603.07155151,2457681185.295
216,2024-11-01,13.061186485643367,0.0,24.645894311619056,352.1302776397805,0.47136965965644617,76.51292811609187,38.47307208770791,23407.28983577667,0.0011481298893814375,0.38003355468056654,14.035853772403952,10.617340202993239,31907921.21743407,0.0,60207481.09487094,2805.1187463526608,928364.6179206768,34202603.07155151,2457681185.295
217,2024-11-01,13.061186485643367,0.0,24.645894311619056,352.1302776397805,0.47136965965644617,76.51292811609187,38.47307208770791,23407.28983577667,0.0011481298893814375,0.38003355468056654,14.035853772403952,10.617340202993239,31907921.21743407,0.0,60207481.09487094,2805.1187463526608,928364.6179206768,34202603.07155151,2457681185.295
218,2024-11-01,13.061186485643367,0.0,24.645894311619056,352.1302776397805,0.47136965965644617,76.51292811609187,38.47307208770791,23407.28983577667,0.0011481298893814375,0.38003355468056654,14.035853772403952,10.617340202993239,31907921.21743407,0.0,60207481.09487094,2805.1187463526608,928364.6179206768,34202603.07155151,2457681185.295
219,2024-11-01,13.061186485643367,0.0,24.645894311619056,352.1302776397805,0.47136965965644617,76.51292811609187,38.47307208770791,23407.28983577667,0.0011481298893814375,0.38003355468056654,14.035853772403952,10.617340202993239,31907921.21743407,0.0,60207481.09487094,2805.1187463526608,928364.6179206768,34202603.07155151,2457681185.295
220,2024-12-01,1.2947935008841527,0.0,18.9414110729877,352.1302776397805,0.47136965965644617,76.51292811609187,38.47307208770791,23407.28983577667,0.0,0.0032535847119195163,6.67717465496241,3.024072762860423,3162996.5817178227,0.0,46271805.8331052,0.0,7948.213327318045,16271080.539831216,2457681185.295
221,2024-12-01,1.2947935008841527,0.0,18.9414110729877,352.1302776397805,0.47136965965644617,76.51292811609187,38.47307208770791,23407.28983577667,0.0,0.0032535847119195163,6.67717465496241,3.024072762860423,3162996.5817178227,0.0,46271805.8331052,0.0,7948.213327318045,16271080.539831216,2457681185.295
222,2024-12-01,1.2947935008841527,0.0,18.9414110729877,352.1302776397805,0.47136965965644617,76.51292811609187,38.47307208770791,23407.28983577667,0.0,0.0032535847119195163,6.67717465496241,3.024072762860423,3162996.5817178227,0.0,46271805.8331052,0.0,7948.213327318045,16271080.539831216,2457681185.295
223,2024-12-01,1.2947935008841527,0.0,18.9414110729877,352.1302776397805,0.47136965965644617,76.51292811609187,38.47307208770791,23407.28983577667,0.0,0.0032535847119195163,6.67717465496241,3.024072762860423,3162996.5817178227,0.0,46271805.8331052,0.0,7948.213327318045,16271080.539831216,2457681185.295
224,2024-12-01,1.2947935008841527,0.0,18.9414110729877,352.1302776397805,0.47136965965644617,76.51292811609187,38.47307208770791,23407.28983577667,0.0,0.0032535847119195163,6.67717465496241,3.024072762860423,3162996.5817178227,0.0,46271805.8331052,0.0,7948.213327318045,16271080.539831216,2457681185.295
225,2024-12-01,1.2947935008841527,0.0,18.9414110729877,352.1302776397805,0.47136965965644617,76.51292811609187,38.47307208770791,23407.28983577667,0.0,0.0032535847119195163,6.67717465496241,3.024072762860423,3162996.5817178227,0.0,46271805.8331052,0.0,7948.213327318045,16271080.539831216,2457681185.295
226,2024-12-01,1.2947935008841527,0.0,18.9414110729877,352.1302776397805,0.47136965965644617,76.51292811609187,38.47307208770791,23407.28983577667,0.0,0.0032535847119195163,6.67717465496241,3.024072762860423,3162996.5817178227,0.0,46271805.8331052,0.0,7948.213327318045,16271080.539831216,2457681185.295
227,2024-12-01,1.2947935008841527,0.0,18.9414110729877,352.1302776397805,0.47136965965644617,76.51292811609187,38.47307208770791,23407.28983577667,0.0,0.0032535847119195163,6.67717465496241,3.024072762860423,3162996.5817178227,0.0,46271805.8331052,0.0,7948.213327318045,16271080.539831216,2457681185.295
228,2024-12-01,1.2947935008841527,0.0,18.9414110729877,352.1302776397805,0.47136965965644617,76.51292811609187,38.47307208770791,23407.28983577667,0.0,0.0032535847119195163,6.67717465496241,3.024072762860423,3162996.5817178227,0.0,46271805.8331052,0.0,7948.213327318045,16271080.539831216,2457681185.295
229,2024-12-01,1.2947935008841527,0.0,18.9414110729877,352.1302776397805,0.47136965965644617,76.51292811609187,38.47307208770791,23407.28983577667,0.0,0.0032535847119195163,6.67717465496241,3.024072762860423,3162996.5817178227,0.0,46271805.8331052,0.0,7948.213327318045,16271080.539831216,2457681185.295
230,2024-12-01,1.2947935008841527,0.0,18.9414110729877,352.1302776397805,0.47136965965644617,76.51292811609187,38.47307208770791,23407.28983577667,0.0,0.0032535847119195163,6.67717465496241,3.024072762860423,3162996.5817178227,0.0,46271805.8331052,0.0,7948.213327318045,16271080.539831216,2457681185.295
231,2024-12-01,1.2947935008841527,0.0,18.9414110729877,352.1302776397805,0.47136965965644617,76.51292811609187,38.47307208770791,23407.28983577667,0.0,0.0032535847119195163,6.67717465496241,3.024072762860423,3162996.5817178227,0.0,46271805.8331052,0.0,7948.213327318045,16271080.539831216,2457681185.295
232,2024-12-01,1.2947935008841527,0.0,18.9414110729877,352.1302776397805,0.47136965965644617,76.51292811609187,38.47307208770791,23407.28983577667,0.0,0.0032535847119195163,6.67717465496241,3.024072762860423,3162996.5817178227,0.0,46271805.8331052,0.0,7948.213327318045,16271080.539831216,2457681185.295
233,2024-12-01,1.2947935008841527,0.0,18.9414110729877,352.1302776397805,0.47136965965644617,76.51292811609187,38.47307208770791,23407.28983577667,0.0,0.0032535847119195163,6.67717465496241,3.024072762860423,3162996.5817178227,0.0,46271805.8331052,0.0,7948.213327318045,16271080.539831216,2457681185.295
234,2024-12-01,1.2947935008841527,0.0,18.9414110729877,352.1302776397805,0.47136965965644617,76.51292811609187,38.47307208770791,23407.28983577667,0.0,0.0032535847119195163,6.67717465496241,3.024072762860423,3162996.5817178227,0.0,46271805.8331052,0.0,7948.213327318045,16271080.539831216,2457681185.295
235,2024-12-01,1.2947935008841527,0.0,18.9414110729877,352.1302776397805,0.47136965965644617,76.51292811609187,38.47307208770791,23407.28983577667,0.0,0.0032535847119195163,6.67717465496241,3.024072762860423,3162996.5817178227,0.0,46271805.8331052,0.0,7948.213327318045,16271080.539831216,2457681185.295
236,2024-12-01,1.2947935008841527,0.0,18.9414110729877,352.1302776397805,0.47136965965644617,76.51292811609187,38.47307208770791,23407.28983577667,0.0,0.0032535847119195163,6.67717465496241,3.024072762860423,3162996.5817178227,0.0,46271805.8331052,0.0,7948.213327318045,16271080.539831216,2457681185.295
237,2024-12-01,1.2947935008841527,0.0,18.9414110729877,352.1302776397805,0.47136965965644617,76.51292811609187,38.47307208770791,23407.28983577667,0.0,0.0032535847119195163,6.67717465496241,3.024072762860423,3162996.5817178227,0.0,46271805.8331052,0.0,7948.213327318045,16271080.539831216,2457681185.295
238,2024-12-01,1.2947935008841527,0.0,18.9414110729877,352.1302776397805,0.47136965965644617,76.51292811609187,38.47307208770791,23407.28983577667,0.0,0.0032535847119195163,6.67717465496241,3.024072762860423,3162996.5817178227,0.0,46271805.8331052,0.0,7948.213327318045,16271080.539831216,2457681185.295
239,2024-12-01,1.2947935008841527,0.0,18.9414110729877,352.1302776397805,0.47136965965644617,76.51292811609187,38.47307208770791,23407.28983577667,0.0,0.0032535847119195163,6.67717465496241,3.024072762860423,3162996.5817178227,0.0,46271805.8331052,0.0,7948.213327318045,16271080.539831216,2457681185.295
