,Date,precip_and_snowmelt_input_Lower San Juan-Four Corners_mean,irrigation_Lower San Juan-Four Corners_mean,AET_Lower San Juan-Four Corners_mean,soil_thickness_Lower San Juan-Four Corners_mean,soil_porosity_Lower San Juan-Four Corners_mean,field_capacity_Lower San Juan-Four Corners_mean,wilting_point_Lower San Juan-Four Corners_mean,Geo_K_Lower San Juan-Four Corners_mean,Runoff_Lower San Juan-Four Corners_mean,Recharge_Lower San Juan-Four Corners_mean,Soil_Water_End_Of_Previous_Timestep_Lower San Juan-Four Corners_mean,Soil_Saturation_Percent_End_Of_Timestep_Lower San Juan-Four Corners_mean,precip_and_snowmelt_input_m3_Lower San Juan-Four Corners_sum,irrigation_m3_Lower San Juan-Four Corners_sum,AET_m3_Lower San Juan-Four Corners_sum,Runoff_m3_Lower San Juan-Four Corners_sum,Recharge_m3_Lower San Juan-Four Corners_sum,Soil_Water_End_Of_Previous_Timestep_m3_Lower San Juan-Four Corners_sum,Lower San Juan-Four Corners_area_m2
0,2024-01-01,22.01748633904731,0.0,14.986470258786026,318.78107942948037,0.45299086909616976,54.918270331615844,26.86128499455209,9490.154403109304,0.041724695018383696,0.8373846548205258,11.001618097276607,12.323138824200266,103790864.06031802,0.0,70643528.12510023,196694.3034191313,3946470.373874032,51573487.300001316,4944575031.914813
1,2024-01-01,22.01748633904731,0.0,14.986470258786026,318.78107942948037,0.45299086909616976,54.918270331615844,26.86128499455209,9490.154403109304,0.041724695018383696,0.8373846548205258,11.001618097276607,12.323138824200266,103790864.06031802,0.0,70643528.12510023,196694.3034191313,3946470.373874032,51573487.300001316,4944575031.914813
2,2024-01-01,22.01748633904731,0.0,14.986470258786026,318.78107942948037,0.45299086909616976,54.918270331615844,26.86128499455209,9490.154403109304,0.041724695018383696,0.8373846548205258,11.001618097276607,12.323138824200266,103790864.06031802,0.0,70643528.12510023,196694.3034191313,3946470.373874032,51573487.300001316,4944575031.914813
3,2024-01-01,22.01748633904731,0.0,14.986470258786026,318.78107942948037,0.45299086909616976,54.918270331615844,26.86128499455209,9490.154403109304,0.041724695018383696,0.8373846548205258,11.001618097276607,12.323138824200266,103790864.06031802,0.0,70643528.12510023,196694.3034191313,3946470.373874032,51573487.300001316,4944575031.914813
4,2024-01-01,22.01748633904731,0.0,14.986470258786026,318.78107942948037,0.45299086909616976,54.918270331615844,26.86128499455209,9490.154403109304,0.041724695018383696,0.8373846548205258,11.001618097276607,12.323138824200266,103790864.06031802,0.0,70643528.12510023,196694.3034191313,3946470.373874032,51573487.300001316,4944575031.914813
5,2024-01-01,22.01748633904731,0.0,14.986470258786026,318.78107942948037,0.45299086909616976,54.918270331615844,26.86128499455209,9490.154403109304,0.041724695018383696,0.8373846548205258,11.001618097276607,12.323138824200266,103790864.06031802,0.0,70643528.12510023,196694.3034191313,3946470.373874032,51573487.300001316,4944575031.914813
6,2024-01-01,22.01748633904731,0.0,14.986470258786026,318.78107942948037,0.45299086909616976,54.918270331615844,26.86128499455209,9490.154403109304,0.041724695018383696,0.8373846548205258,11.001618097276607,12.323138824200266,103790864.06031802,0.0,70643528.12510023,196694.3034191313,3946470.373874032,51573487.300001316,4944575031.914813
7,2024-01-01,22.01748633904731,0.0,14.986470258786026,318.78107942948037,0.45299086909616976,54.918270331615844,26.86128499455209,9490.154403109304,0.041724695018383696,0.8373846548205258,11.001618097276607,12.323138824200266,103790864.06031802,0.0,70643528.12510023,196694.3034191313,3946470.373874032,51573487.300001316,4944575031.912239
8,2024-01-01,22.01748633904731,0.0,14.986470258786026,318.78107942948037,0.45299086909616976,54.918270331615844,26.86128499455209,9490.154403109304,0.041724695018383696,0.8373846548205258,11.001618097276607,12.323138824200266,103790864.06031802,0.0,70643528.12510023,196694.3034191313,3946470.373874032,51573487.300001316,4944575031.912239
9,2024-01-01,22.01748633904731,0.0,14.986470258786026,318.78107942948037,0.45299086909616976,54.918270331615844,26.86128499455209,9490.154403109304,0.041724695018383696,0.8373846548205258,11.001618097276607,12.323138824200266,103790864.06031802,0.0,70643528.12510023,196694.3034191313,3946470.373874032,51573487.300001316,4944575031.914813
10,2024-01-01,22.01748633904731,0.0,14.986470258786026,318.78107942948037,0.45299086909616976,54.918270331615844,26.86128499455209,9490.154403109304,0.041724695018383696,0.8373846548205258,11.001618097276607,12.323138824200266,103790864.06031802,0.0,70643528.12510023,196694.3034191313,3946470.373874032,51573487.300001316,4944575031.914813
11,2024-01-01,22.01748633904731,0.0,14.986470258786026,318.78107942948037,0.45299086909616976,54.918270331615844,26.86128499455209,9490.154403109304,0.041724695018383696,0.8373846548205258,11.001618097276607,12.323138824200266,103790864.06031802,0.0,70643528.12510023,196694.3034191313,3946470.373874032,51573487.300001316,4944575031.914813
12,2024-01-01,22.01748633904731,0.0,14.986470258786026,318.78107942948037,0.45299086909616976,54.918270331615844,26.86128499455209,9490.154403109304,0.041724695018383696,0.8373846548205258,11.001618097276607,12.323138824200266,103790864.06031802,0.0,70643528.12510023,196694.3034191313,3946470.373874032,51573487.300001316,4944575031.914813
13,2024-01-01,22.01748633904731,0.0,14.986470258786026,318.78107942948037,0.45299086909616976,54.918270331615844,26.86128499455209,9490.154403109304,0.041724695018383696,0.8373846548205258,11.001618097276607,12.323138824200266,103790864.06031802,0.0,70643528.12510023,196694.3034191313,3946470.373874032,51573487.300001316,4944575031.914813
14,2024-01-01,22.01748633904731,0.0,14.986470258786026,318.78107942948037,0.45299086909616976,54.918270331615844,26.86128499455209,9490.154403109304,0.041724695018383696,0.8373846548205258,11.001618097276607,12.323138824200266,103790864.06031802,0.0,70643528.12510023,196694.3034191313,3946470.373874032,51573487.300001316,4944575031.914813
15,2024-01-01,22.01748633904731,0.0,14.986470258786026,318.78107942948037,0.45299086909616976,54.918270331615844,26.86128499455209,9490.154403109304,0.041724695018383696,0.8373846548205258,11.001618097276607,12.323138824200266,103790864.06031802,0.0,70643528.12510023,196694.3034191313,3946470.373874032,51573487.300001316,4944575031.914813
16,2024-01-01,22.01748633904731,0.0,14.986470258786026,318.78107942948037,0.45299086909616976,54.918270331615844,26.86128499455209,9490.154403109304,0.041724695018383696,0.8373846548205258,11.001618097276607,12.323138824200266,103790864.06031802,0.0,70643528.12510023,196694.3034191313,3946470.373874032,51573487.300001316,4944575031.914813
17,2024-01-01,22.01748633904731,0.0,14.986470258786026,318.78107942948037,0.45299086909616976,54.918270331615844,26.86128499455209,9490.154403109304,0.041724695018383696,0.8373846548205258,11.001618097276607,12.323138824200266,103790864.06031802,0.0,70643528.12510023,196694.3034191313,3946470.373874032,51573487.300001316,4944575031.914813
18,2024-01-01,22.01748633904731,0.0,14.986470258786026,318.78107942948037,0.45299086909616976,54.918270331615844,26.86128499455209,9490.154403109304,0.041724695018383696,0.8373846548205258,11.001618097276607,12.323138824200266,103790864.06031802,0.0,70643528.12510023,196694.3034191313,3946470.373874032,51573487.300001316,4944575031.914813
19,2024-01-01,22.01748633904731,0.0,14.986470258786026,318.78107942948037,0.45299086909616976,54.918270331615844,26.86128499455209,9490.154403109304,0.041724695018383696,0.8373846548205258,11.001618097276607,12.323138824200266,103790864.06031802,0.0,70643528.12510023,196694.3034191313,3946470.373874032,51573487.300001316,4944575031.914813
20,2024-02-01,24.351223515880342,0.0,25.654468151681566,318.78107942948037,0.45299086909616976,54.918270331615844,26.86128499455209,9490.154403109304,0.060565496857862736,1.9273709883791206,11.888175721946805,11.763986941383711,114793071.51441342,0.0,120932700.07387425,285512.9030743914,9084724.795447472,55731454.224592775,4944575031.914813
21,2024-02-01,24.351223515880342,0.0,25.654468151681566,318.78107942948037,0.45299086909616976,54.918270331615844,26.86128499455209,9490.154403109304,0.060565496857862736,1.9273709883791206,11.888175721946805,11.763986941383711,114793071.51441342,0.0,120932700.07387425,285512.9030743914,9084724.795447472,55731454.224592775,4944575031.914813
22,2024-02-01,24.351223515880342,0.0,25.654468151681566,318.78107942948037,0.45299086909616976,54.918270331615844,26.86128499455209,9490.154403109304,0.060565496857862736,1.9273709883791206,11.888175721946805,11.763986941383711,114793071.51441342,0.0,120932700.07387425,285512.9030743914,9084724.795447472,55731454.224592775,4944575031.914813
23,2024-02-01,24.351223515880342,0.0,25.654468151681566,318.78107942948037,0.45299086909616976,54.918270331615844,26.86128499455209,9490.154403109304,0.060565496857862736,1.9273709883791206,11.888175721946805,11.763986941383711,114793071.51441342,0.0,120932700.07387425,285512.9030743914,9084724.795447472,55731454.224592775,4944575031.914813
24,2024-02-01,24.351223515880342,0.0,25.654468151681566,318.78107942948037,0.45299086909616976,54.918270331615844,26.86128499455209,9490.154403109304,0.060565496857862736,1.9273709883791206,11.888175721946805,11.763986941383711,114793071.51441342,0.0,120932700.07387425,285512.9030743914,9084724.795447472,55731454.224592775,4944575031.914813
25,2024-02-01,24.351223515880342,0.0,25.654468151681566,318.78107942948037,0.45299086909616976,54.918270331615844,26.86128499455209,9490.154403109304,0.060565496857862736,1.9273709883791206,11.888175721946805,11.763986941383711,114793071.51441342,0.0,120932700.07387425,285512.9030743914,9084724.795447472,55731454.224592775,4944575031.914813
26,2024-02-01,24.351223515880342,0.0,25.654468151681566,318.78107942948037,0.45299086909616976,54.918270331615844,26.86128499455209,9490.154403109304,0.060565496857862736,1.9273709883791206,11.888175721946805,11.763986941383711,114793071.51441342,0.0,120932700.07387425,285512.9030743914,9084724.795447472,55731454.224592775,4944575031.912239
27,2024-02-01,24.351223515880342,0.0,25.654468151681566,318.78107942948037,0.45299086909616976,54.918270331615844,26.86128499455209,9490.154403109304,0.060565496857862736,1.9273709883791206,11.888175721946805,11.763986941383711,114793071.51441342,0.0,120932700.07387425,285512.9030743914,9084724.795447472,55731454.224592775,4944575031.914813
28,2024-02-01,24.351223515880342,0.0,25.654468151681566,318.78107942948037,0.45299086909616976,54.918270331615844,26.86128499455209,9490.154403109304,0.060565496857862736,1.9273709883791206,11.888175721946805,11.763986941383711,114793071.51441342,0.0,120932700.07387425,285512.9030743914,9084724.795447472,55731454.224592775,4944575031.914813
29,2024-02-01,24.351223515880342,0.0,25.654468151681566,318.78107942948037,0.45299086909616976,54.918270331615844,26.86128499455209,9490.154403109304,0.060565496857862736,1.9273709883791206,11.888175721946805,11.763986941383711,114793071.51441342,0.0,120932700.07387425,285512.9030743914,9084724.795447472,55731454.224592775,4944575031.914813
30,2024-02-01,24.351223515880342,0.0,25.654468151681566,318.78107942948037,0.45299086909616976,54.918270331615844,26.86128499455209,9490.154403109304,0.060565496857862736,1.9273709883791206,11.888175721946805,11.763986941383711,114793071.51441342,0.0,120932700.07387425,285512.9030743914,9084724.795447472,55731454.224592775,4944575031.912239
31,2024-02-01,24.351223515880342,0.0,25.654468151681566,318.78107942948037,0.45299086909616976,54.918270331615844,26.86128499455209,9490.154403109304,0.060565496857862736,1.9273709883791206,11.888175721946805,11.763986941383711,114793071.51441342,0.0,120932700.07387425,285512.9030743914,9084724.795447472,55731454.224592775,4944575031.914813
32,2024-02-01,24.351223515880342,0.0,25.654468151681566,318.78107942948037,0.45299086909616976,54.918270331615844,26.86128499455209,9490.154403109304,0.060565496857862736,1.9273709883791206,11.888175721946805,11.763986941383711,114793071.51441342,0.0,120932700.07387425,285512.9030743914,9084724.795447472,55731454.224592775,4944575031.914813
33,2024-02-01,24.351223515880342,0.0,25.654468151681566,318.78107942948037,0.45299086909616976,54.918270331615844,26.86128499455209,9490.154403109304,0.060565496857862736,1.9273709883791206,11.888175721946805,11.763986941383711,114793071.51441342,0.0,120932700.07387425,285512.9030743914,9084724.795447472,55731454.224592775,4944575031.914813
34,2024-02-01,24.351223515880342,0.0,25.654468151681566,318.78107942948037,0.45299086909616976,54.918270331615844,26.86128499455209,9490.154403109304,0.060565496857862736,1.9273709883791206,11.888175721946805,11.763986941383711,114793071.51441342,0.0,120932700.07387425,285512.9030743914,9084724.795447472,55731454.224592775,4944575031.914813
35,2024-02-01,24.351223515880342,0.0,25.654468151681566,318.78107942948037,0.45299086909616976,54.918270331615844,26.86128499455209,9490.154403109304,0.060565496857862736,1.9273709883791206,11.888175721946805,11.763986941383711,114793071.51441342,0.0,120932700.07387425,285512.9030743914,9084724.795447472,55731454.224592775,4944575031.914813
36,2024-02-01,24.351223515880342,0.0,25.654468151681566,318.78107942948037,0.45299086909616976,54.918270331615844,26.86128499455209,9490.154403109304,0.060565496857862736,1.9273709883791206,11.888175721946805,11.763986941383711,114793071.51441342,0.0,120932700.07387425,285512.9030743914,9084724.795447472,55731454.224592775,4944575031.914813
37,2024-02-01,24.351223515880342,0.0,25.654468151681566,318.78107942948037,0.45299086909616976,54.918270331615844,26.86128499455209,9490.154403109304,0.060565496857862736,1.9273709883791206,11.888175721946805,11.763986941383711,114793071.51441342,0.0,120932700.07387425,285512.9030743914,9084724.795447472,55731454.224592775,4944575031.914813
38,2024-02-01,24.351223515880342,0.0,25.654468151681566,318.78107942948037,0.45299086909616976,54.918270331615844,26.86128499455209,9490.154403109304,0.060565496857862736,1.9273709883791206,11.888175721946805,11.763986941383711,114793071.51441342,0.0,120932700.07387425,285512.9030743914,9084724.795447472,55731454.224592775,4944575031.914813
39,2024-02-01,24.351223515880342,0.0,25.654468151681566,318.78107942948037,0.45299086909616976,54.918270331615844,26.86128499455209,9490.154403109304,0.060565496857862736,1.9273709883791206,11.888175721946805,11.763986941383711,114793071.51441342,0.0,120932700.07387425,285512.9030743914,9084724.795447472,55731454.224592775,4944575031.914813
40,2024-03-01,34.877696733138706,0.0,32.04421008131326,318.78107942948037,0.45299086909616976,54.918270331615844,26.86128499455209,9490.154403109304,0.906221351973057,3.4205709303365084,14.07785733298793,13.833606076434489,164412929.82924765,0.0,151056142.08218127,4272073.1768497,16118719.310202848,65995266.64510928,4944575031.914813
41,2024-03-01,34.877696733138706,0.0,32.04421008131326,318.78107942948037,0.45299086909616976,54.918270331615844,26.86128499455209,9490.154403109304,0.906221351973057,3.4205709303365084,14.07785733298793,13.833606076434489,164412929.82924765,0.0,151056142.08218127,4272073.1768497,16118719.310202848,65995266.64510928,4944575031.914813
42,2024-03-01,34.877696733138706,0.0,32.04421008131326,318.78107942948037,0.45299086909616976,54.918270331615844,26.86128499455209,9490.154403109304,0.906221351973057,3.4205709303365084,14.07785733298793,13.833606076434489,164412929.82924765,0.0,151056142.08218127,4272073.1768497,16118719.310202848,65995266.64510928,4944575031.914813
43,2024-03-01,34.877696733138706,0.0,32.04421008131326,318.78107942948037,0.45299086909616976,54.918270331615844,26.86128499455209,9490.154403109304,0.906221351973057,3.4205709303365084,14.07785733298793,13.833606076434489,164412929.82924765,0.0,151056142.08218127,4272073.1768497,16118719.310202848,65995266.64510928,4944575031.914813
44,2024-03-01,34.877696733138706,0.0,32.04421008131326,318.78107942948037,0.45299086909616976,54.918270331615844,26.86128499455209,9490.154403109304,0.906221351973057,3.4205709303365084,14.07785733298793,13.833606076434489,164412929.82924765,0.0,151056142.08218127,4272073.1768497,16118719.310202848,65995266.64510928,4944575031.914813
45,2024-03-01,34.877696733138706,0.0,32.04421008131326,318.78107942948037,0.45299086909616976,54.918270331615844,26.86128499455209,9490.154403109304,0.906221351973057,3.4205709303365084,14.07785733298793,13.833606076434489,164412929.82924765,0.0,151056142.08218127,4272073.1768497,16118719.310202848,65995266.64510928,4944575031.914813
46,2024-03-01,34.877696733138706,0.0,32.04421008131326,318.78107942948037,0.45299086909616976,54.918270331615844,26.86128499455209,9490.154403109304,0.906221351973057,3.4205709303365084,14.07785733298793,13.833606076434489,164412929.82924765,0.0,151056142.08218127,4272073.1768497,16118719.310202848,65995266.64510928,4944575031.914813
47,2024-03-01,34.877696733138706,0.0,32.04421008131326,318.78107942948037,0.45299086909616976,54.918270331615844,26.86128499455209,9490.154403109304,0.906221351973057,3.4205709303365084,14.07785733298793,13.833606076434489,164412929.82924765,0.0,151056142.08218127,4272073.1768497,16118719.310202848,65995266.64510928,4944575031.912239
48,2024-03-01,34.877696733138706,0.0,32.04421008131326,318.78107942948037,0.45299086909616976,54.918270331615844,26.86128499455209,9490.154403109304,0.906221351973057,3.4205709303365084,14.07785733298793,13.833606076434489,164412929.82924765,0.0,151056142.08218127,4272073.1768497,16118719.310202848,65995266.64510928,4944575031.914813
49,2024-03-01,34.877696733138706,0.0,32.04421008131326,318.78107942948037,0.45299086909616976,54.918270331615844,26.86128499455209,9490.154403109304,0.906221351973057,3.4205709303365084,14.07785733298793,13.833606076434489,164412929.82924765,0.0,151056142.08218127,4272073.1768497,16118719.310202848,65995266.64510928,4944575031.914813
50,2024-03-01,34.877696733138706,0.0,32.04421008131326,318.78107942948037,0.45299086909616976,54.918270331615844,26.86128499455209,9490.154403109304,0.906221351973057,3.4205709303365084,14.07785733298793,13.833606076434489,164412929.82924765,0.0,151056142.08218127,4272073.1768497,16118719.310202848,65995266.64510928,4944575031.914813
51,2024-03-01,34.877696733138706,0.0,32.04421008131326,318.78107942948037,0.45299086909616976,54.918270331615844,26.86128499455209,9490.154403109304,0.906221351973057,3.4205709303365084,14.07785733298793,13.833606076434489,164412929.82924765,0.0,151056142.08218127,4272073.1768497,16118719.310202848,65995266.64510928,4944575031.914813
52,2024-03-01,34.877696733138706,0.0,32.04421008131326,318.78107942948037,0.45299086909616976,54.918270331615844,26.86128499455209,9490.154403109304,0.906221351973057,3.4205709303365084,14.07785733298793,13.833606076434489,164412929.82924765,0.0,151056142.08218127,4272073.1768497,16118719.310202848,65995266.64510928,4944575031.914813
53,2024-03-01,34.877696733138706,0.0,32.04421008131326,318.78107942948037,0.45299086909616976,54.918270331615844,26.86128499455209,9490.154403109304,0.906221351973057,3.4205709303365084,14.07785733298793,13.833606076434489,164412929.82924765,0.0,151056142.08218127,4272073.1768497,16118719.310202848,65995266.64510928,4944575031.912239
54,2024-03-01,34.877696733138706,0.0,32.04421008131326,318.78107942948037,0.45299086909616976,54.918270331615844,26.86128499455209,9490.154403109304,0.906221351973057,3.4205709303365084,14.07785733298793,13.833606076434489,164412929.82924765,0.0,151056142.08218127,4272073.1768497,16118719.310202848,65995266.64510928,4944575031.914813
55,2024-03-01,34.877696733138706,0.0,32.04421008131326,318.78107942948037,0.45299086909616976,54.918270331615844,26.86128499455209,9490.154403109304,0.906221351973057,3.4205709303365084,14.07785733298793,13.833606076434489,164412929.82924765,0.0,151056142.08218127,4272073.1768497,16118719.310202848,65995266.64510928,4944575031.914813
56,2024-03-01,34.877696733138706,0.0,32.04421008131326,318.78107942948037,0.45299086909616976,54.918270331615844,26.86128499455209,9490.154403109304,0.906221351973057,3.4205709303365084,14.07785733298793,13.833606076434489,164412929.82924765,0.0,151056142.08218127,4272073.1768497,16118719.310202848,65995266.64510928,4944575031.914813
57,2024-03-01,34.877696733138706,0.0,32.04421008131326,318.78107942948037,0.45299086909616976,54.918270331615844,26.86128499455209,9490.154403109304,0.906221351973057,3.4205709303365084,14.07785733298793,13.833606076434489,164412929.82924765,0.0,151056142.08218127,4272073.1768497,16118719.310202848,65995266.64510928,4944575031.914813
58,2024-03-01,34.877696733138706,0.0,32.04421008131326,318.78107942948037,0.45299086909616976,54.918270331615844,26.86128499455209,9490.154403109304,0.906221351973057,3.4205709303365084,14.07785733298793,13.833606076434489,164412929.82924765,0.0,151056142.08218127,4272073.1768497,16118719.310202848,65995266.64510928,4944575031.914813
59,2024-03-01,34.877696733138706,0.0,32.04421008131326,318.78107942948037,0.45299086909616976,54.918270331615844,26.86128499455209,9490.154403109304,0.906221351973057,3.4205709303365084,14.07785733298793,13.833606076434489,164412929.82924765,0.0,151056142.08218127,4272073.1768497,16118719.310202848,65995266.64510928,4944575031.914813
60,2024-04-01,7.0836386306221595,0.05104165551403157,29.418061347365168,318.78107942948037,0.45299086909616976,54.918270331615844,26.86128499455209,9490.154403109304,0.0,0.6031264457422737,5.507574207743301,3.121702940620326,33393320.80457032,240602.6230035998,138677761.068899,0.0,2842890.120941171,25819188.25420423,4944575031.912239
61,2024-04-01,7.0836386306221595,0.05104165551403157,29.418061347365168,318.78107942948037,0.45299086909616976,54.918270331615844,26.86128499455209,9490.154403109304,0.0,0.6031264457422737,5.507574207743301,3.121702940620326,33393320.80457032,240602.6230035998,138677761.068899,0.0,2842890.120941171,25819188.25420423,4944575031.914813
62,2024-04-01,7.0836386306221595,0.05104165551403157,29.418061347365168,318.78107942948037,0.45299086909616976,54.918270331615844,26.86128499455209,9490.154403109304,0.0,0.6031264457422737,5.507574207743301,3.121702940620326,33393320.80457032,240602.6230035998,138677761.068899,0.0,2842890.120941171,25819188.25420423,4944575031.914813
63,2024-04-01,7.0836386306221595,0.05104165551403157,29.418061347365168,318.78107942948037,0.45299086909616976,54.918270331615844,26.86128499455209,9490.154403109304,0.0,0.6031264457422737,5.507574207743301,3.121702940620326,33393320.80457032,240602.6230035998,138677761.068899,0.0,2842890.120941171,25819188.25420423,4944575031.914813
64,2024-04-01,7.0836386306221595,0.05104165551403157,29.418061347365168,318.78107942948037,0.45299086909616976,54.918270331615844,26.86128499455209,9490.154403109304,0.0,0.6031264457422737,5.507574207743301,3.121702940620326,33393320.80457032,240602.6230035998,138677761.068899,0.0,2842890.120941171,25819188.25420423,4944575031.914813
65,2024-04-01,7.0836386306221595,0.05104165551403157,29.418061347365168,318.78107942948037,0.45299086909616976,54.918270331615844,26.86128499455209,9490.154403109304,0.0,0.6031264457422737,5.507574207743301,3.121702940620326,33393320.80457032,240602.6230035998,138677761.068899,0.0,2842890.120941171,25819188.25420423,4944575031.914813
66,2024-04-01,7.0836386306221595,0.05104165551403157,29.418061347365168,318.78107942948037,0.45299086909616976,54.918270331615844,26.86128499455209,9490.154403109304,0.0,0.6031264457422737,5.507574207743301,3.121702940620326,33393320.80457032,240602.6230035998,138677761.068899,0.0,2842890.120941171,25819188.25420423,4944575031.914813
67,2024-04-01,7.0836386306221595,0.05104165551403157,29.418061347365168,318.78107942948037,0.45299086909616976,54.918270331615844,26.86128499455209,9490.154403109304,0.0,0.6031264457422737,5.507574207743301,3.121702940620326,33393320.80457032,240602.6230035998,138677761.068899,0.0,2842890.120941171,25819188.25420423,4944575031.914813
68,2024-04-01,7.0836386306221595,0.05104165551403157,29.418061347365168,318.78107942948037,0.45299086909616976,54.918270331615844,26.86128499455209,9490.154403109304,0.0,0.6031264457422737,5.507574207743301,3.121702940620326,33393320.80457032,240602.6230035998,138677761.068899,0.0,2842890.120941171,25819188.25420423,4944575031.914813
69,2024-04-01,7.0836386306221595,0.05104165551403157,29.418061347365168,318.78107942948037,0.45299086909616976,54.918270331615844,26.86128499455209,9490.154403109304,0.0,0.6031264457422737,5.507574207743301,3.121702940620326,33393320.80457032,240602.6230035998,138677761.068899,0.0,2842890.120941171,25819188.25420423,4944575031.914813
70,2024-04-01,7.0836386306221595,0.05104165551403157,29.418061347365168,318.78107942948037,0.45299086909616976,54.918270331615844,26.86128499455209,9490.154403109304,0.0,0.6031264457422737,5.507574207743301,3.121702940620326,33393320.80457032,240602.6230035998,138677761.068899,0.0,2842890.120941171,25819188.25420423,4944575031.914813
71,2024-04-01,7.0836386306221595,0.05104165551403157,29.418061347365168,318.78107942948037,0.45299086909616976,54.918270331615844,26.86128499455209,9490.154403109304,0.0,0.6031264457422737,5.507574207743301,3.121702940620326,33393320.80457032,240602.6230035998,138677761.068899,0.0,2842890.120941171,25819188.25420423,4944575031.912239
72,2024-04-01,7.0836386306221595,0.05104165551403157,29.418061347365168,318.78107942948037,0.45299086909616976,54.918270331615844,26.86128499455209,9490.154403109304,0.0,0.6031264457422737,5.507574207743301,3.121702940620326,33393320.80457032,240602.6230035998,138677761.068899,0.0,2842890.120941171,25819188.25420423,4944575031.914813
73,2024-04-01,7.0836386306221595,0.05104165551403157,29.418061347365168,318.78107942948037,0.45299086909616976,54.918270331615844,26.86128499455209,9490.154403109304,0.0,0.6031264457422737,5.507574207743301,3.121702940620326,33393320.80457032,240602.6230035998,138677761.068899,0.0,2842890.120941171,25819188.25420423,4944575031.914813
74,2024-04-01,7.0836386306221595,0.05104165551403157,29.418061347365168,318.78107942948037,0.45299086909616976,54.918270331615844,26.86128499455209,9490.154403109304,0.0,0.6031264457422737,5.507574207743301,3.121702940620326,33393320.80457032,240602.6230035998,138677761.068899,0.0,2842890.120941171,25819188.25420423,4944575031.914813
75,2024-04-01,7.0836386306221595,0.05104165551403157,29.418061347365168,318.78107942948037,0.45299086909616976,54.918270331615844,26.86128499455209,9490.154403109304,0.0,0.6031264457422737,5.507574207743301,3.121702940620326,33393320.80457032,240602.6230035998,138677761.068899,0.0,2842890.120941171,25819188.25420423,4944575031.914813
76,2024-04-01,7.0836386306221595,0.05104165551403157,29.418061347365168,318.78107942948037,0.45299086909616976,54.918270331615844,26.86128499455209,9490.154403109304,0.0,0.6031264457422737,5.507574207743301,3.121702940620326,33393320.80457032,240602.6230035998,138677761.068899,0.0,2842890.120941171,25819188.25420423,4944575031.914813
77,2024-04-01,7.0836386306221595,0.05104165551403157,29.418061347365168,318.78107942948037,0.45299086909616976,54.918270331615844,26.86128499455209,9490.154403109304,0.0,0.6031264457422737,5.507574207743301,3.121702940620326,33393320.80457032,240602.6230035998,138677761.068899,0.0,2842890.120941171,25819188.25420423,4944575031.914813
78,2024-04-01,7.0836386306221595,0.05104165551403157,29.418061347365168,318.78107942948037,0.45299086909616976,54.918270331615844,26.86128499455209,9490.154403109304,0.0,0.6031264457422737,5.507574207743301,3.121702940620326,33393320.80457032,240602.6230035998,138677761.068899,0.0,2842890.120941171,25819188.25420423,4944575031.914813
79,2024-04-01,7.0836386306221595,0.05104165551403157,29.418061347365168,318.78107942948037,0.45299086909616976,54.918270331615844,26.86128499455209,9490.154403109304,0.0,0.6031264457422737,5.507574207743301,3.121702940620326,33393320.80457032,240602.6230035998,138677761.068899,0.0,2842890.120941171,25819188.25420423,4944575031.914813
80,2024-05-01,9.02762773105695,0.13270830976345008,40.71062265270475,318.78107942948037,0.45299086909616976,54.918270331615844,26.86128499455209,9490.154403109304,0.0,0.009617807312877964,1.5512643672518214,0.6792349573826902,42555860.73618922,625566.8453934623,191913634.33450744,0.0,45332.385461758335,7271697.191942276,4944575031.914813
81,2024-05-01,9.02762773105695,0.13270830976345008,40.71062265270475,318.78107942948037,0.45299086909616976,54.918270331615844,26.86128499455209,9490.154403109304,0.0,0.009617807312877964,1.5512643672518214,0.6792349573826902,42555860.73618922,625566.8453934623,191913634.33450744,0.0,45332.385461758335,7271697.191942276,4944575031.914813
82,2024-05-01,9.02762773105695,0.13270830976345008,40.71062265270475,318.78107942948037,0.45299086909616976,54.918270331615844,26.86128499455209,9490.154403109304,0.0,0.009617807312877964,1.5512643672518214,0.6792349573826902,42555860.73618922,625566.8453934623,191913634.33450744,0.0,45332.385461758335,7271697.191942276,4944575031.914813
83,2024-05-01,9.02762773105695,0.13270830976345008,40.71062265270475,318.78107942948037,0.45299086909616976,54.918270331615844,26.86128499455209,9490.154403109304,0.0,0.009617807312877964,1.5512643672518214,0.6792349573826902,42555860.73618922,625566.8453934623,191913634.33450744,0.0,45332.385461758335,7271697.191942276,4944575031.912239
84,2024-05-01,9.02762773105695,0.13270830976345008,40.71062265270475,318.78107942948037,0.45299086909616976,54.918270331615844,26.86128499455209,9490.154403109304,0.0,0.009617807312877964,1.5512643672518214,0.6792349573826902,42555860.73618922,625566.8453934623,191913634.33450744,0.0,45332.385461758335,7271697.191942276,4944575031.914813
85,2024-05-01,9.02762773105695,0.13270830976345008,40.71062265270475,318.78107942948037,0.45299086909616976,54.918270331615844,26.86128499455209,9490.154403109304,0.0,0.009617807312877964,1.5512643672518214,0.6792349573826902,42555860.73618922,625566.8453934623,191913634.33450744,0.0,45332.385461758335,7271697.191942276,4944575031.914813
86,2024-05-01,9.02762773105695,0.13270830976345008,40.71062265270475,318.78107942948037,0.45299086909616976,54.918270331615844,26.86128499455209,9490.154403109304,0.0,0.009617807312877964,1.5512643672518214,0.6792349573826902,42555860.73618922,625566.8453934623,191913634.33450744,0.0,45332.385461758335,7271697.191942276,4944575031.914813
87,2024-05-01,9.02762773105695,0.13270830976345008,40.71062265270475,318.78107942948037,0.45299086909616976,54.918270331615844,26.86128499455209,9490.154403109304,0.0,0.009617807312877964,1.5512643672518214,0.6792349573826902,42555860.73618922,625566.8453934623,191913634.33450744,0.0,45332.385461758335,7271697.191942276,4944575031.914813
88,2024-05-01,9.02762773105695,0.13270830976345008,40.71062265270475,318.78107942948037,0.45299086909616976,54.918270331615844,26.86128499455209,9490.154403109304,0.0,0.009617807312877964,1.5512643672518214,0.6792349573826902,42555860.73618922,625566.8453934623,191913634.33450744,0.0,45332.385461758335,7271697.191942276,4944575031.914813
89,2024-05-01,9.02762773105695,0.13270830976345008,40.71062265270475,318.78107942948037,0.45299086909616976,54.918270331615844,26.86128499455209,9490.154403109304,0.0,0.009617807312877964,1.5512643672518214,0.6792349573826902,42555860.73618922,625566.8453934623,191913634.33450744,0.0,45332.385461758335,7271697.191942276,4944575031.914813
90,2024-05-01,9.02762773105695,0.13270830976345008,40.71062265270475,318.78107942948037,0.45299086909616976,54.918270331615844,26.86128499455209,9490.154403109304,0.0,0.009617807312877964,1.5512643672518214,0.6792349573826902,42555860.73618922,625566.8453934623,191913634.33450744,0.0,45332.385461758335,7271697.191942276,4944575031.914813
91,2024-05-01,9.02762773105695,0.13270830976345008,40.71062265270475,318.78107942948037,0.45299086909616976,54.918270331615844,26.86128499455209,9490.154403109304,0.0,0.009617807312877964,1.5512643672518214,0.6792349573826902,42555860.73618922,625566.8453934623,191913634.33450744,0.0,45332.385461758335,7271697.191942276,4944575031.914813
92,2024-05-01,9.02762773105695,0.13270830976345008,40.71062265270475,318.78107942948037,0.45299086909616976,54.918270331615844,26.86128499455209,9490.154403109304,0.0,0.009617807312877964,1.5512643672518214,0.6792349573826902,42555860.73618922,625566.8453934623,191913634.33450744,0.0,45332.385461758335,7271697.191942276,4944575031.914813
93,2024-05-01,9.02762773105695,0.13270830976345008,40.71062265270475,318.78107942948037,0.45299086909616976,54.918270331615844,26.86128499455209,9490.154403109304,0.0,0.009617807312877964,1.5512643672518214,0.6792349573826902,42555860.73618922,625566.8453934623,191913634.33450744,0.0,45332.385461758335,7271697.191942276,4944575031.914813
94,2024-05-01,9.02762773105695,0.13270830976345008,40.71062265270475,318.78107942948037,0.45299086909616976,54.918270331615844,26.86128499455209,9490.154403109304,0.0,0.009617807312877964,1.5512643672518214,0.6792349573826902,42555860.73618922,625566.8453934623,191913634.33450744,0.0,45332.385461758335,7271697.191942276,4944575031.914813
95,2024-05-01,9.02762773105695,0.13270830976345008,40.71062265270475,318.78107942948037,0.45299086909616976,54.918270331615844,26.86128499455209,9490.154403109304,0.0,0.009617807312877964,1.5512643672518214,0.6792349573826902,42555860.73618922,625566.8453934623,191913634.33450744,0.0,45332.385461758335,7271697.191942276,4944575031.914813
96,2024-05-01,9.02762773105695,0.13270830976345008,40.71062265270475,318.78107942948037,0.45299086909616976,54.918270331615844,26.86128499455209,9490.154403109304,0.0,0.009617807312877964,1.5512643672518214,0.6792349573826902,42555860.73618922,625566.8453934623,191913634.33450744,0.0,45332.385461758335,7271697.191942276,4944575031.914813
97,2024-05-01,9.02762773105695,0.13270830976345008,40.71062265270475,318.78107942948037,0.45299086909616976,54.918270331615844,26.86128499455209,9490.154403109304,0.0,0.009617807312877964,1.5512643672518214,0.6792349573826902,42555860.73618922,625566.8453934623,191913634.33450744,0.0,45332.385461758335,7271697.191942276,4944575031.912239
98,2024-05-01,9.02762773105695,0.13270830976345008,40.71062265270475,318.78107942948037,0.45299086909616976,54.918270331615844,26.86128499455209,9490.154403109304,0.0,0.009617807312877964,1.5512643672518214,0.6792349573826902,42555860.73618922,625566.8453934623,191913634.33450744,0.0,45332.385461758335,7271697.191942276,4944575031.914813
99,2024-05-01,9.02762773105695,0.13270830976345008,40.71062265270475,318.78107942948037,0.45299086909616976,54.918270331615844,26.86128499455209,9490.154403109304,0.0,0.009617807312877964,1.5512643672518214,0.6792349573826902,42555860.73618922,625566.8453934623,191913634.33450744,0.0,45332.385461758335,7271697.191942276,4944575031.914813
100,2024-06-01,40.55282652349863,0.2041666220561263,31.96846250444179,318.78107942948037,0.45299086909616976,54.918270331615844,26.86128499455209,9490.154403109304,0.005846176605067379,2.106330832933413,12.58345319042591,14.921873828924328,191165643.55006886,962410.4920143991,150703692.356533,27558.80483619592,9915858.422573535,58985261.48901346,4944575031.914813
101,2024-06-01,40.55282652349863,0.2041666220561263,31.96846250444179,318.78107942948037,0.45299086909616976,54.918270331615844,26.86128499455209,9490.154403109304,0.005846176605067379,2.106330832933413,12.58345319042591,14.921873828924328,191165643.55006886,962410.4920143991,150703692.356533,27558.80483619592,9915858.422573535,58985261.48901346,4944575031.914813
102,2024-06-01,40.55282652349863,0.2041666220561263,31.96846250444179,318.78107942948037,0.45299086909616976,54.918270331615844,26.86128499455209,9490.154403109304,0.005846176605067379,2.106330832933413,12.58345319042591,14.921873828924328,191165643.55006886,962410.4920143991,150703692.356533,27558.80483619592,9915858.422573535,58985261.48901346,4944575031.912239
103,2024-06-01,40.55282652349863,0.2041666220561263,31.96846250444179,318.78107942948037,0.45299086909616976,54.918270331615844,26.86128499455209,9490.154403109304,0.005846176605067379,2.106330832933413,12.58345319042591,14.921873828924328,191165643.55006886,962410.4920143991,150703692.356533,27558.80483619592,9915858.422573535,58985261.48901346,4944575031.914813
104,2024-06-01,40.55282652349863,0.2041666220561263,31.96846250444179,318.78107942948037,0.45299086909616976,54.918270331615844,26.86128499455209,9490.154403109304,0.005846176605067379,2.106330832933413,12.58345319042591,14.921873828924328,191165643.55006886,962410.4920143991,150703692.356533,27558.80483619592,9915858.422573535,58985261.48901346,4944575031.914813
105,2024-06-01,40.55282652349863,0.2041666220561263,31.96846250444179,318.78107942948037,0.45299086909616976,54.918270331615844,26.86128499455209,9490.154403109304,0.005846176605067379,2.106330832933413,12.58345319042591,14.921873828924328,191165643.55006886,962410.4920143991,150703692.356533,27558.80483619592,9915858.422573535,58985261.48901346,4944575031.914813
106,2024-06-01,40.55282652349863,0.2041666220561263,31.96846250444179,318.78107942948037,0.45299086909616976,54.918270331615844,26.86128499455209,9490.154403109304,0.005846176605067379,2.106330832933413,12.58345319042591,14.921873828924328,191165643.55006886,962410.4920143991,150703692.356533,27558.80483619592,9915858.422573535,58985261.48901346,4944575031.914813
107,2024-06-01,40.55282652349863,0.2041666220561263,31.96846250444179,318.78107942948037,0.45299086909616976,54.918270331615844,26.86128499455209,9490.154403109304,0.005846176605067379,2.106330832933413,12.58345319042591,14.921873828924328,191165643.55006886,962410.4920143991,150703692.356533,27558.80483619592,9915858.422573535,58985261.48901346,4944575031.914813
108,2024-06-01,40.55282652349863,0.2041666220561263,31.96846250444179,318.78107942948037,0.45299086909616976,54.918270331615844,26.86128499455209,9490.154403109304,0.005846176605067379,2.106330832933413,12.58345319042591,14.921873828924328,191165643.55006886,962410.4920143991,150703692.356533,27558.80483619592,9915858.422573535,58985261.48901346,4944575031.914813
109,2024-06-01,40.55282652349863,0.2041666220561263,31.96846250444179,318.78107942948037,0.45299086909616976,54.918270331615844,26.86128499455209,9490.154403109304,0.005846176605067379,2.106330832933413,12.58345319042591,14.921873828924328,191165643.55006886,962410.4920143991,150703692.356533,27558.80483619592,9915858.422573535,58985261.48901346,4944575031.914813
110,2024-06-01,40.55282652349863,0.2041666220561263,31.96846250444179,318.78107942948037,0.45299086909616976,54.918270331615844,26.86128499455209,9490.154403109304,0.005846176605067379,2.106330832933413,12.58345319042591,14.921873828924328,191165643.55006886,962410.4920143991,150703692.356533,27558.80483619592,9915858.422573535,58985261.48901346,4944575031.914813
111,2024-06-01,40.55282652349863,0.2041666220561263,31.96846250444179,318.78107942948037,0.45299086909616976,54.918270331615844,26.86128499455209,9490.154403109304,0.005846176605067379,2.106330832933413,12.58345319042591,14.921873828924328,191165643.55006886,962410.4920143991,150703692.356533,27558.80483619592,9915858.422573535,58985261.48901346,4944575031.914813
112,2024-06-01,40.55282652349863,0.2041666220561263,31.96846250444179,318.78107942948037,0.45299086909616976,54.918270331615844,26.86128499455209,9490.154403109304,0.005846176605067379,2.106330832933413,12.58345319042591,14.921873828924328,191165643.55006886,962410.4920143991,150703692.356533,27558.80483619592,9915858.422573535,58985261.48901346,4944575031.914813
113,2024-06-01,40.55282652349863,0.2041666220561263,31.96846250444179,318.78107942948037,0.45299086909616976,54.918270331615844,26.86128499455209,9490.154403109304,0.005846176605067379,2.106330832933413,12.58345319042591,14.921873828924328,191165643.55006886,962410.4920143991,150703692.356533,27558.80483619592,9915858.422573535,58985261.48901346,4944575031.914813
114,2024-06-01,40.55282652349863,0.2041666220561263,31.96846250444179,318.78107942948037,0.45299086909616976,54.918270331615844,26.86128499455209,9490.154403109304,0.005846176605067379,2.106330832933413,12.58345319042591,14.921873828924328,191165643.55006886,962410.4920143991,150703692.356533,27558.80483619592,9915858.422573535,58985261.48901346,4944575031.912239
115,2024-06-01,40.55282652349863,0.2041666220561263,31.96846250444179,318.78107942948037,0.45299086909616976,54.918270331615844,26.86128499455209,9490.154403109304,0.005846176605067379,2.106330832933413,12.58345319042591,14.921873828924328,191165643.55006886,962410.4920143991,150703692.356533,27558.80483619592,9915858.422573535,58985261.48901346,4944575031.914813
116,2024-06-01,40.55282652349863,0.2041666220561263,31.96846250444179,318.78107942948037,0.45299086909616976,54.918270331615844,26.86128499455209,9490.154403109304,0.005846176605067379,2.106330832933413,12.58345319042591,14.921873828924328,191165643.55006886,962410.4920143991,150703692.356533,27558.80483619592,9915858.422573535,58985261.48901346,4944575031.914813
117,2024-06-01,40.55282652349863,0.2041666220561263,31.96846250444179,318.78107942948037,0.45299086909616976,54.918270331615844,26.86128499455209,9490.154403109304,0.005846176605067379,2.106330832933413,12.58345319042591,14.921873828924328,191165643.55006886,962410.4920143991,150703692.356533,27558.80483619592,9915858.422573535,58985261.48901346,4944575031.914813
118,2024-06-01,40.55282652349863,0.2041666220561263,31.96846250444179,318.78107942948037,0.45299086909616976,54.918270331615844,26.86128499455209,9490.154403109304,0.005846176605067379,2.106330832933413,12.58345319042591,14.921873828924328,191165643.55006886,962410.4920143991,150703692.356533,27558.80483619592,9915858.422573535,58985261.48901346,4944575031.914813
119,2024-06-01,40.55282652349863,0.2041666220561263,31.96846250444179,318.78107942948037,0.45299086909616976,54.918270331615844,26.86128499455209,9490.154403109304,0.005846176605067379,2.106330832933413,12.58345319042591,14.921873828924328,191165643.55006886,962410.4920143991,150703692.356533,27558.80483619592,9915858.422573535,58985261.48901346,4944575031.914813
120,2024-07-01,8.499198773173568,0.26541661952690015,37.21017035756696,318.78107942948037,0.45299086909616976,54.918270331615844,26.86128499455209,9490.154403109304,0.00240168403281475,0.4429857877818099,5.22020551136005,5.624016712111081,40061203.86928755,1251133.6907869247,175414409.99725917,11321.509083591363,2086571.830193249,24467710.86178034,4944575031.912239
121,2024-07-01,8.499198773173568,0.26541661952690015,37.21017035756696,318.78107942948037,0.45299086909616976,54.918270331615844,26.86128499455209,9490.154403109304,0.00240168403281475,0.4429857877818099,5.22020551136005,5.624016712111081,40061203.86928755,1251133.6907869247,175414409.99725917,11321.509083591363,2086571.830193249,24467710.86178034,4944575031.914813
122,2024-07-01,8.499198773173568,0.26541661952690015,37.21017035756696,318.78107942948037,0.45299086909616976,54.918270331615844,26.86128499455209,9490.154403109304,0.00240168403281475,0.4429857877818099,5.22020551136005,5.624016712111081,40061203.86928755,1251133.6907869247,175414409.99725917,11321.509083591363,2086571.830193249,24467710.86178034,4944575031.914813
123,2024-07-01,8.499198773173568,0.26541661952690015,37.21017035756696,318.78107942948037,0.45299086909616976,54.918270331615844,26.86128499455209,9490.154403109304,0.00240168403281475,0.4429857877818099,5.22020551136005,5.624016712111081,40061203.86928755,1251133.6907869247,175414409.99725917,11321.509083591363,2086571.830193249,24467710.86178034,4944575031.914813
124,2024-07-01,8.499198773173568,0.26541661952690015,37.21017035756696,318.78107942948037,0.45299086909616976,54.918270331615844,26.86128499455209,9490.154403109304,0.00240168403281475,0.4429857877818099,5.22020551136005,5.624016712111081,40061203.86928755,1251133.6907869247,175414409.99725917,11321.509083591363,2086571.830193249,24467710.86178034,4944575031.914813
125,2024-07-01,8.499198773173568,0.26541661952690015,37.21017035756696,318.78107942948037,0.45299086909616976,54.918270331615844,26.86128499455209,9490.154403109304,0.00240168403281475,0.4429857877818099,5.22020551136005,5.624016712111081,40061203.86928755,1251133.6907869247,175414409.99725917,11321.509083591363,2086571.830193249,24467710.86178034,4944575031.914813
126,2024-07-01,8.499198773173568,0.26541661952690015,37.21017035756696,318.78107942948037,0.45299086909616976,54.918270331615844,26.86128499455209,9490.154403109304,0.00240168403281475,0.4429857877818099,5.22020551136005,5.624016712111081,40061203.86928755,1251133.6907869247,175414409.99725917,11321.509083591363,2086571.830193249,24467710.86178034,4944575031.914813
127,2024-07-01,8.499198773173568,0.26541661952690015,37.21017035756696,318.78107942948037,0.45299086909616976,54.918270331615844,26.86128499455209,9490.154403109304,0.00240168403281475,0.4429857877818099,5.22020551136005,5.624016712111081,40061203.86928755,1251133.6907869247,175414409.99725917,11321.509083591363,2086571.830193249,24467710.86178034,4944575031.914813
128,2024-07-01,8.499198773173568,0.26541661952690015,37.21017035756696,318.78107942948037,0.45299086909616976,54.918270331615844,26.86128499455209,9490.154403109304,0.00240168403281475,0.4429857877818099,5.22020551136005,5.624016712111081,40061203.86928755,1251133.6907869247,175414409.99725917,11321.509083591363,2086571.830193249,24467710.86178034,4944575031.914813
129,2024-07-01,8.499198773173568,0.26541661952690015,37.21017035756696,318.78107942948037,0.45299086909616976,54.918270331615844,26.86128499455209,9490.154403109304,0.00240168403281475,0.4429857877818099,5.22020551136005,5.624016712111081,40061203.86928755,1251133.6907869247,175414409.99725917,11321.509083591363,2086571.830193249,24467710.86178034,4944575031.914813
130,2024-07-01,8.499198773173568,0.26541661952690015,37.21017035756696,318.78107942948037,0.45299086909616976,54.918270331615844,26.86128499455209,9490.154403109304,0.00240168403281475,0.4429857877818099,5.22020551136005,5.624016712111081,40061203.86928755,1251133.6907869247,175414409.99725917,11321.509083591363,2086571.830193249,24467710.86178034,4944575031.914813
131,2024-07-01,8.499198773173568,0.26541661952690015,37.21017035756696,318.78107942948037,0.45299086909616976,54.918270331615844,26.86128499455209,9490.154403109304,0.00240168403281475,0.4429857877818099,5.22020551136005,5.624016712111081,40061203.86928755,1251133.6907869247,175414409.99725917,11321.509083591363,2086571.830193249,24467710.86178034,4944575031.912239
132,2024-07-01,8.499198773173568,0.26541661952690015,37.21017035756696,318.78107942948037,0.45299086909616976,54.918270331615844,26.86128499455209,9490.154403109304,0.00240168403281475,0.4429857877818099,5.22020551136005,5.624016712111081,40061203.86928755,1251133.6907869247,175414409.99725917,11321.509083591363,2086571.830193249,24467710.86178034,4944575031.914813
133,2024-07-01,8.499198773173568,0.26541661952690015,37.21017035756696,318.78107942948037,0.45299086909616976,54.918270331615844,26.86128499455209,9490.154403109304,0.00240168403281475,0.4429857877818099,5.22020551136005,5.624016712111081,40061203.86928755,1251133.6907869247,175414409.99725917,11321.509083591363,2086571.830193249,24467710.86178034,4944575031.914813
134,2024-07-01,8.499198773173568,0.26541661952690015,37.21017035756696,318.78107942948037,0.45299086909616976,54.918270331615844,26.86128499455209,9490.154403109304,0.00240168403281475,0.4429857877818099,5.22020551136005,5.624016712111081,40061203.86928755,1251133.6907869247,175414409.99725917,11321.509083591363,2086571.830193249,24467710.86178034,4944575031.914813
135,2024-07-01,8.499198773173568,0.26541661952690015,37.21017035756696,318.78107942948037,0.45299086909616976,54.918270331615844,26.86128499455209,9490.154403109304,0.00240168403281475,0.4429857877818099,5.22020551136005,5.624016712111081,40061203.86928755,1251133.6907869247,175414409.99725917,11321.509083591363,2086571.830193249,24467710.86178034,4944575031.914813
136,2024-07-01,8.499198773173568,0.26541661952690015,37.21017035756696,318.78107942948037,0.45299086909616976,54.918270331615844,26.86128499455209,9490.154403109304,0.00240168403281475,0.4429857877818099,5.22020551136005,5.624016712111081,40061203.86928755,1251133.6907869247,175414409.99725917,11321.509083591363,2086571.830193249,24467710.86178034,4944575031.914813
137,2024-07-01,8.499198773173568,0.26541661952690015,37.21017035756696,318.78107942948037,0.45299086909616976,54.918270331615844,26.86128499455209,9490.154403109304,0.00240168403281475,0.4429857877818099,5.22020551136005,5.624016712111081,40061203.86928755,1251133.6907869247,175414409.99725917,11321.509083591363,2086571.830193249,24467710.86178034,4944575031.914813
138,2024-07-01,8.499198773173568,0.26541661952690015,37.21017035756696,318.78107942948037,0.45299086909616976,54.918270331615844,26.86128499455209,9490.154403109304,0.00240168403281475,0.4429857877818099,5.22020551136005,5.624016712111081,40061203.86928755,1251133.6907869247,175414409.99725917,11321.509083591363,2086571.830193249,24467710.86178034,4944575031.914813
139,2024-07-01,8.499198773173568,0.26541661952690015,37.21017035756696,318.78107942948037,0.45299086909616976,54.918270331615844,26.86128499455209,9490.154403109304,0.00240168403281475,0.4429857877818099,5.22020551136005,5.624016712111081,40061203.86928755,1251133.6907869247,175414409.99725917,11321.509083591363,2086571.830193249,24467710.86178034,4944575031.914813
140,2024-08-01,59.34256917292664,0.2143749582137402,34.80599076768672,318.78107942948037,0.45299086909616976,54.918270331615844,26.86128499455209,9490.154403109304,0.44826512603489854,5.478873330937313,24.399062415447755,27.903854282993997,279739447.8148426,1010531.0404436177,164079315.94243062,2111690.2515241834,25780126.13407084,114370703.75640698,4944575031.914813
141,2024-08-01,59.34256917292664,0.2143749582137402,34.80599076768672,318.78107942948037,0.45299086909616976,54.918270331615844,26.86128499455209,9490.154403109304,0.44826512603489854,5.478873330937313,24.399062415447755,27.903854282993997,279739447.8148426,1010531.0404436177,164079315.94243062,2111690.2515241834,25780126.13407084,114370703.75640698,4944575031.914813
142,2024-08-01,59.34256917292664,0.2143749582137402,34.80599076768672,318.78107942948037,0.45299086909616976,54.918270331615844,26.86128499455209,9490.154403109304,0.44826512603489854,5.478873330937313,24.399062415447755,27.903854282993997,279739447.8148426,1010531.0404436177,164079315.94243062,2111690.2515241834,25780126.13407084,114370703.75640698,4944575031.912239
143,2024-08-01,59.34256917292664,0.2143749582137402,34.80599076768672,318.78107942948037,0.45299086909616976,54.918270331615844,26.86128499455209,9490.154403109304,0.44826512603489854,5.478873330937313,24.399062415447755,27.903854282993997,279739447.8148426,1010531.0404436177,164079315.94243062,2111690.2515241834,25780126.13407084,114370703.75640698,4944575031.914813
144,2024-08-01,59.34256917292664,0.2143749582137402,34.80599076768672,318.78107942948037,0.45299086909616976,54.918270331615844,26.86128499455209,9490.154403109304,0.44826512603489854,5.478873330937313,24.399062415447755,27.903854282993997,279739447.8148426,1010531.0404436177,164079315.94243062,2111690.2515241834,25780126.13407084,114370703.75640698,4944575031.914813
145,2024-08-01,59.34256917292664,0.2143749582137402,34.80599076768672,318.78107942948037,0.45299086909616976,54.918270331615844,26.86128499455209,9490.154403109304,0.44826512603489854,5.478873330937313,24.399062415447755,27.903854282993997,279739447.8148426,1010531.0404436177,164079315.94243062,2111690.2515241834,25780126.13407084,114370703.75640698,4944575031.914813
146,2024-08-01,59.34256917292664,0.2143749582137402,34.80599076768672,318.78107942948037,0.45299086909616976,54.918270331615844,26.86128499455209,9490.154403109304,0.44826512603489854,5.478873330937313,24.399062415447755,27.903854282993997,279739447.8148426,1010531.0404436177,164079315.94243062,2111690.2515241834,25780126.13407084,114370703.75640698,4944575031.914813
147,2024-08-01,59.34256917292664,0.2143749582137402,34.80599076768672,318.78107942948037,0.45299086909616976,54.918270331615844,26.86128499455209,9490.154403109304,0.44826512603489854,5.478873330937313,24.399062415447755,27.903854282993997,279739447.8148426,1010531.0404436177,164079315.94243062,2111690.2515241834,25780126.13407084,114370703.75640698,4944575031.914813
148,2024-08-01,59.34256917292664,0.2143749582137402,34.80599076768672,318.78107942948037,0.45299086909616976,54.918270331615844,26.86128499455209,9490.154403109304,0.44826512603489854,5.478873330937313,24.399062415447755,27.903854282993997,279739447.8148426,1010531.0404436177,164079315.94243062,2111690.2515241834,25780126.13407084,114370703.75640698,4944575031.914813
149,2024-08-01,59.34256917292664,0.2143749582137402,34.80599076768672,318.78107942948037,0.45299086909616976,54.918270331615844,26.86128499455209,9490.154403109304,0.44826512603489854,5.478873330937313,24.399062415447755,27.903854282993997,279739447.8148426,1010531.0404436177,164079315.94243062,2111690.2515241834,25780126.13407084,114370703.75640698,4944575031.914813
150,2024-08-01,59.34256917292664,0.2143749582137402,34.80599076768672,318.78107942948037,0.45299086909616976,54.918270331615844,26.86128499455209,9490.154403109304,0.44826512603489854,5.478873330937313,24.399062415447755,27.903854282993997,279739447.8148426,1010531.0404436177,164079315.94243062,2111690.2515241834,25780126.13407084,114370703.75640698,4944575031.914813
151,2024-08-01,59.34256917292664,0.2143749582137402,34.80599076768672,318.78107942948037,0.45299086909616976,54.918270331615844,26.86128499455209,9490.154403109304,0.44826512603489854,5.478873330937313,24.399062415447755,27.903854282993997,279739447.8148426,1010531.0404436177,164079315.94243062,2111690.2515241834,25780126.13407084,114370703.75640698,4944575031.914813
152,2024-08-01,59.34256917292664,0.2143749582137402,34.80599076768672,318.78107942948037,0.45299086909616976,54.918270331615844,26.86128499455209,9490.154403109304,0.44826512603489854,5.478873330937313,24.399062415447755,27.903854282993997,279739447.8148426,1010531.0404436177,164079315.94243062,2111690.2515241834,25780126.13407084,114370703.75640698,4944575031.914813
153,2024-08-01,59.34256917292664,0.2143749582137402,34.80599076768672,318.78107942948037,0.45299086909616976,54.918270331615844,26.86128499455209,9490.154403109304,0.44826512603489854,5.478873330937313,24.399062415447755,27.903854282993997,279739447.8148426,1010531.0404436177,164079315.94243062,2111690.2515241834,25780126.13407084,114370703.75640698,4944575031.914813
154,2024-08-01,59.34256917292664,0.2143749582137402,34.80599076768672,318.78107942948037,0.45299086909616976,54.918270331615844,26.86128499455209,9490.154403109304,0.44826512603489854,5.478873330937313,24.399062415447755,27.903854282993997,279739447.8148426,1010531.0404436177,164079315.94243062,2111690.2515241834,25780126.13407084,114370703.75640698,4944575031.914813
155,2024-08-01,59.34256917292664,0.2143749582137402,34.80599076768672,318.78107942948037,0.45299086909616976,54.918270331615844,26.86128499455209,9490.154403109304,0.44826512603489854,5.478873330937313,24.399062415447755,27.903854282993997,279739447.8148426,1010531.0404436177,164079315.94243062,2111690.2515241834,25780126.13407084,114370703.75640698,4944575031.914813
156,2024-08-01,59.34256917292664,0.2143749582137402,34.80599076768672,318.78107942948037,0.45299086909616976,54.918270331615844,26.86128499455209,9490.154403109304,0.44826512603489854,5.478873330937313,24.399062415447755,27.903854282993997,279739447.8148426,1010531.0404436177,164079315.94243062,2111690.2515241834,25780126.13407084,114370703.75640698,4944575031.914813
157,2024-08-01,59.34256917292664,0.2143749582137402,34.80599076768672,318.78107942948037,0.45299086909616976,54.918270331615844,26.86128499455209,9490.154403109304,0.44826512603489854,5.478873330937313,24.399062415447755,27.903854282993997,279739447.8148426,1010531.0404436177,164079315.94243062,2111690.2515241834,25780126.13407084,114370703.75640698,4944575031.914813
158,2024-08-01,59.34256917292664,0.2143749582137402,34.80599076768672,318.78107942948037,0.45299086909616976,54.918270331615844,26.86128499455209,9490.154403109304,0.44826512603489854,5.478873330937313,24.399062415447755,27.903854282993997,279739447.8148426,1010531.0404436177,164079315.94243062,2111690.2515241834,25780126.13407084,114370703.75640698,4944575031.914813
159,2024-08-01,59.34256917292664,0.2143749582137402,34.80599076768672,318.78107942948037,0.45299086909616976,54.918270331615844,26.86128499455209,9490.154403109304,0.44826512603489854,5.478873330937313,24.399062415447755,27.903854282993997,279739447.8148426,1010531.0404436177,164079315.94243062,2111690.2515241834,25780126.13407084,114370703.75640698,4944575031.912239
160,2024-09-01,1.5816334530984475,0.10208331102806315,26.122440912446155,318.78107942948037,0.45299086909616976,54.918270331615844,26.86128499455209,9490.154403109304,0.0,0.6699415979069201,9.756491124228793,7.511048413420174,7454832.977686463,481205.2460071996,123143689.23959477,0.0,3156837.924118617,45730965.80465314,4944575031.914813
161,2024-09-01,1.5816334530984475,0.10208331102806315,26.122440912446155,318.78107942948037,0.45299086909616976,54.918270331615844,26.86128499455209,9490.154403109304,0.0,0.6699415979069201,9.756491124228793,7.511048413420174,7454832.977686463,481205.2460071996,123143689.23959477,0.0,3156837.924118617,45730965.80465314,4944575031.914813
162,2024-09-01,1.5816334530984475,0.10208331102806315,26.122440912446155,318.78107942948037,0.45299086909616976,54.918270331615844,26.86128499455209,9490.154403109304,0.0,0.6699415979069201,9.756491124228793,7.511048413420174,7454832.977686463,481205.2460071996,123143689.23959477,0.0,3156837.924118617,45730965.80465314,4944575031.914813
163,2024-09-01,1.5816334530984475,0.10208331102806315,26.122440912446155,318.78107942948037,0.45299086909616976,54.918270331615844,26.86128499455209,9490.154403109304,0.0,0.6699415979069201,9.756491124228793,7.511048413420174,7454832.977686463,481205.2460071996,123143689.23959477,0.0,3156837.924118617,45730965.80465314,4944575031.914813
164,2024-09-01,1.5816334530984475,0.10208331102806315,26.122440912446155,318.78107942948037,0.45299086909616976,54.918270331615844,26.86128499455209,9490.154403109304,0.0,0.6699415979069201,9.756491124228793,7.511048413420174,7454832.977686463,481205.2460071996,123143689.23959477,0.0,3156837.924118617,45730965.80465314,4944575031.914813
165,2024-09-01,1.5816334530984475,0.10208331102806315,26.122440912446155,318.78107942948037,0.45299086909616976,54.918270331615844,26.86128499455209,9490.154403109304,0.0,0.6699415979069201,9.756491124228793,7.511048413420174,7454832.977686463,481205.2460071996,123143689.23959477,0.0,3156837.924118617,45730965.80465314,4944575031.914813
166,2024-09-01,1.5816334530984475,0.10208331102806315,26.122440912446155,318.78107942948037,0.45299086909616976,54.918270331615844,26.86128499455209,9490.154403109304,0.0,0.6699415979069201,9.756491124228793,7.511048413420174,7454832.977686463,481205.2460071996,123143689.23959477,0.0,3156837.924118617,45730965.80465314,4944575031.914813
167,2024-09-01,1.5816334530984475,0.10208331102806315,26.122440912446155,318.78107942948037,0.45299086909616976,54.918270331615844,26.86128499455209,9490.154403109304,0.0,0.6699415979069201,9.756491124228793,7.511048413420174,7454832.977686463,481205.2460071996,123143689.23959477,0.0,3156837.924118617,45730965.80465314,4944575031.914813
168,2024-09-01,1.5816334530984475,0.10208331102806315,26.122440912446155,318.78107942948037,0.45299086909616976,54.918270331615844,26.86128499455209,9490.154403109304,0.0,0.6699415979069201,9.756491124228793,7.511048413420174,7454832.977686463,481205.2460071996,123143689.23959477,0.0,3156837.924118617,45730965.80465314,4944575031.914813
169,2024-09-01,1.5816334530984475,0.10208331102806315,26.122440912446155,318.78107942948037,0.45299086909616976,54.918270331615844,26.86128499455209,9490.154403109304,0.0,0.6699415979069201,9.756491124228793,7.511048413420174,7454832.977686463,481205.2460071996,123143689.23959477,0.0,3156837.924118617,45730965.80465314,4944575031.912239
170,2024-09-01,1.5816334530984475,0.10208331102806315,26.122440912446155,318.78107942948037,0.45299086909616976,54.918270331615844,26.86128499455209,9490.154403109304,0.0,0.6699415979069201,9.756491124228793,7.511048413420174,7454832.977686463,481205.2460071996,123143689.23959477,0.0,3156837.924118617,45730965.80465314,4944575031.914813
171,2024-09-01,1.5816334530984475,0.10208331102806315,26.122440912446155,318.78107942948037,0.45299086909616976,54.918270331615844,26.86128499455209,9490.154403109304,0.0,0.6699415979069201,9.756491124228793,7.511048413420174,7454832.977686463,481205.2460071996,123143689.23959477,0.0,3156837.924118617,45730965.80465314,4944575031.914813
172,2024-09-01,1.5816334530984475,0.10208331102806315,26.122440912446155,318.78107942948037,0.45299086909616976,54.918270331615844,26.86128499455209,9490.154403109304,0.0,0.6699415979069201,9.756491124228793,7.511048413420174,7454832.977686463,481205.2460071996,123143689.23959477,0.0,3156837.924118617,45730965.80465314,4944575031.914813
173,2024-09-01,1.5816334530984475,0.10208331102806315,26.122440912446155,318.78107942948037,0.45299086909616976,54.918270331615844,26.86128499455209,9490.154403109304,0.0,0.6699415979069201,9.756491124228793,7.511048413420174,7454832.977686463,481205.2460071996,123143689.23959477,0.0,3156837.924118617,45730965.80465314,4944575031.912239
174,2024-09-01,1.5816334530984475,0.10208331102806315,26.122440912446155,318.78107942948037,0.45299086909616976,54.918270331615844,26.86128499455209,9490.154403109304,0.0,0.6699415979069201,9.756491124228793,7.511048413420174,7454832.977686463,481205.2460071996,123143689.23959477,0.0,3156837.924118617,45730965.80465314,4944575031.914813
175,2024-09-01,1.5816334530984475,0.10208331102806315,26.122440912446155,318.78107942948037,0.45299086909616976,54.918270331615844,26.86128499455209,9490.154403109304,0.0,0.6699415979069201,9.756491124228793,7.511048413420174,7454832.977686463,481205.2460071996,123143689.23959477,0.0,3156837.924118617,45730965.80465314,4944575031.914813
176,2024-09-01,1.5816334530984475,0.10208331102806315,26.122440912446155,318.78107942948037,0.45299086909616976,54.918270331615844,26.86128499455209,9490.154403109304,0.0,0.6699415979069201,9.756491124228793,7.511048413420174,7454832.977686463,481205.2460071996,123143689.23959477,0.0,3156837.924118617,45730965.80465314,4944575031.914813
177,2024-09-01,1.5816334530984475,0.10208331102806315,26.122440912446155,318.78107942948037,0.45299086909616976,54.918270331615844,26.86128499455209,9490.154403109304,0.0,0.6699415979069201,9.756491124228793,7.511048413420174,7454832.977686463,481205.2460071996,123143689.23959477,0.0,3156837.924118617,45730965.80465314,4944575031.914813
178,2024-09-01,1.5816334530984475,0.10208331102806315,26.122440912446155,318.78107942948037,0.45299086909616976,54.918270331615844,26.86128499455209,9490.154403109304,0.0,0.6699415979069201,9.756491124228793,7.511048413420174,7454832.977686463,481205.2460071996,123143689.23959477,0.0,3156837.924118617,45730965.80465314,4944575031.914813
179,2024-09-01,1.5816334530984475,0.10208331102806315,26.122440912446155,318.78107942948037,0.45299086909616976,54.918270331615844,26.86128499455209,9490.154403109304,0.0,0.6699415979069201,9.756491124228793,7.511048413420174,7454832.977686463,481205.2460071996,123143689.23959477,0.0,3156837.924118617,45730965.80465314,4944575031.914813
180,2024-10-01,44.586245246566506,0.05104165551403157,25.305297137516867,318.78107942948037,0.45299086909616976,54.918270331615844,26.86128499455209,9490.154403109304,0.4392679053155934,4.434022759204899,24.43547909704266,25.00671017747976,210173998.0114441,240602.6230035998,119291677.31768164,2069488.6750475406,20862149.20834455,114537947.55197434,4944575031.914813
181,2024-10-01,44.586245246566506,0.05104165551403157,25.305297137516867,318.78107942948037,0.45299086909616976,54.918270331615844,26.86128499455209,9490.154403109304,0.4392679053155934,4.434022759204899,24.43547909704266,25.00671017747976,210173998.0114441,240602.6230035998,119291677.31768164,2069488.6750475406,20862149.20834455,114537947.55197434,4944575031.914813
182,2024-10-01,44.586245246566506,0.05104165551403157,25.305297137516867,318.78107942948037,0.45299086909616976,54.918270331615844,26.86128499455209,9490.154403109304,0.4392679053155934,4.434022759204899,24.43547909704266,25.00671017747976,210173998.0114441,240602.6230035998,119291677.31768164,2069488.6750475406,20862149.20834455,114537947.55197434,4944575031.914813
183,2024-10-01,44.586245246566506,0.05104165551403157,25.305297137516867,318.78107942948037,0.45299086909616976,54.918270331615844,26.86128499455209,9490.154403109304,0.4392679053155934,4.434022759204899,24.43547909704266,25.00671017747976,210173998.0114441,240602.6230035998,119291677.31768164,2069488.6750475406,20862149.20834455,114537947.55197434,4944575031.914813
184,2024-10-01,44.586245246566506,0.05104165551403157,25.305297137516867,318.78107942948037,0.45299086909616976,54.918270331615844,26.86128499455209,9490.154403109304,0.4392679053155934,4.434022759204899,24.43547909704266,25.00671017747976,210173998.0114441,240602.6230035998,119291677.31768164,2069488.6750475406,20862149.20834455,114537947.55197434,4944575031.914813
185,2024-10-01,44.586245246566506,0.05104165551403157,25.305297137516867,318.78107942948037,0.45299086909616976,54.918270331615844,26.86128499455209,9490.154403109304,0.4392679053155934,4.434022759204899,24.43547909704266,25.00671017747976,210173998.0114441,240602.6230035998,119291677.31768164,2069488.6750475406,20862149.20834455,114537947.55197434,4944575031.912239
186,2024-10-01,44.586245246566506,0.05104165551403157,25.305297137516867,318.78107942948037,0.45299086909616976,54.918270331615844,26.86128499455209,9490.154403109304,0.4392679053155934,4.434022759204899,24.43547909704266,25.00671017747976,210173998.0114441,240602.6230035998,119291677.31768164,2069488.6750475406,20862149.20834455,114537947.55197434,4944575031.914813
187,2024-10-01,44.586245246566506,0.05104165551403157,25.305297137516867,318.78107942948037,0.45299086909616976,54.918270331615844,26.86128499455209,9490.154403109304,0.4392679053155934,4.434022759204899,24.43547909704266,25.00671017747976,210173998.0114441,240602.6230035998,119291677.31768164,2069488.6750475406,20862149.20834455,114537947.55197434,4944575031.914813
188,2024-10-01,44.586245246566506,0.05104165551403157,25.305297137516867,318.78107942948037,0.45299086909616976,54.918270331615844,26.86128499455209,9490.154403109304,0.4392679053155934,4.434022759204899,24.43547909704266,25.00671017747976,210173998.0114441,240602.6230035998,119291677.31768164,2069488.6750475406,20862149.20834455,114537947.55197434,4944575031.912239
189,2024-10-01,44.586245246566506,0.05104165551403157,25.305297137516867,318.78107942948037,0.45299086909616976,54.918270331615844,26.86128499455209,9490.154403109304,0.4392679053155934,4.434022759204899,24.43547909704266,25.00671017747976,210173998.0114441,240602.6230035998,119291677.31768164,2069488.6750475406,20862149.20834455,114537947.55197434,4944575031.914813
190,2024-10-01,44.586245246566506,0.05104165551403157,25.305297137516867,318.78107942948037,0.45299086909616976,54.918270331615844,26.86128499455209,9490.154403109304,0.4392679053155934,4.434022759204899,24.43547909704266,25.00671017747976,210173998.0114441,240602.6230035998,119291677.31768164,2069488.6750475406,20862149.20834455,114537947.55197434,4944575031.914813
191,2024-10-01,44.586245246566506,0.05104165551403157,25.305297137516867,318.78107942948037,0.45299086909616976,54.918270331615844,26.86128499455209,9490.154403109304,0.4392679053155934,4.434022759204899,24.43547909704266,25.00671017747976,210173998.0114441,240602.6230035998,119291677.31768164,2069488.6750475406,20862149.20834455,114537947.55197434,4944575031.914813
192,2024-10-01,44.586245246566506,0.05104165551403157,25.305297137516867,318.78107942948037,0.45299086909616976,54.918270331615844,26.86128499455209,9490.154403109304,0.4392679053155934,4.434022759204899,24.43547909704266,25.00671017747976,210173998.0114441,240602.6230035998,119291677.31768164,2069488.6750475406,20862149.20834455,114537947.55197434,4944575031.914813
193,2024-10-01,44.586245246566506,0.05104165551403157,25.305297137516867,318.78107942948037,0.45299086909616976,54.918270331615844,26.86128499455209,9490.154403109304,0.4392679053155934,4.434022759204899,24.43547909704266,25.00671017747976,210173998.0114441,240602.6230035998,119291677.31768164,2069488.6750475406,20862149.20834455,114537947.55197434,4944575031.914813
194,2024-10-01,44.586245246566506,0.05104165551403157,25.305297137516867,318.78107942948037,0.45299086909616976,54.918270331615844,26.86128499455209,9490.154403109304,0.4392679053155934,4.434022759204899,24.43547909704266,25.00671017747976,210173998.0114441,240602.6230035998,119291677.31768164,2069488.6750475406,20862149.20834455,114537947.55197434,4944575031.914813
195,2024-10-01,44.586245246566506,0.05104165551403157,25.305297137516867,318.78107942948037,0.45299086909616976,54.918270331615844,26.86128499455209,9490.154403109304,0.4392679053155934,4.434022759204899,24.43547909704266,25.00671017747976,210173998.0114441,240602.6230035998,119291677.31768164,2069488.6750475406,20862149.20834455,114537947.55197434,4944575031.914813
196,2024-10-01,44.586245246566506,0.05104165551403157,25.305297137516867,318.78107942948037,0.45299086909616976,54.918270331615844,26.86128499455209,9490.154403109304,0.4392679053155934,4.434022759204899,24.43547909704266,25.00671017747976,210173998.0114441,240602.6230035998,119291677.31768164,2069488.6750475406,20862149.20834455,114537947.55197434,4944575031.914813
197,2024-10-01,44.586245246566506,0.05104165551403157,25.305297137516867,318.78107942948037,0.45299086909616976,54.918270331615844,26.86128499455209,9490.154403109304,0.4392679053155934,4.434022759204899,24.43547909704266,25.00671017747976,210173998.0114441,240602.6230035998,119291677.31768164,2069488.6750475406,20862149.20834455,114537947.55197434,4944575031.914813
198,2024-10-01,44.586245246566506,0.05104165551403157,25.305297137516867,318.78107942948037,0.45299086909616976,54.918270331615844,26.86128499455209,9490.154403109304,0.4392679053155934,4.434022759204899,24.43547909704266,25.00671017747976,210173998.0114441,240602.6230035998,119291677.31768164,2069488.6750475406,20862149.20834455,114537947.55197434,4944575031.914813
199,2024-10-01,44.586245246566506,0.05104165551403157,25.305297137516867,318.78107942948037,0.45299086909616976,54.918270331615844,26.86128499455209,9490.154403109304,0.4392679053155934,4.434022759204899,24.43547909704266,25.00671017747976,210173998.0114441,240602.6230035998,119291677.31768164,2069488.6750475406,20862149.20834455,114537947.55197434,4944575031.914813
200,2024-11-01,15.187655755079804,0.0,20.435242737271874,318.78107942948037,0.45299086909616976,54.918270331615844,26.86128499455209,9490.154403109304,8.20835827275662e-05,1.3190486774446561,19.35412900843915,16.660834602693093,71591213.01855823,0.0,96329060.57740593,386.8147891928682,6207565.88376923,90719461.6542794,4944575031.912239
201,2024-11-01,15.187655755079804,0.0,20.435242737271874,318.78107942948037,0.45299086909616976,54.918270331615844,26.86128499455209,9490.154403109304,8.20835827275662e-05,1.3190486774446561,19.35412900843915,16.660834602693093,71591213.01855823,0.0,96329060.57740593,386.8147891928682,6207565.88376923,90719461.6542794,4944575031.914813
202,2024-11-01,15.187655755079804,0.0,20.435242737271874,318.78107942948037,0.45299086909616976,54.918270331615844,26.86128499455209,9490.154403109304,8.20835827275662e-05,1.3190486774446561,19.35412900843915,16.660834602693093,71591213.01855823,0.0,96329060.57740593,386.8147891928682,6207565.88376923,90719461.6542794,4944575031.914813
203,2024-11-01,15.187655755079804,0.0,20.435242737271874,318.78107942948037,0.45299086909616976,54.918270331615844,26.86128499455209,9490.154403109304,8.20835827275662e-05,1.3190486774446561,19.35412900843915,16.660834602693093,71591213.01855823,0.0,96329060.57740593,386.8147891928682,6207565.88376923,90719461.6542794,4944575031.914813
204,2024-11-01,15.187655755079804,0.0,20.435242737271874,318.78107942948037,0.45299086909616976,54.918270331615844,26.86128499455209,9490.154403109304,8.20835827275662e-05,1.3190486774446561,19.35412900843915,16.660834602693093,71591213.01855823,0.0,96329060.57740593,386.8147891928682,6207565.88376923,90719461.6542794,4944575031.912239
205,2024-11-01,15.187655755079804,0.0,20.435242737271874,318.78107942948037,0.45299086909616976,54.918270331615844,26.86128499455209,9490.154403109304,8.20835827275662e-05,1.3190486774446561,19.35412900843915,16.660834602693093,71591213.01855823,0.0,96329060.57740593,386.8147891928682,6207565.88376923,90719461.6542794,4944575031.914813
206,2024-11-01,15.187655755079804,0.0,20.435242737271874,318.78107942948037,0.45299086909616976,54.918270331615844,26.86128499455209,9490.154403109304,8.20835827275662e-05,1.3190486774446561,19.35412900843915,16.660834602693093,71591213.01855823,0.0,96329060.57740593,386.8147891928682,6207565.88376923,90719461.6542794,4944575031.914813
207,2024-11-01,15.187655755079804,0.0,20.435242737271874,318.78107942948037,0.45299086909616976,54.918270331615844,26.86128499455209,9490.154403109304,8.20835827275662e-05,1.3190486774446561,19.35412900843915,16.660834602693093,71591213.01855823,0.0,96329060.57740593,386.8147891928682,6207565.88376923,90719461.6542794,4944575031.914813
208,2024-11-01,15.187655755079804,0.0,20.435242737271874,318.78107942948037,0.45299086909616976,54.918270331615844,26.86128499455209,9490.154403109304,8.20835827275662e-05,1.3190486774446561,19.35412900843915,16.660834602693093,71591213.01855823,0.0,96329060.57740593,386.8147891928682,6207565.88376923,90719461.6542794,4944575031.914813
209,2024-11-01,15.187655755079804,0.0,20.435242737271874,318.78107942948037,0.45299086909616976,54.918270331615844,26.86128499455209,9490.154403109304,8.20835827275662e-05,1.3190486774446561,19.35412900843915,16.660834602693093,71591213.01855823,0.0,96329060.57740593,386.8147891928682,6207565.88376923,90719461.6542794,4944575031.914813
210,2024-11-01,15.187655755079804,0.0,20.435242737271874,318.78107942948037,0.45299086909616976,54.918270331615844,26.86128499455209,9490.154403109304,8.20835827275662e-05,1.3190486774446561,19.35412900843915,16.660834602693093,71591213.01855823,0.0,96329060.57740593,386.8147891928682,6207565.88376923,90719461.6542794,4944575031.914813
211,2024-11-01,15.187655755079804,0.0,20.435242737271874,318.78107942948037,0.45299086909616976,54.918270331615844,26.86128499455209,9490.154403109304,8.20835827275662e-05,1.3190486774446561,19.35412900843915,16.660834602693093,71591213.01855823,0.0,96329060.57740593,386.8147891928682,6207565.88376923,90719461.6542794,4944575031.914813
212,2024-11-01,15.187655755079804,0.0,20.435242737271874,318.78107942948037,0.45299086909616976,54.918270331615844,26.86128499455209,9490.154403109304,8.20835827275662e-05,1.3190486774446561,19.35412900843915,16.660834602693093,71591213.01855823,0.0,96329060.57740593,386.8147891928682,6207565.88376923,90719461.6542794,4944575031.914813
213,2024-11-01,15.187655755079804,0.0,20.435242737271874,318.78107942948037,0.45299086909616976,54.918270331615844,26.86128499455209,9490.154403109304,8.20835827275662e-05,1.3190486774446561,19.35412900843915,16.660834602693093,71591213.01855823,0.0,96329060.57740593,386.8147891928682,6207565.88376923,90719461.6542794,4944575031.914813
214,2024-11-01,15.187655755079804,0.0,20.435242737271874,318.78107942948037,0.45299086909616976,54.918270331615844,26.86128499455209,9490.154403109304,8.20835827275662e-05,1.3190486774446561,19.35412900843915,16.660834602693093,71591213.01855823,0.0,96329060.57740593,386.8147891928682,6207565.88376923,90719461.6542794,4944575031.914813
215,2024-11-01,15.187655755079804,0.0,20.435242737271874,318.78107942948037,0.45299086909616976,54.918270331615844,26.86128499455209,9490.154403109304,8.20835827275662e-05,1.3190486774446561,19.35412900843915,16.660834602693093,71591213.01855823,0.0,96329060.57740593,386.8147891928682,6207565.88376923,90719461.6542794,4944575031.914813
216,2024-11-01,15.187655755079804,0.0,20.435242737271874,318.78107942948037,0.45299086909616976,54.918270331615844,26.86128499455209,9490.154403109304,8.20835827275662e-05,1.3190486774446561,19.35412900843915,16.660834602693093,71591213.01855823,0.0,96329060.57740593,386.8147891928682,6207565.88376923,90719461.6542794,4944575031.914813
217,2024-11-01,15.187655755079804,0.0,20.435242737271874,318.78107942948037,0.45299086909616976,54.918270331615844,26.86128499455209,9490.154403109304,8.20835827275662e-05,1.3190486774446561,19.35412900843915,16.660834602693093,71591213.01855823,0.0,96329060.57740593,386.8147891928682,6207565.88376923,90719461.6542794,4944575031.914813
218,2024-11-01,15.187655755079804,0.0,20.435242737271874,318.78107942948037,0.45299086909616976,54.918270331615844,26.86128499455209,9490.154403109304,8.20835827275662e-05,1.3190486774446561,19.35412900843915,16.660834602693093,71591213.01855823,0.0,96329060.57740593,386.8147891928682,6207565.88376923,90719461.6542794,4944575031.914813
219,2024-11-01,15.187655755079804,0.0,20.435242737271874,318.78107942948037,0.45299086909616976,54.918270331615844,26.86128499455209,9490.154403109304,8.20835827275662e-05,1.3190486774446561,19.35412900843915,16.660834602693093,71591213.01855823,0.0,96329060.57740593,386.8147891928682,6207565.88376923,90719461.6542794,4944575031.914813
220,2024-12-01,0.3920062653928345,0.0,15.62812684902165,318.78107942948037,0.45299086909616976,54.918270331615844,26.86128499455209,9490.154403109304,0.0,0.0242919694431284,10.625385923788489,5.481294356712908,1847605.1241717625,0.0,73670093.81698267,0.0,114488.96857441534,49803742.715389185,4944575031.914813
221,2024-12-01,0.3920062653928345,0.0,15.62812684902165,318.78107942948037,0.45299086909616976,54.918270331615844,26.86128499455209,9490.154403109304,0.0,0.0242919694431284,10.625385923788489,5.481294356712908,1847605.1241717625,0.0,73670093.81698267,0.0,114488.96857441534,49803742.715389185,4944575031.914813
222,2024-12-01,0.3920062653928345,0.0,15.62812684902165,318.78107942948037,0.45299086909616976,54.918270331615844,26.86128499455209,9490.154403109304,0.0,0.0242919694431284,10.625385923788489,5.481294356712908,1847605.1241717625,0.0,73670093.81698267,0.0,114488.96857441534,49803742.715389185,4944575031.914813
223,2024-12-01,0.3920062653928345,0.0,15.62812684902165,318.78107942948037,0.45299086909616976,54.918270331615844,26.86128499455209,9490.154403109304,0.0,0.0242919694431284,10.625385923788489,5.481294356712908,1847605.1241717625,0.0,73670093.81698267,0.0,114488.96857441534,49803742.715389185,4944575031.914813
224,2024-12-01,0.3920062653928345,0.0,15.62812684902165,318.78107942948037,0.45299086909616976,54.918270331615844,26.86128499455209,9490.154403109304,0.0,0.0242919694431284,10.625385923788489,5.481294356712908,1847605.1241717625,0.0,73670093.81698267,0.0,114488.96857441534,49803742.715389185,4944575031.914813
225,2024-12-01,0.3920062653928345,0.0,15.62812684902165,318.78107942948037,0.45299086909616976,54.918270331615844,26.86128499455209,9490.154403109304,0.0,0.0242919694431284,10.625385923788489,5.481294356712908,1847605.1241717625,0.0,73670093.81698267,0.0,114488.96857441534,49803742.715389185,4944575031.914813
226,2024-12-01,0.3920062653928345,0.0,15.62812684902165,318.78107942948037,0.45299086909616976,54.918270331615844,26.86128499455209,9490.154403109304,0.0,0.0242919694431284,10.625385923788489,5.481294356712908,1847605.1241717625,0.0,73670093.81698267,0.0,114488.96857441534,49803742.715389185,4944575031.914813
227,2024-12-01,0.3920062653928345,0.0,15.62812684902165,318.78107942948037,0.45299086909616976,54.918270331615844,26.86128499455209,9490.154403109304,0.0,0.0242919694431284,10.625385923788489,5.481294356712908,1847605.1241717625,0.0,73670093.81698267,0.0,114488.96857441534,49803742.715389185,4944575031.914813
228,2024-12-01,0.3920062653928345,0.0,15.62812684902165,318.78107942948037,0.45299086909616976,54.918270331615844,26.86128499455209,9490.154403109304,0.0,0.0242919694431284,10.625385923788489,5.481294356712908,1847605.1241717625,0.0,73670093.81698267,0.0,114488.96857441534,49803742.715389185,4944575031.914813
229,2024-12-01,0.3920062653928345,0.0,15.62812684902165,318.78107942948037,0.45299086909616976,54.918270331615844,26.86128499455209,9490.154403109304,0.0,0.0242919694431284,10.625385923788489,5.481294356712908,1847605.1241717625,0.0,73670093.81698267,0.0,114488.96857441534,49803742.715389185,4944575031.914813
230,2024-12-01,0.3920062653928345,0.0,15.62812684902165,318.78107942948037,0.45299086909616976,54.918270331615844,26.86128499455209,9490.154403109304,0.0,0.0242919694431284,10.625385923788489,5.481294356712908,1847605.1241717625,0.0,73670093.81698267,0.0,114488.96857441534,49803742.715389185,4944575031.914813
231,2024-12-01,0.3920062653928345,0.0,15.62812684902165,318.78107942948037,0.45299086909616976,54.918270331615844,26.86128499455209,9490.154403109304,0.0,0.0242919694431284,10.625385923788489,5.481294356712908,1847605.1241717625,0.0,73670093.81698267,0.0,114488.96857441534,49803742.715389185,4944575031.914813
232,2024-12-01,0.3920062653928345,0.0,15.62812684902165,318.78107942948037,0.45299086909616976,54.918270331615844,26.86128499455209,9490.154403109304,0.0,0.0242919694431284,10.625385923788489,5.481294356712908,1847605.1241717625,0.0,73670093.81698267,0.0,114488.96857441534,49803742.715389185,4944575031.912239
233,2024-12-01,0.3920062653928345,0.0,15.62812684902165,318.78107942948037,0.45299086909616976,54.918270331615844,26.86128499455209,9490.154403109304,0.0,0.0242919694431284,10.625385923788489,5.481294356712908,1847605.1241717625,0.0,73670093.81698267,0.0,114488.96857441534,49803742.715389185,4944575031.914813
234,2024-12-01,0.3920062653928345,0.0,15.62812684902165,318.78107942948037,0.45299086909616976,54.918270331615844,26.86128499455209,9490.154403109304,0.0,0.0242919694431284,10.625385923788489,5.481294356712908,1847605.1241717625,0.0,73670093.81698267,0.0,114488.96857441534,49803742.715389185,4944575031.914813
235,2024-12-01,0.3920062653928345,0.0,15.62812684902165,318.78107942948037,0.45299086909616976,54.918270331615844,26.86128499455209,9490.154403109304,0.0,0.0242919694431284,10.625385923788489,5.481294356712908,1847605.1241717625,0.0,73670093.81698267,0.0,114488.96857441534,49803742.715389185,4944575031.914813
236,2024-12-01,0.3920062653928345,0.0,15.62812684902165,318.78107942948037,0.45299086909616976,54.918270331615844,26.86128499455209,9490.154403109304,0.0,0.0242919694431284,10.625385923788489,5.481294356712908,1847605.1241717625,0.0,73670093.81698267,0.0,114488.96857441534,49803742.715389185,4944575031.914813
237,2024-12-01,0.3920062653928345,0.0,15.62812684902165,318.78107942948037,0.45299086909616976,54.918270331615844,26.86128499455209,9490.154403109304,0.0,0.0242919694431284,10.625385923788489,5.481294356712908,1847605.1241717625,0.0,73670093.81698267,0.0,114488.96857441534,49803742.715389185,4944575031.914813
238,2024-12-01,0.3920062653928345,0.0,15.62812684902165,318.78107942948037,0.45299086909616976,54.918270331615844,26.86128499455209,9490.154403109304,0.0,0.0242919694431284,10.625385923788489,5.481294356712908,1847605.1241717625,0.0,73670093.81698267,0.0,114488.96857441534,49803742.715389185,4944575031.914813
239,2024-12-01,0.3920062653928345,0.0,15.62812684902165,318.78107942948037,0.45299086909616976,54.918270331615844,26.86128499455209,9490.154403109304,0.0,0.0242919694431284,10.625385923788489,5.481294356712908,1847605.1241717625,0.0,73670093.81698267,0.0,114488.96857441534,49803742.715389185,4944575031.912239
