,Date,precip_and_snowmelt_input_GSL_Basin_Watershed_mean,irrigation_GSL_Basin_Watershed_mean,AET_GSL_Basin_Watershed_mean,soil_thickness_GSL_Basin_Watershed_mean,soil_porosity_GSL_Basin_Watershed_mean,field_capacity_GSL_Basin_Watershed_mean,wilting_point_GSL_Basin_Watershed_mean,Geo_K_GSL_Basin_Watershed_mean,Runoff_GSL_Basin_Watershed_mean,Recharge_GSL_Basin_Watershed_mean,Soil_Water_End_Of_Previous_Timestep_GSL_Basin_Watershed_mean,Soil_Saturation_Percent_End_Of_Timestep_GSL_Basin_Watershed_mean,precip_and_snowmelt_input_m3_GSL_Basin_Watershed_sum,irrigation_m3_GSL_Basin_Watershed_sum,AET_m3_GSL_Basin_Watershed_sum,Runoff_m3_GSL_Basin_Watershed_sum,Recharge_m3_GSL_Basin_Watershed_sum,Soil_Water_End_Of_Previous_Timestep_m3_GSL_Basin_Watershed_sum,GSL_Basin_Watershed_area_m2
0,2005-01-01,57.58950045791244,0.0,12.413450868265576,453.48846592550416,0.5086230828901156,117.8384342263478,57.873725289386364,4695.238048550398,5.609692806294422,17.00131044794315,128.00968074141232,53.833609132716006,1944732872.2515268,0.0,419159399.958471,189484436.0372736,574209675.4762913,3730041351.8901863,33723506139.65187
1,2005-02-01,32.8996771203814,0.0,22.356083857358502,453.48846592550416,0.5086230828901156,117.8384342263478,57.873725289386364,4695.238048550398,1.6871366546383952,11.653783219621294,127.86346271705489,53.04249724648041,1111012093.4560912,0.0,754856754.079427,56988431.03476598,393624084.2795936,3725785592.37752,33723506139.65187
2,2005-03-01,54.21118303594138,0.0,45.738095714157126,453.48846592550416,0.5086230828901156,117.8384342263478,57.873725289386364,4695.238048550398,4.1535974654566745,12.532703444170096,123.76602782845625,50.345069317300286,1830720744.2227151,0.0,1544328982.497902,140304927.45559758,423316573.6541707,3606492760.4466143,33723506139.65187
3,2005-04-01,76.06425780813065,1.2977924856744039,69.27724764313628,453.48846592550416,0.5086230828901156,117.8384342263478,57.873725289386364,4695.238048550398,2.90777747879677,11.735822224915488,126.61633631026592,51.75337943046408,2568349327.1475635,43830500.77753537,2339132578.2543483,98215538.56318523,396382502.8293536,3689482221.8249397,33723506139.65187
4,2005-05-01,92.64131215035773,3.3742604449616875,96.52862727063692,453.48846592550416,0.5086230828901156,117.8384342263478,57.873725289386364,4695.238048550398,4.016461395498815,9.541084554145845,124.8749150646214,50.88817104040987,3128142045.3193784,113959301.42022641,3259357539.4556403,135654064.0488912,322235796.9894849,3638720673.3125296,33723506139.65187
5,2005-06-01,44.16920498345735,5.1911699426976154,82.79844192068137,453.48846592550416,0.5086230828901156,117.8384342263478,57.873725289386364,4695.238048550398,2.748257400965593,2.710039173911628,104.74018366365404,42.810927725975084,1491434938.5198836,175322003.1101415,2795890336.100571,92811444.26092716,91526926.69701742,3051963231.043475,33723506139.65187
6,2005-07-01,3.096236150149096,6.748520889923375,71.04176372379452,453.48846592550416,0.5086230828901156,117.8384342263478,57.873725289386364,4695.238048550398,1.7742486040781957,0.7300181785132628,73.5312771593985,29.877079278724594,104525118.59733544,227918602.84045282,2399028488.2926583,59921502.701600194,24649329.329417583,2142466572.4389899,33723506139.65187
7,2005-08-01,13.937039582768405,5.450728554034052,55.92226848750833,453.48846592550416,0.5086230828901156,117.8384342263478,57.873725289386364,4695.238048550398,2.0658649663477586,0.724703283313382,67.21907562734434,28.020120607390535,470569579.93122923,184088107.122579,1888486051.3257673,69765384.08437823,24468118.983160768,1958492810.8406289,33723506139.65187
8,2005-09-01,11.401111957528565,2.5955849713488077,42.471920081577906,453.48846592550416,0.5086230828901156,117.8384342263478,57.873725289386364,4695.238048550398,0.662355909261427,0.500027725827454,59.9431800906953,24.9054548422211,384982761.75739765,87661001.55507074,1434163289.0543518,22370193.535115138,16881739.3257082,1746528907.070635,33723506139.65187
9,2005-10-01,31.623191122869546,1.2977924856744039,32.94293040878959,453.48846592550416,0.5086230828901156,117.8384342263478,57.873725289386364,4695.238048550398,0.7857590155059853,0.6007624613121207,66.51495427160943,27.910074717079297,1067783640.4683914,43830500.77753537,1112371209.3972466,26535464.55454068,20283491.157114808,1938031591.539335,33723506139.65187
10,2005-11-01,22.626585279579988,0.0,26.75681316044664,453.48846592550416,0.5086230828901156,117.8384342263478,57.873725289386364,4695.238048550398,0.13586009181609787,1.2450043484327251,67.78012236964454,28.190285301388094,764145184.9345025,0.0,903444626.2585267,4589198.3132862225,42048946.90718532,1975053948.0612679,33723506139.65187
11,2005-12-01,45.87270704267212,0.0,15.253883951333123,453.48846592550416,0.5086230828901156,117.8384342263478,57.873725289386364,4695.238048550398,2.4398725886489463,7.432326913574096,93.29140492284397,39.2873791234459,1549075324.8101797,0.0,515050393.06211805,82414380.84327929,251051068.57966593,2718462878.5866923,33723506139.65187
12,2006-01-01,42.77446127111862,0.0,12.68656212822537,453.48846592550416,0.5086230828901156,117.8384342263478,57.873725289386364,4695.238048550398,4.094213841964387,11.584408231027298,110.52567181312098,46.45824180598924,1444473809.3464563,0.0,428377015.5181808,138287215.2753313,391285221.63429236,3220637181.653767,33723506139.65187
13,2006-02-01,24.758564252768906,0.0,20.349103242124606,453.48846592550416,0.5086230828901156,117.8384342263478,57.873725289386364,4695.238048550398,1.3072066741685497,7.759403864772679,109.56121214267117,45.87815700664927,836038703.6522658,0.0,687097095.0561244,44155774.74947674,262082920.77331835,3192502782.364958,33723506139.65187
14,2006-03-01,78.05632084384312,0.0,38.18251322143017,453.48846592550416,0.5086230828901156,117.8384342263478,57.873725289386364,4695.238048550398,8.227739775145878,18.0682944559995,129.40400239730766,54.26028721708783,2635829881.3922186,0.0,1289230078.2750192,277908851.1564825,610222799.6458852,3770720902.4433684,33723506139.65187
15,2006-04-01,66.31652316193286,1.3417456167047621,74.69703180141357,453.48846592550416,0.5086230828901156,117.8384342263478,57.873725289386364,4695.238048550398,6.61906240133166,12.090403539826662,114.85930071933608,46.84934680888081,2239422811.1754255,45314450.518708386,2522078935.7899313,223584664.2824648,408377808.0977595,3347032186.2691875,33723506139.65187
16,2006-05-01,22.8581305575084,3.4885385880066635,73.24984754116382,453.48846592550416,0.5086230828901156,117.8384342263478,57.873725289386364,4695.238048550398,0.5652105953626042,4.425023896913202,83.74634714864942,33.47938507609413,771832124.900811,117817570.82808153,2473451628.6368513,19088065.02202756,149466212.37607032,2440366321.8888106,33723506139.65187
17,2006-06-01,17.6422070759201,5.3669824668190484,68.53645015845714,453.48846592550416,0.5086230828901156,117.8384342263478,57.873725289386364,4695.238048550398,1.4870744054808158,0.6700097390823819,63.00380032496781,25.171101629209414,595698901.0120844,181257802.07483354,2314449257.006311,50220364.91948874,22623990.96590732,1835813807.029001,33723506139.65187
18,2006-07-01,12.549050184217037,6.977077176013327,65.16076409369464,453.48846592550416,0.5086230828901156,117.8384342263478,57.873725289386364,4695.238048550398,2.3782412098764247,0.7120220573371012,55.78131452032429,22.772916096912287,423686933.57090753,235635141.65616307,2200482584.4079494,80316777.04399437,24042090.233049322,1625297363.771513,33723506139.65187
19,2006-08-01,16.48005320544781,5.635331465575123,48.73146500444877,453.48846592550416,0.5086230828901156,117.8384342263478,57.873725289386364,4695.238048550398,2.4290132367152957,0.7604422206044837,55.517252202132426,22.963895999595803,556527755.3254284,190320687.97123468,1645689995.4024236,82032615.33453408,25677458.868759267,1617604361.8775566,33723506139.65187
20,2006-09-01,41.136646369171686,2.6834912334095242,49.75931248562882,453.48846592550416,0.5086230828901156,117.8384342263478,57.873725289386364,4695.238048550398,1.768008975092554,0.8514864825897734,60.09810455084684,24.547383422150045,1389196855.444273,90628901.03741677,1680241956.027317,59712782.94442681,28754120.05700354,1751187050.399906,33723506139.65187
21,2006-10-01,40.30141698323534,1.3417456167047621,53.38542343567236,453.48846592550416,0.5086230828901156,117.8384342263478,57.873725289386364,4695.238048550398,0.4527259324849545,0.6525770330947696,57.727832020026895,22.902390312598857,1360874327.4447722,45314450.518708386,1802571656.078643,15290728.947682433,22038080.889136102,1682210789.0790887,33723506139.65187
22,2006-11-01,26.321709077681298,0.0,28.770501964469553,453.48846592550416,0.5086230828901156,117.8384342263478,57.873725289386364,4695.238048550398,0.07604474450482594,1.6043004855527674,59.25115300419378,23.727913181434534,888887540.4575965,0.0,971469419.4772996,2568697.9906278867,54189055.51896148,1726670933.700606,33723506139.65187
23,2006-12-01,39.43364684462639,0.0,16.751866995911094,453.48846592550416,0.5086230828901156,117.8384342263478,57.873725289386364,4695.238048550398,0.5714936181469848,4.866341192537185,81.2272068319776,34.02963654638355,1331459787.5549855,0.0,565636355.7404852,19301751.44675348,164371857.26843926,2366933487.5038733,33723506139.65187
24,2007-01-01,12.745753007148444,0.0,11.415720255531,453.48846592550416,0.5086230828901156,117.8384342263478,57.873725289386364,4695.238048550398,0.2634368084247263,2.570606420512228,82.09500171680133,33.87819682604968,430431918.0951564,0.0,385456842.795341,8897916.364306629,86824818.1569428,2392264914.1163583,33723506139.65187
25,2007-02-01,49.86838233036424,0.0,24.210465674267915,453.48846592550416,0.5086230828901156,117.8384342263478,57.873725289386364,4695.238048550398,2.0301538099257406,10.638600325342757,99.19861054688612,41.5173479914062,1684005815.1003253,0.0,817498609.838305,68572584.29335558,359340378.73901236,2890660129.4806466,33723506139.65187
26,2007-03-01,33.12902536918003,0.0,53.78808971577671,453.48846592550416,0.5086230828901156,117.8384342263478,57.873725289386364,4695.238048550398,0.4978104020217801,5.584339592611216,81.64301368737534,33.166974705264394,1118693388.164436,0.0,1816160075.2338042,16815838.477811847,188625359.87332302,2379165618.2778797,33723506139.65187
27,2007-04-01,24.15744180117466,1.4950444208330607,57.92715216891437,453.48846592550416,0.5086230828901156,117.8384342263478,57.873725289386364,4695.238048550398,0.28589555576624204,2.332164711533017,64.79793475235529,25.775196518381208,815694792.7852114,50492500.69870236,1956014684.3518503,9657780.099013317,78770085.60491572,1888286305.7899582,33723506139.65187
28,2007-05-01,15.19184803809229,3.8871155304615903,79.58511201975459,453.48846592550416,0.5086230828901156,117.8384342263478,57.873725289386364,4695.238048550398,0.2661159628191664,0.4206799005834315,39.983889044806624,14.56967312098732,513015496.1492356,131280503.04291648,2687436376.895953,8987027.28762139,14207655.949526738,1165176505.1367772,33723506139.65187
29,2007-06-01,26.196741409982668,5.980177683332243,65.87607346016571,453.48846592550416,0.5086230828901156,117.8384342263478,57.873725289386364,4695.238048550398,1.354615683651091,0.5115038727778195,39.16361870886355,14.776282276079233,884559016.4669912,201970002.79480943,2224636071.9337,45747012.29784501,17273834.592099022,1141196786.0024931,33723506139.65187
30,2007-07-01,17.761454080884757,7.774231060923181,64.95013846261503,453.48846592550416,0.5086230828901156,117.8384342263478,57.873725289386364,4695.238048550398,2.5261958397690387,0.5932017214380467,37.53392405831825,14.252819622288918,599683120.4685664,262561006.08583295,2193298216.977336,85315369.15998742,20032575.919898406,1093702124.5283093,33723506139.65187
31,2007-08-01,12.033607432151765,6.2791864611239285,55.199403661011466,453.48846592550416,0.5086230828901156,117.8384342263478,57.873725289386364,4695.238048550398,2.2918200257265697,0.5675378729584116,35.313665935762664,13.241696388305124,406328304.2261453,212068499.3426921,1864065898.8263857,77400663.6238338,19165919.841316447,1029008652.9494282,33723506139.65187
32,2007-09-01,29.771412165646918,2.9900888416661213,36.15651524088493,453.48846592550416,0.5086230828901156,117.8384342263478,57.873725289386364,4695.238048550398,1.6965466391234014,0.6122715941465583,43.14253771179575,17.080944405723738,1005336426.5085318,100985001.39740472,1220989836.4570434,57298115.659538925,20676330.831863254,1257126410.7892094,33723506139.65187
33,2007-10-01,38.02677994940714,1.4950444208330607,48.53639517330317,453.48846592550416,0.5086230828901156,117.8384342263478,57.873725289386364,4695.238048550398,0.505487631891306,0.5360883180526179,43.10217418460232,16.970736409998253,1284096305.0742729,50492500.69870236,1638904672.007389,17072685.064393375,18105235.99943424,1256016899.09405,33723506139.65187
34,2007-11-01,9.165512104232556,0.0,21.999547622142007,453.48846592550416,0.5086230828901156,117.8384342263478,57.873725289386364,4695.238048550398,0.002130362365071776,0.3531061912815977,39.1325572214546,14.994891463253287,309529325.9082189,0.0,742836771.6647539,71967.7749217188,11925507.429093506,1140377400.0943942,33723506139.65187
35,2007-12-01,56.092854961437304,0.0,6.845099323182735,453.48846592550416,0.5086230828901156,117.8384342263478,57.873725289386364,4695.238048550398,1.6407902267747683,6.923634428644171,86.93616255417523,36.41941026063821,1894096289.7657783,0.0,231133612.90545115,55418522.85613291,233860572.02585125,2533305972.482723,33723506139.65187
36,2008-01-01,52.86745030744641,0.0,6.323785078028927,453.48846592550416,0.5086230828901156,117.8384342263478,57.873725289386364,4695.238048550398,6.097793744428772,14.73627207937756,118.12998697394983,49.04444892214078,1785336760.949002,0.0,213505806.3684548,205965024.95697,497723128.768857,3442304322.9885087,33723506139.65187
37,2008-02-01,49.89017370705192,0.0,19.691388325152186,453.48846592550416,0.5086230828901156,117.8384342263478,57.873725289386364,4695.238048550398,4.839944805185759,18.286472913896418,130.01915981467573,52.91181912202712,1684705007.1597514,0.0,664856633.371852,163473614.6559497,617584435.6497837,3788737320.916361,33723506139.65187
38,2008-03-01,26.383775444062717,0.0,33.1967193857658,453.48846592550416,0.5086230828901156,117.8384342263478,57.873725289386364,4695.238048550398,1.312938587579727,10.863049616313246,117.81026365079383,47.153411542641834,890987716.8636539,0.0,1120879460.4770195,44349644.13123968,366922569.2808828,3433016842.8825464,33723506139.65187
39,2008-04-01,13.085572941539695,1.5378625171293165,51.0385270976836,453.48846592550416,0.5086230828901156,117.8384342263478,57.873725289386364,4695.238048550398,0.271007356703407,5.521157717355139,86.29526429400664,32.85660445296433,441925894.4336299,51938276.447931685,1723360141.1151657,9154423.220481813,186499669.94836766,2514725780.766198,33723506139.65187
40,2008-05-01,34.87513097199573,3.998442506338431,59.59420206544226,453.48846592550416,0.5086230828901156,117.8384342263478,57.873725289386364,4695.238048550398,1.2138178318658497,3.50938258641509,78.73976693728913,29.511826444096535,1177688520.6152954,135039517.4746921,2012368910.4533913,40996545.39953469,118539930.45619543,2294570821.201123,33723506139.65187
41,2008-06-01,14.38064717484803,6.151450068517266,60.58940086176727,453.48846592550416,0.5086230828901156,117.8384342263478,57.873725289386364,4695.238048550398,2.0044562805976045,0.7319055746961759,57.92199016724145,21.053098303140892,485606909.2836667,207753105.79172674,2046101382.3729665,67695274.96279801,24718962.44980217,1687853634.6585164,33723506139.65187
42,2008-07-01,3.189592656241374,7.996885012676862,61.69156077858972,453.48846592550416,0.5086230828901156,117.8384342263478,57.873725289386364,4695.238048550398,2.8444258703319303,0.5350119516424708,44.81124511800484,16.008448069482387,107688472.57522777,270079034.9493842,2083381713.6328695,96062958.98171905,18068015.139462966,1305757819.296024,33723506139.65187
43,2008-08-01,13.502972005452513,6.459022598992906,46.66838953482553,453.48846592550416,0.5086230828901156,117.8384342263478,57.873725289386364,4695.238048550398,2.963256071389284,0.630805405446411,45.02803330841543,16.687066471665702,455955941.6244361,218140761.9947409,1576025048.958602,100077355.53594042,21302637.002949845,1312054300.3670695,33723506139.65187
44,2008-09-01,14.057925334957034,3.075725034258633,39.95010097273733,453.48846592550416,0.5086230828901156,117.8384342263478,57.873725289386364,4695.238048550398,1.122528026551602,0.43286422879535125,41.64695389687777,15.061918217611915,474772989.32915527,103876552.89586337,1349078779.5669923,37912154.997148104,14618038.029864727,1213566916.567957,33723506139.65187
45,2008-10-01,24.955006722355847,1.5378625171293165,36.66196127045695,453.48846592550416,0.5086230828901156,117.8384342263478,57.873725289386364,4695.238048550398,0.6902233398073687,0.354906571564336,41.00951039504421,14.211227850408427,842658697.5441927,51938276.447931685,1237923883.980268,23311156.165977236,11986224.828935696,1195036435.904577,33723506139.65187
46,2008-11-01,33.282312550505495,0.0,25.376665800233923,453.48846592550416,0.5086230828901156,117.8384342263478,57.873725289386364,4695.238048550398,0.3753683589247505,0.8998392235658417,52.22027717686783,19.150304189132036,1123927306.7711258,0.0,856798157.5816617,12678674.561115224,30394664.936109718,1521841970.4156234,33723506139.65187
47,2008-12-01,45.804842054459336,0.0,12.738620572445425,453.48846592550416,0.5086230828901156,117.8384342263478,57.873725289386364,4695.238048550398,2.0841649108986955,8.14959094742038,81.87002637648072,31.687414471247326,1546737203.005914,0.0,430120906.1823449,70393783.67627482,275269482.1580069,2385811182.186076,33723506139.65187
48,2009-01-01,48.51311337344731,0.0,11.055030141861687,453.48846592550416,0.5086230828901156,117.8384342263478,57.873725289386364,4695.238048550398,4.191009001187502,13.835774362867957,104.76414599717592,41.676826713843234,1638277348.9870517,0.0,373285276.3199612,141559088.74584073,467305878.4596448,3052934479.1439543,33723506139.65187
49,2009-02-01,43.66407908513549,0.0,18.270476971217768,453.48846592550416,0.5086230828901156,117.8384342263478,57.873725289386364,4695.238048550398,3.3363265518769083,15.445232813859292,114.24542009990748,45.662986291687766,1474490664.987114,0.0,616887037.6885577,112688201.47737989,521655337.11069435,3329208531.4770846,33723506139.65187
50,2009-03-01,42.60057353011486,0.0,44.048531896387935,453.48846592550416,0.5086230828901156,117.8384342263478,57.873725289386364,4695.238048550398,4.176809967655614,12.159753801089545,103.5570996644152,40.27720397106412,1438710902.195819,0.0,1487289528.3522391,141089702.4314924,410713895.8670365,3017872798.7192626,33723506139.65187
51,2009-04-01,63.97764014091318,1.2484062552936956,77.40361602367356,453.48846592550416,0.5086230828901156,117.8384342263478,57.873725289386364,4695.238048550398,4.039144485081772,10.773753482835389,90.83144687945268,34.57024473161484,2160470981.7888856,42162033.53300778,2613514837.2463617,136436640.23960388,363899247.1484539,2647117723.953695,33723506139.65187
52,2009-05-01,34.54647839685446,3.2458562644666498,77.20865866216113,453.48846592550416,0.5086230828901156,117.8384342263478,57.873725289386364,4695.238048550398,0.4425604788329219,3.0725918937149683,67.29092539783117,24.58154059484364,1166497614.580774,109621287.21012968,2607191337.2852025,14946352.991139064,103784118.75622724,1961029372.0684736,33723506139.65187
53,2009-06-01,88.05252394591001,4.993625021174783,82.71663150949232,453.48846592550416,0.5086230828901156,117.8384342263478,57.873725289386364,4695.238048550398,2.310167567498202,2.8915083496914535,88.60633080596257,34.917712336973985,2972979984.156454,168648134.1320311,2793095524.5411363,78014874.4649988,97648299.52592927,2581920187.99688,33723506139.65187
54,2009-07-01,11.08147438848677,6.4917125289332995,65.21582672678372,453.48846592550416,0.5086230828901156,117.8384342263478,57.873725289386364,4695.238048550398,1.9727870672524155,0.6317185642754668,65.52723117765268,25.24115726710114,374140605.4845193,219242574.42025936,2202316984.6605043,66623973.32999053,21330847.284287326,1909306155.489686,33723506139.65187
55,2009-08-01,15.710457777084011,5.243306178197704,67.27952202905207,453.48846592550416,0.5086230828901156,117.8384342263478,57.873725289386364,4695.238048550398,1.410929205477233,0.4495932657592776,53.60707206129746,20.893389596630932,530473648.01716053,177080537.66229126,2272008354.801801,47649925.2884407,15179616.715365294,1561958937.7579405,33723506139.65187
56,2009-09-01,19.272748384517506,2.4968125105873913,43.50977985943789,453.48846592550416,0.5086230828901156,117.8384342263478,57.873725289386364,4695.238048550398,0.760020274373962,0.4484008715795903,51.82979226791692,20.71116290170117,650825814.0244904,84324067.06601556,1469281014.7622237,25668367.715157043,15139810.014449075,1510191020.6631725,33723506139.65187
57,2009-10-01,33.990188003668045,1.2484062552936956,27.119925120217516,453.48846592550416,0.5086230828901156,117.8384342263478,57.873725289386364,4695.238048550398,1.008134640279725,0.8040087328197001,64.37791854795803,26.793506780504323,1147726453.9207234,42162033.53300778,915729328.5862668,34047488.59187897,27148141.467466623,1875862327.5830634,33723506139.65187
58,2009-11-01,8.260257111554989,0.0,20.945067331820397,453.48846592550416,0.5086230828901156,117.8384342263478,57.873725289386364,4695.238048550398,0.0030550706587807947,0.3959598485624121,57.02529941824704,22.84753815166533,278964062.15604323,0.0,707209530.9195048,103170.19677117279,13370474.871434808,1661690229.6012328,33723506139.65187
59,2009-12-01,44.469830642373125,0.0,6.975549101742521,453.48846592550416,0.5086230828901156,117.8384342263478,57.873725289386364,4695.238048550398,1.306487023169512,4.050316012797602,95.12312349968866,40.47461511810161,1501533228.282159,0.0,235537267.36960799,44121445.09324589,136797887.84995103,2771755813.515562,33723506139.65187
60,2010-01-01,47.41331655302181,0.0,7.756933128055419,453.48846592550416,0.5086230828901156,117.8384342263478,57.873725289386364,4695.238048550398,3.5832381351699403,11.52780256574863,124.77701781954856,52.847537055751445,1600863539.090782,0.0,261922914.56796882,121000273.26085073,389296329.300846,3635695054.445527,33723506139.65187
61,2010-02-01,23.557752954908032,0.0,14.039249402661271,453.48846592550416,0.5086230828901156,117.8384342263478,57.873725289386364,4695.238048550398,1.2789691392570675,9.914233058772634,126.18957289040141,52.64467385536781,795493310.5590227,0.0,474032859.9835456,43192538.91994162,334818728.76100636,3676862205.1544437,33723506139.65187
62,2010-03-01,35.13445837332451,0.0,38.81139592310071,453.48846592550416,0.5086230828901156,117.8384342263478,57.873725289386364,4695.238048550398,0.837831095094354,7.0065798476944074,120.3439649407145,49.02244128303353,1186420240.2678087,0.0,1310487407.787262,28295647.30260359,236613594.14416957,3506597163.2051287,33723506139.65187
63,2010-04-01,60.94168423377766,1.379308120388497,61.897925060233675,453.48846592550416,0.5086230828901156,117.8384342263478,57.873725289386364,4695.238048550398,2.8720871741971945,11.54349321533491,116.04363658195251,47.28101979186585,2057992308.9138193,46582786.14173216,2090086886.4387467,97012904.45398948,389904119.94274884,3381363850.77801,33723506139.65187
64,2010-05-01,53.35651996736977,3.5862011459846532,79.49970008097803,453.48846592550416,0.5086230828901156,117.8384342263478,57.873725289386364,4695.238048550398,1.673970927894583,7.781827392991653,95.85948200272817,37.698391954934834,1801808433.3476105,121115245.0816659,2684357932.4920273,56538818.069587834,262847865.04246134,2793352888.261866,33723506139.65187
65,2010-06-01,22.066872921327594,5.517232481553988,73.93641966668991,453.48846592550416,0.5086230828901156,117.8384342263478,57.873725289386364,4695.238048550398,1.5558533520706888,1.1347611894348715,67.60049927237874,25.307897338084278,745176234.8475953,186331144.56692863,2496758096.5106654,52543665.38978827,38325595.140906624,1969840724.2733016,33723506139.65187
66,2010-07-01,6.771140320746388,7.1724022919693065,66.23548891799209,453.48846592550416,0.5086230828901156,117.8384342263478,57.873725289386364,4695.238048550398,2.178575145405993,0.5110061073042086,50.39452017572371,18.44510268069868,228603886.6849504,242230490.1633318,2236813188.042345,73572891.46519123,17255022.022441886,1468371017.9376967,33723506139.65187
67,2010-08-01,17.98815712781015,5.793094207831339,48.83095314265142,453.48846592550416,0.5086230828901156,117.8384342263478,57.873725289386364,4695.238048550398,2.4773774392198717,0.6567796201080274,50.45607482489424,18.836720610612126,607452475.1884319,195647705.2460936,1649063252.6878183,83665389.77095096,22177821.2706847,1470166046.6542728,33723506139.65187
68,2010-09-01,4.7264773823335275,2.758616240776994,35.1102502324372,453.48846592550416,0.5086230828901156,117.8384342263478,57.873725289386364,4695.238048550398,0.6470636678482402,0.3345866145971115,46.2057559889075,17.094216605830127,159586861.1937672,93165572.28346431,1185654200.6008453,21851886.8174757,11296716.007544631,1346325935.3163116,33723506139.65187
69,2010-10-01,46.135138927315914,1.379308120388497,28.763126455856913,453.48846592550416,0.5086230828901156,117.8384342263478,57.873725289386364,4695.238048550398,1.5299425567367435,1.1019909130542296,69.88534530456242,28.093155810673338,1557851707.1724904,46582786.14173216,971242122.7169564,51669894.92474267,37216055.28237519,2036362310.1247575,33723506139.65187
70,2010-11-01,56.915009944062646,0.0,17.35564897477679,453.48846592550416,0.5086230828901156,117.8384342263478,57.873725289386364,4695.238048550398,2.3657471187689247,8.171643283652188,102.97184516140712,42.30849129878338,1921929578.3368986,0.0,586019948.7416239,79900099.2345881,276011246.6506149,3000512990.422215,33723506139.65187
71,2010-12-01,94.47484144991543,0.0,9.128242874423899,453.48846592550416,0.5086230828901156,117.8384342263478,57.873725289386364,4695.238048550398,14.090287378417543,25.4449962687429,152.70572631790208,63.4448786374207,3190270514.1800075,0.0,308195499.0632162,475889639.3893432,859314144.1817263,4449711366.657554,33723506139.65187
72,2011-01-01,22.403089132968148,0.0,13.13266168134602,453.48846592550416,0.5086230828901156,117.8384342263478,57.873725289386364,4695.238048550398,1.5349845829162287,16.179668657522136,145.5854930452837,59.099390199801185,756550062.2512735,0.0,443410039.13996094,51841457.4030891,546454449.4811351,4242209502.90037,33723506139.65602
73,2011-02-01,30.030802928084615,0.0,20.518382536715066,453.48846592550416,0.5086230828901156,117.8384342263478,57.873725289386364,4695.238048550398,2.1065421570279472,14.77098770528198,141.92820089546248,56.57995833654465,1014138907.5030844,0.0,692808122.6337334,71146698.17247327,498871244.84467024,4135647838.917481,33723506139.65602
74,2011-03-01,80.00230964357827,0.0,40.10621382226795,453.48846592550416,0.5086230828901156,117.8384342263478,57.873725289386364,4695.238048550398,11.242234033242127,23.230974111403988,152.52772696997653,61.396874621755046,2701588238.3551493,0.0,1354179206.884949,379724009.4220886,784542097.2111231,4444549012.272909,33723506139.65602
75,2011-04-01,86.19391650847535,1.2252089409748808,51.66682995591185,453.48846592550416,0.5086230828901156,117.8384342263478,57.873725289386364,4695.238048550398,13.186490694493633,18.888981427694876,159.13547613829385,65.0565679993448,2910599279.274716,41378214.53242281,1744513904.8594189,445395390.04106724,637945351.7730268,4637063477.934032,33723506139.65602
76,2011-05-01,105.71258372329284,3.185543264859304,74.38745538704542,453.48846592550416,0.5086230828901156,117.8384342263478,57.873725289386364,4695.238048550398,13.28237277186004,20.15890239918333,165.21349806606815,68.11366167707209,3569593176.5996914,107583358.40341972,2511744527.257445,448557973.9047213,680827253.2080832,4814115386.701654,33723506139.65602
77,2011-06-01,20.199484727998925,4.900835763899523,92.33136303198127,453.48846592550416,0.5086230828901156,117.8384342263478,57.873725289386364,4695.238048550398,0.9428249617794148,3.3253521114933795,113.91104572813812,45.978240736411855,682055784.69912,165512858.12969124,3117831458.9462247,31840146.11902094,112309671.84204257,3319114489.572222,33723506139.65602
78,2011-07-01,14.646114720891381,6.371086529718608,78.03537044997844,453.48846592550416,0.5086230828901156,117.8384342263478,57.873725289386364,4695.238048550398,1.6612216650485636,0.8283387759755955,86.58751236717572,35.1005380857857,494570717.0984062,215166716.80683944,2635238064.497707,56100594.94473023,27967676.88717154,2522823542.3324523,33723506139.65602
79,2011-08-01,24.948695982544127,5.1458776353215905,57.120387495376185,453.48846592550416,0.5086230828901156,117.8384342263478,57.873725289386364,4695.238048550398,2.3383146800144994,0.9360244598044554,84.5315512237478,34.793798061783384,842473624.6127129,173788503.8469833,1928960170.3403268,78960880.44441395,31603864.074636534,2462889116.442421,33723506139.65602
80,2011-09-01,13.62195096173407,2.4504178819497615,44.26314395113316,453.48846592550416,0.5086230828901156,117.8384342263478,57.873725289386364,4695.238048550398,0.6343683416960672,0.690389150903982,78.14559830726476,32.274309917509605,459980623.3448273,82756429.06484562,1494724896.0952864,21421746.23021985,23308251.82787641,2276813620.6605363,33723506139.65602
81,2011-10-01,39.560163400078864,1.2252089409748808,46.24537374908771,453.48846592550416,0.5086230828901156,117.8384342263478,57.873725289386364,4695.238048550398,0.5136507902914137,0.7033282451832344,79.0198960130241,32.345552846912526,1335803189.4086225,41378214.53242281,1561557347.2546604,17343885.00686509,23745824.583632924,2302310495.402866,33723506139.65602
82,2011-11-01,38.97431728949565,0.0,21.289511831805413,453.48846592550416,0.5086230828901156,117.8384342263478,57.873725289386364,4695.238048550398,0.9960317996425937,1.8069671155078504,98.3039670957978,40.8612498587985,1316129429.387719,0.0,718860020.7290599,33632791.87159891,61022168.58413989,2864355867.080523,33723506139.65602
83,2011-12-01,7.621413321437862,0.0,10.351287652333856,453.48846592550416,0.5086230828901156,117.8384342263478,57.873725289386364,4695.238048550398,0.04192891921302384,0.9918407962834612,97.3570286607043,40.194783348976415,257350168.39569208,0.0,349525695.99716026,1415719.683715557,33490404.27506483,2836773801.229018,33723506139.65602
84,2012-01-01,57.341104456557865,0.0,14.441750727303615,453.48846592550416,0.5086230828901156,117.8384342263478,57.873725289386364,4695.238048550398,2.8074858167126044,10.874014404845413,129.31895204763717,54.34116410802146,1936235092.3895125,0.0,487650516.7909569,94790712.31007186,367253639.6064026,3768087237.308255,33723506139.65187
85,2012-02-01,25.46154487513643,0.0,18.783538444619936,453.48846592550416,0.5086230828901156,117.8384342263478,57.873725289386364,4695.238048550398,0.8674603159697485,9.704450942361913,128.76037274477613,53.21065629599688,859835407.5805848,0.0,634222728.5674661,29297980.275058683,327768904.5433843,3751848305.0254207,33723506139.65187
86,2012-03-01,34.65815518833409,0.0,47.36553630519754,453.48846592550416,0.5086230828901156,117.8384342263478,57.873725289386364,4695.238048550398,2.220158646774553,10.325705428549222,115.33496565734328,47.13187062117187,1170437028.7117212,0.0,1599379157.271436,74994900.52563728,348763352.7540519,3360694110.3332357,33723506139.65187
87,2012-04-01,47.57598478372865,1.5687616879120512,58.86810811081005,453.48846592550416,0.5086230828901156,117.8384342263478,57.873725289386364,4695.238048550398,1.6017142354875893,9.002907562770947,109.089637064994,44.529790381129025,1606624375.9443183,52982982.16733432,1987814534.6483867,54104310.805714786,304094283.7437063,3178741419.4401236,33723506139.65187
88,2012-05-01,19.799161653822562,4.078780290697364,64.05354804202857,453.48846592550416,0.5086230828901156,117.8384342263478,57.873725289386364,4695.238048550398,0.6128280532920791,2.254134405069557,90.66977365582049,36.20488449478936,668579539.2318703,137755750.3292474,2163084645.704486,20696218.076890144,76131786.23128,2641895446.1187963,33723506139.65187
89,2012-06-01,2.0057735735454982,6.275046751648205,69.08155048136993,453.48846592550416,0.5086230828901156,117.8384342263478,57.873725289386364,4695.238048550398,1.1978859136288231,0.6832162949500691,67.79790927975577,26.47541999625545,67710596.63212499,211931928.66933727,2332931888.7036963,40456210.273651734,23068224.669029944,1975328967.1427734,33723506139.65187
90,2012-07-01,25.235902397073637,8.157560581394728,64.27057694422503,453.48846592550416,0.5086230828901156,117.8384342263478,57.873725289386364,4695.238048550398,3.1590162125703425,0.9515760184306251,73.91027341343217,30.269964409647688,852030518.2336539,275511500.6584948,2170450206.717068,106688448.77182789,32129633.193549696,2153337606.9149375,33723506139.65187
91,2012-08-01,7.182103616361167,6.588798890208081,51.57960100772789,453.48846592550416,0.5086230828901156,117.8384342263478,57.873725289386364,4695.238048550398,2.436318548962977,0.9277977432612521,71.51796846660451,29.548094144286313,242472588.49127436,222528518.38109446,1741899134.6130466,82280839.64598651,31326114.468346894,2083602879.1721203,33723506139.65187
92,2012-09-01,19.18006010691683,3.1375233758241023,41.011129495036265,453.48846592550416,0.5086230828901156,117.8384342263478,57.873725289386364,4695.238048550398,1.2223042947940888,0.8032079014377055,72.36540087663867,30.03954545547831,647628256.9685796,105965964.33466864,1384926883.1904895,41276895.16673285,27116182.52813281,2108281524.3973608,33723506139.65187
93,2012-10-01,29.82420676431216,1.5687616879120512,30.375646075559583,453.48846592550416,0.5086230828901156,117.8384342263478,57.873725289386364,4695.238048550398,1.3066884799129181,0.9178542812320676,79.06878654808722,33.00486468937932,1007141102.6911004,52982982.16733432,1025694152.4866896,44132624.405411646,30990932.887235522,2303693393.12921,33723506139.65187
94,2012-11-01,33.95557642818554,0.0,23.488065722254973,453.48846592550416,0.5086230828901156,117.8384342263478,57.873725289386364,4695.238048550398,0.3964605667819163,1.8647092301112993,90.92879785730024,38.151037373221506,1146650688.762256,0.0,793095827.0959532,13388061.273262907,62974611.55182498,2649389367.728107,33723506139.65187
95,2012-12-01,59.90387181509407,0.0,18.071015825727034,453.48846592550416,0.5086230828901156,117.8384342263478,57.873725289386364,4695.238048550398,3.1434712800635536,10.97934989934805,123.66744018161117,51.854488300096904,2022771691.2862985,0.0,610182498.3619545,106148847.75070113,370808167.6764545,3603348279.6598783,33723506139.65187
96,2013-01-01,34.837548842161866,0.0,2.796489947714116,453.48846592550416,0.5086230828901156,117.8384342263478,57.873725289386364,4695.238048550398,3.728735964863816,13.701819997360698,141.21969192180558,58.89834335339576,1176358765.0223556,0.0,94435654.80203134,125905891.20181209,462721911.8963819,4114766093.876048,33723506139.65602
97,2013-02-01,23.14567405849284,0.0,12.099098243474256,453.48846592550416,0.5086230828901156,117.8384342263478,57.873725289386364,4695.238048550398,1.9576395447527053,9.457081464170994,144.87416404183844,59.84598739420024,781542482.73175,0.0,408527894.4579051,66100232.27628621,319373861.34165674,4221235668.2485895,33723506139.65602
98,2013-03-01,13.72624490705798,0.0,40.03695752146916,453.48846592550416,0.5086230828901156,117.8384342263478,57.873725289386364,4695.238048550398,0.3689096496258033,4.139739036896185,121.65880687874143,48.514539463498714,463542413.45668876,0.0,1351870309.007488,12459720.083960962,139815208.99001604,3544832675.3357286,33723506139.65602
99,2013-04-01,39.76391735354738,1.443873149212865,50.661726333889824,453.48846592550416,0.5086230828901156,117.8384342263478,57.873725289386364,4695.238048550398,0.7008744358084834,6.869471249349716,114.53123156186201,45.19218090302052,1342762342.049018,48763975.80578494,1710621563.827522,23671535.120505143,232009578.77557907,3337235898.8088446,33723506139.65602
100,2013-05-01,38.56389843463087,3.7540702283502223,70.5411313945234,453.48846592550416,0.5086230828901156,117.8384342263478,57.873725289386364,4695.238048550398,0.7551658549311268,1.5146829644368403,100.3800559070444,39.375285217052955,1302168913.5541728,126786338.45937982,2382048575.881027,25503184.60975015,51149972.68750642,2924813075.778468,33723506139.65602
101,2013-06-01,0.7161709032527833,5.77549259685146,71.20552700770783,453.48846592550416,0.5086230828901156,117.8384342263478,57.873725289386364,4695.238048550398,1.1190381802324634,0.550550074881413,69.19926064236822,26.318640391922525,24169855.071398124,195055903.22313976,2404583592.1201763,37792810.58232573,18587460.427064568,2016167986.0082357,33723506139.65602
102,2013-07-01,27.40341281983729,7.508140456700445,60.92205104621745,453.48846592550416,0.5086230828901156,117.8384342263478,57.873725289386364,4695.238048550398,3.04888013405222,0.9804598443971064,73.63625383767399,29.10047528367827,925292478.0984256,253572676.91875964,2057330778.0429137,102966692.0449835,33106606.265509926,2145418521.9697285,33723506139.65602
103,2013-08-01,8.63022631241565,6.064267322260364,58.23407180061378,453.48846592550416,0.5086230828901156,117.8384342263478,57.873725289386364,4695.238048550398,1.9471790478185933,0.764949035674899,63.55398221439734,24.69844496719357,291392075.02915055,204808701.6118124,1966472077.4683254,65761724.26465479,25828005.335295234,1851676901.6915774,33723506139.65602
104,2013-09-01,46.628356950851014,2.88774629842573,50.697791596269006,453.48846592550416,0.5086230828901156,117.8384342263478,57.873725289386364,4695.238048550398,1.6471870502094055,0.9278685368155802,71.13851560390714,28.519700563923994,1574379606.325712,97527951.61156988,1711758077.874819,55631377.691979095,31331394.79819196,2072727688.2346637,33723506139.65602
105,2013-10-01,28.134346796622786,1.443873149212865,41.73805572495423,453.48846592550416,0.5086230828901156,117.8384342263478,57.873725289386364,4695.238048550398,0.443305008082767,0.6206812504516457,65.79348094695258,26.00657637781597,950025247.2165762,48763975.80578494,1409297605.4653277,14972302.291701358,20957151.597424217,1917045549.6222277,33723506139.65602
106,2013-11-01,22.647495101922644,0.0,22.089013466364054,453.48846592550416,0.5086230828901156,117.8384342263478,57.873725289386364,4695.238048550398,0.05890841160420641,0.8384352712491675,69.33002376571505,27.667648872749652,764748046.2394283,0.0,745865940.5548382,1989590.3230545886,28313499.14094705,2020128352.6716816,33723506139.65602
107,2013-12-01,34.87347211644422,0.0,8.502176912233686,453.48846592550416,0.5086230828901156,117.8384342263478,57.873725289386364,4695.238048550398,1.1477854521982849,3.8455693789756276,94.75592020857522,39.03421296045753,1177612418.891267,0.0,287063613.22572577,38763806.92726416,129886613.11749856,2761071909.513063,33723506139.65602
108,2014-01-01,35.869280663973946,0.0,11.678796724884274,453.48846592550416,0.5086230828901156,117.8384342263478,57.873725289386364,4695.238048550398,1.9491553662661445,8.076965615674528,111.21179349337052,46.397459009025994,1211240652.0300314,0.0,394310300.1483763,65826693.10058703,272813775.06760913,3240597656.6673484,33723506139.65602
109,2014-02-01,60.17429811484777,0.0,27.170703909944287,453.48846592550416,0.5086230828901156,117.8384342263478,57.873725289386364,4695.238048550398,3.9805491843656666,14.411305324643221,127.09843982850838,52.64710343612617,2032090871.400254,0.0,917385117.1227909,134444783.57244998,486759271.8967934,3703638344.6578517,33723506139.65602
110,2014-03-01,43.60865540927956,0.0,46.47895568196586,453.48846592550416,0.5086230828901156,117.8384342263478,57.873725289386364,4695.238048550398,2.151778700816382,10.660294079075593,117.21115632986881,48.19881811978778,1472610634.2721424,0.0,1569399763.9136324,72685782.24628831,360074871.64775175,3415529464.935657,33723506139.65602
111,2014-04-01,39.707327385205566,1.3375353324362493,49.33546942325571,453.48846592550416,0.5086230828901156,117.8384342263478,57.873725289386364,4695.238048550398,1.0638599207466344,7.0095015032829515,110.38821935686224,45.54186405245798,1340806215.152166,45172677.18126216,1665881899.0705867,35931742.86640654,236758667.15550527,3216688787.648762,33723506139.65602
112,2014-05-01,26.392535552319355,3.4775918320698427,68.33737890769478,453.48846592550416,0.5086230828901156,117.8384342263478,57.873725289386364,4695.238048550398,0.8212479345276749,2.4478686106298606,87.73610527254579,35.871167140450915,891179867.9094377,117448959.58173634,2307613671.7231407,27733419.248193666,82674854.53894672,2556545383.858044,33723506139.65602
113,2014-06-01,19.8415555497104,5.350141329744997,64.02016705489508,453.48846592550416,0.5086230828901156,117.8384342263478,57.873725289386364,4695.238048550398,1.6326019512631837,0.7085923265426862,70.59407557936782,28.796364944730332,670014767.3565367,180690708.72504863,2161913016.2548895,55136958.27642943,23925191.108318504,2056954075.2348235,33723506139.65602
114,2014-07-01,22.567652334221012,6.955183664139685,67.2433467963649,453.48846592550416,0.5086230828901156,117.8384342263478,57.873725289386364,4695.238048550398,2.6774377699714367,0.8017333274700252,65.02653244219007,26.98510706963391,762021222.985414,234897919.16347268,2270761958.283679,90420549.5453918,27069807.497964103,1894669913.8948114,33723506139.65602
115,2014-08-01,63.00555494458919,5.617648316081789,64.7059968808421,453.48846592550416,0.5086230828901156,117.8384342263478,57.873725289386364,4695.238048550398,4.492225750325658,1.276508669519096,80.55382914446292,33.89983335699188,2127290035.3412428,189725241.45423117,2184971928.3111844,151687449.89718923,43101765.21619405,2346974366.2356052,33723506139.65602
116,2014-09-01,64.07432737700145,2.6750706648724987,47.72118278064913,453.48846592550416,0.5086230828901156,117.8384342263478,57.873725289386364,4695.238048550398,4.902776618953176,2.2536153727299872,100.34473355132933,42.86670349656046,2163566065.3875995,90345354.36252432,1611407861.6287007,165545895.22965682,76094101.10772881,2923682088.191553,33723506139.65602
117,2014-10-01,1.7589865454940918,1.3375353324362493,41.36315944694928,453.48846592550416,0.5086230828901156,117.8384342263478,57.873725289386364,4695.238048550398,0.08864002750149463,0.5542958072905683,73.9994155214841,30.469124912437678,59383454.55638176,45172677.18126216,1396710063.8198745,2993887.159024408,18712061.096984535,2156033593.7457714,33723506139.65602
118,2014-11-01,18.962563665551905,0.0,22.196364481589967,453.48846592550416,0.5086230828901156,117.8384342263478,57.873725289386364,4695.238048550398,0.0009877291010583966,0.5758194639386027,74.1425083219549,30.39153865374676,640356940.4820098,0.0,749511085.0128776,33362.31918318191,19439892.294114802,2160257635.7746935,33723506139.65602
119,2014-12-01,38.63978259230578,0.0,17.580150859267984,453.48846592550416,0.5086230828901156,117.8384342263478,57.873725289386364,4695.238048550398,0.3862008005706719,3.7212171854734843,93.4713379113539,38.97094776907006,1304855392.533827,0.0,593626760.6960633,13045196.715642465,125687391.78416273,2723569949.0094347,33723506139.65602
120,2015-01-01,24.997543353953485,0.0,13.20114319133833,453.48846592550416,0.5086230828901156,117.8384342263478,57.873725289386364,4695.238048550398,0.5141800288200461,4.790500641393099,101.14885826671676,42.49351461551185,844136639.619438,0.0,445726127.0194973,17367099.332831863,161805967.4046414,2947324000.25611,33723506139.65187
121,2015-02-01,21.546760634791582,0.0,22.460790586541602,453.48846592550416,0.5086230828901156,117.8384342263478,57.873725289386364,4695.238048550398,0.602476708131647,8.484124647428983,95.55360796049858,39.727276891410995,727710091.1527753,0.0,758371493.8060542,20352101.871644396,286576609.52171934,2784387105.215293,33723506139.65187
122,2015-03-01,20.347643993402546,0.0,47.21106551231163,453.48846592550416,0.5086230828901156,117.8384342263478,57.873725289386364,4695.238048550398,0.06124239853653863,4.637145885369407,74.56565188630309,30.642069666082342,687155828.3472416,0.0,1594151605.3512304,2068465.6652362077,156631424.8210031,2172837806.8595643,33723506139.65187
123,2015-04-01,46.554040656589486,1.386616424713565,56.18179591510286,453.48846592550416,0.5086230828901156,117.8384342263478,57.873725289386364,4695.238048550398,0.4223709457831097,3.5557145378395822,75.30695541655315,32.29298049442361,1572017486.0099962,46830019.614731684,1897139635.8121967,14262800.74235833,120098073.83773112,2194390133.933021,33723506139.65187
124,2015-05-01,123.41540773512757,3.6052025769125238,77.46090555549996,453.48846592550416,0.5086230828901156,117.8384342263478,57.873725289386364,4695.238048550398,6.918809354383788,9.211363115314624,115.51214779583293,50.47154484279199,4167136534.7187257,121758046.6971209,2615573189.435119,233590245.455112,311093383.2580185,3365810096.706637,33723506139.65187
125,2015-06-01,11.008202380610776,5.54646569885426,79.52775500614823,453.48846592550416,0.5086230828901156,117.8384342263478,57.873725289386364,4695.238048550398,1.061667364536146,0.7705535416023455,77.30545617451583,33.29996868434281,371683762.49939305,187320078.45892674,2685556481.084524,35855064.21156254,26014788.03176361,2252386226.542611,33723506139.65187
126,2015-07-01,31.33783951115754,7.2104051538250475,67.09221760124755,453.48846592550416,0.5086230828901156,117.8384342263478,57.873725289386364,4695.238048550398,3.702974339715191,1.0313453661371341,75.32093977613152,32.89561938533602,1058123317.3159701,243516093.3942418,2265696901.3758307,125033421.03928438,34820031.52712743,2194484669.7643,33723506139.65187
127,2015-08-01,23.77405683450002,5.823789023446091,52.46080558249265,453.48846592550416,0.5086230828901156,117.8384342263478,57.873725289386364,4695.238048550398,2.9798071541594933,0.9871367932364078,73.50247885609792,32.30860757567229,802778114.6775275,196686083.72089696,1771565266.1364324,100625413.30428879,33329122.051760446,2141494258.4250484,33723506139.65187
128,2015-09-01,39.86252423693007,2.77323284942713,46.46676897237742,453.48846592550416,0.5086230828901156,117.8384342263478,57.873725289386364,4695.238048550398,2.8994467456306197,1.28055346541959,79.78816009760071,34.84967752022984,1345990012.5921743,93660039.22946337,1569098914.0922492,97891400.37812248,43233299.78317325,2324640223.6088953,33723506139.65187
129,2015-10-01,34.12336932433793,1.386616424713565,42.371009827346555,453.48846592550416,0.5086230828901156,117.8384342263478,57.873725289386364,4695.238048550398,1.1282966688381333,1.021186506210314,80.29517475994868,35.00337831447229,1152100676.3358355,46830019.614731684,1430690210.843037,38082774.63819736,34474497.1588197,2339381441.363085,33723506139.65187
130,2015-11-01,24.528115740156093,0.0,22.502636788067196,453.48846592550416,0.5086230828901156,117.8384342263478,57.873725289386364,4695.238048550398,0.20379504173873608,1.028225089525042,85.06881225853377,36.912040978628575,828236214.0408996,0.0,759803477.61058,6878507.555986115,34719005.65728603,2478536536.3079386,33723506139.65187
131,2015-12-01,45.074725119463096,0.0,11.683862857028599,453.48846592550416,0.5086230828901156,117.8384342263478,57.873725289386364,4695.238048550398,1.9835920061991705,8.266776559566027,111.8478037058688,48.03123659827209,1522205959.5049498,0.0,394508939.19695646,66994203.49147663,279220590.7599391,3258971529.6650143,33723506139.65187
132,2016-01-01,49.439870527544,0.0,7.881761924280433,453.48846592550416,0.5086230828901156,117.8384342263478,57.873725289386364,4695.238048550398,5.86935661593638,13.921634448365854,136.9141851803001,58.466897864214594,1669392960.0208812,0.0,266119842.986471,198179422.68618995,470170313.96380305,3989321325.268748,33723506139.65187
133,2016-02-01,26.87034297721806,0.0,32.463184940066164,453.48846592550416,0.5086230828901156,117.8384342263478,57.873725289386364,4695.238048550398,0.9433750617180945,9.801662351669641,121.92656000944626,51.10751156239636,907477055.9832538,0.0,1096094924.6600099,31866180.191579636,331071407.101921,3552713975.0687556,33723506139.65187
134,2016-03-01,76.26215509725698,0.0,45.36222220000593,453.48846592550416,0.5086230828901156,117.8384342263478,57.873725289386364,4695.238048550398,6.088628509105871,16.629878385117973,135.05531795519332,57.11685890183722,2575264172.213532,0.0,1531678401.6913664,205662301.5639219,561673283.1235541,3935283418.556456,33723506139.65187
135,2016-04-01,58.38712448727162,1.4581080350690376,55.8255945894608,453.48846592550416,0.5086230828901156,117.8384342263478,57.873725289386364,4695.238048550398,4.108200380517758,11.44936844439655,131.33556583969585,56.24854871954738,1971449191.947498,49244623.86524806,1884975006.4175093,138716311.37372103,386695938.3904915,3826820192.0900984,33723506139.65187
136,2016-05-01,49.15699551869096,3.791080980737353,84.67990892459034,453.48846592550416,0.5086230828901156,117.8384342263478,57.873725289386364,4695.238048550398,1.9188738233081533,5.534734111749671,102.25408518142093,42.89805781728846,1659851613.8684223,128036025.07476056,2859265498.8931065,64798450.844653435,186937545.41649634,2979465068.078521,33723506139.65187
137,2016-06-01,11.573264506008305,5.8324321402761505,80.60080278324843,453.48846592550416,0.5086230828901156,117.8384342263478,57.873725289386364,4695.238048550398,1.3702481575221324,0.6821735837566713,65.37678276788341,27.30349876752953,390749243.44832164,196978495.46099225,2721756756.847859,46271789.084355965,23031538.776207685,1904792751.6809413,33723506139.65187
138,2016-07-01,1.0538548111456774,7.582161961474706,66.1200225938996,453.48846592550416,0.5086230828901156,117.8384342263478,57.873725289386364,4695.238048550398,2.0585833971954637,0.6388422147290093,53.15454578656764,22.548034456693923,35579484.36336234,256072050.1495211,2232897334.794332,69524754.91866165,21568420.15195627,1548644887.5500162,33723506139.65187
139,2016-08-01,2.8377913054360184,6.124053806492936,53.353637018005095,453.48846592550416,0.5086230828901156,117.8384342263478,57.873725289386364,4695.238048550398,1.7722748872195608,0.6010572069969595,48.010080349469334,20.463948135114705,95842980.90457985,206827422.23382208,1801772647.5138118,59854921.22974653,20292408.39557179,1398762160.8691669,33723506139.65187
140,2016-09-01,62.55390453582015,2.9162160701380753,40.65266378077915,453.48846592550416,0.5086230828901156,117.8384342263478,57.873725289386364,4695.238048550398,3.983625656559572,1.0547108064824875,76.90190008912745,33.882708174387496,2112124590.687816,98489247.73049612,1372785615.307441,134495570.6336976,35610753.02991009,2240528321.781381,33723506139.65187
141,2016-10-01,40.13021220482002,1.4581080350690376,48.77284383216527,453.48846592550416,0.5086230828901156,117.8384342263478,57.873725289386364,4695.238048550398,0.886393635495119,1.297648192386568,77.29534360946664,32.83762497315622,1354949047.3866825,49244623.86524806,1646800877.0755465,29931843.157025695,43812776.883762605,2252008962.6976533,33723506139.65187
142,2016-11-01,31.96967969139562,0.0,26.402253891449277,453.48846592550416,0.5086230828901156,117.8384342263478,57.873725289386364,4695.238048550398,0.3478489006831202,1.7331586391962097,84.12823608916433,35.26989837580986,1079665143.9273307,0.0,891489742.7528533,11748979.359073251,58530682.27414768,2451282548.626206,33723506139.65187
143,2016-12-01,70.97045349463163,0.0,8.82192558009337,453.48846592550416,0.5086230828901156,117.8384342263478,57.873725289386364,4695.238048550398,5.288468895945156,16.117229043808173,128.82531703820652,55.387349254310486,2396411824.7714024,0.0,297871648.44107395,178585376.90892702,544288147.8491459,3753656744.923898,33723506139.65187
144,2017-01-01,94.02091148465212,0.0,4.7549736571125765,453.48846592550416,0.5086230828901156,117.8384342263478,57.873725289386364,4695.238048550398,21.162712035929324,30.674833040685517,168.890598171379,71.59701788880385,3174654143.6294785,0.0,160564677.721663,714555522.5673062,1035811125.139517,4921040749.698608,33723506139.65187
145,2017-02-01,89.04644886840892,0.0,15.436839553320588,453.48846592550416,0.5086230828901156,117.8384342263478,57.873725289386364,4695.238048550398,26.452385155651108,31.88914963080488,183.24509313064277,76.83995892308114,3006872577.360904,0.0,521218021.7958665,893292756.9929323,1076829284.1303968,5339309387.198399,33723506139.65187
146,2017-03-01,61.41368243429781,0.0,46.531623961530315,453.48846592550416,0.5086230828901156,117.8384342263478,57.873725289386364,4695.238048550398,6.950449240577502,19.916731062138208,172.408502993289,70.69868976292288,2073890313.8448448,0.0,1571113083.3818989,234745040.0761758,672615905.76651,5023656488.0104685,33723506139.65187
147,2017-04-01,72.17856671678311,1.345657376846391,68.76227168664455,453.48846592550416,0.5086230828901156,117.8384342263478,57.873725289386364,4695.238048550398,8.752777187473132,14.110413955841686,159.5817471988134,64.02887559986226,2437369523.37666,45446368.33519938,2321706193.12515,295650253.8097485,476578705.3792334,4649991851.805576,33723506139.65187
148,2017-05-01,18.896539111092675,3.498709212313064,96.7066866945924,453.48846592550416,0.5086230828901156,117.8384342263478,57.873725289386364,4695.238048550398,0.5345089286067578,4.566446433404085,96.08262165793619,35.80473160572318,638104063.2815434,118160558.76937795,3265329895.5098643,18053330.147619106,154237969.83346105,2799771471.2150507,33723506139.65187
149,2017-06-01,9.712768155819225,5.382629507385564,74.44008617673222,453.48846592550416,0.5086230828901156,117.8384342263478,57.873725289386364,4695.238048550398,1.0026952375276452,0.7349283695840972,64.21959840078247,23.150157518676632,327971331.5347835,181785473.3407975,2513693297.0694275,33864936.82673671,24818507.937401086,1871245468.954816,33723506139.65187
150,2017-07-01,12.400617262309408,6.997418424626128,65.98225229188112,453.48846592550416,0.5086230828901156,117.8384342263478,57.873725289386364,4695.238048550398,1.825169229885755,0.5609297150431746,54.59176143491744,19.853245333072927,418714592.70363694,236321117.5387559,2228162142.7781,61640609.63001858,18940561.934553877,1590669126.1845329,33723506139.65187
151,2017-08-01,10.37103918501752,5.651761190484904,59.03050426384869,453.48846592550416,0.5086230828901156,117.8384342263478,57.873725289386364,4695.238048550398,1.5365639514317657,0.5022633385474576,48.53688755175423,17.83748020861137,350153556.91120666,190874754.02426276,1993440465.5381658,51892253.16107201,16957954.774953496,1414216153.176464,33723506139.65187
152,2017-09-01,49.388453259169786,2.691314753692782,49.703255121117294,453.48846592550416,0.5086230828901156,117.8384342263478,57.873725289386364,4695.238048550398,1.2872923118006587,0.7098757138624963,59.634753673645555,22.709935278368736,1667642030.7213056,90892736.67039876,1678299962.0968285,43473709.726555385,23969586.650881443,1737604127.5688198,33723506139.65187
153,2017-10-01,3.0690152746143484,1.345657376846391,40.71534685634876,453.48846592550416,0.5086230828901156,117.8384342263478,57.873725289386364,4695.238048550398,0.11448918963924605,0.23747332097381826,42.435505366257125,14.763329750889152,103625872.73447396,45446368.33519938,1374796593.6462507,3866823.4905886627,8017776.479093594,1236471029.6033843,33723506139.65187
154,2017-11-01,29.768081346264495,0.0,27.30342807441988,453.48846592550416,0.5086230828901156,117.8384342263478,57.873725289386364,4695.238048550398,0.0748833230298659,0.670497727322686,50.28044667368661,18.557643720262185,1005202448.5903924,0.0,921960814.3742123,2529344.685803683,22643537.866491344,1465104740.8266916,33723506139.65187
155,2017-12-01,18.722407123775145,0.0,12.49677337118978,453.48846592550416,0.5086230828901156,117.8384342263478,57.873725289386364,4695.238048550398,0.1009174849794133,1.9147156918251111,57.963126189775195,22.027511386758665,632268203.7622412,0.0,421965557.3125011,3408739.7856391943,64672823.57293462,1689037279.532081,33723506139.65187
156,2018-01-01,28.315595890708256,0.0,16.62743059373968,453.48846592550416,0.5086230828901156,117.8384342263478,57.873725289386364,4695.238048550398,0.20364685433776597,5.803984821540701,67.5998771402719,26.707206446069037,956193147.686192,0.0,561453894.4607838,6879291.632190495,196033841.24827573,1969861696.3718529,33723506139.65187
157,2018-02-01,32.53992328546587,0.0,21.538832015355833,453.48846592550416,0.5086230828901156,117.8384342263478,57.873725289386364,4695.238048550398,0.3991744295826775,7.788541083661877,75.54950242214262,30.375934356852913,1098780191.2287414,0.0,727280841.0210758,13483357.094464466,263047699.38596925,2201492218.8171973,33723506139.65187
158,2018-03-01,60.22670791612527,0.0,39.42925160206741,453.48846592550416,0.5086230828901156,117.8384342263478,57.873725289386364,4695.238048550398,1.6916297400639657,11.846823531208212,88.24867962175794,36.73385604977033,2033665759.6391935,0.0,1331349761.8601806,57137069.98444719,400101156.3995116,2571518025.1807446,33723506139.65187
159,2018-04-01,39.8808415521924,1.5188863976986873,45.1747778099913,453.48846592550416,0.5086230828901156,117.8384342263478,57.873725289386364,4695.238048550398,1.3976362979586414,7.928622664443509,86.3683245732788,35.980005399586176,1346744408.386746,51298138.34238737,1525403012.3251436,47208210.705403015,267800910.64972985,2516759212.366548,33723506139.65187
160,2018-05-01,41.48047789038557,3.9491048036782512,75.67897917562249,453.48846592550416,0.5086230828901156,117.8384342263478,57.873725289386364,4695.238048550398,0.8340487944502589,2.305121860883159,71.47599469173895,30.157729674376228,1400460616.2550805,133375165.42075011,2555450799.4282484,28165726.733457927,77849667.22050929,2082650867.0334518,33723506139.65187
161,2018-06-01,2.0317294596826856,6.075545590794749,65.53816969418251,453.48846592550416,0.5086230828901156,117.8384342263478,57.873725289386364,4695.238048550398,1.325420179463228,0.576902383972191,46.21904108879168,18.740053547200652,68587397.75386529,205192553.36954948,2213160096.4389725,44764244.66884211,19478999.4781323,1346654756.9288003,33723506139.65187
162,2018-07-01,3.885474868063302,7.8982096073565025,62.29605256580711,453.48846592550416,0.5086230828901156,117.8384342263478,57.873725289386364,4695.238048550398,2.4516812871876597,0.663236943195866,40.14769443144958,16.396776646350798,131181933.33048518,266750330.84150022,2103730158.8893182,82802546.86797142,22395124.166365452,1169757333.8517365,33723506139.65187
163,2018-08-01,8.417171872264227,6.379322981280261,47.8551391124396,453.48846592550416,0.5086230828901156,117.8384342263478,57.873725289386364,4695.238048550398,2.1378821270487127,0.6859673329231428,39.06204441231823,16.143752683498214,284219044.9305582,215452184.78506625,1616077735.3111672,72203658.25262159,23162580.78292039,1138127711.701982,33723506139.65187
164,2018-09-01,0.12801956982336085,3.0377727953973745,41.03178141901682,453.48846592550416,0.5086230828901156,117.8384342263478,57.873725289386364,4695.238048550398,0.5564052211481364,0.35224657708988044,33.93894510413932,13.409901152145483,4323803.454899125,102596276.68477474,1385582646.802396,18791926.6123983,11892771.439624147,988880316.7530053,33723506139.65187
165,2018-10-01,53.84576665964225,1.5188863976986873,42.504446299499044,453.48846592550416,0.5086230828901156,117.8384342263478,57.873725289386364,4695.238048550398,1.2030628558057306,0.9623647157880447,49.62543088407146,20.9023999035621,1818217191.6681404,51298138.34238737,1435166015.9598749,40632724.60035459,32501674.621820796,1446068648.1323388,33723506139.65187
166,2018-11-01,24.02093025854842,0.0,18.963702300378902,453.48846592550416,0.5086230828901156,117.8384342263478,57.873725289386364,4695.238048550398,0.24073111089546279,1.4958551348270601,54.41589647606896,23.064645057551072,811159661.1609421,0.0,640333083.6658436,8130977.035638879,50523979.763530806,1585701349.4576337,33723506139.65187
167,2018-12-01,11.386650488218304,0.0,8.218393533745878,453.48846592550416,0.5086230828901156,117.8384342263478,57.873725289386364,4695.238048550398,0.061785727210135095,3.2178474517526423,56.73337071413463,24.389247967171816,384512099.43981296,0.0,277507714.9543453,2086980.0292403556,108690440.81332931,1653222686.5123217,33723506139.65187
168,2019-01-01,63.45542578165213,0.0,9.492429544023107,453.48846592550416,0.5086230828901156,117.8384342263478,57.873725289386364,4695.238048550398,5.1228712538322165,12.541051822085432,97.02184393120187,42.761474135972755,2142796807.2372115,0.0,320498911.2978195,173034076.87940958,423571293.20126665,2827209995.7355514,33723506139.65187
169,2019-02-01,61.520116741750066,0.0,17.376965719255782,453.48846592550416,0.5086230828901156,117.8384342263478,57.873725289386364,4695.238048550398,7.228589383820473,17.649177817746214,119.649149396703,51.56830069958679,2077356882.2210183,0.0,586709882.3069822,244148635.7746177,596050164.7689421,3486487820.3876133,33723506139.65187
170,2019-03-01,91.55902006493423,0.0,34.034143281314016,453.48846592550416,0.5086230828901156,117.8384342263478,57.873725289386364,4695.238048550398,11.150984777131251,24.453919676366368,141.81268766615258,60.87638372884156,3091715638.883897,0.0,1149137703.515335,376612603.79378116,825821141.2231139,4132306218.1902237,33723506139.65187
171,2019-04-01,82.87894055316677,1.3380840922346766,72.36644605956383,453.48846592550416,0.5086230828901156,117.8384342263478,57.873725289386364,4695.238048550398,7.404799089653073,16.466602301902572,133.15957132497013,56.70358929668491,2798518761.803796,45190297.25973302,2443443842.104075,250062711.22195134,556098485.6715646,3880171388.9553914,33723506139.65187
172,2019-05-01,83.38022443654232,3.479018709467008,98.43680206344281,453.48846592550416,0.5086230828901156,117.8384342263478,57.873725289386364,4695.238048550398,4.452994841897864,10.460111313078185,115.77139451326126,48.86929823705168,2815370045.627836,117494775.22764258,3323736944.060132,150390679.01526064,353256314.4370921,3373481929.599162,33723506139.65187
173,2019-06-01,10.739054790875455,5.3523363689387065,92.45695912103727,453.48846592550416,0.5086230828901156,117.8384342263478,57.873725289386364,4695.238048550398,0.9191815452573678,1.2348857855431958,63.098509524344564,25.7225248552606,362617818.4833171,180761189.03893209,3121970431.893926,31044612.657086276,41702360.98456473,1838621362.5244956,33723506139.65187
174,2019-07-01,8.7756122553841,6.958037418934016,77.8706699191218,453.48846592550416,0.5086230828901156,117.8384342263478,57.873725289386364,4695.238048550398,1.6390025326463271,0.5331622029735388,43.00565172970904,17.626709985877408,296326126.3591245,234989550.45528516,2629643638.4097834,55352340.82775447,18002586.60246014,1253080109.6374278,33723506139.65187
175,2019-08-01,8.827333965305089,5.619953232794767,60.12592100132956,453.48846592550416,0.5086230828901156,117.8384342263478,57.873725289386364,4695.238048550398,1.5148087284464853,0.5134129937918331,38.16456774832123,15.973432239893327,298057620.5742456,189799250.02445778,2030418549.8168805,51157565.75483606,17335153.093303904,1112010159.8019295,33723506139.65187
176,2019-09-01,66.49641529901302,2.6761681844693532,54.618260569646175,453.48846592550416,0.5086230828901156,117.8384342263478,57.873725289386364,4695.238048550398,2.4707064993075085,1.0532232898657945,62.13216141115941,27.34406686676722,2245198104.3796773,90380594.51946604,1844284745.578525,83429255.6672996,35563609.02797048,1810301082.952351,33723506139.65187
177,2019-10-01,10.830829610435465,1.3380840922346766,36.93017885171,453.48846592550416,0.5086230828901156,117.8384342263478,57.873725289386364,4695.238048550398,0.17539550371905765,0.5120258027745506,48.60114615533685,20.51494677730829,365770494.11900085,45190297.25973302,1246973101.7100031,5923745.597510531,17287980.823232766,1416118854.4476788,33723506139.65187
178,2019-11-01,36.090583391510606,0.0,21.31875393643714,453.48846592550416,0.5086230828901156,117.8384342263478,57.873725289386364,4695.238048550398,0.3608448854717071,1.5872939264059729,66.8324952782781,28.87646110261302,1218662645.3028016,0.0,719850775.9010359,12184931.72696719,53603362.03393236,1947398530.373657,33723506139.65187
179,2019-12-01,38.82237954676923,0.0,10.007787897267727,453.48846592550416,0.5086230828901156,117.8384342263478,57.873725289386364,4695.238048550398,1.685854031896595,7.8271103144501115,88.55866000212781,38.40562747899204,1310940373.3798404,0.0,337915147.2739301,56932265.5749189,264347949.3876556,2580484848.6719637,33723506139.65187
180,2020-01-01,40.831815158216294,0.0,12.221392723964513,453.48846592550416,0.5086230828901156,117.8384342263478,57.873725289386364,4695.238048550398,2.9224959021055277,13.95424797516335,103.49797048549199,43.64178186261049,1378857418.0295618,0.0,412647667.2864164,98707328.15535961,471264707.96793145,3015839120.0065856,33723506139.65602
181,2020-02-01,23.39702749612764,0.0,20.078221380227326,453.48846592550416,0.5086230828901156,117.8384342263478,57.873725289386364,4695.238048550398,0.8969150599236451,9.003796191580564,100.68732636772575,41.77279248772775,790097899.2418104,0.0,677940159.6437563,30294760.858940817,304062679.13840544,2933979601.85592,33723506139.65602
182,2020-03-01,43.99740466976055,0.0,41.590802983194486,453.48846592550416,0.5086230828901156,117.8384342263478,57.873725289386364,4695.238048550398,1.7409060447131184,13.47462750989302,94.98625681464881,39.383520553881596,1485630116.0870006,0.0,1404306930.2061768,58786788.02803907,455039334.0394433,2767858471.859347,33723506139.65602
183,2020-04-01,17.25121963729644,1.5839352425821982,61.40935447429187,453.48846592550416,0.5086230828901156,117.8384342263478,57.873725289386364,4695.238048550398,0.13337383959666033,3.469990495039654,68.4425935094994,27.40046738927312,582481826.9354486,53494041.10593269,2073513533.6298172,4504434.939182545,117183264.7073958,1994409009.5798526,33723506139.65602
184,2020-05-01,17.140495547161645,4.118231648692324,66.66615513811264,453.48846592550416,0.5086230828901156,117.8384342263478,57.873725289386364,4695.238048550398,0.5077857074823062,0.8319813715641606,47.663876990914716,18.36321155550281,578776399.8086872,139084507.482777,2251165481.9966435,17150137.356115416,28097267.041210774,1388894254.0352023,33723506139.65602
185,2020-06-01,50.27893517792626,6.335740970328793,61.378292860927495,453.48846592550416,0.5086230828901156,117.8384342263478,57.873725289386364,4695.238048550398,2.363512802862608,1.018380264903438,57.406135083086674,23.34373985339095,1697739016.3126743,213976164.42373076,2072668458.3043551,79822080.36973798,34391225.14926707,1672716440.9114428,33723506139.65602
186,2020-07-01,5.034264597432503,8.236463297384647,65.41778969678181,453.48846592550416,0.5086230828901156,117.8384342263478,57.873725289386364,4695.238048550398,2.658511661742211,0.646050117178239,42.514518440625196,17.302221731330178,169950595.958116,278169014.965554,2209169133.6061964,89782435.23861681,21816106.008098073,1238764416.5794814,33723506139.65602
187,2020-08-01,2.532665941673596,6.652528019769091,49.69584962060242,453.48846592550416,0.5086230828901156,117.8384342263478,57.873725289386364,4695.238048550398,2.266075162556167,0.5708617074455539,37.95168228921782,15.53606133057756,85492250.93471742,224674972.6762297,1678258188.5169427,76529426.17413682,19276209.68534085,1105814906.3022883,33723506139.65602
188,2020-09-01,6.145736376113298,3.1678704851643964,31.145133314005193,453.48846592550416,0.5086230828901156,117.8384342263478,57.873725289386364,4695.238048550398,1.057625017667089,0.4479050242582963,36.96419255898154,15.19135682606518,207513542.4268554,106988082.21186538,1051777887.4678726,35717406.79966212,15123475.586707763,1077043021.1169057,33723506139.65602
189,2020-10-01,4.295663944442412,1.5839352425821982,21.166045167804683,453.48846592550416,0.5086230828901156,117.8384342263478,57.873725289386364,4695.238048550398,0.4524800948301573,0.3624867451911005,34.20053019263582,13.621521822931191,145061793.53592515,53494041.10593269,714705879.595836,15281828.573403722,12239208.529389106,996538551.389541,33723506139.65602
190,2020-11-01,13.380309731240986,0.0,18.74679336579122,453.48846592550416,0.5086230828901156,117.8384342263478,57.873725289386364,4695.238048550398,0.010826514209387713,0.4318027575918579,37.66238319324004,14.876929848870773,451885178.5800134,0.0,633011514.7326281,365660.5501322158,14582205.42361229,1097487130.9660058,33723506139.65602
191,2020-12-01,14.537447429514032,0.0,9.617290831475488,453.48846592550416,0.5086230828901156,117.8384342263478,57.873725289386364,4695.238048550398,0.06310329829111662,1.3133795170137006,44.965377121821604,18.036528588840472,490898074.9631072,0.0,324734818.9341337,2130599.1462503243,44361075.626883976,1310306975.4280257,33723506139.65602
192,2021-01-01,24.529717839486363,0.0,8.80523508652663,453.48846592550416,0.5086230828901156,117.8384342263478,57.873725289386364,4695.238048550398,0.5180745090548576,4.0353892490287535,58.98023786345245,24.30381784690415,828343904.7439156,0.0,297312093.1823296,17498006.887699578,136302330.48975194,1718716503.13876,33723506139.65187
193,2021-02-01,34.90740060142793,0.0,16.656575224689316,453.48846592550416,0.5086230828901156,117.8384342263478,57.873725289386364,4695.238048550398,0.9042853925913457,8.888427744880579,71.99106487631617,30.29685977438194,1178733595.1047451,0.0,562405048.1235057,30542424.02602732,300199460.14475924,2097835398.1881585,33723506139.65187
194,2021-03-01,26.929417226312598,0.0,38.01189928719241,453.48846592550416,0.5086230828901156,117.8384342263478,57.873725289386364,4695.238048550398,0.5195906739072446,6.719237763699983,63.35422507000237,26.260993849301506,909322402.5949008,0.0,1283462108.1569347,17548870.027281925,226914402.57686803,1846183312.0183175,33723506139.65187
195,2021-04-01,27.960244273934297,1.5652363293250493,49.89063952732756,453.48846592550416,0.5086230828901156,117.8384342263478,57.873725289386364,4695.238048550398,0.058852077545131144,2.2798124221040004,54.595510156633864,22.3468764520651,944128802.5586607,52863391.72322292,1684653231.5050359,1987967.3573183545,77001060.50948545,1590957990.4666257,33723506139.65187
196,2021-05-01,13.483136027468728,4.069614444008593,60.37779799454142,453.48846592550416,0.5086230828901156,117.8384342263478,57.873725289386364,4695.238048550398,0.4539887991674219,0.5689979105516838,37.39554939422509,13.935198050583256,455293322.49008316,137444818.0670839,2038789654.9742646,15332987.562520757,19217750.554544125,1089753732.5410883,33723506139.65187
197,2021-06-01,4.009340548963225,6.260945317300197,51.655213092465,453.48846592550416,0.5086230828901156,117.8384342263478,57.873725289386364,4695.238048550398,1.5429745953564225,0.3941431950103554,27.106459729473386,9.40988542525744,135383340.31399158,211453566.89289168,1744401797.3797822,52111764.74786567,13310804.73085985,789884681.3393565,33723506139.65187
198,2021-07-01,19.172000578380118,8.139228888017186,52.0197496675897,453.48846592550416,0.5086230828901156,117.8384342263478,57.873725289386364,4695.238048550398,3.3254709185172646,0.718913304970004,30.96827864460432,11.591767064653132,647292155.9992605,274889636.1341678,1756714012.40441,112310038.4995427,24279521.07354288,902361312.2822708,33723506139.65187
199,2021-08-01,48.675092095482,6.5739926549953065,44.31839903226124,453.48846592550416,0.5086230828901156,117.8384342263478,57.873725289386364,4695.238048550398,4.183849222727871,1.1601637967390743,49.03675638903183,20.5344897291346,1643726302.6031103,222026247.6636714,1496639310.4710383,141303654.10696128,39181483.13333834,1428878001.5762956,33723506139.65187
200,2021-09-01,6.870311094192454,3.1304726586500986,37.586749077748976,453.48846592550416,0.5086230828901156,117.8384342263478,57.873725289386364,4695.238048550398,0.7161601289772653,0.4538833600469602,39.278520873774035,15.920248327913209,231987220.88863343,105726783.44644584,1269301345.7653284,24185901.787099063,15326978.627508577,1144517248.1754513,33723506139.65187
201,2021-10-01,79.61618597666924,1.5652363293250493,44.339280894158556,453.48846592550416,0.5086230828901156,117.8384342263478,57.873725289386364,4695.238048550398,2.4747158670170784,3.1726014423777005,75.7933073312878,31.422458701926388,2688458457.3842297,52863391.72322292,1497084994.1328213,83581376.04566932,107159068.69658208,2208694022.4569745,33723506139.65187
202,2021-11-01,14.937531223693151,0.0,28.755158607176035,453.48846592550416,0.5086230828901156,117.8384342263478,57.873725289386364,4695.238048550398,0.1735396961182684,2.3316090494521307,61.901175203160236,24.97262957860507,504420860.0717661,0.0,970930859.3645637,5862337.575331696,78756765.95607473,1803916965.8770306,33723506139.65187
203,2021-12-01,40.426213745743595,0.0,16.992457036600104,453.48846592550416,0.5086230828901156,117.8384342263478,57.873725289386364,4695.238048550398,0.9956512444918479,8.713149030249308,78.14301784064544,31.69364466080526,1365225314.8423755,0.0,573771960.2290357,33632646.46777387,294308158.89816594,2277259877.9108267,33723506139.65187
204,2022-01-01,25.49217181948978,0.0,10.677124676337371,453.48846592550416,0.5086230828901156,117.8384342263478,57.873725289386364,4695.238048550398,1.1606022751743164,11.081833896644332,82.77918062578556,33.25733259955721,860879455.9568422,0.0,360507516.31601614,39202639.63385777,374291590.7489673,2412353255.8965206,33723506139.65187
205,2022-02-01,7.0425475559740836,0.0,13.538504603756973,453.48846592550416,0.5086230828901156,117.8384342263478,57.873725289386364,4695.238048550398,0.09866202177898362,4.252309006339801,75.50321191668236,29.708128118138244,237820832.61892104,0.0,457137637.8882038,3332041.065765714,143619850.8449077,2200317467.3108864,33723506139.65187
206,2022-03-01,24.984502611495405,0.0,43.92429544023109,453.48846592550416,0.5086230828901156,117.8384342263478,57.873725289386364,4695.238048550398,0.4235758060266291,4.225973586162645,62.40190921778663,24.387535366723796,843722296.26487,0.0,1483201575.8089528,14307077.362097641,142726870.56609637,1818541634.885413,33723506139.65187
207,2022-04-01,27.339693228721185,1.4105016699252995,55.449898527397565,453.48846592550416,0.5086230828901156,117.8384342263478,57.873725289386364,4695.238048550398,0.6286587790361052,4.898714488647602,48.39844675904756,18.980093307998615,923233535.3065733,47637416.246492386,1872372318.1162806,21235098.30417748,165462491.85050645,1410467787.2342935,33723506139.65187
208,2022-05-01,41.93225427531898,3.667304377794914,65.95727153668506,453.48846592550416,0.5086230828901156,117.8384342263478,57.873725289386364,4695.238048550398,0.4301568272959569,2.611263467441538,43.58042189518854,16.97290672334352,1415961909.4602754,123857283.45656902,2227217777.755961,14528129.106213968,88202569.15170635,1270057410.1056762,33723506139.65187
209,2022-06-01,12.120370892913948,5.642006679701198,63.88952482829626,453.48846592550416,0.5086230828901156,117.8384342263478,57.873725289386364,4695.238048550398,0.9468013773106687,0.4086048705020326,26.969163789214402,9.262009734380392,409278578.980601,190549664.98596954,2157486885.1665697,31977492.280714206,13800328.260632873,785935956.8404621,33723506139.65187
210,2022-07-01,6.229461623384182,7.334608755589828,60.27915212892511,453.48846592550416,0.5086230828901156,117.8384342263478,57.873725289386364,4695.238048550398,1.7039073355951877,0.4009986398546891,22.3136446188126,7.346445021009936,210345870.20862973,247714566.91313803,2035643640.9611766,57546520.81711268,13543332.80853337,650256887.476375,33723506139.65187
211,2022-08-01,45.726113976185516,5.924107077954952,48.815639777260095,453.48846592550416,0.5086230828901156,117.8384342263478,57.873725289386364,4695.238048550398,2.676648116402109,0.6307909213716814,37.760594937579775,15.617159552463047,1543926380.1011343,200077150.40605617,1648471209.739546,90399742.8162004,21302557.605384327,1100271748.2760842,33723506139.65187
212,2022-09-01,25.789446827934476,2.821003339850599,39.28294610455173,453.48846592550416,0.5086230828901156,117.8384342263478,57.873725289386364,4695.238048550398,0.9898394500198406,0.5205719754748876,40.57940672449888,17.534776474374954,870807034.8389754,95274832.49298477,1326588060.365317,33429348.040725034,17576095.43454409,1182356010.6977882,33723506139.65187
213,2022-10-01,17.18599242292386,1.4105016699252995,30.736861047517134,453.48846592550416,0.5086230828901156,117.8384342263478,57.873725289386364,4695.238048550398,0.30725552535941547,0.43911498002072835,36.73347512747963,15.243451198686483,580373497.0349218,47637416.246492386,1037903075.4120852,10377267.110354692,14827756.847194277,1070346234.9240694,33723506139.65187
214,2022-11-01,48.18606679868623,0.0,17.62986493646714,453.48846592550416,0.5086230828901156,117.8384342263478,57.873725289386364,4695.238048550398,0.7893453125822261,3.1204587958143133,66.026429378568,28.892784748038785,1627186724.7983253,0.0,595275396.6690831,26660408.132433526,105397651.59737818,1924029428.765914,33723506139.65187
215,2022-12-01,52.80787821161218,0.0,12.147887570355996,453.48846592550416,0.5086230828901156,117.8384342263478,57.873725289386364,4695.238048550398,2.7446514721411264,10.979023142473762,95.87141227552436,41.52175809844063,1783253816.6866846,0.0,410176609.8892157,92702892.7843583,370824379.70111805,2793701067.4588842,33723506139.65187
216,2023-01-01,64.70343911150414,0.0,10.08154548271966,453.48846592550416,0.5086230828901156,117.8384342263478,57.873725289386364,4695.238048550398,7.115873896326062,20.348651656268643,125.62628172680085,53.481281178355104,2184973151.995301,0.0,340386076.4899611,240347848.921341,687247009.4899974,3660724748.584127,33723506139.65187
217,2023-02-01,31.186073726856918,0.0,14.330370799884017,453.48846592550416,0.5086230828901156,117.8384342263478,57.873725289386364,4695.238048550398,2.15151876587567,16.065490635219817,126.13260451834451,52.749188528912676,1053122994.9553769,0.0,483864945.68093306,72666073.54460229,542590003.5062033,3675453228.5910153,33723506139.65187
218,2023-03-01,95.82664291480009,0.0,29.948293960630608,453.48846592550416,0.5086230828901156,117.8384342263478,57.873725289386364,4695.238048550398,16.363164821799835,28.27330254681714,151.47653626737798,63.16944865530237,3235834941.6275334,0.0,1011176226.5997336,552677006.3686854,954783864.4823987,4413902080.098455,33723506139.65187
219,2023-04-01,32.83688807961474,1.401863321488489,58.27837733811867,453.48846592550416,0.5086230828901156,117.8384342263478,57.873725289386364,4695.238048550398,3.659879515595216,12.830770292176732,119.04572296657818,47.80823830944678,1108981532.832981,47344673.97830688,1967767730.7326372,123627047.64969476,433368371.24148905,3469019942.7637076,33723506139.65187
220,2023-05-01,28.3225016940269,3.6448446744816874,78.23045527707508,453.48846592550416,0.5086230828901156,117.8384342263478,57.873725289386364,4695.238048550398,0.4079103836542657,4.436492131786768,85.7293783653342,33.79014994549771,956237464.7432904,123096153.64760247,2641599618.3085113,13776056.619573921,149849758.09040877,2498076821.3428926,33723506139.65187
221,2023-06-01,23.823510261214764,5.607453285953956,85.07738160696609,453.48846592550416,0.5086230828901156,117.8384342263478,57.873725289386364,4695.238048550398,1.1282621498624275,0.5110116994935164,54.29018744040068,20.60638386524974,804345408.5111351,189378695.91322753,2872838983.2654495,38102191.79253561,17255650.083228327,1581897334.109411,33723506139.65187
222,2023-07-01,6.95931448048687,7.289689348963375,73.19286792565995,453.48846592550416,0.5086230828901156,117.8384342263478,57.873725289386364,4695.238048550398,1.7725390982668292,0.48791112624369426,38.745045466017686,14.77197052515625,234981247.88278902,246192307.29520494,2471694902.7518597,59861938.760513894,16475350.464738457,1128919061.1177638,33723506139.65187
223,2023-08-01,48.769218965707026,5.8878259090763905,63.9873384186269,453.48846592550416,0.5086230828901156,117.8384342263478,57.873725289386364,4695.238048550398,2.572564597058299,0.7637937394424443,48.639720085431804,19.33898440828711,1646662205.1251147,198847629.3184645,2160750415.279061,86876756.95952165,25792160.619671013,1417163371.7674494,33723506139.65187
224,2023-09-01,38.45669650570341,2.803726642976978,43.15279624501381,453.48846592550416,0.5086230828901156,117.8384342263478,57.873725289386364,4695.238048550398,1.5777794623724597,0.6760487926723919,56.18816476921216,23.24820455773517,1298457840.2123988,94689347.95661376,1457139763.2040236,53274677.21658025,22826851.000616986,1637075142.3193066,33723506139.65187
225,2023-10-01,38.93100743979244,1.401863321488489,35.17863176942223,453.48846592550416,0.5086230828901156,117.8384342263478,57.873725289386364,4695.238048550398,1.0829532795258183,1.074208946226744,64.27389710203983,27.103826328910536,1314568539.0578997,47344673.97830688,1187870067.776244,36569179.27640669,36272499.548589654,1872698637.1800072,33723506139.65187
226,2023-11-01,26.155547781100314,0.0,21.79572265488317,453.48846592550416,0.5086230828901156,117.8384342263478,57.873725289386364,4695.238048550398,0.1760715799672736,0.962120539522345,69.35484950333061,29.128840563694805,883240019.0241789,0.0,735929545.6478752,5946913.951972271,32490560.04157192,2020845334.9539948,33723506139.65187
227,2023-12-01,23.362157193469262,0.0,14.913448368940374,453.48846592550416,0.5086230828901156,117.8384342263478,57.873725289386364,4695.238048550398,0.38143450597646594,3.4713079260271065,76.05070066177309,31.78230919897172,788954470.4422011,0.0,503544820.84440804,12883482.457740225,117248387.91278279,2216045585.885799,33723506139.65187
228,2024-01-01,33.919734590426174,0.0,16.028902196406957,453.48846592550416,0.5086230828901156,117.8384342263478,57.873725289386364,4695.238048550398,1.6072454938163518,9.137100076360868,86.5741357222589,35.86972898547158,1145470421.6875226,0.0,541179497.8209794,54289526.77543877,308620719.97377276,2522760529.4625545,33723506139.65187
229,2024-02-01,73.33776820162599,0.0,28.40910954042406,453.48846592550416,0.5086230828901156,117.8384342263478,57.873725289386364,4695.238048550398,5.983846149069457,16.774178643627348,110.08716329136706,45.839602228095345,2476493927.833586,0.0,959205842.8779827,202111273.93136108,566540962.7583195,3207923247.283441,33723506139.65187
230,2024-03-01,63.617652622791624,0.0,47.40959191018424,453.48846592550416,0.5086230828901156,117.8384342263478,57.873725289386364,4695.238048550398,3.1832572281029448,14.510244850867416,112.86424786356486,46.835514197295666,2148148068.1659575,0.0,1600740964.5921266,107514895.24006046,490063185.56521076,3288833160.471137,33723506139.65187
231,2024-04-01,43.10002645008883,1.4177993130740034,59.4732947104282,453.48846592550416,0.5086230828901156,117.8384342263478,57.873725289386364,4695.238048550398,1.7352557815778018,8.97611923333099,96.00627376356414,39.46392843563148,1455444442.5898564,47882273.454820566,2008085378.0133998,58613561.946795925,303188144.6497408,2797714608.329326,33723506139.65187
232,2024-05-01,25.318329879496666,3.6862782400705427,70.96094054605247,453.48846592550416,0.5086230828901156,117.8384342263478,57.873725289386364,4695.238048550398,0.6693996877899343,3.650817054945525,68.24213101496784,27.331826399160065,855034491.1218929,124493911.86342503,2396158477.906634,22609157.410788003,123314970.7325443,1988700233.222347,33723506139.65187
233,2024-06-01,5.856201859486388,5.671197252296014,64.19608955581987,453.48846592550416,0.5086230828901156,117.8384342263478,57.873725289386364,4695.238048550398,1.3048899902134619,0.4253944323202077,43.32485029285396,16.751141226260614,197696066.19169256,191529093.81928226,2167846056.491035,44068288.585984245,14364309.671851201,1262482046.8069198,33723506139.65187
234,2024-07-01,9.81723695516075,7.3725564801410854,65.51521839103435,453.48846592550416,0.5086230828901156,117.8384342263478,57.873725289386364,4695.238048550398,2.145643373936124,0.4798243887394573,36.44260810624362,14.454404538823507,331435092.9888875,248987823.72685006,2212425585.005053,72461068.69469742,16202182.484097544,1061895977.7885174,33723506139.65187
235,2024-08-01,21.03410114962749,5.954757185097575,56.68355544003114,453.48846592550416,0.5086230828901156,117.8384342263478,57.873725289386364,4695.238048550398,1.9085587314001657,0.5336391032618273,35.124655571200066,14.044427126398384,710323854.3804137,201105550.88044137,1914176890.061655,64455165.00493976,18020123.104259185,1023502284.7590357,33723506139.65187
236,2024-09-01,11.775895469540403,2.835598626148007,38.16988912993489,453.48846592550416,0.5086230828901156,117.8384342263478,57.873725289386364,4695.238048550398,0.6879401929468295,0.31491451660042735,33.600921018683216,13.498530942833144,397624473.361979,95764546.90964113,1288982471.5781462,23231466.069709796,10632552.563147688,979095977.8402246,33723506139.65187
237,2024-10-01,18.229739325635222,1.4177993130740034,29.860082777649996,453.48846592550416,0.5086230828901156,117.8384342263478,57.873725289386364,4695.238048550398,0.41853022923922584,0.305097826485924,33.66599854300585,13.213976361201805,615590689.4730365,47882273.454820566,1008299233.422978,14134531.083829124,10301714.604605189,981014086.3817252,33723506139.65187
238,2024-11-01,24.999749334714902,0.0,17.615736251212166,453.48846592550416,0.5086230828901156,117.8384342263478,57.873725289386364,4695.238048550398,0.13584491891616307,0.7726554570313309,43.95830987206996,17.885998807994024,844292895.1894258,0.0,594815294.0623302,4588189.47726838,26095896.410574634,1281039656.9987633,33723506139.65187
239,2024-12-01,34.49133159867623,0.0,13.689003968928374,453.48846592550416,0.5086230828901156,117.8384342263478,57.873725289386364,4695.238048550398,0.6077169930760776,4.20970902371621,63.366350942939,26.01762431507687,1164699154.7816465,0.0,462196149.68201536,20525308.166497502,142193543.09091496,1846603502.8434784,33723506139.65187
