,Date,precip_and_snowmelt_input_West Desert_mean,irrigation_West Desert_mean,AET_West Desert_mean,soil_thickness_West Desert_mean,soil_porosity_West Desert_mean,field_capacity_West Desert_mean,wilting_point_West Desert_mean,Geo_K_West Desert_mean,Runoff_West Desert_mean,Recharge_West Desert_mean,Soil_Water_End_Of_Previous_Timestep_West Desert_mean,Soil_Saturation_Percent_End_Of_Timestep_West Desert_mean,precip_and_snowmelt_input_m3_West Desert_sum,irrigation_m3_West Desert_sum,AET_m3_West Desert_sum,Runoff_m3_West Desert_sum,Recharge_m3_West Desert_sum,Soil_Water_End_Of_Previous_Timestep_m3_West Desert_sum,West Desert_area_m2
0,2005-01-01,28.397143034293954,0.0,6.591459868321688,442.8429368921502,0.4978265347017087,101.4620455879071,49.68759830374168,3900.7147842918544,3.1856861169956185,9.190535638463217,143.19507713571437,60.36440719571977,1491370271.6412137,0.0,346071175.9859057,167280773.83324078,482622007.89593756,6894817046.380964,52468342745.01062
1,2005-02-01,26.158119450919152,0.0,9.94489947399369,442.8429368921502,0.4978265347017087,101.4620455879071,49.68759830374168,3900.7147842918544,3.769171909603177,7.430906846296825,148.28491856462628,62.98410028876106,1373774442.3947496,0.0,522176137.0039449,197917579.3978785,390236030.3457887,7139919084.764021,52468342745.01062
2,2005-03-01,37.01830753698177,0.0,21.716538190885345,442.8429368921502,0.4978265347017087,101.4620455879071,49.68759830374168,3900.7147842918544,5.797539857113046,8.182335531902993,151.08193591147042,64.11226332040722,1944287289.2988305,0.0,1140332195.6234982,304445828.8194476,429715845.6239595,7274633210.89661,52468342745.01062
3,2005-04-01,58.17197666635537,0.2477232546879471,32.01468608316494,442.8429368921502,0.4978265347017087,101.4620455879071,49.68759830374168,3900.7147842918544,11.58387225970568,14.007805136548237,157.11870698106245,66.89110658609088,3055063349.8166723,13011489.724191912,1681161187.8219197,608258590.1977612,735583974.2200054,7565282490.907405,52468342745.01062
4,2005-05-01,71.93106462036883,0.6440804755786109,48.9397084954677,442.8429368921502,0.4978265347017087,101.4620455879071,49.68759830374168,3900.7147842918544,12.369727959202562,14.175937448274523,160.9794309055124,68.19577093001419,3778126720.1251025,33829873.98644082,2569884496.173279,649656069.1569852,744547378.2136366,7751254094.732879,52468342745.01062
5,2005-06-01,30.45469275152839,0.9908930187517884,63.718911163736685,442.8429368921502,0.4978265347017087,101.4620455879071,49.68759830374168,3900.7147842918544,1.7309871358091444,2.4056010492788142,145.04259297382322,58.65308808296647,1599541732.0981476,52045958.896767646,3345991106.836397,90889332.58583897,126334117.69815128,6983796064.251847,52468342745.01062
6,2005-07-01,6.324072933996921,1.2881609511572218,71.44917950085625,442.8429368921502,0.4978265347017087,101.4620455879071,49.68759830374168,3900.7147842918544,0.710106157846232,0.8237162214110634,119.3534183082227,43.56307632061157,332024725.6943787,67659747.97288164,3751824262.640629,37279617.09662349,43254987.39188345,5746696370.836855,52468342745.01062
7,2005-08-01,14.59517354858553,1.040437693308477,50.47763910890609,442.8429368921502,0.4978265347017087,101.4620455879071,49.68759830374168,3900.7147842918544,1.1636959101860371,1.1467876894682891,114.39937366148409,41.33516158766045,766389604.218072,54648258.08245172,2650647318.7028785,61096614.78420827,60215364.604255795,5508083103.649848,52468342745.01062
8,2005-09-01,11.074810347846096,0.4954465093758942,36.071266303142906,442.8429368921502,0.4978265347017087,101.4620455879071,49.68759830374168,3900.7147842918544,0.7689986700663604,1.03395572607825,111.31801311000532,39.94599519505386,581574886.3398466,26022979.448383823,1894144831.0906315,40372442.38711314,54291932.86398763,5359700320.742047,52468342745.01062
9,2005-10-01,26.566049383157672,0.2477232546879471,19.410172454235504,442.8429368921502,0.4978265347017087,101.4620455879071,49.68759830374168,3900.7147842918544,2.7278446392324316,2.6137337412839208,119.34814474410899,44.129712238575486,1395179329.7158685,13011489.724191912,1019228736.5301014,143219394.4897716,137236838.47236538,5746389956.976422,52468342745.01062
10,2005-11-01,11.28695872402383,0.0,13.140991860879854,442.8429368921502,0.4978265347017087,101.4620455879071,49.68759830374168,3900.7147842918544,0.57653693262237,1.0868818780578837,119.47304342671556,44.071802067182404,592868248.5636698,0.0,689985654.0802835,30279363.819268383,57082964.19271936,5752468409.95257,52468342745.01062
11,2005-12-01,29.36342924480699,0.0,7.624618830190257,442.8429368921502,0.4978265347017087,101.4620455879071,49.68759830374168,3900.7147842918544,3.5449492047046736,3.564656691320517,132.9014203840721,51.9118497430461,1542326320.0965672,0.0,400323525.4692227,186176991.826738,187213272.94609892,6399210013.323077,52468342745.01062
12,2006-01-01,27.84415886610029,0.0,7.585197276463375,442.8429368921502,0.4978265347017087,101.4620455879071,49.68759830374168,3900.7147842918544,4.746460661031283,5.060523504167969,142.75755275700004,57.69167630786068,1462538490.786189,0.0,398255578.90436894,249308884.5979749,265802271.73338866,6873905721.837813,52468342745.01062
13,2006-02-01,17.458937032386867,0.0,11.314938643308606,442.8429368921502,0.4978265347017087,101.4620455879071,49.68759830374168,3900.7147842918544,2.8514138563439477,3.4934090089218772,144.89934039523718,59.15299268380511,916883248.2321491,0.0,594111304.3886205,149730909.75235584,183459924.89574006,6977026055.596338,52468342745.01062
14,2006-03-01,53.80837923120467,0.0,16.203678830897164,442.8429368921502,0.4978265347017087,101.4620455879071,49.68759830374168,3900.7147842918544,11.275936637671705,13.849969789018928,158.10283963202687,67.09871952673991,2825904772.7378025,0.0,850893929.0800848,592127295.9843277,727353072.3731095,7612750443.23651,52468342745.01062
15,2006-04-01,41.97596149599331,0.28021124450062396,29.652294409295216,442.8429368921502,0.4978265347017087,101.4620455879071,49.68759830374168,3900.7147842918544,7.8489985198288625,8.507997992671045,158.63976363766437,67.23948799789883,2204741021.8685064,14717789.921879888,1557143261.9002695,412219504.35024697,446848290.3239179,7638626489.266595,52468342745.01062
16,2006-05-01,18.14974267162648,0.7285492283337823,48.10819438776654,442.8429368921502,0.4978265347017087,101.4620455879071,49.68759830374168,3900.7147842918544,1.5192001653398037,1.9355095608924593,143.83151959552293,58.12973570321398,953218229.1043425,38266253.409927435,2526311530.11681,79764269.9070277,101635954.10302201,6925507132.344467,52468342745.01062
17,2006-06-01,13.302399480233829,1.1208449780024958,59.09245436405294,442.8429368921502,0.4978265347017087,101.4620455879071,49.68759830374168,3900.7147842918544,1.0597112685343995,1.2021445752580797,128.47843926003438,48.73845157234495,698623805.7713357,58871159.68751955,3103090344.4084225,55641599.95436267,63125010.312783554,6186172142.294033,52468342745.01062
18,2006-07-01,22.201825273172382,1.4570984566675647,52.4990745887864,442.8429368921502,0.4978265347017087,101.4620455879071,49.68759830374168,3900.7147842918544,3.4894076138913928,3.092784760894002,126.15309809742863,47.658755074384395,1165703525.9474552,76532506.81985487,2756934652.981255,183188228.02244103,162367250.96495795,6074086751.738495,52468342745.01062
19,2006-08-01,7.65709971936406,1.1768871912834888,49.55220861596396,442.8429368921502,0.4978265347017087,101.4620455879071,49.68759830374168,3900.7147842918544,0.6896425284150135,0.7398889984628894,118.47786778396856,43.329089232520396,402230055.0629186,61814715.800450936,2602090753.99685,36220959.47787876,38858887.72985456,5704559178.619175,52468342745.01062
20,2006-09-01,23.290318008389896,0.5604224890012479,27.006689951897883,442.8429368921502,0.4978265347017087,101.4620455879071,49.68759830374168,3900.7147842918544,1.9038080265612614,2.003011983523273,122.3095807130156,45.095763796347164,1223452947.8503783,29435579.843759775,1418173250.4812894,99996365.75379832,105209186.06947352,5889161395.319406,52468342745.01062
21,2006-10-01,40.92425003519738,0.28021124450062396,17.27813266155334,442.8429368921502,0.4978265347017087,101.4620455879071,49.68759830374168,3900.7147842918544,6.562686250234169,6.037327086938425,135.76706529666984,53.39891740744788,2149225383.9305973,14717789.921879888,907289077.8531841,344602534.04655695,317026299.82608116,6537145697.6323595,52468342745.01062
22,2006-11-01,14.595415514817336,0.0,12.750678795551597,442.8429368921502,0.4978265347017087,101.4620455879071,49.68759830374168,3900.7147842918544,1.3249582029486002,1.853030911943792,135.50084990923133,53.416796391775655,766646705.7222922,0.0,669502988.7254361,69588740.3906989,97326718.98284426,6524386462.129975,52468342745.01062
23,2006-12-01,37.27514399500937,0.0,7.643398572681733,442.8429368921502,0.4978265347017087,101.4620455879071,49.68759830374168,3900.7147842918544,8.383820946925258,8.23150786884285,149.5279660317633,62.17464078874588,1957437841.8247097,0.0,401320274.26644784,440238737.84157056,432239514.69010866,7199779012.557955,52468342745.01062
24,2007-01-01,13.711124053283017,0.0,6.207608615321338,442.8429368921502,0.4978265347017087,101.4620455879071,49.68759830374168,3900.7147842918544,3.351198192617629,4.072390492381656,150.78135487541934,62.8235684779961,719980381.5972213,0.0,325928047.48638505,175969006.31575602,213830967.95693228,7260130613.907494,52468342745.01062
25,2007-02-01,32.9212442627468,0.0,11.127812784170326,442.8429368921502,0.4978265347017087,101.4620455879071,49.68759830374168,3900.7147842918544,7.659903321418645,9.206015748455648,156.5991284338017,66.18620141009085,1728899133.8752608,0.0,584301880.1201879,402243003.1393106,483426304.79020864,7540276737.263161,52468342745.01062
26,2007-03-01,30.336555771475012,0.0,25.376587738944064,442.8429368921502,0.4978265347017087,101.4620455879071,49.68759830374168,3900.7147842918544,5.869174576476544,6.677288048297863,154.27027408113892,64.22278045333779,1593115167.0725749,0.0,1332481950.4278417,308191494.4046596,350604079.950647,7428155707.040429,52468342745.01062
27,2007-04-01,19.921060225553806,0.285574414890523,31.86123651646943,442.8429368921502,0.4978265347017087,101.4620455879071,49.68759830374168,3900.7147842918544,2.0201907360017692,3.0061875274335996,148.62751533311175,60.849094743316904,1046166328.4016013,14999641.30247342,1673104675.6561391,106070518.92015913,157846513.65073517,7156390647.826045,52468342745.01062
28,2007-05-01,11.754686575998079,0.7424934627956983,47.02241872929472,442.8429368921502,0.4978265347017087,101.4620455879071,49.68759830374168,3900.7147842918544,0.8230419058939831,1.347327303265024,133.499824066405,51.70709848114528,617353189.5973877,38999066.55030679,2469265783.1231904,43213964.77991237,70742804.13386989,6427937242.1728525,52468342745.01062
29,2007-06-01,19.326601214931795,1.142297659562092,55.14037010022077,442.8429368921502,0.4978265347017087,101.4620455879071,49.68759830374168,3900.7147842918544,2.090708341377457,1.7208803737111495,125.81864712623629,46.5385825747188,1015113134.381914,59998565.20989368,2895548978.767652,109793288.99971335,90374214.42220221,6058114381.4271555,52468342745.01062
30,2007-07-01,17.13445439685546,1.4849869255913966,53.99407479764657,442.8429368921502,0.4978265347017087,101.4620455879071,49.68759830374168,3900.7147842918544,2.2686450691127473,1.729959779688191,122.25320945891717,44.41607133656396,899853779.3747201,77998133.10061358,2835392174.263804,119133007.54660302,90849145.73438199,5886409732.0045185,52468342745.01062
31,2007-08-01,10.225503278576573,1.1994124969311208,45.684801084787594,442.8429368921502,0.4978265347017087,101.4620455879071,49.68759830374168,3900.7147842918544,1.232473839722265,1.1491872133659344,118.79906067320177,42.81766479426864,536946699.2603172,62998491.07491065,2399058941.766576,64715834.98994299,60345913.585389525,5720048132.554045,52468342745.01062
32,2007-09-01,20.31469020203088,0.571148829781046,34.80173868058212,442.8429368921502,0.4978265347017087,101.4620455879071,49.68759830374168,3900.7147842918544,2.2650430902710426,2.085040998127256,119.60851160928705,43.075056953359464,1066911959.3436271,29999282.60494684,1827480683.75291,118932493.98942277,109486797.24786453,5759033563.182697,52468342745.01062
33,2007-10-01,22.347324533970895,0.285574414890523,21.477500939870755,442.8429368921502,0.4978265347017087,101.4620455879071,49.68759830374168,3900.7147842918544,2.3727290981177127,2.242955808500082,122.65683758231671,45.005681922260734,1173809265.5382483,14999641.30247342,1127747845.2561424,124618236.50150962,117798416.73672643,5905887667.116093,52468342745.01062
34,2007-11-01,5.213403506574267,0.0,11.4477929906527,442.8429368921502,0.4978265347017087,101.4620455879071,49.68759830374168,3900.7147842918544,0.2695272272041119,0.7445006879314588,120.79837206919295,43.965050238729965,273804315.3316869,0.0,601091346.5414116,14153858.812903984,39101489.34636224,5816391355.059403,52468342745.01062
35,2007-12-01,50.31204390107652,0.0,4.2886752802742825,442.8429368921502,0.4978265347017087,101.4620455879071,49.68759830374168,3900.7147842918544,11.423171760997473,10.025677525259072,145.95298828953773,58.86439210272605,2642216606.9737177,0.0,225180080.56243217,599876781.5227195,526483503.14405733,7027650970.669466,52468342745.01062
36,2008-01-01,30.37558472336063,0.0,4.981430724294929,442.8429368921502,0.4978265347017087,101.4620455879071,49.68759830374168,3900.7147842918544,7.499981678650716,10.3200362475506,154.40698800631762,63.76589212696938,1595299400.5148473,0.0,261518865.24143493,393903135.8530374,541995680.7562076,7434784394.984653,52468342745.01062
37,2008-02-01,35.8856490734859,0.0,9.135518117816417,442.8429368921502,0.4978265347017087,101.4620455879071,49.68759830374168,3900.7147842918544,9.12543519256171,13.235068645308573,160.12404663912454,67.41248675070945,1884599254.6904862,0.0,479670892.0046266,479247880.99343276,695038826.112885,7710083654.903013,52468342745.01062
38,2008-03-01,15.156889923166212,0.0,16.227691323948555,442.8429368921502,0.4978265347017087,101.4620455879071,49.68759830374168,3900.7147842918544,2.3093748823057805,4.065218464581052,156.7641029787666,65.33253864869249,795982730.0792497,0.0,852133571.5074984,121259846.91731837,213482364.1053899,7548291115.214636,52468342745.01062
39,2008-04-01,6.212056372258769,0.2930405590830073,27.185655804866737,442.8429368921502,0.4978265347017087,101.4620455879071,49.68759830374168,3900.7147842918544,0.2305044328565173,1.1077863913177706,145.56177861095904,58.930823632083026,326289709.25212145,15391823.849014735,1427586934.9992115,12105423.184947383,58181452.977425076,7008879461.554723,52468342745.01062
40,2008-05-01,22.812666290354606,0.7619054451724756,33.76538576473347,442.8429368921502,0.4978265347017087,101.4620455879071,49.68759830374168,3900.7147842918544,2.4741165125938216,2.7235136319029754,144.502248431436,57.6441678007848,1198246105.4439936,40018741.56393082,1773145154.6683993,129948902.4795048,143053236.2809206,6957897082.9897175,52468342745.01062
41,2008-06-01,14.679716261394908,1.1721622363320292,48.72145122472387,442.8429368921502,0.4978265347017087,101.4620455879071,49.68759830374168,3900.7147842918544,1.8439816064472307,1.7780563361948543,133.97451101506292,51.24236816197392,771002428.8686388,61567295.39605894,2558510215.968474,96834564.8998635,93373349.75690635,6450921943.35421,52468342745.01062
42,2008-07-01,6.575633143432033,1.5238108903449512,55.9949005986253,442.8429368921502,0.4978265347017087,101.4620455879071,49.68759830374168,3900.7147842918544,1.1406176343232144,0.9175832610354002,122.60788438208186,44.80090045403109,345223461.4754851,80037483.12786163,2940403892.2850413,59887272.78496475,48183004.247704946,5903509074.007997,52468342745.01062
43,2008-08-01,17.0496362817663,1.2307703415877491,45.54232310346932,442.8429368921502,0.4978265347017087,101.4620455879071,49.68759830374168,3900.7147842918544,1.960044331591551,1.702133309252093,121.84667314937903,44.619014018722766,895427436.475907,64645659.82090592,2391575573.1272054,102917566.74224676,89382565.25184068,5866840663.278113,52468342745.01062
44,2008-09-01,3.4883855583676335,0.5860811181660146,27.25465677847647,442.8429368921502,0.4978265347017087,101.4620455879071,49.68759830374168,3900.7147842918544,0.22867056794219306,0.593275377395208,117.38356923899214,42.70384022128722,183242383.77564922,30783647.69802947,1431214720.3535671,12008085.14268611,31158947.967675593,5651920395.983746,52468342745.01062
45,2008-10-01,25.05172810908489,0.2930405590830073,19.560134056096622,442.8429368921502,0.4978265347017087,101.4620455879071,49.68759830374168,3900.7147842918544,3.003693376612818,2.5662653167418963,123.98947536848857,46.29127146511488,1315687881.9918935,15391823.849014735,1027097746.6344252,157730630.7730443,134763096.49242657,5970024803.427337,52468342745.01062
46,2008-11-01,23.048270534636917,0.0,11.176676424185372,442.8429368921502,0.4978265347017087,101.4620455879071,49.68759830374168,3900.7147842918544,3.18447130816944,3.061619505049747,130.30882134711248,49.953741143229834,1210491104.7274244,0.0,586832324.6773092,167230326.91551003,160779826.88764876,6274355968.288081,52468342745.01062
47,2008-12-01,25.05750246632127,0.0,6.909423770857894,442.8429368921502,0.4978265347017087,101.4620455879071,49.68759830374168,3900.7147842918544,4.70169300611308,5.921590994257533,139.95185407190235,54.875516475003835,1315996025.9444165,0.0,362766752.58538,246928748.77144295,311006727.733662,6738744653.233704,52468342745.01062
48,2009-01-01,35.271122199518025,0.0,5.9970068731062,442.8429368921502,0.4978265347017087,101.4620455879071,49.68759830374168,3900.7147842918544,7.215401014414023,10.957200988912847,150.7913830434339,61.59649157104625,1852376990.868582,0.0,314875181.6063771,378955436.9412959,575424549.5572566,7260683015.265293,52468342745.01062
49,2009-02-01,30.806488047301062,0.0,9.91511922702458,442.8429368921502,0.4978265347017087,101.4620455879071,49.68759830374168,3900.7147842918544,5.536330207302173,11.465432181614833,155.3043789455937,64.54590090736916,1617814144.709793,0.0,520612535.80655634,290742735.21802485,602069761.5986475,7477979712.272336,52468342745.01062
50,2009-03-01,17.853732763982148,0.0,26.032590219560234,442.8429368921502,0.4978265347017087,101.4620455879071,49.68759830374168,3900.7147842918544,1.4780815963394343,3.879450506397278,145.91630242397804,58.4093002611094,937820412.3939677,0.0,1366885929.7918978,77642623.36005487,203783541.04543817,7026023848.181801,52468342745.01062
51,2009-04-01,47.525074941592294,0.2588259085487694,26.549135158235664,442.8429368921502,0.4978265347017087,101.4620455879071,49.68759830374168,3900.7147842918544,8.75313229891567,10.784544765104082,153.51130863350812,63.04560444599941,2495913424.970048,13594150.228509113,1394168071.0963407,459650634.3326015,566348259.0226047,7391681574.958394,52468342745.01062
52,2009-05-01,23.11841603765201,0.6729473523259436,40.86372677233915,442.8429368921502,0.4978265347017087,101.4620455879071,49.68759830374168,3900.7147842918544,2.3221203935688193,3.0281566090818477,146.23655796277623,58.5149240396323,1214225078.1225274,35344790.07395839,2145877436.198111,121944764.42173082,159030546.0170869,7041378183.107025,52468342745.01062
53,2009-06-01,65.29548382200281,1.0353036341950776,41.531626249546086,442.8429368921502,0.4978265347017087,101.4620455879071,49.68759830374168,3900.7147842918544,14.751362970090144,12.935050660264897,153.9317642920384,63.85334889798452,3429283233.369679,54376600.91403645,2180977424.128775,774651662.5423286,679262413.8160172,7411910420.580442,52468342745.01062
54,2009-07-01,11.17581645820134,1.3458947046518872,52.554596048365546,442.8429368921502,0.4978265347017087,101.4620455879071,49.68759830374168,3900.7147842918544,1.5602663635962826,2.2697966081472836,137.1353722766714,54.12789238028748,586772356.8972836,70689580.14791678,2759825255.732837,81910160.48551403,119166816.86092024,6602962736.620281,52468342745.01062
55,2009-08-01,9.38857921091125,1.0870688211385353,42.070866255587,442.8429368921502,0.4978265347017087,101.4620455879071,49.68759830374168,3900.7147842918544,0.7861430698458669,1.0522145093187552,128.8301080018146,49.815578418576656,493100960.6056072,57095431.234514564,2209249572.5151153,41279360.73946351,55254516.94351147,6203053950.897829,52468342745.01062
56,2009-09-01,13.079017423087343,0.5176518170975388,31.176152667144347,442.8429368921502,0.4978265347017087,101.4620455879071,49.68759830374168,3900.7147842918544,0.9344527492937019,1.283536251044177,126.20159199092808,48.506732185194444,686930878.3159904,27188300.457018226,1637142121.0380228,49066726.090397224,67402303.32480039,6076490387.408297,52468342745.01062
57,2009-10-01,24.353672606947317,0.2588259085487694,18.171861393964907,442.8429368921502,0.4978265347017087,101.4620455879071,49.68759830374168,3900.7147842918544,3.233010434373321,3.0875680201790607,131.84533371880605,51.96553183426004,1279005334.4487572,13594150.228509113,954192311.198886,169762069.20627743,162120216.721903,6348270452.593453,52468342745.01062
58,2009-11-01,5.238717141856155,0.0,13.27207732324806,442.8429368921502,0.4978265347017087,101.4620455879071,49.68759830374168,3900.7147842918544,0.31930623604802866,0.8629408976478913,127.90731571506817,49.59671320244644,275141144.0893138,0.0,696875667.4675139,16766636.78295018,45318649.25620024,6158660773.332578,52468342745.01062
59,2009-12-01,35.079621403356924,0.0,4.6875275133108145,442.8429368921502,0.4978265347017087,101.4620455879071,49.68759830374168,3900.7147842918544,6.936832519228859,6.138049825280163,147.11041734715442,60.688253589633646,1842177149.920967,0.0,246118131.40661976,364262913.72496927,322324111.54748434,7083318165.865268,52468342745.01062
60,2010-01-01,41.21472047939673,0.0,5.183245879831497,442.8429368921502,0.4978265347017087,101.4620455879071,49.68759830374168,3900.7147842918544,11.14399115899703,13.470530613320118,159.5729023405815,68.22053003925741,2164389170.1012945,0.0,272145367.0525253,585241830.9395514,707338616.7066935,7683433521.319161,52468342745.046745
61,2010-02-01,22.23733257757737,0.0,7.457803819249197,442.8429368921502,0.4978265347017087,101.4620455879071,49.68759830374168,3900.7147842918544,5.3177555991941245,9.233672328769757,160.9294349576173,68.85080370322034,1167727402.6136284,0.0,391588667.8044391,279241080.23760617,484835204.30972517,7748761029.220854,52468342745.046745
62,2010-03-01,30.726648087986646,0.0,17.217977719439727,442.8429368921502,0.4978265347017087,101.4620455879071,49.68759830374168,3900.7147842918544,7.229618236006887,9.641087579017226,161.62634471673087,69.12257141905255,1613619821.5049145,0.0,904141493.285497,379648536.1986624,506251080.5739187,7782328775.589949,52468342745.046745
63,2010-04-01,37.13717779945557,0.2825041379507167,26.157581784822618,442.8429368921502,0.4978265347017087,101.4620455879071,49.68759830374168,3900.7147842918544,8.56141853513908,8.400506904744779,161.1906626133381,68.60236908337241,1950548265.8313603,14838052.194993686,1373593944.7311203,449622250.83408445,441200165.9149139,7761399491.621514,52468342745.046745
64,2010-05-01,44.56194108864166,0.7345107745549023,34.89764887713563,442.8429368921502,0.4978265347017087,101.4620455879071,49.68759830374168,3900.7147842918544,9.620268822816982,9.927471154157125,160.02828749689593,67.57541163137043,2340501005.1352253,38578936.54159742,1832536286.4980476,505239066.7395609,521371568.50985277,7705471244.826695,52468342745.046745
65,2010-06-01,18.60593742363919,1.1300165518028669,54.275576534399235,442.8429368921502,0.4978265347017087,101.4620455879071,49.68759830374168,3900.7147842918544,1.5132567262299161,1.7083871315415706,143.28702395619632,57.12213440512797,977263352.4768771,59352208.77997474,2850066760.9273696,79469891.2284451,89724459.88486385,6899375376.390846,52468342745.046745
66,2010-07-01,10.699370334893876,1.4690215491098046,60.92091268680937,442.8429368921502,0.4978265347017087,101.4620455879071,49.68759830374168,3900.7147842918544,1.3696794446986142,1.2735794693633955,128.20966361084285,47.95682999796043,561829100.9869595,77157873.08319484,3199057750.4123745,71917613.55173305,66876701.44059447,6173280860.177495,52468342745.046745
67,2010-08-01,14.55075130273164,1.1865174160990646,48.25627303486677,442.8429368921502,0.4978265347017087,101.4620455879071,49.68759830374168,3900.7147842918544,1.2752713611661588,1.2599800615550674,123.39311266284409,45.37834111276905,764226362.2167896,62319821.14770307,2534056314.9421034,66971208.866130225,66169796.50416429,5941362050.338844,52468342745.046745
68,2010-09-01,3.3041042904956672,0.5650082759014334,34.98340364959047,442.8429368921502,0.4978265347017087,101.4620455879071,49.68759830374168,3900.7147842918544,0.1850407526008543,0.5724450049213328,116.2198011696884,41.99135310634241,173525486.5356114,29676104.38998737,1837017683.3975053,9716291.759650894,30063626.48972416,5595938849.594133,52468342745.046745
69,2010-10-01,45.837860698075,0.2825041379507167,19.511639937920318,442.8429368921502,0.4978265347017087,101.4620455879071,49.68759830374168,3900.7147842918544,5.53215695235025,5.0643283006880635,135.06626408609463,52.73317478165797,2407160376.871558,14838052.194993686,1024550567.2829244,290477165.52637804,265910731.91545695,6503343738.889437,52468342745.046745
70,2010-11-01,42.955938895259116,0.0,10.97778531102493,442.8429368921502,0.4978265347017087,101.4620455879071,49.68759830374168,3900.7147842918544,8.69022265874185,9.122956967373256,150.2489322257771,61.69466644955331,2256022468.15164,0.0,576385410.6889263,456407148.28965956,479088282.60472476,7234509081.126533,52468342745.046745
71,2010-12-01,83.25894978533893,0.0,6.954601832185672,442.8429368921502,0.4978265347017087,101.4620455879071,49.68759830374168,3900.7147842918544,26.361802643243365,27.58142977525841,171.2593764183239,74.82524893007437,4372346303.697758,0.0,365101419.9706439,1384393410.390769,1448366593.5473516,8246185861.476447,52468342745.046745
72,2011-01-01,16.011256637254636,0.0,6.7699533759836426,442.8429368921502,0.4978265347017087,101.4620455879071,49.68759830374168,3900.7147842918544,3.050021706576179,10.793713215892064,166.62372328868858,72.00286216580861,840875416.2092925,0.0,355461912.1403612,160187350.63985467,566798163.7080787,8023012150.483689,52468342745.01062
73,2011-02-01,26.498693348541572,0.0,11.796962209162215,442.8429368921502,0.4978265347017087,101.4620455879071,49.68759830374168,3900.7147842918544,6.083852575378576,10.351201393481633,165.8486219385405,71.33900640724033,1391565702.0335085,0.0,619451149.4068396,319467560.4895096,543527239.7707292,7985693488.804286,52468342745.01062
74,2011-03-01,39.05528403762886,0.0,20.734815062352776,442.8429368921502,0.4978265347017087,101.4620455879071,49.68759830374168,3900.7147842918544,6.845828031262074,12.96559918878181,166.40568396668627,71.50213710778009,2051311923.5445263,0.0,1088789421.1170728,359559744.45050436,680953684.1154066,8012551240.074272,52468342745.01062
75,2011-04-01,57.6685105280844,0.2606501750421624,24.689270692419665,442.8429368921502,0.4978265347017087,101.4620455879071,49.68759830374168,3900.7147842918544,16.90721871245225,16.63088885426349,168.28428823737,72.45655692626606,3028710697.601275,13690200.709812295,1296463374.2242615,887888579.4155312,873368424.6604528,8103011820.429211,52468342745.01062
76,2011-05-01,100.52717626658263,0.6776904438567604,35.60976405227287,442.8429368921502,0.4978265347017087,101.4620455879071,49.68759830374168,3900.7147842918544,33.698695068362646,26.98180760646582,173.67507058216316,75.56260197086137,5279564010.454681,35594521.25475639,1869915365.6400242,1769704958.5409675,1416910443.903833,8362578036.709744,52468342745.01062
77,2011-06-01,13.602033743987864,1.0426007001686497,60.03230584840607,442.8429368921502,0.4978265347017087,101.4620455879071,49.68759830374168,3900.7147842918544,0.4781843896057451,2.8185528992427074,144.7267261734903,57.38202306259763,714466064.4927928,54760802.83924918,3152346175.5693088,25110407.62410149,148023342.4824466,6968670431.196017,52468342745.01062
78,2011-07-01,23.431887526326623,1.3553808877135207,69.02297943851954,442.8429368921502,0.4978265347017087,101.4620455879071,49.68759830374168,3900.7147842918544,2.3077416119374847,2.0991707986873185,128.56451885903616,47.791078802844936,1230496879.302103,71189042.50951278,3624497428.9910645,121156637.61176042,110222366.03954701,6190292790.884881,52468342745.01062
79,2011-08-01,12.240948916269172,1.0947307336227319,58.88743722145284,442.8429368921502,0.4978265347017087,101.4620455879071,49.68759830374168,3900.7147842918544,0.7989750699028051,1.2114226562556893,117.48979072982993,42.35089304286882,642845511.0316261,57498842.89994563,3092227609.4687433,41949094.597196184,63610510.70033772,5656987240.235206,52468342745.01062
80,2011-09-01,11.496129699609048,0.5213003500843248,36.79706985248047,442.8429368921502,0.4978265347017087,101.4620455879071,49.68759830374168,3900.7147842918544,0.7878231799741165,1.2021085600650772,113.94779600212918,40.76708287104334,603706177.954267,27380401.41962459,1932273919.2084208,41361789.60755709,63123357.76555148,5486401187.093776,52468342745.01062
81,2011-10-01,31.17528768105958,0.2606501750421624,21.190342305752008,442.8429368921502,0.4978265347017087,101.4620455879071,49.68759830374168,3900.7147842918544,2.7151887542731283,3.1328081108499144,123.86218415389104,45.805155572476,1637324255.5602493,13690200.709812295,1112711681.1551971,142565628.75428268,164508320.50551295,5963848959.9760475,52468342745.01062
82,2011-11-01,21.583717472096044,0.0,12.453562351187125,442.8429368921502,0.4978265347017087,101.4620455879071,49.68759830374168,3900.7147842918544,2.1849731824832803,2.7320850602354163,129.56316148124077,49.01698852315138,1133647252.4690506,0.0,653905174.5888145,114741690.82402228,143483332.43383396,6238443024.317568,52468342745.01062
83,2011-12-01,10.391464022375473,0.0,6.672336952505188,442.8429368921502,0.4978265347017087,101.4620455879071,49.68759830374168,3900.7147842918544,1.9238558536057964,2.334608850483831,131.1252080389121,49.924268226809396,545606873.3534675,0.0,350342535.7913806,100996193.30272034,122577357.01969804,6313625119.846226,52468342745.01062
84,2012-01-01,32.60585341369413,0.0,8.14746813275795,442.8429368921502,0.4978265347017087,101.4620455879071,49.68759830374168,3900.7147842918544,4.32051397658799,6.170150151194653,143.13267697544782,56.85132112411604,1712655458.8242455,0.0,427776885.2671445,226941072.18230614,324067917.4293026,6891939105.879214,52468342745.01062
85,2012-02-01,26.069927664601174,0.0,10.611173055110172,442.8429368921502,0.4978265347017087,101.4620455879071,49.68759830374168,3900.7147842918544,5.421736698790159,8.24453232763647,147.4545325281145,58.93348429376658,1368926872.5299053,0.0,557194805.5183932,284673645.0245594,432879858.0885437,7099993897.347221,52468342745.01062
86,2012-03-01,23.044320354159936,0.0,29.252568176779253,442.8429368921502,0.4978265347017087,101.4620455879071,49.68759830374168,3900.7147842918544,2.9709858747085574,5.0129119913555575,141.66113983011942,55.889916696005514,1210180245.8007917,0.0,1536078840.9810972,155992225.53291956,263226975.96402502,6820996514.614491,52468342745.01062
87,2012-04-01,26.33397763737769,0.28217102430624874,33.38824534964797,442.8429368921502,0.4978265347017087,101.4620455879071,49.68759830374168,3900.7147842918544,2.255529804075397,3.9537700533552274,140.01853115064307,55.20291659417857,1383192248.2503583,14820749.073453363,1753329952.84238,118463614.9330822,207650542.10796222,6741953747.592011,52468342745.01062
88,2012-05-01,9.972019744276942,0.7336446679158471,41.83718064476741,442.8429368921502,0.4978265347017087,101.4620455879071,49.68759830374168,3900.7147842918544,0.7489462388885404,1.2000466864199015,128.65027132335044,48.81604483699476,523828183.78542423,38533947.83888917,2197018559.599798,39335958.25049555,63027278.658934236,6194563824.727586,52468342745.01062
89,2012-06-01,1.211803442194274,1.128684097224995,58.53963202051324,442.8429368921502,0.4978265347017087,101.4620455879071,49.68759830374168,3900.7147842918544,0.2692325766693414,0.5399193746572775,114.02782445109678,41.076330356418914,63647312.29331902,59282996.29381345,3074114161.445574,14137899.247499842,28356843.755309694,5490397589.106599,52468342745.01062
90,2012-07-01,28.512983107487916,1.4672893358316943,50.218475770613665,442.8429368921502,0.4978265347017087,101.4620455879071,49.68759830374168,3900.7147842918544,3.4345420686420782,2.248973492382292,119.13966969055,43.82209668361163,1497302568.1970289,77067895.67777833,2637249347.6401763,180333295.35761055,118092957.75266008,5736458512.663275,52468342745.01062
91,2012-08-01,19.05735209602165,1.1851182989457394,42.832706217285285,442.8429368921502,0.4978265347017087,101.4620455879071,49.68759830374168,3900.7147842918544,2.981924381112671,2.552209776342168,119.53410618013761,44.051235925819924,1000607276.5232793,62247145.94390119,2249327052.0541277,156549222.84780762,133993342.91625412,5755369600.09288,52468342745.01062
92,2012-09-01,15.53249623921427,0.5643420486124975,29.51252036386654,442.8429368921502,0.4978265347017087,101.4620455879071,49.68759830374168,3900.7147842918544,2.384707814745026,2.2367823560853406,119.6389688412665,44.35699467997451,815566001.8339881,29641498.146906726,1549780629.0254438,125192659.05333881,117428752.30463517,5760392809.366852,52468342745.01062
93,2012-10-01,19.723714682315894,0.28217102430624874,20.134918849790974,442.8429368921502,0.4978265347017087,101.4620455879071,49.68759830374168,3900.7147842918544,1.9136748400978485,2.294826943433584,122.20458155341072,45.901531243486936,1035897113.3024029,14820749.073453363,1057300988.267843,100492801.78043735,120500875.91812646,5883968008.921377,52468342745.01062
94,2012-11-01,18.488948275309006,0.0,12.2810181451289,442.8429368921502,0.4978265347017087,101.4620455879071,49.68759830374168,3900.7147842918544,2.5331144740524176,2.806121031082383,126.52494943309699,48.10629165936213,970973660.3617376,0.0,644813148.0786268,133011532.8415153,147349644.07699808,6092053715.353676,52468342745.01062
95,2012-12-01,48.31475244526825,0.0,8.416912211250818,442.8429368921502,0.4978265347017087,101.4620455879071,49.68759830374168,3900.7147842918544,11.017745899783705,11.425696006327218,144.93678443693352,58.89650576432312,2537239549.1757894,0.0,441921468.7799215,578551529.8711056,599949247.826626,6978674578.962841,52468342745.01062
96,2013-01-01,33.85795276614425,0.0,2.3349088887674982,442.8429368921502,0.4978265347017087,101.4620455879071,49.68759830374168,3900.7147842918544,9.30088673349921,12.119980230617859,156.29125878438504,65.89690317922634,1778027978.1492481,0.0,122571432.0960706,488450749.9438586,636438698.1723293,7525436642.791436,52468342745.01062
97,2013-02-01,19.996801295458567,0.0,6.7151661402319265,442.8429368921502,0.4978265347017087,101.4620455879071,49.68759830374168,3900.7147842918544,4.8944206556011896,7.990585637707943,158.92014255679743,67.40709695697453,1050066508.9712856,0.0,352583426.30678505,257029563.85753348,419585881.66781974,7652025008.46947,52468342745.01062
98,2013-03-01,14.26065448679486,0.0,18.02660878562268,442.8429368921502,0.4978265347017087,101.4620455879071,49.68759830374168,3900.7147842918544,1.7739722836272465,4.873856894023842,155.38704284189035,65.07281345997826,748852701.3249156,0.0,946598364.0315454,93148770.59652355,255915036.88155824,7481885102.404493,52468342745.01062
99,2013-04-01,34.05208123186086,0.2775075824579276,27.197584933791312,442.8429368921502,0.4978265347017087,101.4620455879071,49.68759830374168,3900.7147842918544,5.87863757878524,9.431343889802843,156.63772883927825,65.81850746172275,1788260407.6814182,14575570.583482565,1428191992.2893965,308688173.3131281,495238345.3634473,7542100689.647633,52468342745.01062
100,2013-05-01,28.317719164659657,0.7215197208607387,43.51908660627936,442.8429368921502,0.4978265347017087,101.4620455879071,49.68759830374168,3900.7147842918544,3.393364486164666,3.5878281048547755,149.1393365208048,61.169516024121656,1487299751.9233,37896483.8572405,2285235158.7392135,178201952.39810008,188421004.78418878,7181080313.700213,52468342745.01062
101,2013-06-01,0.3844560036824355,1.1100303298317105,66.45268835170765,442.8429368921502,0.4978265347017087,101.4620455879071,49.68759830374168,3900.7147842918544,0.17749777520623375,0.5474503140342561,118.40288391607474,43.23780807225988,20188402.332443133,58302282.33393026,3489452514.716737,9319366.320277814,28751240.493500546,5701039549.372505,52468342745.01062
102,2013-07-01,23.569803449864175,1.4430394417214774,54.61911616802634,442.8429368921502,0.4978265347017087,101.4620455879071,49.68759830374168,3900.7147842918544,1.8951880534303818,1.1870799959824854,118.44231217611315,42.88095555815773,1237806447.5123048,75792967.714481,2868139105.1170526,99518646.61397156,62340151.82378152,5702915696.388933,52468342745.01062
103,2013-08-01,11.568705626433342,1.1655318519496674,47.71405596809895,442.8429368921502,0.4978265347017087,101.4620455879071,49.68759830374168,3900.7147842918544,1.1823695493172164,0.9836025217470398,112.86129915922697,40.4366637374898,607420659.3633438,61217396.74591996,2505549985.7509155,62072486.472997375,51647022.46684317,5434097866.1395035,52468342745.01062
104,2013-09-01,46.89938864997082,0.5550151649158552,26.060934151208333,442.8429368921502,0.4978265347017087,101.4620455879071,49.68759830374168,3900.7147842918544,6.272371481523448,5.497028313513686,130.4729841853426,50.66282998904812,2462839693.258676,29151141.16696513,1368487206.844635,329319277.63840747,288613170.45675284,6282075873.788392,52468342745.01062
105,2013-10-01,20.31832247947464,0.2775075824579276,17.849643170433108,442.8429368921502,0.4978265347017087,101.4620455879071,49.68759830374168,3900.7147842918544,1.8681447647590321,2.7831100560505986,132.4318069963133,52.044894589277874,1067113090.9482093,14575570.583482565,937255335.5429116,98101888.84102303,146141360.90930396,6376442496.768634,52468342745.01062
106,2013-11-01,22.095525244994217,0.0,10.760855105667188,442.8429368921502,0.4978265347017087,101.4620455879071,49.68759830374168,3900.7147842918544,3.46622873136482,4.803807032374784,137.5861110015212,55.1920554475003,1160233606.2044375,0.0,565015046.8705168,181978584.14290324,252200897.40175253,6624614869.292518,52468342745.01062
107,2013-12-01,29.75707974957632,0.0,5.902475153672883,442.8429368921502,0.4978265347017087,101.4620455879071,49.68759830374168,3900.7147842918544,6.371316899900814,7.445430600423158,148.48355257624218,62.00190967863916,1562813686.8844004,0.0,309884221.8217176,334622142.6934496,390982895.60496557,7149442647.624959,52468342745.01062
108,2014-01-01,25.47263156054063,0.0,7.784056257290013,442.8429368921502,0.4978265347017087,101.4620455879071,49.68759830374168,3900.7147842918544,5.139896293397268,6.793546502212574,154.26179463772334,65.72493319822148,1337860859.5304174,0.0,408675272.84575695,269964352.1546163,356789779.85078067,7427744767.597829,52468342745.01062
109,2014-02-01,33.0394330325614,0.0,13.651139251895001,442.8429368921502,0.4978265347017087,101.4620455879071,49.68759830374168,3900.7147842918544,6.255812944214184,9.291538997909285,158.01217632232184,67.65221057959045,1735327314.918781,0.0,716795848.8998737,328562225.1742798,487998813.1581289,7608377601.764769,52468342745.01062
110,2014-03-01,25.12570459719035,0.0,23.518270445000685,442.8429368921502,0.4978265347017087,101.4620455879071,49.68759830374168,3900.7147842918544,3.2741891630550466,5.444188922721188,155.14714209609355,65.64071413182657,1319676933.286938,0.0,1234968908.813011,171954097.56842622,285926764.8608492,7470433916.077046,52468342745.01062
111,2014-04-01,28.341526659635516,0.25516225427015615,30.513534138998025,442.8429368921502,0.4978265347017087,101.4620455879071,49.68759830374168,3900.7147842918544,3.3867354412998525,4.6851416081700785,152.93249944203393,64.18041109544413,1488533884.415501,13402133.831070721,1602321478.9274158,177852679.5619984,246044222.98486584,7363788657.041484,52468342745.01062
112,2014-05-01,21.04099102784173,0.6634218529252868,48.76983287973187,442.8429368921502,0.4978265347017087,101.4620455879071,49.68759830374168,3900.7147842918544,1.5115414693625915,2.172228811605436,140.3981197378585,56.161396541052085,1105012197.6474516,34845547.53110726,2560985134.373789,79364376.43058187,114063745.82400815,6760145855.104735,52468342745.01062
113,2014-06-01,9.843469268510276,1.0206490170806246,54.71531394896737,442.8429368921502,0.4978265347017087,101.4620455879071,49.68759830374168,3900.7147842918544,0.3988847778128899,0.7681249493131841,123.52625892145286,46.57213031329652,517081827.5422731,53608535.324282885,2873195869.6682267,20948605.23704827,40342163.5140156,5947722554.4080925,52468342745.01062
114,2014-07-01,20.46649785968059,1.3268437058505735,52.7056903149932,442.8429368921502,0.4978265347017087,101.4620455879071,49.68759830374168,3900.7147842918544,1.768677664697563,1.7455463906311903,120.45180247027648,45.1206346714987,1074730279.380852,69691095.06221452,2767744857.6587644,92862532.52011515,91655544.9110179,5799592287.740507,52468342745.01062
115,2014-08-01,53.783711327996045,1.0716814491267135,36.379537487187235,442.8429368921502,0.4978265347017087,101.4620455879071,49.68759830374168,3900.7147842918544,8.761411645173643,7.9901198411059235,135.90986339652548,53.84207762957059,2824368085.335638,56288961.10279585,1910370960.4802575,460021868.230495,419509639.32140493,6543885142.986516,52468342745.01062
116,2014-09-01,50.9790442274066,0.5103245085403123,32.7686986083486,442.8429368921502,0.4978265347017087,101.4620455879071,49.68759830374168,3900.7147842918544,9.736004883715848,9.362869915933372,143.07876431989018,57.85943268432473,2677285239.9358087,26804267.662141442,1720706377.4751842,511240961.65409064,491638578.0830808,6889125296.588402,52468342745.01062
117,2014-10-01,1.4543842969151624,0.25516225427015615,26.049618749859423,442.8429368921502,0.4978265347017087,101.4620455879071,49.68759830374168,3900.7147842918544,0.032089538829223406,0.7812310590232784,128.53265643635075,49.767903498454466,76372892.65245296,13402133.831070721,1367827626.1811988,1684917.9214801907,41025541.70161715,6188726363.493354,52468342745.01062
118,2014-11-01,12.802526470440036,0.0,14.067119625465521,442.8429368921502,0.4978265347017087,101.4620455879071,49.68759830374168,3900.7147842918544,0.28461633947446535,0.9949701570405475,129.2614330807963,50.19354128831632,672418217.6363726,0.0,738606418.7764615,14947837.055891016,52251585.22858641,6223862327.575702,52468342745.01062
119,2014-12-01,23.60475066361085,0.0,7.703285209808075,442.8429368921502,0.4978265347017087,101.4620455879071,49.68759830374168,3900.7147842918544,2.2252375801015822,3.263799553512562,139.34207990233458,56.26214548347999,1239679396.4038198,0.0,404451357.22229743,116861690.12196904,171388110.53622222,6709278077.341107,52468342745.01062
120,2015-01-01,19.110206063544485,0.0,6.780757873225084,442.8429368921502,0.4978265347017087,101.4620455879071,49.68759830374168,3900.7147842918544,3.0398876337514227,4.01845329582821,145.04214309511258,59.774342826286876,1003615766.5622027,0.0,356020251.1580392,159635989.4700267,211017199.82847968,6983765912.112375,52468342745.01062
121,2015-02-01,8.80940883839353,0.0,14.63700584487152,442.8429368921502,0.4978265347017087,101.4620455879071,49.68759830374168,3900.7147842918544,0.9126130565812455,2.18773616971706,140.38141521980947,56.88435386317866,462596352.8135703,0.0,768576403.4718279,47906113.992745936,114884260.0400866,6759322795.274292,52468342745.01062
122,2015-03-01,9.900422470287342,0.0,23.27939546227182,442.8429368921502,0.4978265347017087,101.4620455879071,49.68759830374168,3900.7147842918544,0.6965818201392232,1.5703494258631254,133.94534523147112,52.84580764567439,519967311.1410124,0.0,1222404144.8171148,36572851.622965485,82466613.56874637,6449412922.504315,52468342745.01062
123,2015-04-01,24.73709853354673,0.2818566377895968,28.577250950313744,442.8429368921502,0.4978265347017087,101.4620455879071,49.68759830374168,3900.7147842918544,2.7631514218142943,2.9767891185415642,135.0503704602317,53.431093156147135,1299363655.566271,14803748.21423773,1500643401.9491544,145140038.5990413,156358659.6292947,6502681096.64397,52468342745.01062
124,2015-05-01,101.07251780539654,0.7328272477164336,34.536974676507725,442.8429368921502,0.4978265347017087,101.4620455879071,49.68759830374168,3900.7147842918544,24.97007652260494,20.50207434774177,159.01781345880866,68.36461600715705,5308270052.484688,38489744.80359258,1813632416.87265,1311304124.837588,1076680705.4216166,7656752585.209345,52468342745.01062
125,2015-06-01,11.155538409036266,1.1274265511583872,58.46807009989942,442.8429368921502,0.4978265347017087,101.4620455879071,49.68759830374168,3900.7147842918544,0.648090884966242,1.5781451637733486,133.7339593314172,52.98202269805274,585814225.1278342,59214992.85695092,3070246082.203398,34023445.93443196,82871543.51314364,6439186851.621124,52468342745.01062
126,2015-07-01,22.6462294111869,1.4656544954328672,50.34224309395807,442.8429368921502,0.4978265347017087,101.4620455879071,49.68759830374168,3900.7147842918544,2.151312705909347,2.024654051063076,128.69712633719112,49.748895297846445,1189289445.012543,76979489.60718516,2643548238.9397116,112951489.53692698,106308574.85897724,6196628104.123981,52468342745.01062
127,2015-08-01,17.690093020595818,1.183797885635001,45.74672491187707,442.8429368921502,0.4978265347017087,101.4620455879071,49.68759830374168,3900.7147842918544,1.686275710371007,1.6356651008553453,123.86154129209915,46.77887080294604,929060853.2539985,62175742.863306426,2402210803.0041738,88540596.81914406,85891880.86459655,5963782059.56922,52468342745.01062
128,2015-09-01,24.43951349450268,0.5637132755791936,34.61658092688927,442.8429368921502,0.4978265347017087,101.4620455879071,49.68759830374168,3900.7147842918544,2.245834844999173,2.457026354923538,124.97429456152709,47.22782277727004,1283639256.550396,29607496.42847546,1817722029.5590026,117936465.77363747,129035874.31344752,6017417819.630944,52468342745.01062
129,2015-10-01,32.681060085975126,0.2818566377895968,20.627967019372566,442.8429368921502,0.4978265347017087,101.4620455879071,49.68759830374168,3900.7147842918544,5.032135606929487,4.780771200414535,132.81676250517256,51.96888097194682,1716177871.9768257,14803748.21423773,1083175548.8174496,264207646.69581044,251025418.14942834,6394981540.201783,52468342745.01062
130,2015-11-01,19.69533802454506,0.0,10.737260332955236,442.8429368921502,0.4978265347017087,101.4620455879071,49.68759830374168,3900.7147842918544,2.599552276665636,3.7518659450989347,136.91749731800047,54.42626568360899,1034314558.4482036,0.0,563783708.535772,136504041.4958928,196990508.54109657,6592449299.938884,52468342745.01062
131,2015-12-01,28.99972025990489,0.0,7.060869886540728,442.8429368921502,0.4978265347017087,101.4620455879071,49.68759830374168,3900.7147842918544,5.478379326747393,7.599785454463023,145.54608376489634,58.88881861413093,1523041475.121214,0.0,370716517.79577994,287721930.76801926,399070927.06396747,7008002017.99599,52468342745.01062
132,2016-01-01,43.73677931985216,0.0,3.927197771301324,442.8429368921502,0.4978265347017087,101.4620455879071,49.68759830374168,3900.7147842918544,12.837187437886772,15.285030804917284,157.9591452842606,66.81108615011907,2296757282.58872,0.0,206191644.27994487,674113437.7729266,802603360.8986038,7605731516.29622,52468342745.01062
133,2016-02-01,15.418247139525118,0.0,9.979359795381296,442.8429368921502,0.4978265347017087,101.4620455879071,49.68759830374168,3900.7147842918544,2.4658998558240044,4.900198836503795,157.26963480174405,66.383660522091,809752135.6730945,0.0,523989199.25537926,129502986.16319667,257339132.0291111,7572555804.445023,52468342745.01062
134,2016-03-01,42.36996406000772,0.0,23.306107071362696,442.8429368921502,0.4978265347017087,101.4620455879071,49.68759830374168,3900.7147842918544,8.79021606363163,10.941687366063563,159.10575305669218,67.4572903238862,2225419683.994172,0.0,1223805957.9751322,461668357.7496261,574690528.2461067,7661016602.858886,52468342745.01062
135,2016-04-01,54.15011882501153,0.2921393822009494,33.78215723636228,442.8429368921502,0.4978265347017087,101.4620455879071,49.68759830374168,3900.7147842918544,11.483517084862513,12.550355642099284,161.63061181084993,69.19384880416027,2843666585.6841445,15344316.844862571,1773929863.3168037,602976481.0024772,658983680.4133654,7782539173.75649,52468342745.01062
136,2016-05-01,33.65437100780332,0.7595623849812652,46.78870098614129,442.8429368921502,0.4978265347017087,101.4620455879071,49.68759830374168,3900.7147842918544,2.895619274247737,3.6512114120014973,153.59674456035484,64.32683754523062,1767567855.4355488,39895223.33747489,2456914665.2598925,152048574.05936384,191737011.17243275,7395686272.247454,52468342745.01062
137,2016-06-01,14.110204739841235,1.1685575288037977,66.94786528840375,442.8429368921502,0.4978265347017087,101.4620455879071,49.68759830374168,3900.7147842918544,0.7067571177885819,1.1330906666265779,126.47702375722646,48.466557378282545,740914575.9130696,61377267.379450284,3515431093.6437507,37103302.0290841,59495833.91550884,6089691382.125992,52468342745.01062
138,2016-07-01,2.7926017269721086,1.5191247699625303,73.48352896569227,442.8429368921502,0.4978265347017087,101.4620455879071,49.68759830374168,3900.7147842918544,0.34920825345795814,0.5185139596341224,106.87397459427972,38.1169472873575,146622785.37661755,79790446.67494978,3858580965.2886033,18336043.218347874,27231402.384570174,5145774693.468424,52468342745.01062
139,2016-08-01,3.851369692561286,1.2269853844220031,50.66920404995937,442.8429368921502,0.4978265347017087,101.4620455879071,49.68759830374168,3900.7147842918544,0.41974035517967,0.500023086788977,99.24788721888447,34.856215049472425,202207159.91845375,64446129.654922076,2660607811.9453983,22038465.491757836,26259796.0348589,4778538590.46602,52468342745.01062
140,2016-09-01,39.609992488250455,0.5842787644018989,32.18577148126848,442.8429368921502,0.4978265347017087,101.4620455879071,49.68759830374168,3900.7147842918544,1.9558244507698899,1.7915358807618775,113.9083291495136,42.28397069178481,2080423347.3120224,30688633.689725142,1690047726.9350662,102701366.02850045,94080482.03833826,5484566307.15615,52468342745.01062
141,2016-10-01,24.984326728950006,0.2921393822009494,21.941903133866496,442.8429368921502,0.4978265347017087,101.4620455879071,49.68759830374168,3900.7147842918544,2.2948434206456865,2.7618606002992445,119.73318819867991,44.86836367931059,1312166916.8337495,15344316.844862571,1152129064.695605,120507679.43329568,145036658.84987122,5765073243.090007,52468342745.01062
142,2016-11-01,20.357575617240215,0.0,12.772511109754412,442.8429368921502,0.4978265347017087,101.4620455879071,49.68759830374168,3900.7147842918544,1.613096523601236,2.1241961828207843,125.38336328343247,47.73950417848538,1069232180.6570188,0.0,670636031.6585878,84719281.53054759,111558819.13130543,6037198204.468252,52468342745.01062
143,2016-12-01,47.41246976166211,0.0,6.707872100458525,442.8429368921502,0.4978265347017087,101.4620455879071,49.68759830374168,3900.7147842918544,7.433085848306987,11.077962361818603,146.52919504307715,60.41186446067065,2490143987.5832486,0.0,352184613.1945027,390378334.3943861,581820558.6829998,7055481108.401538,52468342745.01062
144,2017-01-01,71.42782067538565,0.0,5.864054522143993,442.8429368921502,0.4978265347017087,101.4620455879071,49.68759830374168,3900.7147842918544,20.743919332989915,22.93442484349196,168.10976269695823,73.97500427871076,3751110276.943148,0.0,307869933.1770831,1089400707.184983,1204417388.0921767,8094583814.824354,52468342745.046745
145,2017-02-01,56.96238009481033,0.0,11.373506248132301,442.8429368921502,0.4978265347017087,101.4620455879071,49.68759830374168,3900.7147842918544,17.301253450901086,20.790945801872834,173.83082933467668,76.93300559755573,2991648627.6616025,0.0,597166108.8761411,908675440.4730307,1091875951.8790002,8370080867.748462,52468342745.046745
146,2017-03-01,54.019807208930054,0.0,23.328914601896457,442.8429368921502,0.4978265347017087,101.4620455879071,49.68759830374168,3900.7147842918544,14.538303799170595,18.95046634543686,172.4701158212068,75.38550232390176,2836903304.4978666,0.0,1225010339.265398,763444219.8916359,995101185.8852415,8304549389.879777,52468342745.046745
147,2017-04-01,42.61772910479063,0.2794449687548871,33.677376909062254,442.8429368921502,0.4978265347017087,101.4620455879071,49.68759830374168,3900.7147842918544,7.198585649350042,10.6203044573217,166.84731054747698,71.35791614203373,2238443674.629507,14677443.136640357,1768402303.2782779,378077570.0864702,557767457.6447556,8033838908.377143,52468342745.046745
148,2017-05-01,10.574796382141699,0.7265569339285094,51.07169687641585,442.8429368921502,0.4978265347017087,101.4620455879071,49.68759830374168,3900.7147842918544,0.21114940234722462,2.1848949583182216,139.71856956284253,56.289846738496706,555416989.1790419,38161352.951893434,2681783955.0111895,11085660.454060303,114746334.33986606,6727473082.380447,52468342745.046745
149,2017-06-01,4.411753426191248,1.1177798750195485,71.43946910958098,442.8429368921502,0.4978265347017087,101.4620455879071,49.68759830374168,3900.7147842918544,0.16053951369792044,0.5875360371613609,109.09824939618358,39.52493536079511,231720094.98596105,58709772.54656143,3751274307.450328,8428130.834704682,30856573.426765233,5252971770.905049,52468342745.046745
150,2017-07-01,14.09321589885981,1.4531138678570188,62.30191862165144,442.8429368921502,0.4978265347017087,101.4620455879071,49.68759830374168,3900.7147842918544,0.6648049845589713,0.8264041565565484,102.33589276316064,36.590695995062845,739968350.0618863,76322705.90378687,3271508801.5959544,34903157.65615999,43394304.522860125,4927231489.02241,52468342745.046745
151,2017-08-01,10.048432261691467,1.173668865287127,44.7993737408142,442.8429368921502,0.4978265347017087,101.4620455879071,49.68759830374168,3900.7147842918544,0.48801365271163366,0.6957329681586656,97.09059785217917,34.61444798200366,527638246.1172867,61645260.991296135,2352419170.6889114,25622887.544445988,36533595.38069913,4674650644.733558,52468342745.046745
152,2017-09-01,34.599284996963185,0.5588899375097742,28.77493067448981,442.8429368921502,0.4978265347017087,101.4620455879071,49.68759830374168,3900.7147842918544,1.612479642692695,1.7383806458216147,110.82746823192258,41.47902987952925,1817135393.7191153,29354886.273280714,1510965191.8935516,84670080.83412772,91274251.47258565,5336168859.272934,52468342745.046745
153,2017-10-01,1.2157121798601114,0.2794449687548871,19.69848785237119,442.8429368921502,0.4978265347017087,101.4620455879071,49.68759830374168,3900.7147842918544,0.05120740920771997,0.48807787166975414,103.65805313645147,37.72081195009955,63857000.08576771,14677443.136640357,1034339546.3956112,2688874.9182136254,25633849.65674553,4990949207.25539,52468342745.046745
154,2017-11-01,14.072553216728961,0.0,12.998325905408828,442.8429368921502,0.4978265347017087,101.4620455879071,49.68759830374168,3900.7147842918544,0.25966265566605995,0.8863483142611939,107.21648831583724,39.95211194069105,739169442.4377928,0.0,682488782.9848473,13636477.943804963,46551156.34548299,5162339698.304906,52468342745.046745
155,2017-12-01,10.12283222626363,0.0,8.662682792813925,442.8429368921502,0.4978265347017087,101.4620455879071,49.68759830374168,3900.7147842918544,0.33588406759619077,1.000512306505002,109.88136466639428,41.30950317744364,531648147.06940293,0.0,454797639.2024933,17636379.459963605,52543037.65424431,5290699497.990885,52468342745.046745
156,2018-01-01,27.344343370426962,0.0,7.89682468277354,442.8429368921502,0.4978265347017087,101.4620455879071,49.68759830374168,3900.7147842918544,2.52450848385189,3.6209288360346643,125.12877372411242,49.72403441248726,1435892820.7798684,0.0,414619556.09058785,132539617.11131267,190131322.9997573,6024833654.127959,52468342745.01062
157,2018-02-01,26.086601477524823,0.0,11.442614865060264,442.8429368921502,0.4978265347017087,101.4620455879071,49.68759830374168,3900.7147842918544,2.824544544405263,5.41553167962913,134.77046448537968,54.952502421740014,1369978178.8827033,0.0,600829984.5702267,148319864.7876346,284390615.54209965,6489141323.269393,52468342745.01062
158,2018-03-01,44.113552497922726,0.0,16.558570818057074,442.8429368921502,0.4978265347017087,101.4620455879071,49.68759830374168,3900.7147842918544,6.102124427824481,9.90682754578074,148.2555269708776,62.87961944831149,2316747641.2712393,0.0,869506193.4896789,320426788.1427739,520230955.6238428,7138493922.411048,52468342745.01062
159,2018-04-01,26.210391792564735,0.27978126187330926,32.12700465597515,442.8429368921502,0.4978265347017087,101.4620455879071,49.68759830374168,3900.7147842918544,3.012571461551164,4.75868686139617,143.13898590042726,59.09304675082051,1376611024.0610445,14695277.540084658,1687036848.7821238,158207441.20927224,249906003.6120134,6892161607.377762,52468342745.01062
160,2018-05-01,44.30511240356874,0.7274312912053534,42.3849582118999,442.8429368921502,0.4978265347017087,101.4620455879071,49.68759830374168,3900.7147842918544,7.6898275270134935,7.771588222188794,144.76095539985076,60.1146257968037,2326536781.2442446,38207722.14811535,2225747402.030032,403740108.74141365,408025177.58713603,6970142088.850347,52468342745.01062
161,2018-06-01,1.0732386184673777,1.119125047493237,62.92115046607947,442.8429368921502,0.4978265347017087,101.4620455879071,49.68759830374168,3900.7147842918544,0.2560645715299167,0.6262423100252364,117.27488427254653,43.871639677212954,56357791.611545235,58781110.16033863,3304075229.2048054,13446241.228803204,32887180.36737479,5646623144.928297,52468342745.01062
162,2018-07-01,8.261032598221998,1.4548625824107069,55.48130701480973,442.8429368921502,0.4978265347017087,101.4620455879071,49.68759830374168,3900.7147842918544,0.8994886431593496,0.7581747671852497,108.4096046784187,39.239951213295264,433695450.01223636,76415444.2962307,2913406978.3077445,47226477.559264615,39812192.941881105,5219678686.974167,52468342745.01062
163,2018-08-01,7.409829633400088,1.1750813416982495,42.41178549739248,442.8429368921502,0.4978265347017087,101.4620455879071,49.68759830374168,3900.7147842918544,0.5314015116817408,0.6013720535128216,103.74624545290486,37.21252128731853,389151843.8973956,61720167.86631958,2227089161.882846,27906109.31243657,31581603.676927138,4995155736.330721,52468342745.01062
164,2018-09-01,0.18624551978737405,0.5595625237466185,34.94139062314237,442.8429368921502,0.4978265347017087,101.4620455879071,49.68759830374168,3900.7147842918544,0.10179439147890958,0.41464514694385235,97.30342183079969,34.529710777524755,9778032.083562171,29390555.080169316,1834809785.3366227,5345768.920339918,21776400.54532123,4684923113.732327,52468342745.01062
165,2018-10-01,47.266864535118586,0.27978126187330926,16.29960670023426,442.8429368921502,0.4978265347017087,101.4620455879071,49.68759830374168,3900.7147842918544,3.77632764179523,3.608638645490464,122.88950301006126,49.05249102188569,2482296461.896096,14695277.540084658,855888440.1335839,198276574.25127932,189480831.90654114,5916895873.769384,52468342745.01062
166,2018-11-01,13.731261764288105,0.0,10.42011419831433,442.8429368921502,0.4978265347017087,101.4620455879071,49.68759830374168,3900.7147842918544,1.061531813372203,1.4422717380384216,123.11282613653633,48.89532770729075,721272622.2316767,0.0,547113080.5393105,55749081.59200389,75748942.39536306,5927725987.529577,52468342745.01062
167,2018-12-01,5.860637520197581,0.0,5.303311558321792,442.8429368921502,0.4978265347017087,101.4620455879071,49.68759830374168,3900.7147842918544,0.22268379124688173,1.066391986507586,123.216489997183,49.11096630282179,307785843.4040457,0.0,278437420.3129961,11695183.709329356,56004341.79917355,5932734371.830185,52468342745.01062
168,2019-01-01,40.202534550043325,0.0,6.49058040634549,442.8429368921502,0.4978265347017087,101.4620455879071,49.68759830374168,3900.7147842918544,5.084081497035999,8.209870691898386,143.50225017124478,60.507852425575074,2111436800.5778787,0.0,340772072.95891804,267025205.6423287,431144048.2040326,6909616286.43632,52468342745.01062
169,2019-02-01,42.02792473755188,0.0,11.043855815791755,442.8429368921502,0.4978265347017087,101.4620455879071,49.68759830374168,3900.7147842918544,6.79414993067024,13.424827259681702,154.22837786362612,66.39376063629425,2207130072.967943,0.0,579868249.6476241,356791560.9703186,704949518.3648736,7426102235.756075,52468342745.01062
170,2019-03-01,76.33539985990238,0.0,18.73452747796527,442.8429368921502,0.4978265347017087,101.4620455879071,49.68759830374168,3900.7147842918544,17.225457245531192,25.012838566396994,167.0726220997139,73.63630614677183,4008885362.1666675,0.0,983735022.4646047,904564806.0494928,1313448716.7054262,8044563095.185492,52468342745.01062
171,2019-04-01,70.96926492434231,0.3020358356086889,30.38757539048817,442.8429368921502,0.4978265347017087,101.4620455879071,49.68759830374168,3900.7147842918544,19.253575682607625,20.015003330203424,169.13270484524074,74.66390191260771,3727046568.8009944,15864726.11422748,1595690842.1623342,1010981489.2439492,1050997834.458923,8143748567.840267,52468342745.01062
172,2019-05-01,74.43060019425177,0.7852931892518235,45.93012663352747,442.8429368921502,0.4978265347017087,101.4620455879071,49.68759830374168,3900.7147842918544,17.343826196413545,18.823349312371622,167.9370315712537,73.21307883857612,3908720226.5660396,41248288.772442944,2411833294.3072896,910673749.2265695,988329250.9848745,8086152892.799881,52468342745.01062
173,2019-06-01,10.255379964104602,1.2081433424347556,64.05221022258074,442.8429368921502,0.4978265347017087,101.4620455879071,49.68759830374168,3900.7147842918544,0.2698345964713391,2.0901602446949594,131.95387955859402,52.768160579513335,538593654.8871527,63458904.45690992,3363341994.5999446,14168282.754614377,109740418.28588083,6353482994.614291,52468342745.01062
174,2019-07-01,11.36316849410897,1.570586378503647,70.73543039654507,442.8429368921502,0.4978265347017087,101.4620455879071,49.68759830374168,3900.7147842918544,0.7014143274033724,0.8333482782480519,108.22946192015489,39.67090682856954,596699766.2276984,82496577.54488589,3714283780.203056,36829852.73067357,43759049.393111765,5211072069.326608,52468342745.01062
175,2019-08-01,6.948608223990089,1.268550533659718,56.04387027534191,442.8429368921502,0.4978265347017087,101.4620455879071,49.68759830374168,3900.7147842918544,0.4505868277623065,0.5624466326426618,96.83833363329656,34.49862322142441,364925307.456423,66631850.94642811,2942810993.723993,23663368.577743154,29536990.751938254,4662580724.941183,52468342745.01062
176,2019-09-01,41.182221415479184,0.6040716712173778,32.45957431084173,442.8429368921502,0.4978265347017087,101.4620455879071,49.68759830374168,3900.7147842918544,1.9364114843943938,2.038469871607511,112.73909835210723,42.52344177681671,2162981024.313206,31729452.22845496,1704451306.480745,101685444.74214679,107050831.54414114,5428316835.278853,52468342745.01062
177,2019-10-01,4.796570108809832,0.3020358356086889,19.885666729860276,442.8429368921502,0.4978265347017087,101.4620455879071,49.68759830374168,3900.7147842918544,0.12700837458479988,0.5986220678051022,107.28351264010325,39.53200092894603,251970835.64599663,15864726.11422748,1044155020.6632309,6671657.954035196,31439557.044392146,5165641875.769774,52468342745.01062
178,2019-11-01,29.559907647835647,0.0,10.770380736023245,442.8429368921502,0.4978265347017087,101.4620455879071,49.68759830374168,3900.7147842918544,2.5716061557076584,2.9992107152318592,123.16768240817791,47.23124304714788,1552349715.9269123,0.0,565502817.487287,135036077.93547678,157512446.60083726,5930489166.855173,52468342745.01062
179,2019-12-01,26.02357178507335,0.0,6.630696661129192,442.8429368921502,0.4978265347017087,101.4620455879071,49.68759830374168,3900.7147842918544,2.136561773986139,5.61224794672139,134.6935940459814,53.547757137192704,1366698438.8233817,0.0,348120580.52967113,112208813.43670027,294734858.8084147,6485491257.8288555,52468342745.01062
180,2020-01-01,21.56420348490797,0.0,8.02736871531716,442.8429368921502,0.4978265347017087,101.4620455879071,49.68759830374168,3900.7147842918544,2.4355813144488008,6.598130790688009,139.71689251540053,56.116916598608974,1132664974.0358052,0.0,421458516.08232117,127944240.63736801,346577933.8305422,6727449908.3716135,52468342745.01062
181,2020-02-01,15.004264938921287,0.0,12.253061408103129,442.8429368921502,0.4978265347017087,101.4620455879071,49.68759830374168,3900.7147842918544,1.0810859686042602,4.44782716437047,139.20297605623384,55.53707262138639,787982797.8528053,0.0,643350415.0494742,56782174.15373519,233585157.53377435,6702707989.138183,52468342745.01062
182,2020-03-01,31.9386838962394,0.0,21.019379010516914,442.8429368921502,0.4978265347017087,101.4620455879071,49.68759830374168,3900.7147842918544,2.8573698876818905,9.971919247413865,143.05907163600082,57.922909897072515,1677225123.0287013,0.0,1103745376.5367832,150051818.08571643,523607341.46056443,6888316274.230279,52468342745.01062
183,2020-04-01,15.995046291267855,0.3428492374706592,31.703039397454468,442.8429368921502,0.4978265347017087,101.4620455879071,49.68759830374168,3900.7147842918544,1.075102293808874,3.6389658610456688,136.88725972686547,54.625475363346936,839866111.1346213,18008258.45160041,1664776708.1694179,56441656.80637811,191038552.0481106,6591049269.883941,52468342745.01062
184,2020-05-01,9.924319659395758,0.8914080182588673,50.5689624148091,442.8429368921502,0.4978265347017087,101.4620455879071,49.68759830374168,3900.7147842918544,0.29595608951995694,0.8585299482964027,119.81077055271322,45.42314158580202,521271587.8093037,46821472.01842658,2655450683.995821,15542554.38288177,45084628.70718511,5768799026.03266,52468342745.01062
185,2020-06-01,26.66122653390709,1.3713969498826368,54.35801846323897,442.8429368921502,0.4978265347017087,101.4620455879071,49.68759830374168,3900.7147842918544,1.7531479596708957,1.7505515337720994,116.887943241743,43.13475608361339,1400507723.8189924,72033033.80640164,2854419584.1299744,92084601.06810413,91945737.35042793,5628175114.431287,52468342745.01062
186,2020-07-01,3.7601196815182716,1.7828160365177346,60.68748734789355,442.8429368921502,0.4978265347017087,101.4620455879071,49.68759830374168,3900.7147842918544,0.7200785802712087,0.5282724524234066,105.30221700125392,37.4257170640892,197457071.59485874,93642944.03685316,3186800132.6004057,37817773.1409448,27744494.995767295,5070232252.568412,52468342745.01062
187,2020-08-01,2.1900734840062124,1.4399668083016126,52.21713103244399,442.8429368921502,0.4978265347017087,101.4620455879071,49.68759830374168,3900.7147842918544,0.5120863150601247,0.4643238676124471,97.69381251496155,34.192380674146655,114997922.28700638,75634686.0709149,2741968356.3470907,26894465.88980762,24385720.361382686,4703844574.336421,52468342745.01062
188,2020-09-01,3.0025989185116253,0.6856984749413184,34.88566351662691,442.8429368921502,0.4978265347017087,101.4620455879071,49.68759830374168,3900.7147842918544,0.24064336001212766,0.44541256065383017,93.84505366290666,32.64557590922071,157731280.27241465,36016516.90320082,1831879745.3765597,12639763.781348722,23393447.61736885,4518528956.524031,52468342745.01062
189,2020-10-01,1.6719296260271723,0.3428492374706592,22.684232342479255,442.8429368921502,0.4978265347017087,101.4620455879071,49.68759830374168,3900.7147842918544,0.08924800864428996,0.41505311537361994,90.4769631105569,31.346226405033264,87828035.08088411,18008258.45160041,1191141921.9458356,4687821.881728175,21798749.73801299,4356353459.452354,52468342745.01062
190,2020-11-01,8.423413796426303,0.0,13.088739866265225,442.8429368921502,0.4978265347017087,101.4620455879071,49.68759830374168,3900.7147842918544,0.06516286320658504,0.4598727803677661,91.24050347670209,32.01118640623948,442355156.07593375,0.0,687242646.9286991,3422419.2199599436,24152437.184498236,4393112648.486781,52468342745.01062
191,2020-12-01,11.213432453117006,0.0,6.622992934099793,442.8429368921502,0.4978265347017087,101.4620455879071,49.68759830374168,3900.7147842918544,0.19136623375205541,0.7380956945797988,96.86340270973356,35.0754464683991,588854919.7315546,0.0,347722273.23994446,10049562.571828058,38760534.53883562,4663859691.045772,52468342745.01062
192,2021-01-01,19.01895185400348,0.0,6.400065228637621,442.8429368921502,0.4978265347017087,101.4620455879071,49.68759830374168,3900.7147842918544,0.5214847243341453,1.8171055424879898,108.41772488882629,41.158820426030815,998751231.5030396,0.0,336039694.9168947,27381667.32206071,95414687.39534216,5220174776.659925,52468342745.01062
193,2021-02-01,17.77515657697313,0.0,11.109421842917866,442.8429368921502,0.4978265347017087,101.4620455879071,49.68759830374168,3900.7147842918544,0.7838220498538734,3.0119218199042557,113.703463576918,43.90890412343896,933600884.8907605,0.0,583313340.2068847,41170349.74693195,158189419.01781866,5474786062.183602,52468342745.01062
194,2021-03-01,30.75861171735132,0.0,18.001582517439807,442.8429368921502,0.4978265347017087,101.4620455879071,49.68759830374168,3900.7147842918544,2.155529404108613,5.629556828435825,124.22338994806977,49.74732951560497,1615171409.4113424,0.0,945259925.7110989,113181803.65116858,295587634.4470026,5981236798.800798,52468342745.01062
195,2021-04-01,25.401602487254852,0.32393758231925274,26.56200255130731,442.8429368921502,0.4978265347017087,101.4620455879071,49.68759830374168,3900.7147842918544,2.70028529047826,3.701400799489826,126.22017499043378,50.57996449054592,1334011947.9182894,17015253.04703402,1394805184.7223527,141794298.74590623,194355259.42747712,6077389382.149902,52468342745.01062
196,2021-05-01,6.387251658114923,0.8422377064628345,37.914020301208446,442.8429368921502,0.4978265347017087,101.4620455879071,49.68759830374168,3900.7147842918544,0.5015026544482523,0.7197372179096597,113.2083234384067,43.01202200876842,335467169.1714652,44239657.524753585,1990920135.174031,26337613.751735713,37796239.32872722,5450855024.893599,52468342745.01062
197,2021-06-01,3.1723514579756675,1.295750329277011,58.1919923010928,442.8429368921502,0.4978265347017087,101.4620455879071,49.68759830374168,3900.7147842918544,0.4373435774179692,0.4948919056661154,100.17129646787407,36.34923201694937,166610292.4093205,68061012.18813609,3055804369.4157243,22970887.725287944,25991276.37701989,4823078753.690712,52468342745.01062
198,2021-07-01,27.0972376403372,1.684475412925669,45.540936593265705,442.8429368921502,0.4978265347017087,101.4620455879071,49.68759830374168,3900.7147842918544,2.986861961763819,2.149627725818989,107.11732047216391,39.85206412386671,1422780341.033974,88479315.04950717,2391496446.705716,156828916.53819102,112858129.64530408,5157411738.673384,52468342745.01062
199,2021-08-01,30.438215532412386,1.3605378373658943,40.530919338202445,442.8429368921502,0.4978265347017087,101.4620455879071,49.68759830374168,3900.7147842918544,3.1878490021003127,2.4380515934531277,110.2634686595711,41.11477409198229,1598830377.640628,71464062.35756628,2128338648.1228933,167431079.8345492,128046054.85649057,5309041353.600798,52468342745.01062
200,2021-09-01,5.028010102223772,0.6478751646385055,33.56890296999164,442.8429368921502,0.4978265347017087,101.4620455879071,49.68759830374168,3900.7147842918544,0.31981603279830423,0.6047172266704148,103.21553789710441,37.675422338239464,264039470.29713565,34030506.09406804,1762755597.4647298,16793886.18944387,31756659.63260004,4969641176.188712,52468342745.01062
201,2021-10-01,60.374533397845006,0.32393758231925274,18.07013042514291,442.8429368921502,0.4978265347017087,101.4620455879071,49.68759830374168,3900.7147842918544,7.656236614108773,7.357028481463602,131.93063407599374,53.75708928266146,3170921180.858651,17015253.04703402,948871347.326666,402062518.3067189,386365299.3997748,6352434863.063364,52468342745.01062
202,2021-11-01,6.759777862374766,0.0,11.346291768017396,442.8429368921502,0.4978265347017087,101.4620455879071,49.68759830374168,3900.7147842918544,0.30967017453009943,1.2819991576380712,127.41805732621435,51.41940672366327,355066000.1959227,0.0,595750859.7124313,16262558.330174502,67334485.76759797,6135178908.063967,52468342745.01062
203,2021-12-01,37.70556957115405,0.0,7.9843194211038675,442.8429368921502,0.4978265347017087,101.4620455879071,49.68759830374168,3900.7147842918544,5.505902233083663,9.634395986786513,142.27947403064283,59.64134730336029,1979988779.6051838,0.0,419226949.62251705,289116561.52161646,505872291.3518,6850686868.545647,52468342745.01062
204,2022-01-01,16.303134569585552,0.0,6.7726171464559615,442.8429368921502,0.4978265347017087,101.4620455879071,49.68759830374168,3900.7147842918544,1.8304016176078794,7.601691278630034,142.84909139357308,59.36155667617683,856109785.6278727,0.0,355589211.00083923,96107550.6844296,399135373.8730406,6878135661.147803,52468342745.01062
205,2022-02-01,12.346592909342606,0.0,9.49153794989283,442.8429368921502,0.4978265347017087,101.4620455879071,49.68759830374168,3900.7147842918544,1.5130812255580808,6.3092208231191425,139.73452361986185,57.084463155514,648157106.8122112,0.0,498362624.14578784,79422999.45497876,331186212.8278967,6728126026.735099,52468342745.01062
206,2022-03-01,21.44692347239539,0.0,19.63311461924791,442.8429368921502,0.4978265347017087,101.4620455879071,49.68759830374168,3900.7147842918544,1.8953511673527248,5.106273058141002,139.38793284033756,57.24656765668404,1126256927.093369,0.0,1030953529.0161396,99521806.45753114,268075183.05999175,6711419573.3182745,52468342745.01062
207,2022-04-01,18.50847304043918,0.28747996136169507,29.34230253877571,442.8429368921502,0.4978265347017087,101.4620455879071,49.68759830374168,3900.7147842918544,1.4406816982541306,2.958117872259563,132.51365985842574,53.84603002202291,971985393.8026898,15100203.117157293,1540797921.6817853,75638015.93713795,155324974.4143576,6380359808.188565,52468342745.01062
208,2022-05-01,22.95227356457154,0.7474479006109133,39.40547952688349,442.8429368921502,0.4978265347017087,101.4620455879071,49.68759830374168,3900.7147842918544,1.3559537188024036,2.0663213320766127,125.4083332200273,49.44891395125805,1205559304.3732278,39260528.16072091,2069217483.867972,71205802.08869359,108511656.01372582,6038266342.442624,52468342745.01062
209,2022-06-01,6.421669083127912,1.1499198454467803,53.44957794179551,442.8429368921502,0.4978265347017087,101.4620455879071,49.68759830374168,3900.7147842918544,0.3608600963086606,0.5698710277691795,107.6154101311022,40.11211292329298,337325141.70403403,60400812.468629174,2806737672.8469286,18952024.915836446,29928501.618423756,5181484592.867266,52468342745.01062
210,2022-07-01,10.959243771593112,1.4948958012218265,57.16546866615472,442.8429368921502,0.4978265347017087,101.4620455879071,49.68759830374168,3900.7147842918544,0.908467208420754,0.6788401356798368,100.11862320749871,36.338810234784496,575417463.9241643,78521056.32144181,3001888516.0923605,47704123.83403102,35645916.093195476,4820422150.889981,52468342745.01062
211,2022-08-01,38.379205938837686,1.207415848881283,37.833842095285185,442.8429368921502,0.4978265347017087,101.4620455879071,49.68759830374168,3900.7147842918544,3.6211605334299333,3.0505834591267704,109.6021647338161,41.25629871211422,2015552847.3772278,63420853.67831007,1986697026.7413604,190129748.7717624,160179323.88763154,5277080426.371155,52468342745.01062
212,2022-09-01,21.73827122700828,0.5749599227233901,37.17878751851622,442.8429368921502,0.4978265347017087,101.4620455879071,49.68759830374168,3900.7147842918544,2.2779554897128977,2.215497129405967,108.21907282724426,39.989411253213284,1141594489.2215667,30200406.234314587,1952237283.250919,119601601.43007593,116327951.63916034,5210475332.0701685,52468342745.01062
213,2022-10-01,11.734065339996489,0.28747996136169507,20.200873678156114,442.8429368921502,0.4978265347017087,101.4620455879071,49.68759830374168,3900.7147842918544,0.8679926398354956,1.2230424047174666,107.93373445063007,39.62115079865896,616269570.3746538,15100203.117157293,1060733203.6490732,45579482.862214245,64225002.06503855,5196758845.568389,52468342745.01062
214,2022-11-01,38.033673765826215,0.0,9.501837969493566,442.8429368921502,0.4978265347017087,101.4620455879071,49.68759830374168,3900.7147842918544,5.587318397356343,5.639325243196599,125.42748159707462,50.02675420634022,1997369137.182676,0.0,498889408.34376425,293383211.7453532,296108164.3025012,6039137109.926265,52468342745.01062
215,2022-12-01,45.36795148526807,0.0,6.522500666745927,442.8429368921502,0.4978265347017087,101.4620455879071,49.68759830374168,3900.7147842918544,7.94919891531988,11.36072662668396,144.4133196809624,60.938623915316754,2382595072.7728825,0.0,342454150.3843142,417442920.0674204,596545603.8758177,6953414381.840747,52468342745.01062
216,2023-01-01,60.25115307635951,0.0,6.405326898297951,442.8429368921502,0.4978265347017087,101.4620455879071,49.68759830374168,3900.7147842918544,14.188747758377827,22.840154250245945,160.48422387463367,69.82064556253074,3163893679.4728208,0.0,336299296.4580155,745037049.9482069,1199265856.0347483,7727245922.036815,52468342745.01062
217,2023-02-01,24.66848804825326,0.0,8.76085349905049,442.8429368921502,0.4978265347017087,101.4620455879071,49.68759830374168,3900.7147842918544,5.425945599020057,12.216907541839658,159.75899829630032,69.22194450058302,1295388252.407493,0.0,459977416.4746817,284913436.48371494,641478375.3300625,7692378178.285079,52468342745.01062
218,2023-03-01,70.90043621475,0.0,16.14867148865891,442.8429368921502,0.4978265347017087,101.4620455879071,49.68759830374168,3900.7147842918544,19.183286785214996,26.67653740330922,168.51969983110254,73.83197403082536,3723309665.0238767,0.0,847935557.3233635,1007333891.5997459,1400824306.3896081,8114220292.794556,52468342745.01062
219,2023-04-01,16.769045632905588,0.3111637148758836,31.220811791281236,442.8429368921502,0.4978265347017087,101.4620455879071,49.68759830374168,3900.7147842918544,1.586797525960113,5.259345294445062,154.95891280064933,64.88359587853327,880739333.2954113,16343965.685813366,1639364334.8646603,83330460.7064432,276178216.1824724,7461303760.510892,52468342745.01062
220,2023-05-01,24.157620293240875,0.8090256570586994,44.670015391387885,442.8429368921502,0.4978265347017087,101.4620455879071,49.68759830374168,3900.7147842918544,2.6243210833268407,3.072235758300931,145.79855945718364,59.95788320823987,1268580989.5882874,42494310.69872243,2345654504.4343038,137782348.2503504,161312019.73725516,7020131829.205204,52468342745.01062
221,2023-06-01,21.429406740090265,1.2446548595035345,49.959297972771054,442.8429368921502,0.4978265347017087,101.4620455879071,49.68759830374168,3900.7147842918544,1.5066662340290597,1.5638915568290237,135.00395263725193,54.82024074603963,1125408504.3662345,65375862.74325346,2623387625.1193833,79115104.2792406,82118587.77076101,6500332064.998818,52468342745.01062
222,2023-07-01,7.846747551663276,1.6180513141173989,67.26288104931353,442.8429368921502,0.4978265347017087,101.4620455879071,49.68759830374168,3900.7147842918544,0.5223605667385245,0.7712960956549064,111.46335412830653,42.33347071267359,412052950.4938919,84988621.39744486,3532031080.463183,27428876.561497495,40502580.31555776,5366739006.044215,52468342745.01062
223,2023-08-01,39.16840400561366,1.3068875667719897,48.07565557994036,442.8429368921502,0.4978265347017087,101.4620455879071,49.68759830374168,3900.7147842918544,3.0596324768877654,2.8226641091996756,117.05633271766219,44.1357320598442,2056955645.231795,68644654.00531289,2524447998.8125615,160647537.18549916,148205266.74252316,5636023927.16256,52468342745.01062
224,2023-09-01,34.659172155043315,0.6223274297517672,35.608645847056465,442.8429368921502,0.4978265347017087,101.4620455879071,49.68759830374168,3900.7147842918544,3.2094387768352175,3.8782478584166027,121.37444453348515,46.43781183589674,1820161241.4615726,32687931.37162673,1869812154.563324,168512378.28270793,203640856.52307895,5843928920.621041,52468342745.01062
225,2023-10-01,17.190996206396903,0.3111637148758836,19.90889198073343,442.8429368921502,0.4978265347017087,101.4620455879071,49.68759830374168,3900.7147842918544,1.0511583721547768,2.021856632181747,121.36255507084414,46.60567697025072,903025117.691339,16343965.685813366,1045382196.3268474,55213941.16669669,106198762.20978947,5843449979.53663,52468342745.01062
226,2023-11-01,16.832619057194194,0.0,10.771678882308906,442.8429368921502,0.4978265347017087,101.4620455879071,49.68759830374168,3900.7147842918544,1.2711285173691276,2.233409357953663,125.11000628287418,48.689064025344145,884111893.2634274,0.0,565567821.3561407,66762655.4351892,117301035.15690503,6023950002.54266,52468342745.01062
227,2023-12-01,8.273112660459416,0.0,6.798798572039083,442.8429368921502,0.4978265347017087,101.4620455879071,49.68759830374168,3900.7147842918544,0.4178146733952385,1.6307736136215323,125.23790354242264,48.87303614432738,434592325.0268413,0.0,356956091.91616505,21949369.630345725,85655920.15953283,6030164281.765315,52468342745.01062
228,2024-01-01,16.342674317940006,0.0,6.990654310713237,442.8429368921502,0.4978265347017087,101.4620455879071,49.68759830374168,3900.7147842918544,1.4936233824357605,3.9393691645503517,130.3436211404783,51.52743683187698,858310034.6635586,0.0,367045650.7918285,78448652.69749174,206905798.96558622,6276027869.843101,52468342745.01062
229,2024-02-01,43.825301068136795,0.0,11.801092820672647,442.8429368921502,0.4978265347017087,101.4620455879071,49.68759830374168,3900.7147842918544,6.675609867124172,10.364841000285827,143.32267532536292,59.03194130386815,2301796561.01133,0.0,619652204.7425872,350597643.83855504,544366954.994774,6901026027.135318,52468342745.01062
230,2024-03-01,46.257381173732355,0.0,20.35520849064785,442.8429368921502,0.4978265347017087,101.4620455879071,49.68759830374168,3900.7147842918544,8.3734012756527,12.221429968938468,150.72847350624195,63.084680132542154,2429364699.433523,0.0,1068870116.848196,439714255.10152096,641808469.286942,7257618571.962465,52468342745.01062
231,2024-04-01,28.856743904469912,0.3316738414726626,34.69922046958196,442.8429368921502,0.4978265347017087,101.4620455879071,49.68759830374168,3900.7147842918544,2.3878894339845353,4.523613410893414,145.38426381990647,59.56975685031618,1515648851.2115014,17421297.573195323,1822105596.9832368,125394956.91748342,237572298.0441838,7000292848.563614,52468342745.01062
232,2024-05-01,10.946959326349594,0.8623519828035741,48.41204576929628,442.8429368921502,0.4978265347017087,101.4620455879071,49.68759830374168,3900.7147842918544,0.3673281299860532,1.185300254900489,124.17623308449448,47.37390471282998,574984600.8257874,45295373.42589666,2542139642.5685678,19292982.616467167,62247118.07538743,5979042686.6040945,52468342745.01062
233,2024-06-01,6.355875079751755,1.3266953658906504,64.57587889966031,442.8429368921502,0.4978265347017087,101.4620455879071,49.68759830374168,3900.7147842918544,0.45761150449329363,0.5840174036046254,104.73405873498976,37.830356036507595,333754901.0477287,69685190.2927813,3390967511.3288674,24028389.805830117,30670367.006890964,5042747331.593997,52468342745.01062
234,2024-07-01,9.124729904984779,1.7247039656071481,57.46413228239174,442.8429368921502,0.4978265347017087,101.4620455879071,49.68759830374168,3900.7147842918544,0.7546970797385801,0.5980955475460444,97.10919664777438,34.5608153003444,479151584.50889814,90590746.85179332,3017517179.467173,39631951.64928861,31408912.827840645,4675558973.723558,52468342745.01062
235,2024-08-01,17.05671915256723,1.3930301238655645,51.773910472891515,442.8429368921502,0.4978265347017087,101.4620455879071,49.68759830374168,3900.7147842918544,1.3412065817453762,0.9479308580325426,95.36434466496044,33.76564710448272,895825881.23862,73169449.2645078,2718686128.624908,70426552.88921334,49778803.422093146,4591544123.249093,52468342745.01062
236,2024-09-01,5.737501997722684,0.6633476829453252,36.69649886090874,442.8429368921502,0.4978265347017087,101.4620455879071,49.68759830374168,3900.7147842918544,0.2221304027600088,0.4521703806891108,90.95191338952512,31.85987639083149,301377764.4587868,34842595.14639065,1926928392.070636,11666611.796583435,23747910.999821093,4379096252.5263,52468342745.01062
237,2024-10-01,14.703955421305302,0.3316738414726626,24.43634905996856,442.8429368921502,0.4978265347017087,101.4620455879071,49.68759830374168,3900.7147842918544,0.4688802628196355,0.733500757799673,93.03045797806875,32.725915808359034,772226421.1585565,17421297.573195323,1283120886.3442287,24622340.61465576,38520215.625759974,4479193617.493263,52468342745.01062
238,2024-11-01,17.79100602714805,0.0,11.120642453882077,442.8429368921502,0.4978265347017087,101.4620455879071,49.68759830374168,3900.7147842918544,0.7604290681693374,1.125900396672086,100.01466317012408,36.719077733256036,934404791.6706696,0.0,583894706.0740939,39931665.32837963,59127992.830583066,4815539772.516097,52468342745.01062
239,2024-12-01,17.526239049641827,0.0,7.5031891341299985,442.8429368921502,0.4978265347017087,101.4620455879071,49.68759830374168,3900.7147842918544,0.788019749902092,1.6730431117074631,108.37090347088085,40.77924152302612,920560837.110865,0.0,393920176.77219665,41389976.0023465,87875581.87696159,5218006345.248371,52468342745.01062
