,Date,precip_and_snowmelt_input_Jordan_mean,irrigation_Jordan_mean,AET_Jordan_mean,soil_thickness_Jordan_mean,soil_porosity_Jordan_mean,field_capacity_Jordan_mean,wilting_point_Jordan_mean,Geo_K_Jordan_mean,Runoff_Jordan_mean,Recharge_Jordan_mean,Soil_Water_End_Of_Previous_Timestep_Jordan_mean,Soil_Saturation_Percent_End_Of_Timestep_Jordan_mean,precip_and_snowmelt_input_m3_Jordan_sum,irrigation_m3_Jordan_sum,AET_m3_Jordan_sum,Runoff_m3_Jordan_sum,Recharge_m3_Jordan_sum,Soil_Water_End_Of_Previous_Timestep_m3_Jordan_sum,Jordan_area_m2
0,2024-01-01,72.09895802644729,0.0,12.230325372655876,477.1386993859193,0.507608913762922,128.09969315685734,63.51643855128957,7202.082168856505,15.911363556988215,24.737127634579128,128.04965069917952,57.146853129978695,151905351.567162,0.0,25767192.055231374,33524799.178990055,52119368.51807819,268465193.8459813,2105389470.1910067
1,2024-01-01,72.09895802644729,0.0,12.230325372655876,477.1386993859193,0.507608913762922,128.09969315685734,63.51643855128957,7202.082168856505,15.911363556988215,24.737127634579128,128.04965069917952,57.146853129978695,151905351.567162,0.0,25767192.055231374,33524799.178990055,52119368.51807819,268465193.8459813,2105389470.1908684
2,2024-01-01,72.09895802644729,0.0,12.230325372655876,477.1386993859193,0.507608913762922,128.09969315685734,63.51643855128957,7202.082168856505,15.911363556988215,24.737127634579128,128.04965069917952,57.146853129978695,151905351.567162,0.0,25767192.055231374,33524799.178990055,52119368.51807819,268465193.8459813,2105389470.1910067
3,2024-01-01,72.09895802644729,0.0,12.230325372655876,477.1386993859193,0.507608913762922,128.09969315685734,63.51643855128957,7202.082168856505,15.911363556988215,24.737127634579128,128.04965069917952,57.146853129978695,151905351.567162,0.0,25767192.055231374,33524799.178990055,52119368.51807819,268465193.8459813,2105389470.1910067
4,2024-01-01,72.09895802644729,0.0,12.230325372655876,477.1386993859193,0.507608913762922,128.09969315685734,63.51643855128957,7202.082168856505,15.911363556988215,24.737127634579128,128.04965069917952,57.146853129978695,151905351.567162,0.0,25767192.055231374,33524799.178990055,52119368.51807819,268465193.8459813,2105389470.1910067
5,2024-01-01,72.09895802644729,0.0,12.230325372655876,477.1386993859193,0.507608913762922,128.09969315685734,63.51643855128957,7202.082168856505,15.911363556988215,24.737127634579128,128.04965069917952,57.146853129978695,151905351.567162,0.0,25767192.055231374,33524799.178990055,52119368.51807819,268465193.8459813,2105389470.1910067
6,2024-01-01,72.09895802644729,0.0,12.230325372655876,477.1386993859193,0.507608913762922,128.09969315685734,63.51643855128957,7202.082168856505,15.911363556988215,24.737127634579128,128.04965069917952,57.146853129978695,151905351.567162,0.0,25767192.055231374,33524799.178990055,52119368.51807819,268465193.8459813,2105389470.1910067
7,2024-01-01,72.09895802644729,0.0,12.230325372655876,477.1386993859193,0.507608913762922,128.09969315685734,63.51643855128957,7202.082168856505,15.911363556988215,24.737127634579128,128.04965069917952,57.146853129978695,151905351.567162,0.0,25767192.055231374,33524799.178990055,52119368.51807819,268465193.8459813,2105389470.1910067
8,2024-01-01,72.09895802644729,0.0,12.230325372655876,477.1386993859193,0.507608913762922,128.09969315685734,63.51643855128957,7202.082168856505,15.911363556988215,24.737127634579128,128.04965069917952,57.146853129978695,151905351.567162,0.0,25767192.055231374,33524799.178990055,52119368.51807819,268465193.8459813,2105389470.1910067
9,2024-01-01,72.09895802644729,0.0,12.230325372655876,477.1386993859193,0.507608913762922,128.09969315685734,63.51643855128957,7202.082168856505,15.911363556988215,24.737127634579128,128.04965069917952,57.146853129978695,151905351.567162,0.0,25767192.055231374,33524799.178990055,52119368.51807819,268465193.8459813,2105389470.1910067
10,2024-01-01,72.09895802644729,0.0,12.230325372655876,477.1386993859193,0.507608913762922,128.09969315685734,63.51643855128957,7202.082168856505,15.911363556988215,24.737127634579128,128.04965069917952,57.146853129978695,151905351.567162,0.0,25767192.055231374,33524799.178990055,52119368.51807819,268465193.8459813,2105389470.1910067
11,2024-01-01,72.09895802644729,0.0,12.230325372655876,477.1386993859193,0.507608913762922,128.09969315685734,63.51643855128957,7202.082168856505,15.911363556988215,24.737127634579128,128.04965069917952,57.146853129978695,151905351.567162,0.0,25767192.055231374,33524799.178990055,52119368.51807819,268465193.8459813,2105389470.1910067
12,2024-01-01,72.09895802644729,0.0,12.230325372655876,477.1386993859193,0.507608913762922,128.09969315685734,63.51643855128957,7202.082168856505,15.911363556988215,24.737127634579128,128.04965069917952,57.146853129978695,151905351.567162,0.0,25767192.055231374,33524799.178990055,52119368.51807819,268465193.8459813,2105389470.1910067
13,2024-01-01,72.09895802644729,0.0,12.230325372655876,477.1386993859193,0.507608913762922,128.09969315685734,63.51643855128957,7202.082168856505,15.911363556988215,24.737127634579128,128.04965069917952,57.146853129978695,151905351.567162,0.0,25767192.055231374,33524799.178990055,52119368.51807819,268465193.8459813,2105389470.1910067
14,2024-01-01,72.09895802644729,0.0,12.230325372655876,477.1386993859193,0.507608913762922,128.09969315685734,63.51643855128957,7202.082168856505,15.911363556988215,24.737127634579128,128.04965069917952,57.146853129978695,151905351.567162,0.0,25767192.055231374,33524799.178990055,52119368.51807819,268465193.8459813,2105389470.1910067
15,2024-01-01,72.09895802644729,0.0,12.230325372655876,477.1386993859193,0.507608913762922,128.09969315685734,63.51643855128957,7202.082168856505,15.911363556988215,24.737127634579128,128.04965069917952,57.146853129978695,151905351.567162,0.0,25767192.055231374,33524799.178990055,52119368.51807819,268465193.8459813,2105389470.1910067
16,2024-01-01,72.09895802644729,0.0,12.230325372655876,477.1386993859193,0.507608913762922,128.09969315685734,63.51643855128957,7202.082168856505,15.911363556988215,24.737127634579128,128.04965069917952,57.146853129978695,151905351.567162,0.0,25767192.055231374,33524799.178990055,52119368.51807819,268465193.8459813,2105389470.1910067
17,2024-01-01,72.09895802644729,0.0,12.230325372655876,477.1386993859193,0.507608913762922,128.09969315685734,63.51643855128957,7202.082168856505,15.911363556988215,24.737127634579128,128.04965069917952,57.146853129978695,151905351.567162,0.0,25767192.055231374,33524799.178990055,52119368.51807819,268465193.8459813,2105389470.1910067
18,2024-01-01,72.09895802644729,0.0,12.230325372655876,477.1386993859193,0.507608913762922,128.09969315685734,63.51643855128957,7202.082168856505,15.911363556988215,24.737127634579128,128.04965069917952,57.146853129978695,151905351.567162,0.0,25767192.055231374,33524799.178990055,52119368.51807819,268465193.8459813,2105389470.1910067
19,2024-01-01,72.09895802644729,0.0,12.230325372655876,477.1386993859193,0.507608913762922,128.09969315685734,63.51643855128957,7202.082168856505,15.911363556988215,24.737127634579128,128.04965069917952,57.146853129978695,151905351.567162,0.0,25767192.055231374,33524799.178990055,52119368.51807819,268465193.8459813,2105389470.1910067
20,2024-02-01,114.74450397482177,0.0,21.956483410803013,477.1386993859193,0.507608913762922,128.09969315685734,63.51643855128957,7202.082168856505,38.75300814573349,32.88190438984443,148.94700838025895,65.62340624726119,241755052.95097566,0.0,46258504.62136472,81651400.2484248,69278947.7556431,312277395.1023839,2105389470.1910067
21,2024-02-01,114.74450397482177,0.0,21.956483410803013,477.1386993859193,0.507608913762922,128.09969315685734,63.51643855128957,7202.082168856505,38.75300814573349,32.88190438984443,148.94700838025895,65.62340624726119,241755052.95097566,0.0,46258504.62136472,81651400.2484248,69278947.7556431,312277395.1023839,2105389470.1910067
22,2024-02-01,114.74450397482177,0.0,21.956483410803013,477.1386993859193,0.507608913762922,128.09969315685734,63.51643855128957,7202.082168856505,38.75300814573349,32.88190438984443,148.94700838025895,65.62340624726119,241755052.95097566,0.0,46258504.62136472,81651400.2484248,69278947.7556431,312277395.1023839,2105389470.1908684
23,2024-02-01,114.74450397482177,0.0,21.956483410803013,477.1386993859193,0.507608913762922,128.09969315685734,63.51643855128957,7202.082168856505,38.75300814573349,32.88190438984443,148.94700838025895,65.62340624726119,241755052.95097566,0.0,46258504.62136472,81651400.2484248,69278947.7556431,312277395.1023839,2105389470.1910067
24,2024-02-01,114.74450397482177,0.0,21.956483410803013,477.1386993859193,0.507608913762922,128.09969315685734,63.51643855128957,7202.082168856505,38.75300814573349,32.88190438984443,148.94700838025895,65.62340624726119,241755052.95097566,0.0,46258504.62136472,81651400.2484248,69278947.7556431,312277395.1023839,2105389470.1910067
25,2024-02-01,114.74450397482177,0.0,21.956483410803013,477.1386993859193,0.507608913762922,128.09969315685734,63.51643855128957,7202.082168856505,38.75300814573349,32.88190438984443,148.94700838025895,65.62340624726119,241755052.95097566,0.0,46258504.62136472,81651400.2484248,69278947.7556431,312277395.1023839,2105389470.1910067
26,2024-02-01,114.74450397482177,0.0,21.956483410803013,477.1386993859193,0.507608913762922,128.09969315685734,63.51643855128957,7202.082168856505,38.75300814573349,32.88190438984443,148.94700838025895,65.62340624726119,241755052.95097566,0.0,46258504.62136472,81651400.2484248,69278947.7556431,312277395.1023839,2105389470.1910067
27,2024-02-01,114.74450397482177,0.0,21.956483410803013,477.1386993859193,0.507608913762922,128.09969315685734,63.51643855128957,7202.082168856505,38.75300814573349,32.88190438984443,148.94700838025895,65.62340624726119,241755052.95097566,0.0,46258504.62136472,81651400.2484248,69278947.7556431,312277395.1023839,2105389470.1910067
28,2024-02-01,114.74450397482177,0.0,21.956483410803013,477.1386993859193,0.507608913762922,128.09969315685734,63.51643855128957,7202.082168856505,38.75300814573349,32.88190438984443,148.94700838025895,65.62340624726119,241755052.95097566,0.0,46258504.62136472,81651400.2484248,69278947.7556431,312277395.1023839,2105389470.1910067
29,2024-02-01,114.74450397482177,0.0,21.956483410803013,477.1386993859193,0.507608913762922,128.09969315685734,63.51643855128957,7202.082168856505,38.75300814573349,32.88190438984443,148.94700838025895,65.62340624726119,241755052.95097566,0.0,46258504.62136472,81651400.2484248,69278947.7556431,312277395.1023839,2105389470.1910067
30,2024-02-01,114.74450397482177,0.0,21.956483410803013,477.1386993859193,0.507608913762922,128.09969315685734,63.51643855128957,7202.082168856505,38.75300814573349,32.88190438984443,148.94700838025895,65.62340624726119,241755052.95097566,0.0,46258504.62136472,81651400.2484248,69278947.7556431,312277395.1023839,2105389470.1910067
31,2024-02-01,114.74450397482177,0.0,21.956483410803013,477.1386993859193,0.507608913762922,128.09969315685734,63.51643855128957,7202.082168856505,38.75300814573349,32.88190438984443,148.94700838025895,65.62340624726119,241755052.95097566,0.0,46258504.62136472,81651400.2484248,69278947.7556431,312277395.1023839,2105389470.1910067
32,2024-02-01,114.74450397482177,0.0,21.956483410803013,477.1386993859193,0.507608913762922,128.09969315685734,63.51643855128957,7202.082168856505,38.75300814573349,32.88190438984443,148.94700838025895,65.62340624726119,241755052.95097566,0.0,46258504.62136472,81651400.2484248,69278947.7556431,312277395.1023839,2105389470.1910067
33,2024-02-01,114.74450397482177,0.0,21.956483410803013,477.1386993859193,0.507608913762922,128.09969315685734,63.51643855128957,7202.082168856505,38.75300814573349,32.88190438984443,148.94700838025895,65.62340624726119,241755052.95097566,0.0,46258504.62136472,81651400.2484248,69278947.7556431,312277395.1023839,2105389470.1910067
34,2024-02-01,114.74450397482177,0.0,21.956483410803013,477.1386993859193,0.507608913762922,128.09969315685734,63.51643855128957,7202.082168856505,38.75300814573349,32.88190438984443,148.94700838025895,65.62340624726119,241755052.95097566,0.0,46258504.62136472,81651400.2484248,69278947.7556431,312277395.1023839,2105389470.1910067
35,2024-02-01,114.74450397482177,0.0,21.956483410803013,477.1386993859193,0.507608913762922,128.09969315685734,63.51643855128957,7202.082168856505,38.75300814573349,32.88190438984443,148.94700838025895,65.62340624726119,241755052.95097566,0.0,46258504.62136472,81651400.2484248,69278947.7556431,312277395.1023839,2105389470.1910067
36,2024-02-01,114.74450397482177,0.0,21.956483410803013,477.1386993859193,0.507608913762922,128.09969315685734,63.51643855128957,7202.082168856505,38.75300814573349,32.88190438984443,148.94700838025895,65.62340624726119,241755052.95097566,0.0,46258504.62136472,81651400.2484248,69278947.7556431,312277395.1023839,2105389470.1910067
37,2024-02-01,114.74450397482177,0.0,21.956483410803013,477.1386993859193,0.507608913762922,128.09969315685734,63.51643855128957,7202.082168856505,38.75300814573349,32.88190438984443,148.94700838025895,65.62340624726119,241755052.95097566,0.0,46258504.62136472,81651400.2484248,69278947.7556431,312277395.1023839,2105389470.1910067
38,2024-02-01,114.74450397482177,0.0,21.956483410803013,477.1386993859193,0.507608913762922,128.09969315685734,63.51643855128957,7202.082168856505,38.75300814573349,32.88190438984443,148.94700838025895,65.62340624726119,241755052.95097566,0.0,46258504.62136472,81651400.2484248,69278947.7556431,312277395.1023839,2105389470.1910067
39,2024-02-01,114.74450397482177,0.0,21.956483410803013,477.1386993859193,0.507608913762922,128.09969315685734,63.51643855128957,7202.082168856505,38.75300814573349,32.88190438984443,148.94700838025895,65.62340624726119,241755052.95097566,0.0,46258504.62136472,81651400.2484248,69278947.7556431,312277395.1023839,2105389470.1910067
40,2024-03-01,104.62325346363325,0.0,33.73369129668215,477.1386993859193,0.507608913762922,128.09969315685734,63.51643855128957,7202.082168856505,26.764120394456405,35.378899472721976,157.42123196920016,68.77434503660295,220429140.93014404,0.0,71071236.6037255,56390934.52911369,74539567.33656822,330043837.2025222,2105389470.1910067
41,2024-03-01,104.62325346363325,0.0,33.73369129668215,477.1386993859193,0.507608913762922,128.09969315685734,63.51643855128957,7202.082168856505,26.764120394456405,35.378899472721976,157.42123196920016,68.77434503660295,220429140.93014404,0.0,71071236.6037255,56390934.52911369,74539567.33656822,330043837.2025222,2105389470.1910067
42,2024-03-01,104.62325346363325,0.0,33.73369129668215,477.1386993859193,0.507608913762922,128.09969315685734,63.51643855128957,7202.082168856505,26.764120394456405,35.378899472721976,157.42123196920016,68.77434503660295,220429140.93014404,0.0,71071236.6037255,56390934.52911369,74539567.33656822,330043837.2025222,2105389470.1910067
43,2024-03-01,104.62325346363325,0.0,33.73369129668215,477.1386993859193,0.507608913762922,128.09969315685734,63.51643855128957,7202.082168856505,26.764120394456405,35.378899472721976,157.42123196920016,68.77434503660295,220429140.93014404,0.0,71071236.6037255,56390934.52911369,74539567.33656822,330043837.2025222,2105389470.1910067
44,2024-03-01,104.62325346363325,0.0,33.73369129668215,477.1386993859193,0.507608913762922,128.09969315685734,63.51643855128957,7202.082168856505,26.764120394456405,35.378899472721976,157.42123196920016,68.77434503660295,220429140.93014404,0.0,71071236.6037255,56390934.52911369,74539567.33656822,330043837.2025222,2105389470.1908684
45,2024-03-01,104.62325346363325,0.0,33.73369129668215,477.1386993859193,0.507608913762922,128.09969315685734,63.51643855128957,7202.082168856505,26.764120394456405,35.378899472721976,157.42123196920016,68.77434503660295,220429140.93014404,0.0,71071236.6037255,56390934.52911369,74539567.33656822,330043837.2025222,2105389470.1910067
46,2024-03-01,104.62325346363325,0.0,33.73369129668215,477.1386993859193,0.507608913762922,128.09969315685734,63.51643855128957,7202.082168856505,26.764120394456405,35.378899472721976,157.42123196920016,68.77434503660295,220429140.93014404,0.0,71071236.6037255,56390934.52911369,74539567.33656822,330043837.2025222,2105389470.1910067
47,2024-03-01,104.62325346363325,0.0,33.73369129668215,477.1386993859193,0.507608913762922,128.09969315685734,63.51643855128957,7202.082168856505,26.764120394456405,35.378899472721976,157.42123196920016,68.77434503660295,220429140.93014404,0.0,71071236.6037255,56390934.52911369,74539567.33656822,330043837.2025222,2105389470.1910067
48,2024-03-01,104.62325346363325,0.0,33.73369129668215,477.1386993859193,0.507608913762922,128.09969315685734,63.51643855128957,7202.082168856505,26.764120394456405,35.378899472721976,157.42123196920016,68.77434503660295,220429140.93014404,0.0,71071236.6037255,56390934.52911369,74539567.33656822,330043837.2025222,2105389470.1910067
49,2024-03-01,104.62325346363325,0.0,33.73369129668215,477.1386993859193,0.507608913762922,128.09969315685734,63.51643855128957,7202.082168856505,26.764120394456405,35.378899472721976,157.42123196920016,68.77434503660295,220429140.93014404,0.0,71071236.6037255,56390934.52911369,74539567.33656822,330043837.2025222,2105389470.1910067
50,2024-03-01,104.62325346363325,0.0,33.73369129668215,477.1386993859193,0.507608913762922,128.09969315685734,63.51643855128957,7202.082168856505,26.764120394456405,35.378899472721976,157.42123196920016,68.77434503660295,220429140.93014404,0.0,71071236.6037255,56390934.52911369,74539567.33656822,330043837.2025222,2105389470.1910067
51,2024-03-01,104.62325346363325,0.0,33.73369129668215,477.1386993859193,0.507608913762922,128.09969315685734,63.51643855128957,7202.082168856505,26.764120394456405,35.378899472721976,157.42123196920016,68.77434503660295,220429140.93014404,0.0,71071236.6037255,56390934.52911369,74539567.33656822,330043837.2025222,2105389470.1910067
52,2024-03-01,104.62325346363325,0.0,33.73369129668215,477.1386993859193,0.507608913762922,128.09969315685734,63.51643855128957,7202.082168856505,26.764120394456405,35.378899472721976,157.42123196920016,68.77434503660295,220429140.93014404,0.0,71071236.6037255,56390934.52911369,74539567.33656822,330043837.2025222,2105389470.1910067
53,2024-03-01,104.62325346363325,0.0,33.73369129668215,477.1386993859193,0.507608913762922,128.09969315685734,63.51643855128957,7202.082168856505,26.764120394456405,35.378899472721976,157.42123196920016,68.77434503660295,220429140.93014404,0.0,71071236.6037255,56390934.52911369,74539567.33656822,330043837.2025222,2105389470.1910067
54,2024-03-01,104.62325346363325,0.0,33.73369129668215,477.1386993859193,0.507608913762922,128.09969315685734,63.51643855128957,7202.082168856505,26.764120394456405,35.378899472721976,157.42123196920016,68.77434503660295,220429140.93014404,0.0,71071236.6037255,56390934.52911369,74539567.33656822,330043837.2025222,2105389470.1910067
55,2024-03-01,104.62325346363325,0.0,33.73369129668215,477.1386993859193,0.507608913762922,128.09969315685734,63.51643855128957,7202.082168856505,26.764120394456405,35.378899472721976,157.42123196920016,68.77434503660295,220429140.93014404,0.0,71071236.6037255,56390934.52911369,74539567.33656822,330043837.2025222,2105389470.1910067
56,2024-03-01,104.62325346363325,0.0,33.73369129668215,477.1386993859193,0.507608913762922,128.09969315685734,63.51643855128957,7202.082168856505,26.764120394456405,35.378899472721976,157.42123196920016,68.77434503660295,220429140.93014404,0.0,71071236.6037255,56390934.52911369,74539567.33656822,330043837.2025222,2105389470.1910067
57,2024-03-01,104.62325346363325,0.0,33.73369129668215,477.1386993859193,0.507608913762922,128.09969315685734,63.51643855128957,7202.082168856505,26.764120394456405,35.378899472721976,157.42123196920016,68.77434503660295,220429140.93014404,0.0,71071236.6037255,56390934.52911369,74539567.33656822,330043837.2025222,2105389470.1910067
58,2024-03-01,104.62325346363325,0.0,33.73369129668215,477.1386993859193,0.507608913762922,128.09969315685734,63.51643855128957,7202.082168856505,26.764120394456405,35.378899472721976,157.42123196920016,68.77434503660295,220429140.93014404,0.0,71071236.6037255,56390934.52911369,74539567.33656822,330043837.2025222,2105389470.1910067
59,2024-03-01,104.62325346363325,0.0,33.73369129668215,477.1386993859193,0.507608913762922,128.09969315685734,63.51643855128957,7202.082168856505,26.764120394456405,35.378899472721976,157.42123196920016,68.77434503660295,220429140.93014404,0.0,71071236.6037255,56390934.52911369,74539567.33656822,330043837.2025222,2105389470.1910067
60,2024-04-01,65.25233316069568,0.42727059659466443,39.13303414008655,477.1386993859193,0.507608913762922,128.09969315685734,63.51643855128957,7202.082168856505,12.706133200867015,25.438760066297966,145.8304081455273,64.47853172416589,137479818.7466783,900194.815963312,82447031.45110591,26771242.55402879,53597509.74553739,305743284.250024,2105389470.1910067
61,2024-04-01,65.25233316069568,0.42727059659466443,39.13303414008655,477.1386993859193,0.507608913762922,128.09969315685734,63.51643855128957,7202.082168856505,12.706133200867015,25.438760066297966,145.8304081455273,64.47853172416589,137479818.7466783,900194.815963312,82447031.45110591,26771242.55402879,53597509.74553739,305743284.250024,2105389470.1910067
62,2024-04-01,65.25233316069568,0.42727059659466443,39.13303414008655,477.1386993859193,0.507608913762922,128.09969315685734,63.51643855128957,7202.082168856505,12.706133200867015,25.438760066297966,145.8304081455273,64.47853172416589,137479818.7466783,900194.815963312,82447031.45110591,26771242.55402879,53597509.74553739,305743284.250024,2105389470.1910067
63,2024-04-01,65.25233316069568,0.42727059659466443,39.13303414008655,477.1386993859193,0.507608913762922,128.09969315685734,63.51643855128957,7202.082168856505,12.706133200867015,25.438760066297966,145.8304081455273,64.47853172416589,137479818.7466783,900194.815963312,82447031.45110591,26771242.55402879,53597509.74553739,305743284.250024,2105389470.1910067
64,2024-04-01,65.25233316069568,0.42727059659466443,39.13303414008655,477.1386993859193,0.507608913762922,128.09969315685734,63.51643855128957,7202.082168856505,12.706133200867015,25.438760066297966,145.8304081455273,64.47853172416589,137479818.7466783,900194.815963312,82447031.45110591,26771242.55402879,53597509.74553739,305743284.250024,2105389470.1910067
65,2024-04-01,65.25233316069568,0.42727059659466443,39.13303414008655,477.1386993859193,0.507608913762922,128.09969315685734,63.51643855128957,7202.082168856505,12.706133200867015,25.438760066297966,145.8304081455273,64.47853172416589,137479818.7466783,900194.815963312,82447031.45110591,26771242.55402879,53597509.74553739,305743284.250024,2105389470.1910067
66,2024-04-01,65.25233316069568,0.42727059659466443,39.13303414008655,477.1386993859193,0.507608913762922,128.09969315685734,63.51643855128957,7202.082168856505,12.706133200867015,25.438760066297966,145.8304081455273,64.47853172416589,137479818.7466783,900194.815963312,82447031.45110591,26771242.55402879,53597509.74553739,305743284.250024,2105389470.1910067
67,2024-04-01,65.25233316069568,0.42727059659466443,39.13303414008655,477.1386993859193,0.507608913762922,128.09969315685734,63.51643855128957,7202.082168856505,12.706133200867015,25.438760066297966,145.8304081455273,64.47853172416589,137479818.7466783,900194.815963312,82447031.45110591,26771242.55402879,53597509.74553739,305743284.250024,2105389470.1910067
68,2024-04-01,65.25233316069568,0.42727059659466443,39.13303414008655,477.1386993859193,0.507608913762922,128.09969315685734,63.51643855128957,7202.082168856505,12.706133200867015,25.438760066297966,145.8304081455273,64.47853172416589,137479818.7466783,900194.815963312,82447031.45110591,26771242.55402879,53597509.74553739,305743284.250024,2105389470.1910067
69,2024-04-01,65.25233316069568,0.42727059659466443,39.13303414008655,477.1386993859193,0.507608913762922,128.09969315685734,63.51643855128957,7202.082168856505,12.706133200867015,25.438760066297966,145.8304081455273,64.47853172416589,137479818.7466783,900194.815963312,82447031.45110591,26771242.55402879,53597509.74553739,305743284.250024,2105389470.1910067
70,2024-04-01,65.25233316069568,0.42727059659466443,39.13303414008655,477.1386993859193,0.507608913762922,128.09969315685734,63.51643855128957,7202.082168856505,12.706133200867015,25.438760066297966,145.8304081455273,64.47853172416589,137479818.7466783,900194.815963312,82447031.45110591,26771242.55402879,53597509.74553739,305743284.250024,2105389470.1910067
71,2024-04-01,65.25233316069568,0.42727059659466443,39.13303414008655,477.1386993859193,0.507608913762922,128.09969315685734,63.51643855128957,7202.082168856505,12.706133200867015,25.438760066297966,145.8304081455273,64.47853172416589,137479818.7466783,900194.815963312,82447031.45110591,26771242.55402879,53597509.74553739,305743284.250024,2105389470.1910067
72,2024-04-01,65.25233316069568,0.42727059659466443,39.13303414008655,477.1386993859193,0.507608913762922,128.09969315685734,63.51643855128957,7202.082168856505,12.706133200867015,25.438760066297966,145.8304081455273,64.47853172416589,137479818.7466783,900194.815963312,82447031.45110591,26771242.55402879,53597509.74553739,305743284.250024,2105389470.1910067
73,2024-04-01,65.25233316069568,0.42727059659466443,39.13303414008655,477.1386993859193,0.507608913762922,128.09969315685734,63.51643855128957,7202.082168856505,12.706133200867015,25.438760066297966,145.8304081455273,64.47853172416589,137479818.7466783,900194.815963312,82447031.45110591,26771242.55402879,53597509.74553739,305743284.250024,2105389470.1908684
74,2024-04-01,65.25233316069568,0.42727059659466443,39.13303414008655,477.1386993859193,0.507608913762922,128.09969315685734,63.51643855128957,7202.082168856505,12.706133200867015,25.438760066297966,145.8304081455273,64.47853172416589,137479818.7466783,900194.815963312,82447031.45110591,26771242.55402879,53597509.74553739,305743284.250024,2105389470.1910067
75,2024-04-01,65.25233316069568,0.42727059659466443,39.13303414008655,477.1386993859193,0.507608913762922,128.09969315685734,63.51643855128957,7202.082168856505,12.706133200867015,25.438760066297966,145.8304081455273,64.47853172416589,137479818.7466783,900194.815963312,82447031.45110591,26771242.55402879,53597509.74553739,305743284.250024,2105389470.1910067
76,2024-04-01,65.25233316069568,0.42727059659466443,39.13303414008655,477.1386993859193,0.507608913762922,128.09969315685734,63.51643855128957,7202.082168856505,12.706133200867015,25.438760066297966,145.8304081455273,64.47853172416589,137479818.7466783,900194.815963312,82447031.45110591,26771242.55402879,53597509.74553739,305743284.250024,2105389470.1910067
77,2024-04-01,65.25233316069568,0.42727059659466443,39.13303414008655,477.1386993859193,0.507608913762922,128.09969315685734,63.51643855128957,7202.082168856505,12.706133200867015,25.438760066297966,145.8304081455273,64.47853172416589,137479818.7466783,900194.815963312,82447031.45110591,26771242.55402879,53597509.74553739,305743284.250024,2105389470.1910067
78,2024-04-01,65.25233316069568,0.42727059659466443,39.13303414008655,477.1386993859193,0.507608913762922,128.09969315685734,63.51643855128957,7202.082168856505,12.706133200867015,25.438760066297966,145.8304081455273,64.47853172416589,137479818.7466783,900194.815963312,82447031.45110591,26771242.55402879,53597509.74553739,305743284.250024,2105389470.1910067
79,2024-04-01,65.25233316069568,0.42727059659466443,39.13303414008655,477.1386993859193,0.507608913762922,128.09969315685734,63.51643855128957,7202.082168856505,12.706133200867015,25.438760066297966,145.8304081455273,64.47853172416589,137479818.7466783,900194.815963312,82447031.45110591,26771242.55402879,53597509.74553739,305743284.250024,2105389470.1910067
80,2024-05-01,57.68645871939658,1.1109035988948077,58.61720628305818,477.1386993859193,0.507608913762922,128.09969315685734,63.51643855128957,7202.082168856505,7.798419831432537,19.71206438445547,121.25802894992077,53.359030320890824,121539371.60182466,2340506.622103899,123497544.24994507,16430582.949494224,41532388.643616036,254226308.1924633,2105389470.1910067
81,2024-05-01,57.68645871939658,1.1109035988948077,58.61720628305818,477.1386993859193,0.507608913762922,128.09969315685734,63.51643855128957,7202.082168856505,7.798419831432537,19.71206438445547,121.25802894992077,53.359030320890824,121539371.60182466,2340506.622103899,123497544.24994507,16430582.949494224,41532388.643616036,254226308.1924633,2105389470.1910067
82,2024-05-01,57.68645871939658,1.1109035988948077,58.61720628305818,477.1386993859193,0.507608913762922,128.09969315685734,63.51643855128957,7202.082168856505,7.798419831432537,19.71206438445547,121.25802894992077,53.359030320890824,121539371.60182466,2340506.622103899,123497544.24994507,16430582.949494224,41532388.643616036,254226308.1924633,2105389470.1910067
83,2024-05-01,57.68645871939658,1.1109035988948077,58.61720628305818,477.1386993859193,0.507608913762922,128.09969315685734,63.51643855128957,7202.082168856505,7.798419831432537,19.71206438445547,121.25802894992077,53.359030320890824,121539371.60182466,2340506.622103899,123497544.24994507,16430582.949494224,41532388.643616036,254226308.1924633,2105389470.1910067
84,2024-05-01,57.68645871939658,1.1109035988948077,58.61720628305818,477.1386993859193,0.507608913762922,128.09969315685734,63.51643855128957,7202.082168856505,7.798419831432537,19.71206438445547,121.25802894992077,53.359030320890824,121539371.60182466,2340506.622103899,123497544.24994507,16430582.949494224,41532388.643616036,254226308.1924633,2105389470.1910067
85,2024-05-01,57.68645871939658,1.1109035988948077,58.61720628305818,477.1386993859193,0.507608913762922,128.09969315685734,63.51643855128957,7202.082168856505,7.798419831432537,19.71206438445547,121.25802894992077,53.359030320890824,121539371.60182466,2340506.622103899,123497544.24994507,16430582.949494224,41532388.643616036,254226308.1924633,2105389470.1910067
86,2024-05-01,57.68645871939658,1.1109035988948077,58.61720628305818,477.1386993859193,0.507608913762922,128.09969315685734,63.51643855128957,7202.082168856505,7.798419831432537,19.71206438445547,121.25802894992077,53.359030320890824,121539371.60182466,2340506.622103899,123497544.24994507,16430582.949494224,41532388.643616036,254226308.1924633,2105389470.1910067
87,2024-05-01,57.68645871939658,1.1109035988948077,58.61720628305818,477.1386993859193,0.507608913762922,128.09969315685734,63.51643855128957,7202.082168856505,7.798419831432537,19.71206438445547,121.25802894992077,53.359030320890824,121539371.60182466,2340506.622103899,123497544.24994507,16430582.949494224,41532388.643616036,254226308.1924633,2105389470.1910067
88,2024-05-01,57.68645871939658,1.1109035988948077,58.61720628305818,477.1386993859193,0.507608913762922,128.09969315685734,63.51643855128957,7202.082168856505,7.798419831432537,19.71206438445547,121.25802894992077,53.359030320890824,121539371.60182466,2340506.622103899,123497544.24994507,16430582.949494224,41532388.643616036,254226308.1924633,2105389470.1910067
89,2024-05-01,57.68645871939658,1.1109035988948077,58.61720628305818,477.1386993859193,0.507608913762922,128.09969315685734,63.51643855128957,7202.082168856505,7.798419831432537,19.71206438445547,121.25802894992077,53.359030320890824,121539371.60182466,2340506.622103899,123497544.24994507,16430582.949494224,41532388.643616036,254226308.1924633,2105389470.1910067
90,2024-05-01,57.68645871939658,1.1109035988948077,58.61720628305818,477.1386993859193,0.507608913762922,128.09969315685734,63.51643855128957,7202.082168856505,7.798419831432537,19.71206438445547,121.25802894992077,53.359030320890824,121539371.60182466,2340506.622103899,123497544.24994507,16430582.949494224,41532388.643616036,254226308.1924633,2105389470.1910067
91,2024-05-01,57.68645871939658,1.1109035988948077,58.61720628305818,477.1386993859193,0.507608913762922,128.09969315685734,63.51643855128957,7202.082168856505,7.798419831432537,19.71206438445547,121.25802894992077,53.359030320890824,121539371.60182466,2340506.622103899,123497544.24994507,16430582.949494224,41532388.643616036,254226308.1924633,2105389470.1910067
92,2024-05-01,57.68645871939658,1.1109035988948077,58.61720628305818,477.1386993859193,0.507608913762922,128.09969315685734,63.51643855128957,7202.082168856505,7.798419831432537,19.71206438445547,121.25802894992077,53.359030320890824,121539371.60182466,2340506.622103899,123497544.24994507,16430582.949494224,41532388.643616036,254226308.1924633,2105389470.1910067
93,2024-05-01,57.68645871939658,1.1109035988948077,58.61720628305818,477.1386993859193,0.507608913762922,128.09969315685734,63.51643855128957,7202.082168856505,7.798419831432537,19.71206438445547,121.25802894992077,53.359030320890824,121539371.60182466,2340506.622103899,123497544.24994507,16430582.949494224,41532388.643616036,254226308.1924633,2105389470.1910067
94,2024-05-01,57.68645871939658,1.1109035988948077,58.61720628305818,477.1386993859193,0.507608913762922,128.09969315685734,63.51643855128957,7202.082168856505,7.798419831432537,19.71206438445547,121.25802894992077,53.359030320890824,121539371.60182466,2340506.622103899,123497544.24994507,16430582.949494224,41532388.643616036,254226308.1924633,2105389470.1910067
95,2024-05-01,57.68645871939658,1.1109035988948077,58.61720628305818,477.1386993859193,0.507608913762922,128.09969315685734,63.51643855128957,7202.082168856505,7.798419831432537,19.71206438445547,121.25802894992077,53.359030320890824,121539371.60182466,2340506.622103899,123497544.24994507,16430582.949494224,41532388.643616036,254226308.1924633,2105389470.1908684
96,2024-05-01,57.68645871939658,1.1109035988948077,58.61720628305818,477.1386993859193,0.507608913762922,128.09969315685734,63.51643855128957,7202.082168856505,7.798419831432537,19.71206438445547,121.25802894992077,53.359030320890824,121539371.60182466,2340506.622103899,123497544.24994507,16430582.949494224,41532388.643616036,254226308.1924633,2105389470.1910067
97,2024-05-01,57.68645871939658,1.1109035988948077,58.61720628305818,477.1386993859193,0.507608913762922,128.09969315685734,63.51643855128957,7202.082168856505,7.798419831432537,19.71206438445547,121.25802894992077,53.359030320890824,121539371.60182466,2340506.622103899,123497544.24994507,16430582.949494224,41532388.643616036,254226308.1924633,2105389470.1910067
98,2024-05-01,57.68645871939658,1.1109035988948077,58.61720628305818,477.1386993859193,0.507608913762922,128.09969315685734,63.51643855128957,7202.082168856505,7.798419831432537,19.71206438445547,121.25802894992077,53.359030320890824,121539371.60182466,2340506.622103899,123497544.24994507,16430582.949494224,41532388.643616036,254226308.1924633,2105389470.1910067
99,2024-05-01,57.68645871939658,1.1109035988948077,58.61720628305818,477.1386993859193,0.507608913762922,128.09969315685734,63.51643855128957,7202.082168856505,7.798419831432537,19.71206438445547,121.25802894992077,53.359030320890824,121539371.60182466,2340506.622103899,123497544.24994507,16430582.949494224,41532388.643616036,254226308.1924633,2105389470.1910067
100,2024-06-01,4.61340377916626,1.7090823863786577,64.59019874979964,477.1386993859193,0.507608913762922,128.09969315685734,63.51643855128957,7202.082168856505,0.3999452358444327,9.122047226065298,81.15950552302924,33.44668433541705,9719699.051991282,3600779.263853248,136083014.2257882,842625.8953307988,19220069.503822703,170155790.15231514,2105389470.1910067
101,2024-06-01,4.61340377916626,1.7090823863786577,64.59019874979964,477.1386993859193,0.507608913762922,128.09969315685734,63.51643855128957,7202.082168856505,0.3999452358444327,9.122047226065298,81.15950552302924,33.44668433541705,9719699.051991282,3600779.263853248,136083014.2257882,842625.8953307988,19220069.503822703,170155790.15231514,2105389470.1910067
102,2024-06-01,4.61340377916626,1.7090823863786577,64.59019874979964,477.1386993859193,0.507608913762922,128.09969315685734,63.51643855128957,7202.082168856505,0.3999452358444327,9.122047226065298,81.15950552302924,33.44668433541705,9719699.051991282,3600779.263853248,136083014.2257882,842625.8953307988,19220069.503822703,170155790.15231514,2105389470.1910067
103,2024-06-01,4.61340377916626,1.7090823863786577,64.59019874979964,477.1386993859193,0.507608913762922,128.09969315685734,63.51643855128957,7202.082168856505,0.3999452358444327,9.122047226065298,81.15950552302924,33.44668433541705,9719699.051991282,3600779.263853248,136083014.2257882,842625.8953307988,19220069.503822703,170155790.15231514,2105389470.1910067
104,2024-06-01,4.61340377916626,1.7090823863786577,64.59019874979964,477.1386993859193,0.507608913762922,128.09969315685734,63.51643855128957,7202.082168856505,0.3999452358444327,9.122047226065298,81.15950552302924,33.44668433541705,9719699.051991282,3600779.263853248,136083014.2257882,842625.8953307988,19220069.503822703,170155790.15231514,2105389470.1910067
105,2024-06-01,4.61340377916626,1.7090823863786577,64.59019874979964,477.1386993859193,0.507608913762922,128.09969315685734,63.51643855128957,7202.082168856505,0.3999452358444327,9.122047226065298,81.15950552302924,33.44668433541705,9719699.051991282,3600779.263853248,136083014.2257882,842625.8953307988,19220069.503822703,170155790.15231514,2105389470.1910067
106,2024-06-01,4.61340377916626,1.7090823863786577,64.59019874979964,477.1386993859193,0.507608913762922,128.09969315685734,63.51643855128957,7202.082168856505,0.3999452358444327,9.122047226065298,81.15950552302924,33.44668433541705,9719699.051991282,3600779.263853248,136083014.2257882,842625.8953307988,19220069.503822703,170155790.15231514,2105389470.1910067
107,2024-06-01,4.61340377916626,1.7090823863786577,64.59019874979964,477.1386993859193,0.507608913762922,128.09969315685734,63.51643855128957,7202.082168856505,0.3999452358444327,9.122047226065298,81.15950552302924,33.44668433541705,9719699.051991282,3600779.263853248,136083014.2257882,842625.8953307988,19220069.503822703,170155790.15231514,2105389470.1910067
108,2024-06-01,4.61340377916626,1.7090823863786577,64.59019874979964,477.1386993859193,0.507608913762922,128.09969315685734,63.51643855128957,7202.082168856505,0.3999452358444327,9.122047226065298,81.15950552302924,33.44668433541705,9719699.051991282,3600779.263853248,136083014.2257882,842625.8953307988,19220069.503822703,170155790.15231514,2105389470.1910067
109,2024-06-01,4.61340377916626,1.7090823863786577,64.59019874979964,477.1386993859193,0.507608913762922,128.09969315685734,63.51643855128957,7202.082168856505,0.3999452358444327,9.122047226065298,81.15950552302924,33.44668433541705,9719699.051991282,3600779.263853248,136083014.2257882,842625.8953307988,19220069.503822703,170155790.15231514,2105389470.1910067
110,2024-06-01,4.61340377916626,1.7090823863786577,64.59019874979964,477.1386993859193,0.507608913762922,128.09969315685734,63.51643855128957,7202.082168856505,0.3999452358444327,9.122047226065298,81.15950552302924,33.44668433541705,9719699.051991282,3600779.263853248,136083014.2257882,842625.8953307988,19220069.503822703,170155790.15231514,2105389470.1910067
111,2024-06-01,4.61340377916626,1.7090823863786577,64.59019874979964,477.1386993859193,0.507608913762922,128.09969315685734,63.51643855128957,7202.082168856505,0.3999452358444327,9.122047226065298,81.15950552302924,33.44668433541705,9719699.051991282,3600779.263853248,136083014.2257882,842625.8953307988,19220069.503822703,170155790.15231514,2105389470.1910067
112,2024-06-01,4.61340377916626,1.7090823863786577,64.59019874979964,477.1386993859193,0.507608913762922,128.09969315685734,63.51643855128957,7202.082168856505,0.3999452358444327,9.122047226065298,81.15950552302924,33.44668433541705,9719699.051991282,3600779.263853248,136083014.2257882,842625.8953307988,19220069.503822703,170155790.15231514,2105389470.1910067
113,2024-06-01,4.61340377916626,1.7090823863786577,64.59019874979964,477.1386993859193,0.507608913762922,128.09969315685734,63.51643855128957,7202.082168856505,0.3999452358444327,9.122047226065298,81.15950552302924,33.44668433541705,9719699.051991282,3600779.263853248,136083014.2257882,842625.8953307988,19220069.503822703,170155790.15231514,2105389470.1908684
114,2024-06-01,4.61340377916626,1.7090823863786577,64.59019874979964,477.1386993859193,0.507608913762922,128.09969315685734,63.51643855128957,7202.082168856505,0.3999452358444327,9.122047226065298,81.15950552302924,33.44668433541705,9719699.051991282,3600779.263853248,136083014.2257882,842625.8953307988,19220069.503822703,170155790.15231514,2105389470.1910067
115,2024-06-01,4.61340377916626,1.7090823863786577,64.59019874979964,477.1386993859193,0.507608913762922,128.09969315685734,63.51643855128957,7202.082168856505,0.3999452358444327,9.122047226065298,81.15950552302924,33.44668433541705,9719699.051991282,3600779.263853248,136083014.2257882,842625.8953307988,19220069.503822703,170155790.15231514,2105389470.1910067
116,2024-06-01,4.61340377916626,1.7090823863786577,64.59019874979964,477.1386993859193,0.507608913762922,128.09969315685734,63.51643855128957,7202.082168856505,0.3999452358444327,9.122047226065298,81.15950552302924,33.44668433541705,9719699.051991282,3600779.263853248,136083014.2257882,842625.8953307988,19220069.503822703,170155790.15231514,2105389470.1910067
117,2024-06-01,4.61340377916626,1.7090823863786577,64.59019874979964,477.1386993859193,0.507608913762922,128.09969315685734,63.51643855128957,7202.082168856505,0.3999452358444327,9.122047226065298,81.15950552302924,33.44668433541705,9719699.051991282,3600779.263853248,136083014.2257882,842625.8953307988,19220069.503822703,170155790.15231514,2105389470.1910067
118,2024-06-01,4.61340377916626,1.7090823863786577,64.59019874979964,477.1386993859193,0.507608913762922,128.09969315685734,63.51643855128957,7202.082168856505,0.3999452358444327,9.122047226065298,81.15950552302924,33.44668433541705,9719699.051991282,3600779.263853248,136083014.2257882,842625.8953307988,19220069.503822703,170155790.15231514,2105389470.1910067
119,2024-06-01,4.61340377916626,1.7090823863786577,64.59019874979964,477.1386993859193,0.507608913762922,128.09969315685734,63.51643855128957,7202.082168856505,0.3999452358444327,9.122047226065298,81.15950552302924,33.44668433541705,9719699.051991282,3600779.263853248,136083014.2257882,842625.8953307988,19220069.503822703,170155790.15231514,2105389470.1910067
120,2024-07-01,5.6781528517321,2.2218071977896154,63.308022118929294,477.1386993859193,0.507608913762922,128.09969315685734,63.51643855128957,7202.082168856505,0.5990001262325437,2.113053799834271,71.76875858395236,29.264596101649417,11963143.693974402,4681013.244207798,133382360.45571768,1262018.376756592,4452029.479360714,150467759.38075894,2105389470.1910067
121,2024-07-01,5.6781528517321,2.2218071977896154,63.308022118929294,477.1386993859193,0.507608913762922,128.09969315685734,63.51643855128957,7202.082168856505,0.5990001262325437,2.113053799834271,71.76875858395236,29.264596101649417,11963143.693974402,4681013.244207798,133382360.45571768,1262018.376756592,4452029.479360714,150467759.38075894,2105389470.1910067
122,2024-07-01,5.6781528517321,2.2218071977896154,63.308022118929294,477.1386993859193,0.507608913762922,128.09969315685734,63.51643855128957,7202.082168856505,0.5990001262325437,2.113053799834271,71.76875858395236,29.264596101649417,11963143.693974402,4681013.244207798,133382360.45571768,1262018.376756592,4452029.479360714,150467759.38075894,2105389470.1910067
123,2024-07-01,5.6781528517321,2.2218071977896154,63.308022118929294,477.1386993859193,0.507608913762922,128.09969315685734,63.51643855128957,7202.082168856505,0.5990001262325437,2.113053799834271,71.76875858395236,29.264596101649417,11963143.693974402,4681013.244207798,133382360.45571768,1262018.376756592,4452029.479360714,150467759.38075894,2105389470.1910067
124,2024-07-01,5.6781528517321,2.2218071977896154,63.308022118929294,477.1386993859193,0.507608913762922,128.09969315685734,63.51643855128957,7202.082168856505,0.5990001262325437,2.113053799834271,71.76875858395236,29.264596101649417,11963143.693974402,4681013.244207798,133382360.45571768,1262018.376756592,4452029.479360714,150467759.38075894,2105389470.1910067
125,2024-07-01,5.6781528517321,2.2218071977896154,63.308022118929294,477.1386993859193,0.507608913762922,128.09969315685734,63.51643855128957,7202.082168856505,0.5990001262325437,2.113053799834271,71.76875858395236,29.264596101649417,11963143.693974402,4681013.244207798,133382360.45571768,1262018.376756592,4452029.479360714,150467759.38075894,2105389470.1910067
126,2024-07-01,5.6781528517321,2.2218071977896154,63.308022118929294,477.1386993859193,0.507608913762922,128.09969315685734,63.51643855128957,7202.082168856505,0.5990001262325437,2.113053799834271,71.76875858395236,29.264596101649417,11963143.693974402,4681013.244207798,133382360.45571768,1262018.376756592,4452029.479360714,150467759.38075894,2105389470.1910067
127,2024-07-01,5.6781528517321,2.2218071977896154,63.308022118929294,477.1386993859193,0.507608913762922,128.09969315685734,63.51643855128957,7202.082168856505,0.5990001262325437,2.113053799834271,71.76875858395236,29.264596101649417,11963143.693974402,4681013.244207798,133382360.45571768,1262018.376756592,4452029.479360714,150467759.38075894,2105389470.1910067
128,2024-07-01,5.6781528517321,2.2218071977896154,63.308022118929294,477.1386993859193,0.507608913762922,128.09969315685734,63.51643855128957,7202.082168856505,0.5990001262325437,2.113053799834271,71.76875858395236,29.264596101649417,11963143.693974402,4681013.244207798,133382360.45571768,1262018.376756592,4452029.479360714,150467759.38075894,2105389470.1910067
129,2024-07-01,5.6781528517321,2.2218071977896154,63.308022118929294,477.1386993859193,0.507608913762922,128.09969315685734,63.51643855128957,7202.082168856505,0.5990001262325437,2.113053799834271,71.76875858395236,29.264596101649417,11963143.693974402,4681013.244207798,133382360.45571768,1262018.376756592,4452029.479360714,150467759.38075894,2105389470.1910067
130,2024-07-01,5.6781528517321,2.2218071977896154,63.308022118929294,477.1386993859193,0.507608913762922,128.09969315685734,63.51643855128957,7202.082168856505,0.5990001262325437,2.113053799834271,71.76875858395236,29.264596101649417,11963143.693974402,4681013.244207798,133382360.45571768,1262018.376756592,4452029.479360714,150467759.38075894,2105389470.1908684
131,2024-07-01,5.6781528517321,2.2218071977896154,63.308022118929294,477.1386993859193,0.507608913762922,128.09969315685734,63.51643855128957,7202.082168856505,0.5990001262325437,2.113053799834271,71.76875858395236,29.264596101649417,11963143.693974402,4681013.244207798,133382360.45571768,1262018.376756592,4452029.479360714,150467759.38075894,2105389470.1910067
132,2024-07-01,5.6781528517321,2.2218071977896154,63.308022118929294,477.1386993859193,0.507608913762922,128.09969315685734,63.51643855128957,7202.082168856505,0.5990001262325437,2.113053799834271,71.76875858395236,29.264596101649417,11963143.693974402,4681013.244207798,133382360.45571768,1262018.376756592,4452029.479360714,150467759.38075894,2105389470.1910067
133,2024-07-01,5.6781528517321,2.2218071977896154,63.308022118929294,477.1386993859193,0.507608913762922,128.09969315685734,63.51643855128957,7202.082168856505,0.5990001262325437,2.113053799834271,71.76875858395236,29.264596101649417,11963143.693974402,4681013.244207798,133382360.45571768,1262018.376756592,4452029.479360714,150467759.38075894,2105389470.1910067
134,2024-07-01,5.6781528517321,2.2218071977896154,63.308022118929294,477.1386993859193,0.507608913762922,128.09969315685734,63.51643855128957,7202.082168856505,0.5990001262325437,2.113053799834271,71.76875858395236,29.264596101649417,11963143.693974402,4681013.244207798,133382360.45571768,1262018.376756592,4452029.479360714,150467759.38075894,2105389470.1910067
135,2024-07-01,5.6781528517321,2.2218071977896154,63.308022118929294,477.1386993859193,0.507608913762922,128.09969315685734,63.51643855128957,7202.082168856505,0.5990001262325437,2.113053799834271,71.76875858395236,29.264596101649417,11963143.693974402,4681013.244207798,133382360.45571768,1262018.376756592,4452029.479360714,150467759.38075894,2105389470.1910067
136,2024-07-01,5.6781528517321,2.2218071977896154,63.308022118929294,477.1386993859193,0.507608913762922,128.09969315685734,63.51643855128957,7202.082168856505,0.5990001262325437,2.113053799834271,71.76875858395236,29.264596101649417,11963143.693974402,4681013.244207798,133382360.45571768,1262018.376756592,4452029.479360714,150467759.38075894,2105389470.1910067
137,2024-07-01,5.6781528517321,2.2218071977896154,63.308022118929294,477.1386993859193,0.507608913762922,128.09969315685734,63.51643855128957,7202.082168856505,0.5990001262325437,2.113053799834271,71.76875858395236,29.264596101649417,11963143.693974402,4681013.244207798,133382360.45571768,1262018.376756592,4452029.479360714,150467759.38075894,2105389470.1910067
138,2024-07-01,5.6781528517321,2.2218071977896154,63.308022118929294,477.1386993859193,0.507608913762922,128.09969315685734,63.51643855128957,7202.082168856505,0.5990001262325437,2.113053799834271,71.76875858395236,29.264596101649417,11963143.693974402,4681013.244207798,133382360.45571768,1262018.376756592,4452029.479360714,150467759.38075894,2105389470.1910067
139,2024-07-01,5.6781528517321,2.2218071977896154,63.308022118929294,477.1386993859193,0.507608913762922,128.09969315685734,63.51643855128957,7202.082168856505,0.5990001262325437,2.113053799834271,71.76875858395236,29.264596101649417,11963143.693974402,4681013.244207798,133382360.45571768,1262018.376756592,4452029.479360714,150467759.38075894,2105389470.1910067
140,2024-08-01,45.36178792813597,1.7945365051196005,69.68821125180315,477.1386993859193,0.507608913762922,128.09969315685734,63.51643855128957,7202.082168856505,4.053684006334303,11.13235341209602,68.34014643762636,28.128597432997203,95571866.6319253,3780818.2258275473,146823984.7833961,8540665.286234926,23455016.387912214,143279755.39550576,2105389470.1910067
141,2024-08-01,45.36178792813597,1.7945365051196005,69.68821125180315,477.1386993859193,0.507608913762922,128.09969315685734,63.51643855128957,7202.082168856505,4.053684006334303,11.13235341209602,68.34014643762636,28.128597432997203,95571866.6319253,3780818.2258275473,146823984.7833961,8540665.286234926,23455016.387912214,143279755.39550576,2105389470.1910067
142,2024-08-01,45.36178792813597,1.7945365051196005,69.68821125180315,477.1386993859193,0.507608913762922,128.09969315685734,63.51643855128957,7202.082168856505,4.053684006334303,11.13235341209602,68.34014643762636,28.128597432997203,95571866.6319253,3780818.2258275473,146823984.7833961,8540665.286234926,23455016.387912214,143279755.39550576,2105389470.1910067
143,2024-08-01,45.36178792813597,1.7945365051196005,69.68821125180315,477.1386993859193,0.507608913762922,128.09969315685734,63.51643855128957,7202.082168856505,4.053684006334303,11.13235341209602,68.34014643762636,28.128597432997203,95571866.6319253,3780818.2258275473,146823984.7833961,8540665.286234926,23455016.387912214,143279755.39550576,2105389470.1908684
144,2024-08-01,45.36178792813597,1.7945365051196005,69.68821125180315,477.1386993859193,0.507608913762922,128.09969315685734,63.51643855128957,7202.082168856505,4.053684006334303,11.13235341209602,68.34014643762636,28.128597432997203,95571866.6319253,3780818.2258275473,146823984.7833961,8540665.286234926,23455016.387912214,143279755.39550576,2105389470.1910067
145,2024-08-01,45.36178792813597,1.7945365051196005,69.68821125180315,477.1386993859193,0.507608913762922,128.09969315685734,63.51643855128957,7202.082168856505,4.053684006334303,11.13235341209602,68.34014643762636,28.128597432997203,95571866.6319253,3780818.2258275473,146823984.7833961,8540665.286234926,23455016.387912214,143279755.39550576,2105389470.1910067
146,2024-08-01,45.36178792813597,1.7945365051196005,69.68821125180315,477.1386993859193,0.507608913762922,128.09969315685734,63.51643855128957,7202.082168856505,4.053684006334303,11.13235341209602,68.34014643762636,28.128597432997203,95571866.6319253,3780818.2258275473,146823984.7833961,8540665.286234926,23455016.387912214,143279755.39550576,2105389470.1910067
147,2024-08-01,45.36178792813597,1.7945365051196005,69.68821125180315,477.1386993859193,0.507608913762922,128.09969315685734,63.51643855128957,7202.082168856505,4.053684006334303,11.13235341209602,68.34014643762636,28.128597432997203,95571866.6319253,3780818.2258275473,146823984.7833961,8540665.286234926,23455016.387912214,143279755.39550576,2105389470.1910067
148,2024-08-01,45.36178792813597,1.7945365051196005,69.68821125180315,477.1386993859193,0.507608913762922,128.09969315685734,63.51643855128957,7202.082168856505,4.053684006334303,11.13235341209602,68.34014643762636,28.128597432997203,95571866.6319253,3780818.2258275473,146823984.7833961,8540665.286234926,23455016.387912214,143279755.39550576,2105389470.1910067
149,2024-08-01,45.36178792813597,1.7945365051196005,69.68821125180315,477.1386993859193,0.507608913762922,128.09969315685734,63.51643855128957,7202.082168856505,4.053684006334303,11.13235341209602,68.34014643762636,28.128597432997203,95571866.6319253,3780818.2258275473,146823984.7833961,8540665.286234926,23455016.387912214,143279755.39550576,2105389470.1910067
150,2024-08-01,45.36178792813597,1.7945365051196005,69.68821125180315,477.1386993859193,0.507608913762922,128.09969315685734,63.51643855128957,7202.082168856505,4.053684006334303,11.13235341209602,68.34014643762636,28.128597432997203,95571866.6319253,3780818.2258275473,146823984.7833961,8540665.286234926,23455016.387912214,143279755.39550576,2105389470.1910067
151,2024-08-01,45.36178792813597,1.7945365051196005,69.68821125180315,477.1386993859193,0.507608913762922,128.09969315685734,63.51643855128957,7202.082168856505,4.053684006334303,11.13235341209602,68.34014643762636,28.128597432997203,95571866.6319253,3780818.2258275473,146823984.7833961,8540665.286234926,23455016.387912214,143279755.39550576,2105389470.1910067
152,2024-08-01,45.36178792813597,1.7945365051196005,69.68821125180315,477.1386993859193,0.507608913762922,128.09969315685734,63.51643855128957,7202.082168856505,4.053684006334303,11.13235341209602,68.34014643762636,28.128597432997203,95571866.6319253,3780818.2258275473,146823984.7833961,8540665.286234926,23455016.387912214,143279755.39550576,2105389470.1910067
153,2024-08-01,45.36178792813597,1.7945365051196005,69.68821125180315,477.1386993859193,0.507608913762922,128.09969315685734,63.51643855128957,7202.082168856505,4.053684006334303,11.13235341209602,68.34014643762636,28.128597432997203,95571866.6319253,3780818.2258275473,146823984.7833961,8540665.286234926,23455016.387912214,143279755.39550576,2105389470.1910067
154,2024-08-01,45.36178792813597,1.7945365051196005,69.68821125180315,477.1386993859193,0.507608913762922,128.09969315685734,63.51643855128957,7202.082168856505,4.053684006334303,11.13235341209602,68.34014643762636,28.128597432997203,95571866.6319253,3780818.2258275473,146823984.7833961,8540665.286234926,23455016.387912214,143279755.39550576,2105389470.1910067
155,2024-08-01,45.36178792813597,1.7945365051196005,69.68821125180315,477.1386993859193,0.507608913762922,128.09969315685734,63.51643855128957,7202.082168856505,4.053684006334303,11.13235341209602,68.34014643762636,28.128597432997203,95571866.6319253,3780818.2258275473,146823984.7833961,8540665.286234926,23455016.387912214,143279755.39550576,2105389470.1910067
156,2024-08-01,45.36178792813597,1.7945365051196005,69.68821125180315,477.1386993859193,0.507608913762922,128.09969315685734,63.51643855128957,7202.082168856505,4.053684006334303,11.13235341209602,68.34014643762636,28.128597432997203,95571866.6319253,3780818.2258275473,146823984.7833961,8540665.286234926,23455016.387912214,143279755.39550576,2105389470.1910067
157,2024-08-01,45.36178792813597,1.7945365051196005,69.68821125180315,477.1386993859193,0.507608913762922,128.09969315685734,63.51643855128957,7202.082168856505,4.053684006334303,11.13235341209602,68.34014643762636,28.128597432997203,95571866.6319253,3780818.2258275473,146823984.7833961,8540665.286234926,23455016.387912214,143279755.39550576,2105389470.1910067
158,2024-08-01,45.36178792813597,1.7945365051196005,69.68821125180315,477.1386993859193,0.507608913762922,128.09969315685734,63.51643855128957,7202.082168856505,4.053684006334303,11.13235341209602,68.34014643762636,28.128597432997203,95571866.6319253,3780818.2258275473,146823984.7833961,8540665.286234926,23455016.387912214,143279755.39550576,2105389470.1910067
159,2024-08-01,45.36178792813597,1.7945365051196005,69.68821125180315,477.1386993859193,0.507608913762922,128.09969315685734,63.51643855128957,7202.082168856505,4.053684006334303,11.13235341209602,68.34014643762636,28.128597432997203,95571866.6319253,3780818.2258275473,146823984.7833961,8540665.286234926,23455016.387912214,143279755.39550576,2105389470.1910067
160,2024-09-01,17.665477506876336,0.8545411931893289,41.1470187530053,477.1386993859193,0.507608913762922,128.09969315685734,63.51643855128957,7202.082168856505,1.6968771553208892,4.660335343652448,66.30898839353176,27.250007137265673,37219078.52637352,1800389.631926624,86691617.23937254,3575120.717290413,9819043.77736004,139021323.5343522,2105389470.1908684
161,2024-09-01,17.665477506876336,0.8545411931893289,41.1470187530053,477.1386993859193,0.507608913762922,128.09969315685734,63.51643855128957,7202.082168856505,1.6968771553208892,4.660335343652448,66.30898839353176,27.250007137265673,37219078.52637352,1800389.631926624,86691617.23937254,3575120.717290413,9819043.77736004,139021323.5343522,2105389470.1910067
162,2024-09-01,17.665477506876336,0.8545411931893289,41.1470187530053,477.1386993859193,0.507608913762922,128.09969315685734,63.51643855128957,7202.082168856505,1.6968771553208892,4.660335343652448,66.30898839353176,27.250007137265673,37219078.52637352,1800389.631926624,86691617.23937254,3575120.717290413,9819043.77736004,139021323.5343522,2105389470.1910067
163,2024-09-01,17.665477506876336,0.8545411931893289,41.1470187530053,477.1386993859193,0.507608913762922,128.09969315685734,63.51643855128957,7202.082168856505,1.6968771553208892,4.660335343652448,66.30898839353176,27.250007137265673,37219078.52637352,1800389.631926624,86691617.23937254,3575120.717290413,9819043.77736004,139021323.5343522,2105389470.1910067
164,2024-09-01,17.665477506876336,0.8545411931893289,41.1470187530053,477.1386993859193,0.507608913762922,128.09969315685734,63.51643855128957,7202.082168856505,1.6968771553208892,4.660335343652448,66.30898839353176,27.250007137265673,37219078.52637352,1800389.631926624,86691617.23937254,3575120.717290413,9819043.77736004,139021323.5343522,2105389470.1910067
165,2024-09-01,17.665477506876336,0.8545411931893289,41.1470187530053,477.1386993859193,0.507608913762922,128.09969315685734,63.51643855128957,7202.082168856505,1.6968771553208892,4.660335343652448,66.30898839353176,27.250007137265673,37219078.52637352,1800389.631926624,86691617.23937254,3575120.717290413,9819043.77736004,139021323.5343522,2105389470.1910067
166,2024-09-01,17.665477506876336,0.8545411931893289,41.1470187530053,477.1386993859193,0.507608913762922,128.09969315685734,63.51643855128957,7202.082168856505,1.6968771553208892,4.660335343652448,66.30898839353176,27.250007137265673,37219078.52637352,1800389.631926624,86691617.23937254,3575120.717290413,9819043.77736004,139021323.5343522,2105389470.1910067
167,2024-09-01,17.665477506876336,0.8545411931893289,41.1470187530053,477.1386993859193,0.507608913762922,128.09969315685734,63.51643855128957,7202.082168856505,1.6968771553208892,4.660335343652448,66.30898839353176,27.250007137265673,37219078.52637352,1800389.631926624,86691617.23937254,3575120.717290413,9819043.77736004,139021323.5343522,2105389470.1910067
168,2024-09-01,17.665477506876336,0.8545411931893289,41.1470187530053,477.1386993859193,0.507608913762922,128.09969315685734,63.51643855128957,7202.082168856505,1.6968771553208892,4.660335343652448,66.30898839353176,27.250007137265673,37219078.52637352,1800389.631926624,86691617.23937254,3575120.717290413,9819043.77736004,139021323.5343522,2105389470.1910067
169,2024-09-01,17.665477506876336,0.8545411931893289,41.1470187530053,477.1386993859193,0.507608913762922,128.09969315685734,63.51643855128957,7202.082168856505,1.6968771553208892,4.660335343652448,66.30898839353176,27.250007137265673,37219078.52637352,1800389.631926624,86691617.23937254,3575120.717290413,9819043.77736004,139021323.5343522,2105389470.1910067
170,2024-09-01,17.665477506876336,0.8545411931893289,41.1470187530053,477.1386993859193,0.507608913762922,128.09969315685734,63.51643855128957,7202.082168856505,1.6968771553208892,4.660335343652448,66.30898839353176,27.250007137265673,37219078.52637352,1800389.631926624,86691617.23937254,3575120.717290413,9819043.77736004,139021323.5343522,2105389470.1910067
171,2024-09-01,17.665477506876336,0.8545411931893289,41.1470187530053,477.1386993859193,0.507608913762922,128.09969315685734,63.51643855128957,7202.082168856505,1.6968771553208892,4.660335343652448,66.30898839353176,27.250007137265673,37219078.52637352,1800389.631926624,86691617.23937254,3575120.717290413,9819043.77736004,139021323.5343522,2105389470.1910067
172,2024-09-01,17.665477506876336,0.8545411931893289,41.1470187530053,477.1386993859193,0.507608913762922,128.09969315685734,63.51643855128957,7202.082168856505,1.6968771553208892,4.660335343652448,66.30898839353176,27.250007137265673,37219078.52637352,1800389.631926624,86691617.23937254,3575120.717290413,9819043.77736004,139021323.5343522,2105389470.1910067
173,2024-09-01,17.665477506876336,0.8545411931893289,41.1470187530053,477.1386993859193,0.507608913762922,128.09969315685734,63.51643855128957,7202.082168856505,1.6968771553208892,4.660335343652448,66.30898839353176,27.250007137265673,37219078.52637352,1800389.631926624,86691617.23937254,3575120.717290413,9819043.77736004,139021323.5343522,2105389470.1910067
174,2024-09-01,17.665477506876336,0.8545411931893289,41.1470187530053,477.1386993859193,0.507608913762922,128.09969315685734,63.51643855128957,7202.082168856505,1.6968771553208892,4.660335343652448,66.30898839353176,27.250007137265673,37219078.52637352,1800389.631926624,86691617.23937254,3575120.717290413,9819043.77736004,139021323.5343522,2105389470.1910067
175,2024-09-01,17.665477506876336,0.8545411931893289,41.1470187530053,477.1386993859193,0.507608913762922,128.09969315685734,63.51643855128957,7202.082168856505,1.6968771553208892,4.660335343652448,66.30898839353176,27.250007137265673,37219078.52637352,1800389.631926624,86691617.23937254,3575120.717290413,9819043.77736004,139021323.5343522,2105389470.1910067
176,2024-09-01,17.665477506876336,0.8545411931893289,41.1470187530053,477.1386993859193,0.507608913762922,128.09969315685734,63.51643855128957,7202.082168856505,1.6968771553208892,4.660335343652448,66.30898839353176,27.250007137265673,37219078.52637352,1800389.631926624,86691617.23937254,3575120.717290413,9819043.77736004,139021323.5343522,2105389470.1910067
177,2024-09-01,17.665477506876336,0.8545411931893289,41.1470187530053,477.1386993859193,0.507608913762922,128.09969315685734,63.51643855128957,7202.082168856505,1.6968771553208892,4.660335343652448,66.30898839353176,27.250007137265673,37219078.52637352,1800389.631926624,86691617.23937254,3575120.717290413,9819043.77736004,139021323.5343522,2105389470.1910067
178,2024-09-01,17.665477506876336,0.8545411931893289,41.1470187530053,477.1386993859193,0.507608913762922,128.09969315685734,63.51643855128957,7202.082168856505,1.6968771553208892,4.660335343652448,66.30898839353176,27.250007137265673,37219078.52637352,1800389.631926624,86691617.23937254,3575120.717290413,9819043.77736004,139021323.5343522,2105389470.1910067
179,2024-09-01,17.665477506876336,0.8545411931893289,41.1470187530053,477.1386993859193,0.507608913762922,128.09969315685734,63.51643855128957,7202.082168856505,1.6968771553208892,4.660335343652448,66.30898839353176,27.250007137265673,37219078.52637352,1800389.631926624,86691617.23937254,3575120.717290413,9819043.77736004,139021323.5343522,2105389470.1910067
180,2024-10-01,38.46700325827554,0.42727059659466443,31.61347972431479,477.1386993859193,0.507608913762922,128.09969315685734,63.51643855128957,7202.082168856505,3.762347643193497,9.622862966006423,68.4091564851424,28.16047297128998,81045321.32787289,900194.815963312,66605393.08395297,7926815.952663844,20274669.47330065,143424428.47947612,2105389470.1910067
181,2024-10-01,38.46700325827554,0.42727059659466443,31.61347972431479,477.1386993859193,0.507608913762922,128.09969315685734,63.51643855128957,7202.082168856505,3.762347643193497,9.622862966006423,68.4091564851424,28.16047297128998,81045321.32787289,900194.815963312,66605393.08395297,7926815.952663844,20274669.47330065,143424428.47947612,2105389470.1910067
182,2024-10-01,38.46700325827554,0.42727059659466443,31.61347972431479,477.1386993859193,0.507608913762922,128.09969315685734,63.51643855128957,7202.082168856505,3.762347643193497,9.622862966006423,68.4091564851424,28.16047297128998,81045321.32787289,900194.815963312,66605393.08395297,7926815.952663844,20274669.47330065,143424428.47947612,2105389470.1910067
183,2024-10-01,38.46700325827554,0.42727059659466443,31.61347972431479,477.1386993859193,0.507608913762922,128.09969315685734,63.51643855128957,7202.082168856505,3.762347643193497,9.622862966006423,68.4091564851424,28.16047297128998,81045321.32787289,900194.815963312,66605393.08395297,7926815.952663844,20274669.47330065,143424428.47947612,2105389470.1910067
184,2024-10-01,38.46700325827554,0.42727059659466443,31.61347972431479,477.1386993859193,0.507608913762922,128.09969315685734,63.51643855128957,7202.082168856505,3.762347643193497,9.622862966006423,68.4091564851424,28.16047297128998,81045321.32787289,900194.815963312,66605393.08395297,7926815.952663844,20274669.47330065,143424428.47947612,2105389470.1910067
185,2024-10-01,38.46700325827554,0.42727059659466443,31.61347972431479,477.1386993859193,0.507608913762922,128.09969315685734,63.51643855128957,7202.082168856505,3.762347643193497,9.622862966006423,68.4091564851424,28.16047297128998,81045321.32787289,900194.815963312,66605393.08395297,7926815.952663844,20274669.47330065,143424428.47947612,2105389470.1910067
186,2024-10-01,38.46700325827554,0.42727059659466443,31.61347972431479,477.1386993859193,0.507608913762922,128.09969315685734,63.51643855128957,7202.082168856505,3.762347643193497,9.622862966006423,68.4091564851424,28.16047297128998,81045321.32787289,900194.815963312,66605393.08395297,7926815.952663844,20274669.47330065,143424428.47947612,2105389470.1910067
187,2024-10-01,38.46700325827554,0.42727059659466443,31.61347972431479,477.1386993859193,0.507608913762922,128.09969315685734,63.51643855128957,7202.082168856505,3.762347643193497,9.622862966006423,68.4091564851424,28.16047297128998,81045321.32787289,900194.815963312,66605393.08395297,7926815.952663844,20274669.47330065,143424428.47947612,2105389470.1910067
188,2024-10-01,38.46700325827554,0.42727059659466443,31.61347972431479,477.1386993859193,0.507608913762922,128.09969315685734,63.51643855128957,7202.082168856505,3.762347643193497,9.622862966006423,68.4091564851424,28.16047297128998,81045321.32787289,900194.815963312,66605393.08395297,7926815.952663844,20274669.47330065,143424428.47947612,2105389470.1910067
189,2024-10-01,38.46700325827554,0.42727059659466443,31.61347972431479,477.1386993859193,0.507608913762922,128.09969315685734,63.51643855128957,7202.082168856505,3.762347643193497,9.622862966006423,68.4091564851424,28.16047297128998,81045321.32787289,900194.815963312,66605393.08395297,7926815.952663844,20274669.47330065,143424428.47947612,2105389470.1910067
190,2024-10-01,38.46700325827554,0.42727059659466443,31.61347972431479,477.1386993859193,0.507608913762922,128.09969315685734,63.51643855128957,7202.082168856505,3.762347643193497,9.622862966006423,68.4091564851424,28.16047297128998,81045321.32787289,900194.815963312,66605393.08395297,7926815.952663844,20274669.47330065,143424428.47947612,2105389470.1910067
191,2024-10-01,38.46700325827554,0.42727059659466443,31.61347972431479,477.1386993859193,0.507608913762922,128.09969315685734,63.51643855128957,7202.082168856505,3.762347643193497,9.622862966006423,68.4091564851424,28.16047297128998,81045321.32787289,900194.815963312,66605393.08395297,7926815.952663844,20274669.47330065,143424428.47947612,2105389470.1908684
192,2024-10-01,38.46700325827554,0.42727059659466443,31.61347972431479,477.1386993859193,0.507608913762922,128.09969315685734,63.51643855128957,7202.082168856505,3.762347643193497,9.622862966006423,68.4091564851424,28.16047297128998,81045321.32787289,900194.815963312,66605393.08395297,7926815.952663844,20274669.47330065,143424428.47947612,2105389470.1910067
193,2024-10-01,38.46700325827554,0.42727059659466443,31.61347972431479,477.1386993859193,0.507608913762922,128.09969315685734,63.51643855128957,7202.082168856505,3.762347643193497,9.622862966006423,68.4091564851424,28.16047297128998,81045321.32787289,900194.815963312,66605393.08395297,7926815.952663844,20274669.47330065,143424428.47947612,2105389470.1910067
194,2024-10-01,38.46700325827554,0.42727059659466443,31.61347972431479,477.1386993859193,0.507608913762922,128.09969315685734,63.51643855128957,7202.082168856505,3.762347643193497,9.622862966006423,68.4091564851424,28.16047297128998,81045321.32787289,900194.815963312,66605393.08395297,7926815.952663844,20274669.47330065,143424428.47947612,2105389470.1910067
195,2024-10-01,38.46700325827554,0.42727059659466443,31.61347972431479,477.1386993859193,0.507608913762922,128.09969315685734,63.51643855128957,7202.082168856505,3.762347643193497,9.622862966006423,68.4091564851424,28.16047297128998,81045321.32787289,900194.815963312,66605393.08395297,7926815.952663844,20274669.47330065,143424428.47947612,2105389470.1910067
196,2024-10-01,38.46700325827554,0.42727059659466443,31.61347972431479,477.1386993859193,0.507608913762922,128.09969315685734,63.51643855128957,7202.082168856505,3.762347643193497,9.622862966006423,68.4091564851424,28.16047297128998,81045321.32787289,900194.815963312,66605393.08395297,7926815.952663844,20274669.47330065,143424428.47947612,2105389470.1910067
197,2024-10-01,38.46700325827554,0.42727059659466443,31.61347972431479,477.1386993859193,0.507608913762922,128.09969315685734,63.51643855128957,7202.082168856505,3.762347643193497,9.622862966006423,68.4091564851424,28.16047297128998,81045321.32787289,900194.815963312,66605393.08395297,7926815.952663844,20274669.47330065,143424428.47947612,2105389470.1910067
198,2024-10-01,38.46700325827554,0.42727059659466443,31.61347972431479,477.1386993859193,0.507608913762922,128.09969315685734,63.51643855128957,7202.082168856505,3.762347643193497,9.622862966006423,68.4091564851424,28.16047297128998,81045321.32787289,900194.815963312,66605393.08395297,7926815.952663844,20274669.47330065,143424428.47947612,2105389470.1910067
199,2024-10-01,38.46700325827554,0.42727059659466443,31.61347972431479,477.1386993859193,0.507608913762922,128.09969315685734,63.51643855128957,7202.082168856505,3.762347643193497,9.622862966006423,68.4091564851424,28.16047297128998,81045321.32787289,900194.815963312,66605393.08395297,7926815.952663844,20274669.47330065,143424428.47947612,2105389470.1910067
200,2024-11-01,73.23135075509408,0.0,20.714096810386277,477.1386993859193,0.507608913762922,128.09969315685734,63.51643855128957,7202.082168856505,8.310248744836935,18.055938955049175,94.49402948475908,40.946597429567674,154289823.6504534,0.0,43641396.322031364,17508739.46474596,38042561.88615454,198113466.59467706,2105389470.1910067
201,2024-11-01,73.23135075509408,0.0,20.714096810386277,477.1386993859193,0.507608913762922,128.09969315685734,63.51643855128957,7202.082168856505,8.310248744836935,18.055938955049175,94.49402948475908,40.946597429567674,154289823.6504534,0.0,43641396.322031364,17508739.46474596,38042561.88615454,198113466.59467706,2105389470.1910067
202,2024-11-01,73.23135075509408,0.0,20.714096810386277,477.1386993859193,0.507608913762922,128.09969315685734,63.51643855128957,7202.082168856505,8.310248744836935,18.055938955049175,94.49402948475908,40.946597429567674,154289823.6504534,0.0,43641396.322031364,17508739.46474596,38042561.88615454,198113466.59467706,2105389470.1910067
203,2024-11-01,73.23135075509408,0.0,20.714096810386277,477.1386993859193,0.507608913762922,128.09969315685734,63.51643855128957,7202.082168856505,8.310248744836935,18.055938955049175,94.49402948475908,40.946597429567674,154289823.6504534,0.0,43641396.322031364,17508739.46474596,38042561.88615454,198113466.59467706,2105389470.1910067
204,2024-11-01,73.23135075509408,0.0,20.714096810386277,477.1386993859193,0.507608913762922,128.09969315685734,63.51643855128957,7202.082168856505,8.310248744836935,18.055938955049175,94.49402948475908,40.946597429567674,154289823.6504534,0.0,43641396.322031364,17508739.46474596,38042561.88615454,198113466.59467706,2105389470.1910067
205,2024-11-01,73.23135075509408,0.0,20.714096810386277,477.1386993859193,0.507608913762922,128.09969315685734,63.51643855128957,7202.082168856505,8.310248744836935,18.055938955049175,94.49402948475908,40.946597429567674,154289823.6504534,0.0,43641396.322031364,17508739.46474596,38042561.88615454,198113466.59467706,2105389470.1910067
206,2024-11-01,73.23135075509408,0.0,20.714096810386277,477.1386993859193,0.507608913762922,128.09969315685734,63.51643855128957,7202.082168856505,8.310248744836935,18.055938955049175,94.49402948475908,40.946597429567674,154289823.6504534,0.0,43641396.322031364,17508739.46474596,38042561.88615454,198113466.59467706,2105389470.1910067
207,2024-11-01,73.23135075509408,0.0,20.714096810386277,477.1386993859193,0.507608913762922,128.09969315685734,63.51643855128957,7202.082168856505,8.310248744836935,18.055938955049175,94.49402948475908,40.946597429567674,154289823.6504534,0.0,43641396.322031364,17508739.46474596,38042561.88615454,198113466.59467706,2105389470.1910067
208,2024-11-01,73.23135075509408,0.0,20.714096810386277,477.1386993859193,0.507608913762922,128.09969315685734,63.51643855128957,7202.082168856505,8.310248744836935,18.055938955049175,94.49402948475908,40.946597429567674,154289823.6504534,0.0,43641396.322031364,17508739.46474596,38042561.88615454,198113466.59467706,2105389470.1910067
209,2024-11-01,73.23135075509408,0.0,20.714096810386277,477.1386993859193,0.507608913762922,128.09969315685734,63.51643855128957,7202.082168856505,8.310248744836935,18.055938955049175,94.49402948475908,40.946597429567674,154289823.6504534,0.0,43641396.322031364,17508739.46474596,38042561.88615454,198113466.59467706,2105389470.1910067
210,2024-11-01,73.23135075509408,0.0,20.714096810386277,477.1386993859193,0.507608913762922,128.09969315685734,63.51643855128957,7202.082168856505,8.310248744836935,18.055938955049175,94.49402948475908,40.946597429567674,154289823.6504534,0.0,43641396.322031364,17508739.46474596,38042561.88615454,198113466.59467706,2105389470.1910067
211,2024-11-01,73.23135075509408,0.0,20.714096810386277,477.1386993859193,0.507608913762922,128.09969315685734,63.51643855128957,7202.082168856505,8.310248744836935,18.055938955049175,94.49402948475908,40.946597429567674,154289823.6504534,0.0,43641396.322031364,17508739.46474596,38042561.88615454,198113466.59467706,2105389470.1910067
212,2024-11-01,73.23135075509408,0.0,20.714096810386277,477.1386993859193,0.507608913762922,128.09969315685734,63.51643855128957,7202.082168856505,8.310248744836935,18.055938955049175,94.49402948475908,40.946597429567674,154289823.6504534,0.0,43641396.322031364,17508739.46474596,38042561.88615454,198113466.59467706,2105389470.1908684
213,2024-11-01,73.23135075509408,0.0,20.714096810386277,477.1386993859193,0.507608913762922,128.09969315685734,63.51643855128957,7202.082168856505,8.310248744836935,18.055938955049175,94.49402948475908,40.946597429567674,154289823.6504534,0.0,43641396.322031364,17508739.46474596,38042561.88615454,198113466.59467706,2105389470.1910067
214,2024-11-01,73.23135075509408,0.0,20.714096810386277,477.1386993859193,0.507608913762922,128.09969315685734,63.51643855128957,7202.082168856505,8.310248744836935,18.055938955049175,94.49402948475908,40.946597429567674,154289823.6504534,0.0,43641396.322031364,17508739.46474596,38042561.88615454,198113466.59467706,2105389470.1910067
215,2024-11-01,73.23135075509408,0.0,20.714096810386277,477.1386993859193,0.507608913762922,128.09969315685734,63.51643855128957,7202.082168856505,8.310248744836935,18.055938955049175,94.49402948475908,40.946597429567674,154289823.6504534,0.0,43641396.322031364,17508739.46474596,38042561.88615454,198113466.59467706,2105389470.1910067
216,2024-11-01,73.23135075509408,0.0,20.714096810386277,477.1386993859193,0.507608913762922,128.09969315685734,63.51643855128957,7202.082168856505,8.310248744836935,18.055938955049175,94.49402948475908,40.946597429567674,154289823.6504534,0.0,43641396.322031364,17508739.46474596,38042561.88615454,198113466.59467706,2105389470.1910067
217,2024-11-01,73.23135075509408,0.0,20.714096810386277,477.1386993859193,0.507608913762922,128.09969315685734,63.51643855128957,7202.082168856505,8.310248744836935,18.055938955049175,94.49402948475908,40.946597429567674,154289823.6504534,0.0,43641396.322031364,17508739.46474596,38042561.88615454,198113466.59467706,2105389470.1910067
218,2024-11-01,73.23135075509408,0.0,20.714096810386277,477.1386993859193,0.507608913762922,128.09969315685734,63.51643855128957,7202.082168856505,8.310248744836935,18.055938955049175,94.49402948475908,40.946597429567674,154289823.6504534,0.0,43641396.322031364,17508739.46474596,38042561.88615454,198113466.59467706,2105389470.1910067
219,2024-11-01,73.23135075509408,0.0,20.714096810386277,477.1386993859193,0.507608913762922,128.09969315685734,63.51643855128957,7202.082168856505,8.310248744836935,18.055938955049175,94.49402948475908,40.946597429567674,154289823.6504534,0.0,43641396.322031364,17508739.46474596,38042561.88615454,198113466.59467706,2105389470.1910067
220,2024-12-01,55.63445656995461,0.0,9.046521878506171,477.1386993859193,0.507608913762922,128.09969315685734,63.51643855128957,7202.082168856505,8.195513535089948,18.487461541826463,114.36113811105061,51.31919079232144,117217051.82519352,0.0,19059718.905466657,17267482.008217264,38952271.407544635,239766700.73000586,2105389470.1910067
221,2024-12-01,55.63445656995461,0.0,9.046521878506171,477.1386993859193,0.507608913762922,128.09969315685734,63.51643855128957,7202.082168856505,8.195513535089948,18.487461541826463,114.36113811105061,51.31919079232144,117217051.82519352,0.0,19059718.905466657,17267482.008217264,38952271.407544635,239766700.73000586,2105389470.1910067
222,2024-12-01,55.63445656995461,0.0,9.046521878506171,477.1386993859193,0.507608913762922,128.09969315685734,63.51643855128957,7202.082168856505,8.195513535089948,18.487461541826463,114.36113811105061,51.31919079232144,117217051.82519352,0.0,19059718.905466657,17267482.008217264,38952271.407544635,239766700.73000586,2105389470.1910067
223,2024-12-01,55.63445656995461,0.0,9.046521878506171,477.1386993859193,0.507608913762922,128.09969315685734,63.51643855128957,7202.082168856505,8.195513535089948,18.487461541826463,114.36113811105061,51.31919079232144,117217051.82519352,0.0,19059718.905466657,17267482.008217264,38952271.407544635,239766700.73000586,2105389470.1910067
224,2024-12-01,55.63445656995461,0.0,9.046521878506171,477.1386993859193,0.507608913762922,128.09969315685734,63.51643855128957,7202.082168856505,8.195513535089948,18.487461541826463,114.36113811105061,51.31919079232144,117217051.82519352,0.0,19059718.905466657,17267482.008217264,38952271.407544635,239766700.73000586,2105389470.1910067
225,2024-12-01,55.63445656995461,0.0,9.046521878506171,477.1386993859193,0.507608913762922,128.09969315685734,63.51643855128957,7202.082168856505,8.195513535089948,18.487461541826463,114.36113811105061,51.31919079232144,117217051.82519352,0.0,19059718.905466657,17267482.008217264,38952271.407544635,239766700.73000586,2105389470.1910067
226,2024-12-01,55.63445656995461,0.0,9.046521878506171,477.1386993859193,0.507608913762922,128.09969315685734,63.51643855128957,7202.082168856505,8.195513535089948,18.487461541826463,114.36113811105061,51.31919079232144,117217051.82519352,0.0,19059718.905466657,17267482.008217264,38952271.407544635,239766700.73000586,2105389470.1910067
227,2024-12-01,55.63445656995461,0.0,9.046521878506171,477.1386993859193,0.507608913762922,128.09969315685734,63.51643855128957,7202.082168856505,8.195513535089948,18.487461541826463,114.36113811105061,51.31919079232144,117217051.82519352,0.0,19059718.905466657,17267482.008217264,38952271.407544635,239766700.73000586,2105389470.1910067
228,2024-12-01,55.63445656995461,0.0,9.046521878506171,477.1386993859193,0.507608913762922,128.09969315685734,63.51643855128957,7202.082168856505,8.195513535089948,18.487461541826463,114.36113811105061,51.31919079232144,117217051.82519352,0.0,19059718.905466657,17267482.008217264,38952271.407544635,239766700.73000586,2105389470.1910067
229,2024-12-01,55.63445656995461,0.0,9.046521878506171,477.1386993859193,0.507608913762922,128.09969315685734,63.51643855128957,7202.082168856505,8.195513535089948,18.487461541826463,114.36113811105061,51.31919079232144,117217051.82519352,0.0,19059718.905466657,17267482.008217264,38952271.407544635,239766700.73000586,2105389470.1908684
230,2024-12-01,55.63445656995461,0.0,9.046521878506171,477.1386993859193,0.507608913762922,128.09969315685734,63.51643855128957,7202.082168856505,8.195513535089948,18.487461541826463,114.36113811105061,51.31919079232144,117217051.82519352,0.0,19059718.905466657,17267482.008217264,38952271.407544635,239766700.73000586,2105389470.1910067
231,2024-12-01,55.63445656995461,0.0,9.046521878506171,477.1386993859193,0.507608913762922,128.09969315685734,63.51643855128957,7202.082168856505,8.195513535089948,18.487461541826463,114.36113811105061,51.31919079232144,117217051.82519352,0.0,19059718.905466657,17267482.008217264,38952271.407544635,239766700.73000586,2105389470.1910067
232,2024-12-01,55.63445656995461,0.0,9.046521878506171,477.1386993859193,0.507608913762922,128.09969315685734,63.51643855128957,7202.082168856505,8.195513535089948,18.487461541826463,114.36113811105061,51.31919079232144,117217051.82519352,0.0,19059718.905466657,17267482.008217264,38952271.407544635,239766700.73000586,2105389470.1910067
233,2024-12-01,55.63445656995461,0.0,9.046521878506171,477.1386993859193,0.507608913762922,128.09969315685734,63.51643855128957,7202.082168856505,8.195513535089948,18.487461541826463,114.36113811105061,51.31919079232144,117217051.82519352,0.0,19059718.905466657,17267482.008217264,38952271.407544635,239766700.73000586,2105389470.1910067
234,2024-12-01,55.63445656995461,0.0,9.046521878506171,477.1386993859193,0.507608913762922,128.09969315685734,63.51643855128957,7202.082168856505,8.195513535089948,18.487461541826463,114.36113811105061,51.31919079232144,117217051.82519352,0.0,19059718.905466657,17267482.008217264,38952271.407544635,239766700.73000586,2105389470.1910067
235,2024-12-01,55.63445656995461,0.0,9.046521878506171,477.1386993859193,0.507608913762922,128.09969315685734,63.51643855128957,7202.082168856505,8.195513535089948,18.487461541826463,114.36113811105061,51.31919079232144,117217051.82519352,0.0,19059718.905466657,17267482.008217264,38952271.407544635,239766700.73000586,2105389470.1910067
236,2024-12-01,55.63445656995461,0.0,9.046521878506171,477.1386993859193,0.507608913762922,128.09969315685734,63.51643855128957,7202.082168856505,8.195513535089948,18.487461541826463,114.36113811105061,51.31919079232144,117217051.82519352,0.0,19059718.905466657,17267482.008217264,38952271.407544635,239766700.73000586,2105389470.1910067
237,2024-12-01,55.63445656995461,0.0,9.046521878506171,477.1386993859193,0.507608913762922,128.09969315685734,63.51643855128957,7202.082168856505,8.195513535089948,18.487461541826463,114.36113811105061,51.31919079232144,117217051.82519352,0.0,19059718.905466657,17267482.008217264,38952271.407544635,239766700.73000586,2105389470.1910067
238,2024-12-01,55.63445656995461,0.0,9.046521878506171,477.1386993859193,0.507608913762922,128.09969315685734,63.51643855128957,7202.082168856505,8.195513535089948,18.487461541826463,114.36113811105061,51.31919079232144,117217051.82519352,0.0,19059718.905466657,17267482.008217264,38952271.407544635,239766700.73000586,2105389470.1910067
239,2024-12-01,55.63445656995461,0.0,9.046521878506171,477.1386993859193,0.507608913762922,128.09969315685734,63.51643855128957,7202.082168856505,8.195513535089948,18.487461541826463,114.36113811105061,51.31919079232144,117217051.82519352,0.0,19059718.905466657,17267482.008217264,38952271.407544635,239766700.73000586,2105389470.1910067
