,Date,precip_and_snowmelt_input_San Rafael_mean,irrigation_San Rafael_mean,AET_San Rafael_mean,soil_thickness_San Rafael_mean,soil_porosity_San Rafael_mean,field_capacity_San Rafael_mean,wilting_point_San Rafael_mean,Geo_K_San Rafael_mean,Runoff_San Rafael_mean,Recharge_San Rafael_mean,Soil_Water_End_Of_Previous_Timestep_San Rafael_mean,Soil_Saturation_Percent_End_Of_Timestep_San Rafael_mean,precip_and_snowmelt_input_m3_San Rafael_sum,irrigation_m3_San Rafael_sum,AET_m3_San Rafael_sum,Runoff_m3_San Rafael_sum,Recharge_m3_San Rafael_sum,Soil_Water_End_Of_Previous_Timestep_m3_San Rafael_sum,San Rafael_area_m2
0,2024-01-01,23.107025222571696,0.0,12.699735039445118,319.35773515405043,0.4720478558395938,59.49184004059152,33.83617368474966,11028.37516573812,3.1337962314219214,11.469331969727884,36.244181928774175,21.503109489400455,145599545.31096002,0.0,80020828.37296127,19746499.51846965,72269303.04361048,228378267.22193024,6296461988.296348
1,2024-01-01,23.107025222571696,0.0,12.699735039445118,319.35773515405043,0.4720478558395938,59.49184004059152,33.83617368474966,11028.37516573812,3.1337962314219214,11.469331969727884,36.244181928774175,21.503109489400455,145599545.31096002,0.0,80020828.37296127,19746499.51846965,72269303.04361048,228378267.22193024,6296461988.305915
2,2024-01-01,23.107025222571696,0.0,12.699735039445118,319.35773515405043,0.4720478558395938,59.49184004059152,33.83617368474966,11028.37516573812,3.1337962314219214,11.469331969727884,36.244181928774175,21.503109489400455,145599545.31096002,0.0,80020828.37296127,19746499.51846965,72269303.04361048,228378267.22193024,6296461988.296348
3,2024-01-01,23.107025222571696,0.0,12.699735039445118,319.35773515405043,0.4720478558395938,59.49184004059152,33.83617368474966,11028.37516573812,3.1337962314219214,11.469331969727884,36.244181928774175,21.503109489400455,145599545.31096002,0.0,80020828.37296127,19746499.51846965,72269303.04361048,228378267.22193024,6296461988.296348
4,2024-01-01,23.107025222571696,0.0,12.699735039445118,319.35773515405043,0.4720478558395938,59.49184004059152,33.83617368474966,11028.37516573812,3.1337962314219214,11.469331969727884,36.244181928774175,21.503109489400455,145599545.31096002,0.0,80020828.37296127,19746499.51846965,72269303.04361048,228378267.22193024,6296461988.296348
5,2024-01-01,23.107025222571696,0.0,12.699735039445118,319.35773515405043,0.4720478558395938,59.49184004059152,33.83617368474966,11028.37516573812,3.1337962314219214,11.469331969727884,36.244181928774175,21.503109489400455,145599545.31096002,0.0,80020828.37296127,19746499.51846965,72269303.04361048,228378267.22193024,6296461988.296348
6,2024-01-01,23.107025222571696,0.0,12.699735039445118,319.35773515405043,0.4720478558395938,59.49184004059152,33.83617368474966,11028.37516573812,3.1337962314219214,11.469331969727884,36.244181928774175,21.503109489400455,145599545.31096002,0.0,80020828.37296127,19746499.51846965,72269303.04361048,228378267.22193024,6296461988.305915
7,2024-01-01,23.107025222571696,0.0,12.699735039445118,319.35773515405043,0.4720478558395938,59.49184004059152,33.83617368474966,11028.37516573812,3.1337962314219214,11.469331969727884,36.244181928774175,21.503109489400455,145599545.31096002,0.0,80020828.37296127,19746499.51846965,72269303.04361048,228378267.22193024,6296461988.296348
8,2024-01-01,23.107025222571696,0.0,12.699735039445118,319.35773515405043,0.4720478558395938,59.49184004059152,33.83617368474966,11028.37516573812,3.1337962314219214,11.469331969727884,36.244181928774175,21.503109489400455,145599545.31096002,0.0,80020828.37296127,19746499.51846965,72269303.04361048,228378267.22193024,6296461988.296348
9,2024-01-01,23.107025222571696,0.0,12.699735039445118,319.35773515405043,0.4720478558395938,59.49184004059152,33.83617368474966,11028.37516573812,3.1337962314219214,11.469331969727884,36.244181928774175,21.503109489400455,145599545.31096002,0.0,80020828.37296127,19746499.51846965,72269303.04361048,228378267.22193024,6296461988.296348
10,2024-01-01,23.107025222571696,0.0,12.699735039445118,319.35773515405043,0.4720478558395938,59.49184004059152,33.83617368474966,11028.37516573812,3.1337962314219214,11.469331969727884,36.244181928774175,21.503109489400455,145599545.31096002,0.0,80020828.37296127,19746499.51846965,72269303.04361048,228378267.22193024,6296461988.296348
11,2024-01-01,23.107025222571696,0.0,12.699735039445118,319.35773515405043,0.4720478558395938,59.49184004059152,33.83617368474966,11028.37516573812,3.1337962314219214,11.469331969727884,36.244181928774175,21.503109489400455,145599545.31096002,0.0,80020828.37296127,19746499.51846965,72269303.04361048,228378267.22193024,6296461988.296348
12,2024-01-01,23.107025222571696,0.0,12.699735039445118,319.35773515405043,0.4720478558395938,59.49184004059152,33.83617368474966,11028.37516573812,3.1337962314219214,11.469331969727884,36.244181928774175,21.503109489400455,145599545.31096002,0.0,80020828.37296127,19746499.51846965,72269303.04361048,228378267.22193024,6296461988.296348
13,2024-01-01,23.107025222571696,0.0,12.699735039445118,319.35773515405043,0.4720478558395938,59.49184004059152,33.83617368474966,11028.37516573812,3.1337962314219214,11.469331969727884,36.244181928774175,21.503109489400455,145599545.31096002,0.0,80020828.37296127,19746499.51846965,72269303.04361048,228378267.22193024,6296461988.296348
14,2024-01-01,23.107025222571696,0.0,12.699735039445118,319.35773515405043,0.4720478558395938,59.49184004059152,33.83617368474966,11028.37516573812,3.1337962314219214,11.469331969727884,36.244181928774175,21.503109489400455,145599545.31096002,0.0,80020828.37296127,19746499.51846965,72269303.04361048,228378267.22193024,6296461988.296348
15,2024-01-01,23.107025222571696,0.0,12.699735039445118,319.35773515405043,0.4720478558395938,59.49184004059152,33.83617368474966,11028.37516573812,3.1337962314219214,11.469331969727884,36.244181928774175,21.503109489400455,145599545.31096002,0.0,80020828.37296127,19746499.51846965,72269303.04361048,228378267.22193024,6296461988.296348
16,2024-01-01,23.107025222571696,0.0,12.699735039445118,319.35773515405043,0.4720478558395938,59.49184004059152,33.83617368474966,11028.37516573812,3.1337962314219214,11.469331969727884,36.244181928774175,21.503109489400455,145599545.31096002,0.0,80020828.37296127,19746499.51846965,72269303.04361048,228378267.22193024,6296461988.305915
17,2024-01-01,23.107025222571696,0.0,12.699735039445118,319.35773515405043,0.4720478558395938,59.49184004059152,33.83617368474966,11028.37516573812,3.1337962314219214,11.469331969727884,36.244181928774175,21.503109489400455,145599545.31096002,0.0,80020828.37296127,19746499.51846965,72269303.04361048,228378267.22193024,6296461988.296348
18,2024-01-01,23.107025222571696,0.0,12.699735039445118,319.35773515405043,0.4720478558395938,59.49184004059152,33.83617368474966,11028.37516573812,3.1337962314219214,11.469331969727884,36.244181928774175,21.503109489400455,145599545.31096002,0.0,80020828.37296127,19746499.51846965,72269303.04361048,228378267.22193024,6296461988.296348
19,2024-01-01,23.107025222571696,0.0,12.699735039445118,319.35773515405043,0.4720478558395938,59.49184004059152,33.83617368474966,11028.37516573812,3.1337962314219214,11.469331969727884,36.244181928774175,21.503109489400455,145599545.31096002,0.0,80020828.37296127,19746499.51846965,72269303.04361048,228378267.22193024,6296461988.296348
20,2024-02-01,36.811836016280466,0.0,20.233127917275503,319.35773515405043,0.4720478558395938,59.49184004059152,33.83617368474966,11028.37516573812,4.6165679482636195,15.287637512175962,38.49499907376543,23.315521605582315,231953791.2466271,0.0,127488890.16924858,29089541.186017934,96328908.66013122,242560973.29046598,6296461988.296348
21,2024-02-01,36.811836016280466,0.0,20.233127917275503,319.35773515405043,0.4720478558395938,59.49184004059152,33.83617368474966,11028.37516573812,4.6165679482636195,15.287637512175962,38.49499907376543,23.315521605582315,231953791.2466271,0.0,127488890.16924858,29089541.186017934,96328908.66013122,242560973.29046598,6296461988.296348
22,2024-02-01,36.811836016280466,0.0,20.233127917275503,319.35773515405043,0.4720478558395938,59.49184004059152,33.83617368474966,11028.37516573812,4.6165679482636195,15.287637512175962,38.49499907376543,23.315521605582315,231953791.2466271,0.0,127488890.16924858,29089541.186017934,96328908.66013122,242560973.29046598,6296461988.305915
23,2024-02-01,36.811836016280466,0.0,20.233127917275503,319.35773515405043,0.4720478558395938,59.49184004059152,33.83617368474966,11028.37516573812,4.6165679482636195,15.287637512175962,38.49499907376543,23.315521605582315,231953791.2466271,0.0,127488890.16924858,29089541.186017934,96328908.66013122,242560973.29046598,6296461988.296348
24,2024-02-01,36.811836016280466,0.0,20.233127917275503,319.35773515405043,0.4720478558395938,59.49184004059152,33.83617368474966,11028.37516573812,4.6165679482636195,15.287637512175962,38.49499907376543,23.315521605582315,231953791.2466271,0.0,127488890.16924858,29089541.186017934,96328908.66013122,242560973.29046598,6296461988.296348
25,2024-02-01,36.811836016280466,0.0,20.233127917275503,319.35773515405043,0.4720478558395938,59.49184004059152,33.83617368474966,11028.37516573812,4.6165679482636195,15.287637512175962,38.49499907376543,23.315521605582315,231953791.2466271,0.0,127488890.16924858,29089541.186017934,96328908.66013122,242560973.29046598,6296461988.296348
26,2024-02-01,36.811836016280466,0.0,20.233127917275503,319.35773515405043,0.4720478558395938,59.49184004059152,33.83617368474966,11028.37516573812,4.6165679482636195,15.287637512175962,38.49499907376543,23.315521605582315,231953791.2466271,0.0,127488890.16924858,29089541.186017934,96328908.66013122,242560973.29046598,6296461988.296348
27,2024-02-01,36.811836016280466,0.0,20.233127917275503,319.35773515405043,0.4720478558395938,59.49184004059152,33.83617368474966,11028.37516573812,4.6165679482636195,15.287637512175962,38.49499907376543,23.315521605582315,231953791.2466271,0.0,127488890.16924858,29089541.186017934,96328908.66013122,242560973.29046598,6296461988.296348
28,2024-02-01,36.811836016280466,0.0,20.233127917275503,319.35773515405043,0.4720478558395938,59.49184004059152,33.83617368474966,11028.37516573812,4.6165679482636195,15.287637512175962,38.49499907376543,23.315521605582315,231953791.2466271,0.0,127488890.16924858,29089541.186017934,96328908.66013122,242560973.29046598,6296461988.296348
29,2024-02-01,36.811836016280466,0.0,20.233127917275503,319.35773515405043,0.4720478558395938,59.49184004059152,33.83617368474966,11028.37516573812,4.6165679482636195,15.287637512175962,38.49499907376543,23.315521605582315,231953791.2466271,0.0,127488890.16924858,29089541.186017934,96328908.66013122,242560973.29046598,6296461988.296348
30,2024-02-01,36.811836016280466,0.0,20.233127917275503,319.35773515405043,0.4720478558395938,59.49184004059152,33.83617368474966,11028.37516573812,4.6165679482636195,15.287637512175962,38.49499907376543,23.315521605582315,231953791.2466271,0.0,127488890.16924858,29089541.186017934,96328908.66013122,242560973.29046598,6296461988.296348
31,2024-02-01,36.811836016280466,0.0,20.233127917275503,319.35773515405043,0.4720478558395938,59.49184004059152,33.83617368474966,11028.37516573812,4.6165679482636195,15.287637512175962,38.49499907376543,23.315521605582315,231953791.2466271,0.0,127488890.16924858,29089541.186017934,96328908.66013122,242560973.29046598,6296461988.305915
32,2024-02-01,36.811836016280466,0.0,20.233127917275503,319.35773515405043,0.4720478558395938,59.49184004059152,33.83617368474966,11028.37516573812,4.6165679482636195,15.287637512175962,38.49499907376543,23.315521605582315,231953791.2466271,0.0,127488890.16924858,29089541.186017934,96328908.66013122,242560973.29046598,6296461988.305915
33,2024-02-01,36.811836016280466,0.0,20.233127917275503,319.35773515405043,0.4720478558395938,59.49184004059152,33.83617368474966,11028.37516573812,4.6165679482636195,15.287637512175962,38.49499907376543,23.315521605582315,231953791.2466271,0.0,127488890.16924858,29089541.186017934,96328908.66013122,242560973.29046598,6296461988.296348
34,2024-02-01,36.811836016280466,0.0,20.233127917275503,319.35773515405043,0.4720478558395938,59.49184004059152,33.83617368474966,11028.37516573812,4.6165679482636195,15.287637512175962,38.49499907376543,23.315521605582315,231953791.2466271,0.0,127488890.16924858,29089541.186017934,96328908.66013122,242560973.29046598,6296461988.296348
35,2024-02-01,36.811836016280466,0.0,20.233127917275503,319.35773515405043,0.4720478558395938,59.49184004059152,33.83617368474966,11028.37516573812,4.6165679482636195,15.287637512175962,38.49499907376543,23.315521605582315,231953791.2466271,0.0,127488890.16924858,29089541.186017934,96328908.66013122,242560973.29046598,6296461988.296348
36,2024-02-01,36.811836016280466,0.0,20.233127917275503,319.35773515405043,0.4720478558395938,59.49184004059152,33.83617368474966,11028.37516573812,4.6165679482636195,15.287637512175962,38.49499907376543,23.315521605582315,231953791.2466271,0.0,127488890.16924858,29089541.186017934,96328908.66013122,242560973.29046598,6296461988.296348
37,2024-02-01,36.811836016280466,0.0,20.233127917275503,319.35773515405043,0.4720478558395938,59.49184004059152,33.83617368474966,11028.37516573812,4.6165679482636195,15.287637512175962,38.49499907376543,23.315521605582315,231953791.2466271,0.0,127488890.16924858,29089541.186017934,96328908.66013122,242560973.29046598,6296461988.296348
38,2024-02-01,36.811836016280466,0.0,20.233127917275503,319.35773515405043,0.4720478558395938,59.49184004059152,33.83617368474966,11028.37516573812,4.6165679482636195,15.287637512175962,38.49499907376543,23.315521605582315,231953791.2466271,0.0,127488890.16924858,29089541.186017934,96328908.66013122,242560973.29046598,6296461988.296348
39,2024-02-01,36.811836016280466,0.0,20.233127917275503,319.35773515405043,0.4720478558395938,59.49184004059152,33.83617368474966,11028.37516573812,4.6165679482636195,15.287637512175962,38.49499907376543,23.315521605582315,231953791.2466271,0.0,127488890.16924858,29089541.186017934,96328908.66013122,242560973.29046598,6296461988.296348
40,2024-03-01,48.04598017609466,0.0,31.269996300268705,319.35773515405043,0.4720478558395938,59.49184004059152,33.83617368474966,11028.37516573812,5.448386565931457,15.251858298309076,40.159549292403405,25.390126022935593,302740918.33454764,0.0,197032531.49200127,34330809.309788615,96103463.53802183,253049616.95961377,6296461988.296348
41,2024-03-01,48.04598017609466,0.0,31.269996300268705,319.35773515405043,0.4720478558395938,59.49184004059152,33.83617368474966,11028.37516573812,5.448386565931457,15.251858298309076,40.159549292403405,25.390126022935593,302740918.33454764,0.0,197032531.49200127,34330809.309788615,96103463.53802183,253049616.95961377,6296461988.296348
42,2024-03-01,48.04598017609466,0.0,31.269996300268705,319.35773515405043,0.4720478558395938,59.49184004059152,33.83617368474966,11028.37516573812,5.448386565931457,15.251858298309076,40.159549292403405,25.390126022935593,302740918.33454764,0.0,197032531.49200127,34330809.309788615,96103463.53802183,253049616.95961377,6296461988.296348
43,2024-03-01,48.04598017609466,0.0,31.269996300268705,319.35773515405043,0.4720478558395938,59.49184004059152,33.83617368474966,11028.37516573812,5.448386565931457,15.251858298309076,40.159549292403405,25.390126022935593,302740918.33454764,0.0,197032531.49200127,34330809.309788615,96103463.53802183,253049616.95961377,6296461988.296348
44,2024-03-01,48.04598017609466,0.0,31.269996300268705,319.35773515405043,0.4720478558395938,59.49184004059152,33.83617368474966,11028.37516573812,5.448386565931457,15.251858298309076,40.159549292403405,25.390126022935593,302740918.33454764,0.0,197032531.49200127,34330809.309788615,96103463.53802183,253049616.95961377,6296461988.305915
45,2024-03-01,48.04598017609466,0.0,31.269996300268705,319.35773515405043,0.4720478558395938,59.49184004059152,33.83617368474966,11028.37516573812,5.448386565931457,15.251858298309076,40.159549292403405,25.390126022935593,302740918.33454764,0.0,197032531.49200127,34330809.309788615,96103463.53802183,253049616.95961377,6296461988.296348
46,2024-03-01,48.04598017609466,0.0,31.269996300268705,319.35773515405043,0.4720478558395938,59.49184004059152,33.83617368474966,11028.37516573812,5.448386565931457,15.251858298309076,40.159549292403405,25.390126022935593,302740918.33454764,0.0,197032531.49200127,34330809.309788615,96103463.53802183,253049616.95961377,6296461988.296348
47,2024-03-01,48.04598017609466,0.0,31.269996300268705,319.35773515405043,0.4720478558395938,59.49184004059152,33.83617368474966,11028.37516573812,5.448386565931457,15.251858298309076,40.159549292403405,25.390126022935593,302740918.33454764,0.0,197032531.49200127,34330809.309788615,96103463.53802183,253049616.95961377,6296461988.296348
48,2024-03-01,48.04598017609466,0.0,31.269996300268705,319.35773515405043,0.4720478558395938,59.49184004059152,33.83617368474966,11028.37516573812,5.448386565931457,15.251858298309076,40.159549292403405,25.390126022935593,302740918.33454764,0.0,197032531.49200127,34330809.309788615,96103463.53802183,253049616.95961377,6296461988.296348
49,2024-03-01,48.04598017609466,0.0,31.269996300268705,319.35773515405043,0.4720478558395938,59.49184004059152,33.83617368474966,11028.37516573812,5.448386565931457,15.251858298309076,40.159549292403405,25.390126022935593,302740918.33454764,0.0,197032531.49200127,34330809.309788615,96103463.53802183,253049616.95961377,6296461988.296348
50,2024-03-01,48.04598017609466,0.0,31.269996300268705,319.35773515405043,0.4720478558395938,59.49184004059152,33.83617368474966,11028.37516573812,5.448386565931457,15.251858298309076,40.159549292403405,25.390126022935593,302740918.33454764,0.0,197032531.49200127,34330809.309788615,96103463.53802183,253049616.95961377,6296461988.296348
51,2024-03-01,48.04598017609466,0.0,31.269996300268705,319.35773515405043,0.4720478558395938,59.49184004059152,33.83617368474966,11028.37516573812,5.448386565931457,15.251858298309076,40.159549292403405,25.390126022935593,302740918.33454764,0.0,197032531.49200127,34330809.309788615,96103463.53802183,253049616.95961377,6296461988.296348
52,2024-03-01,48.04598017609466,0.0,31.269996300268705,319.35773515405043,0.4720478558395938,59.49184004059152,33.83617368474966,11028.37516573812,5.448386565931457,15.251858298309076,40.159549292403405,25.390126022935593,302740918.33454764,0.0,197032531.49200127,34330809.309788615,96103463.53802183,253049616.95961377,6296461988.296348
53,2024-03-01,48.04598017609466,0.0,31.269996300268705,319.35773515405043,0.4720478558395938,59.49184004059152,33.83617368474966,11028.37516573812,5.448386565931457,15.251858298309076,40.159549292403405,25.390126022935593,302740918.33454764,0.0,197032531.49200127,34330809.309788615,96103463.53802183,253049616.95961377,6296461988.296348
54,2024-03-01,48.04598017609466,0.0,31.269996300268705,319.35773515405043,0.4720478558395938,59.49184004059152,33.83617368474966,11028.37516573812,5.448386565931457,15.251858298309076,40.159549292403405,25.390126022935593,302740918.33454764,0.0,197032531.49200127,34330809.309788615,96103463.53802183,253049616.95961377,6296461988.305915
55,2024-03-01,48.04598017609466,0.0,31.269996300268705,319.35773515405043,0.4720478558395938,59.49184004059152,33.83617368474966,11028.37516573812,5.448386565931457,15.251858298309076,40.159549292403405,25.390126022935593,302740918.33454764,0.0,197032531.49200127,34330809.309788615,96103463.53802183,253049616.95961377,6296461988.296348
56,2024-03-01,48.04598017609466,0.0,31.269996300268705,319.35773515405043,0.4720478558395938,59.49184004059152,33.83617368474966,11028.37516573812,5.448386565931457,15.251858298309076,40.159549292403405,25.390126022935593,302740918.33454764,0.0,197032531.49200127,34330809.309788615,96103463.53802183,253049616.95961377,6296461988.296348
57,2024-03-01,48.04598017609466,0.0,31.269996300268705,319.35773515405043,0.4720478558395938,59.49184004059152,33.83617368474966,11028.37516573812,5.448386565931457,15.251858298309076,40.159549292403405,25.390126022935593,302740918.33454764,0.0,197032531.49200127,34330809.309788615,96103463.53802183,253049616.95961377,6296461988.305915
58,2024-03-01,48.04598017609466,0.0,31.269996300268705,319.35773515405043,0.4720478558395938,59.49184004059152,33.83617368474966,11028.37516573812,5.448386565931457,15.251858298309076,40.159549292403405,25.390126022935593,302740918.33454764,0.0,197032531.49200127,34330809.309788615,96103463.53802183,253049616.95961377,6296461988.296348
59,2024-03-01,48.04598017609466,0.0,31.269996300268705,319.35773515405043,0.4720478558395938,59.49184004059152,33.83617368474966,11028.37516573812,5.448386565931457,15.251858298309076,40.159549292403405,25.390126022935593,302740918.33454764,0.0,197032531.49200127,34330809.309788615,96103463.53802183,253049616.95961377,6296461988.296348
60,2024-04-01,26.215199270471725,1.1062490314918338,41.03825983075909,319.35773515405043,0.4720478558395938,59.49184004059152,33.83617368474966,11028.37516573812,0.38269705811205196,9.713991707422055,34.39319682936435,20.690659863714828,165184660.82154095,6970692.776565867,258583200.13983774,2411424.6626879233,61208801.20202061,216715686.37620556,6296461988.296348
61,2024-04-01,26.215199270471725,1.1062490314918338,41.03825983075909,319.35773515405043,0.4720478558395938,59.49184004059152,33.83617368474966,11028.37516573812,0.38269705811205196,9.713991707422055,34.39319682936435,20.690659863714828,165184660.82154095,6970692.776565867,258583200.13983774,2411424.6626879233,61208801.20202061,216715686.37620556,6296461988.296348
62,2024-04-01,26.215199270471725,1.1062490314918338,41.03825983075909,319.35773515405043,0.4720478558395938,59.49184004059152,33.83617368474966,11028.37516573812,0.38269705811205196,9.713991707422055,34.39319682936435,20.690659863714828,165184660.82154095,6970692.776565867,258583200.13983774,2411424.6626879233,61208801.20202061,216715686.37620556,6296461988.305915
63,2024-04-01,26.215199270471725,1.1062490314918338,41.03825983075909,319.35773515405043,0.4720478558395938,59.49184004059152,33.83617368474966,11028.37516573812,0.38269705811205196,9.713991707422055,34.39319682936435,20.690659863714828,165184660.82154095,6970692.776565867,258583200.13983774,2411424.6626879233,61208801.20202061,216715686.37620556,6296461988.296348
64,2024-04-01,26.215199270471725,1.1062490314918338,41.03825983075909,319.35773515405043,0.4720478558395938,59.49184004059152,33.83617368474966,11028.37516573812,0.38269705811205196,9.713991707422055,34.39319682936435,20.690659863714828,165184660.82154095,6970692.776565867,258583200.13983774,2411424.6626879233,61208801.20202061,216715686.37620556,6296461988.296348
65,2024-04-01,26.215199270471725,1.1062490314918338,41.03825983075909,319.35773515405043,0.4720478558395938,59.49184004059152,33.83617368474966,11028.37516573812,0.38269705811205196,9.713991707422055,34.39319682936435,20.690659863714828,165184660.82154095,6970692.776565867,258583200.13983774,2411424.6626879233,61208801.20202061,216715686.37620556,6296461988.296348
66,2024-04-01,26.215199270471725,1.1062490314918338,41.03825983075909,319.35773515405043,0.4720478558395938,59.49184004059152,33.83617368474966,11028.37516573812,0.38269705811205196,9.713991707422055,34.39319682936435,20.690659863714828,165184660.82154095,6970692.776565867,258583200.13983774,2411424.6626879233,61208801.20202061,216715686.37620556,6296461988.296348
67,2024-04-01,26.215199270471725,1.1062490314918338,41.03825983075909,319.35773515405043,0.4720478558395938,59.49184004059152,33.83617368474966,11028.37516573812,0.38269705811205196,9.713991707422055,34.39319682936435,20.690659863714828,165184660.82154095,6970692.776565867,258583200.13983774,2411424.6626879233,61208801.20202061,216715686.37620556,6296461988.296348
68,2024-04-01,26.215199270471725,1.1062490314918338,41.03825983075909,319.35773515405043,0.4720478558395938,59.49184004059152,33.83617368474966,11028.37516573812,0.38269705811205196,9.713991707422055,34.39319682936435,20.690659863714828,165184660.82154095,6970692.776565867,258583200.13983774,2411424.6626879233,61208801.20202061,216715686.37620556,6296461988.296348
69,2024-04-01,26.215199270471725,1.1062490314918338,41.03825983075909,319.35773515405043,0.4720478558395938,59.49184004059152,33.83617368474966,11028.37516573812,0.38269705811205196,9.713991707422055,34.39319682936435,20.690659863714828,165184660.82154095,6970692.776565867,258583200.13983774,2411424.6626879233,61208801.20202061,216715686.37620556,6296461988.296348
70,2024-04-01,26.215199270471725,1.1062490314918338,41.03825983075909,319.35773515405043,0.4720478558395938,59.49184004059152,33.83617368474966,11028.37516573812,0.38269705811205196,9.713991707422055,34.39319682936435,20.690659863714828,165184660.82154095,6970692.776565867,258583200.13983774,2411424.6626879233,61208801.20202061,216715686.37620556,6296461988.296348
71,2024-04-01,26.215199270471725,1.1062490314918338,41.03825983075909,319.35773515405043,0.4720478558395938,59.49184004059152,33.83617368474966,11028.37516573812,0.38269705811205196,9.713991707422055,34.39319682936435,20.690659863714828,165184660.82154095,6970692.776565867,258583200.13983774,2411424.6626879233,61208801.20202061,216715686.37620556,6296461988.296348
72,2024-04-01,26.215199270471725,1.1062490314918338,41.03825983075909,319.35773515405043,0.4720478558395938,59.49184004059152,33.83617368474966,11028.37516573812,0.38269705811205196,9.713991707422055,34.39319682936435,20.690659863714828,165184660.82154095,6970692.776565867,258583200.13983774,2411424.6626879233,61208801.20202061,216715686.37620556,6296461988.296348
73,2024-04-01,26.215199270471725,1.1062490314918338,41.03825983075909,319.35773515405043,0.4720478558395938,59.49184004059152,33.83617368474966,11028.37516573812,0.38269705811205196,9.713991707422055,34.39319682936435,20.690659863714828,165184660.82154095,6970692.776565867,258583200.13983774,2411424.6626879233,61208801.20202061,216715686.37620556,6296461988.305915
74,2024-04-01,26.215199270471725,1.1062490314918338,41.03825983075909,319.35773515405043,0.4720478558395938,59.49184004059152,33.83617368474966,11028.37516573812,0.38269705811205196,9.713991707422055,34.39319682936435,20.690659863714828,165184660.82154095,6970692.776565867,258583200.13983774,2411424.6626879233,61208801.20202061,216715686.37620556,6296461988.305915
75,2024-04-01,26.215199270471725,1.1062490314918338,41.03825983075909,319.35773515405043,0.4720478558395938,59.49184004059152,33.83617368474966,11028.37516573812,0.38269705811205196,9.713991707422055,34.39319682936435,20.690659863714828,165184660.82154095,6970692.776565867,258583200.13983774,2411424.6626879233,61208801.20202061,216715686.37620556,6296461988.296348
76,2024-04-01,26.215199270471725,1.1062490314918338,41.03825983075909,319.35773515405043,0.4720478558395938,59.49184004059152,33.83617368474966,11028.37516573812,0.38269705811205196,9.713991707422055,34.39319682936435,20.690659863714828,165184660.82154095,6970692.776565867,258583200.13983774,2411424.6626879233,61208801.20202061,216715686.37620556,6296461988.296348
77,2024-04-01,26.215199270471725,1.1062490314918338,41.03825983075909,319.35773515405043,0.4720478558395938,59.49184004059152,33.83617368474966,11028.37516573812,0.38269705811205196,9.713991707422055,34.39319682936435,20.690659863714828,165184660.82154095,6970692.776565867,258583200.13983774,2411424.6626879233,61208801.20202061,216715686.37620556,6296461988.296348
78,2024-04-01,26.215199270471725,1.1062490314918338,41.03825983075909,319.35773515405043,0.4720478558395938,59.49184004059152,33.83617368474966,11028.37516573812,0.38269705811205196,9.713991707422055,34.39319682936435,20.690659863714828,165184660.82154095,6970692.776565867,258583200.13983774,2411424.6626879233,61208801.20202061,216715686.37620556,6296461988.296348
79,2024-04-01,26.215199270471725,1.1062490314918338,41.03825983075909,319.35773515405043,0.4720478558395938,59.49184004059152,33.83617368474966,11028.37516573812,0.38269705811205196,9.713991707422055,34.39319682936435,20.690659863714828,165184660.82154095,6970692.776565867,258583200.13983774,2411424.6626879233,61208801.20202061,216715686.37620556,6296461988.296348
80,2024-05-01,17.31175015858992,2.8762475149860025,51.518616998085335,319.35773515405043,0.4720478558395938,59.49184004059152,33.83617368474966,11028.37516573812,0.09896697716969423,1.296924077584674,23.625243392601643,10.677793751917118,109082872.04054087,18123801.427686967,324621756.8247395,623609.3390298792,8172026.294631089,148865754.29744393,6296461988.296348
81,2024-05-01,17.31175015858992,2.8762475149860025,51.518616998085335,319.35773515405043,0.4720478558395938,59.49184004059152,33.83617368474966,11028.37516573812,0.09896697716969423,1.296924077584674,23.625243392601643,10.677793751917118,109082872.04054087,18123801.427686967,324621756.8247395,623609.3390298792,8172026.294631089,148865754.29744393,6296461988.305915
82,2024-05-01,17.31175015858992,2.8762475149860025,51.518616998085335,319.35773515405043,0.4720478558395938,59.49184004059152,33.83617368474966,11028.37516573812,0.09896697716969423,1.296924077584674,23.625243392601643,10.677793751917118,109082872.04054087,18123801.427686967,324621756.8247395,623609.3390298792,8172026.294631089,148865754.29744393,6296461988.296348
83,2024-05-01,17.31175015858992,2.8762475149860025,51.518616998085335,319.35773515405043,0.4720478558395938,59.49184004059152,33.83617368474966,11028.37516573812,0.09896697716969423,1.296924077584674,23.625243392601643,10.677793751917118,109082872.04054087,18123801.427686967,324621756.8247395,623609.3390298792,8172026.294631089,148865754.29744393,6296461988.296348
84,2024-05-01,17.31175015858992,2.8762475149860025,51.518616998085335,319.35773515405043,0.4720478558395938,59.49184004059152,33.83617368474966,11028.37516573812,0.09896697716969423,1.296924077584674,23.625243392601643,10.677793751917118,109082872.04054087,18123801.427686967,324621756.8247395,623609.3390298792,8172026.294631089,148865754.29744393,6296461988.296348
85,2024-05-01,17.31175015858992,2.8762475149860025,51.518616998085335,319.35773515405043,0.4720478558395938,59.49184004059152,33.83617368474966,11028.37516573812,0.09896697716969423,1.296924077584674,23.625243392601643,10.677793751917118,109082872.04054087,18123801.427686967,324621756.8247395,623609.3390298792,8172026.294631089,148865754.29744393,6296461988.296348
86,2024-05-01,17.31175015858992,2.8762475149860025,51.518616998085335,319.35773515405043,0.4720478558395938,59.49184004059152,33.83617368474966,11028.37516573812,0.09896697716969423,1.296924077584674,23.625243392601643,10.677793751917118,109082872.04054087,18123801.427686967,324621756.8247395,623609.3390298792,8172026.294631089,148865754.29744393,6296461988.296348
87,2024-05-01,17.31175015858992,2.8762475149860025,51.518616998085335,319.35773515405043,0.4720478558395938,59.49184004059152,33.83617368474966,11028.37516573812,0.09896697716969423,1.296924077584674,23.625243392601643,10.677793751917118,109082872.04054087,18123801.427686967,324621756.8247395,623609.3390298792,8172026.294631089,148865754.29744393,6296461988.296348
88,2024-05-01,17.31175015858992,2.8762475149860025,51.518616998085335,319.35773515405043,0.4720478558395938,59.49184004059152,33.83617368474966,11028.37516573812,0.09896697716969423,1.296924077584674,23.625243392601643,10.677793751917118,109082872.04054087,18123801.427686967,324621756.8247395,623609.3390298792,8172026.294631089,148865754.29744393,6296461988.296348
89,2024-05-01,17.31175015858992,2.8762475149860025,51.518616998085335,319.35773515405043,0.4720478558395938,59.49184004059152,33.83617368474966,11028.37516573812,0.09896697716969423,1.296924077584674,23.625243392601643,10.677793751917118,109082872.04054087,18123801.427686967,324621756.8247395,623609.3390298792,8172026.294631089,148865754.29744393,6296461988.296348
90,2024-05-01,17.31175015858992,2.8762475149860025,51.518616998085335,319.35773515405043,0.4720478558395938,59.49184004059152,33.83617368474966,11028.37516573812,0.09896697716969423,1.296924077584674,23.625243392601643,10.677793751917118,109082872.04054087,18123801.427686967,324621756.8247395,623609.3390298792,8172026.294631089,148865754.29744393,6296461988.296348
91,2024-05-01,17.31175015858992,2.8762475149860025,51.518616998085335,319.35773515405043,0.4720478558395938,59.49184004059152,33.83617368474966,11028.37516573812,0.09896697716969423,1.296924077584674,23.625243392601643,10.677793751917118,109082872.04054087,18123801.427686967,324621756.8247395,623609.3390298792,8172026.294631089,148865754.29744393,6296461988.296348
92,2024-05-01,17.31175015858992,2.8762475149860025,51.518616998085335,319.35773515405043,0.4720478558395938,59.49184004059152,33.83617368474966,11028.37516573812,0.09896697716969423,1.296924077584674,23.625243392601643,10.677793751917118,109082872.04054087,18123801.427686967,324621756.8247395,623609.3390298792,8172026.294631089,148865754.29744393,6296461988.296348
93,2024-05-01,17.31175015858992,2.8762475149860025,51.518616998085335,319.35773515405043,0.4720478558395938,59.49184004059152,33.83617368474966,11028.37516573812,0.09896697716969423,1.296924077584674,23.625243392601643,10.677793751917118,109082872.04054087,18123801.427686967,324621756.8247395,623609.3390298792,8172026.294631089,148865754.29744393,6296461988.296348
94,2024-05-01,17.31175015858992,2.8762475149860025,51.518616998085335,319.35773515405043,0.4720478558395938,59.49184004059152,33.83617368474966,11028.37516573812,0.09896697716969423,1.296924077584674,23.625243392601643,10.677793751917118,109082872.04054087,18123801.427686967,324621756.8247395,623609.3390298792,8172026.294631089,148865754.29744393,6296461988.296348
95,2024-05-01,17.31175015858992,2.8762475149860025,51.518616998085335,319.35773515405043,0.4720478558395938,59.49184004059152,33.83617368474966,11028.37516573812,0.09896697716969423,1.296924077584674,23.625243392601643,10.677793751917118,109082872.04054087,18123801.427686967,324621756.8247395,623609.3390298792,8172026.294631089,148865754.29744393,6296461988.305915
96,2024-05-01,17.31175015858992,2.8762475149860025,51.518616998085335,319.35773515405043,0.4720478558395938,59.49184004059152,33.83617368474966,11028.37516573812,0.09896697716969423,1.296924077584674,23.625243392601643,10.677793751917118,109082872.04054087,18123801.427686967,324621756.8247395,623609.3390298792,8172026.294631089,148865754.29744393,6296461988.305915
97,2024-05-01,17.31175015858992,2.8762475149860025,51.518616998085335,319.35773515405043,0.4720478558395938,59.49184004059152,33.83617368474966,11028.37516573812,0.09896697716969423,1.296924077584674,23.625243392601643,10.677793751917118,109082872.04054087,18123801.427686967,324621756.8247395,623609.3390298792,8172026.294631089,148865754.29744393,6296461988.296348
98,2024-05-01,17.31175015858992,2.8762475149860025,51.518616998085335,319.35773515405043,0.4720478558395938,59.49184004059152,33.83617368474966,11028.37516573812,0.09896697716969423,1.296924077584674,23.625243392601643,10.677793751917118,109082872.04054087,18123801.427686967,324621756.8247395,623609.3390298792,8172026.294631089,148865754.29744393,6296461988.296348
99,2024-05-01,17.31175015858992,2.8762475149860025,51.518616998085335,319.35773515405043,0.4720478558395938,59.49184004059152,33.83617368474966,11028.37516573812,0.09896697716969423,1.296924077584674,23.625243392601643,10.677793751917118,109082872.04054087,18123801.427686967,324621756.8247395,623609.3390298792,8172026.294631089,148865754.29744393,6296461988.296348
100,2024-06-01,18.97049839319522,4.424996125967335,48.9190886203989,319.35773515405043,0.4720478558395938,59.49184004059152,33.83617368474966,11028.37516573812,0.7734211387470284,1.3171900259438392,18.513227794997064,8.476917286044628,119533470.01021181,27882771.106263466,308242323.8591298,4873474.520951511,8299803.0173967695,116654414.67049022,6296461988.305915
101,2024-06-01,18.97049839319522,4.424996125967335,48.9190886203989,319.35773515405043,0.4720478558395938,59.49184004059152,33.83617368474966,11028.37516573812,0.7734211387470284,1.3171900259438392,18.513227794997064,8.476917286044628,119533470.01021181,27882771.106263466,308242323.8591298,4873474.520951511,8299803.0173967695,116654414.67049022,6296461988.296348
102,2024-06-01,18.97049839319522,4.424996125967335,48.9190886203989,319.35773515405043,0.4720478558395938,59.49184004059152,33.83617368474966,11028.37516573812,0.7734211387470284,1.3171900259438392,18.513227794997064,8.476917286044628,119533470.01021181,27882771.106263466,308242323.8591298,4873474.520951511,8299803.0173967695,116654414.67049022,6296461988.296348
103,2024-06-01,18.97049839319522,4.424996125967335,48.9190886203989,319.35773515405043,0.4720478558395938,59.49184004059152,33.83617368474966,11028.37516573812,0.7734211387470284,1.3171900259438392,18.513227794997064,8.476917286044628,119533470.01021181,27882771.106263466,308242323.8591298,4873474.520951511,8299803.0173967695,116654414.67049022,6296461988.296348
104,2024-06-01,18.97049839319522,4.424996125967335,48.9190886203989,319.35773515405043,0.4720478558395938,59.49184004059152,33.83617368474966,11028.37516573812,0.7734211387470284,1.3171900259438392,18.513227794997064,8.476917286044628,119533470.01021181,27882771.106263466,308242323.8591298,4873474.520951511,8299803.0173967695,116654414.67049022,6296461988.296348
105,2024-06-01,18.97049839319522,4.424996125967335,48.9190886203989,319.35773515405043,0.4720478558395938,59.49184004059152,33.83617368474966,11028.37516573812,0.7734211387470284,1.3171900259438392,18.513227794997064,8.476917286044628,119533470.01021181,27882771.106263466,308242323.8591298,4873474.520951511,8299803.0173967695,116654414.67049022,6296461988.296348
106,2024-06-01,18.97049839319522,4.424996125967335,48.9190886203989,319.35773515405043,0.4720478558395938,59.49184004059152,33.83617368474966,11028.37516573812,0.7734211387470284,1.3171900259438392,18.513227794997064,8.476917286044628,119533470.01021181,27882771.106263466,308242323.8591298,4873474.520951511,8299803.0173967695,116654414.67049022,6296461988.296348
107,2024-06-01,18.97049839319522,4.424996125967335,48.9190886203989,319.35773515405043,0.4720478558395938,59.49184004059152,33.83617368474966,11028.37516573812,0.7734211387470284,1.3171900259438392,18.513227794997064,8.476917286044628,119533470.01021181,27882771.106263466,308242323.8591298,4873474.520951511,8299803.0173967695,116654414.67049022,6296461988.296348
108,2024-06-01,18.97049839319522,4.424996125967335,48.9190886203989,319.35773515405043,0.4720478558395938,59.49184004059152,33.83617368474966,11028.37516573812,0.7734211387470284,1.3171900259438392,18.513227794997064,8.476917286044628,119533470.01021181,27882771.106263466,308242323.8591298,4873474.520951511,8299803.0173967695,116654414.67049022,6296461988.305915
109,2024-06-01,18.97049839319522,4.424996125967335,48.9190886203989,319.35773515405043,0.4720478558395938,59.49184004059152,33.83617368474966,11028.37516573812,0.7734211387470284,1.3171900259438392,18.513227794997064,8.476917286044628,119533470.01021181,27882771.106263466,308242323.8591298,4873474.520951511,8299803.0173967695,116654414.67049022,6296461988.296348
110,2024-06-01,18.97049839319522,4.424996125967335,48.9190886203989,319.35773515405043,0.4720478558395938,59.49184004059152,33.83617368474966,11028.37516573812,0.7734211387470284,1.3171900259438392,18.513227794997064,8.476917286044628,119533470.01021181,27882771.106263466,308242323.8591298,4873474.520951511,8299803.0173967695,116654414.67049022,6296461988.296348
111,2024-06-01,18.97049839319522,4.424996125967335,48.9190886203989,319.35773515405043,0.4720478558395938,59.49184004059152,33.83617368474966,11028.37516573812,0.7734211387470284,1.3171900259438392,18.513227794997064,8.476917286044628,119533470.01021181,27882771.106263466,308242323.8591298,4873474.520951511,8299803.0173967695,116654414.67049022,6296461988.296348
112,2024-06-01,18.97049839319522,4.424996125967335,48.9190886203989,319.35773515405043,0.4720478558395938,59.49184004059152,33.83617368474966,11028.37516573812,0.7734211387470284,1.3171900259438392,18.513227794997064,8.476917286044628,119533470.01021181,27882771.106263466,308242323.8591298,4873474.520951511,8299803.0173967695,116654414.67049022,6296461988.296348
113,2024-06-01,18.97049839319522,4.424996125967335,48.9190886203989,319.35773515405043,0.4720478558395938,59.49184004059152,33.83617368474966,11028.37516573812,0.7734211387470284,1.3171900259438392,18.513227794997064,8.476917286044628,119533470.01021181,27882771.106263466,308242323.8591298,4873474.520951511,8299803.0173967695,116654414.67049022,6296461988.305915
114,2024-06-01,18.97049839319522,4.424996125967335,48.9190886203989,319.35773515405043,0.4720478558395938,59.49184004059152,33.83617368474966,11028.37516573812,0.7734211387470284,1.3171900259438392,18.513227794997064,8.476917286044628,119533470.01021181,27882771.106263466,308242323.8591298,4873474.520951511,8299803.0173967695,116654414.67049022,6296461988.296348
115,2024-06-01,18.97049839319522,4.424996125967335,48.9190886203989,319.35773515405043,0.4720478558395938,59.49184004059152,33.83617368474966,11028.37516573812,0.7734211387470284,1.3171900259438392,18.513227794997064,8.476917286044628,119533470.01021181,27882771.106263466,308242323.8591298,4873474.520951511,8299803.0173967695,116654414.67049022,6296461988.296348
116,2024-06-01,18.97049839319522,4.424996125967335,48.9190886203989,319.35773515405043,0.4720478558395938,59.49184004059152,33.83617368474966,11028.37516573812,0.7734211387470284,1.3171900259438392,18.513227794997064,8.476917286044628,119533470.01021181,27882771.106263466,308242323.8591298,4873474.520951511,8299803.0173967695,116654414.67049022,6296461988.296348
117,2024-06-01,18.97049839319522,4.424996125967335,48.9190886203989,319.35773515405043,0.4720478558395938,59.49184004059152,33.83617368474966,11028.37516573812,0.7734211387470284,1.3171900259438392,18.513227794997064,8.476917286044628,119533470.01021181,27882771.106263466,308242323.8591298,4873474.520951511,8299803.0173967695,116654414.67049022,6296461988.296348
118,2024-06-01,18.97049839319522,4.424996125967335,48.9190886203989,319.35773515405043,0.4720478558395938,59.49184004059152,33.83617368474966,11028.37516573812,0.7734211387470284,1.3171900259438392,18.513227794997064,8.476917286044628,119533470.01021181,27882771.106263466,308242323.8591298,4873474.520951511,8299803.0173967695,116654414.67049022,6296461988.296348
119,2024-06-01,18.97049839319522,4.424996125967335,48.9190886203989,319.35773515405043,0.4720478558395938,59.49184004059152,33.83617368474966,11028.37516573812,0.7734211387470284,1.3171900259438392,18.513227794997064,8.476917286044628,119533470.01021181,27882771.106263466,308242323.8591298,4873474.520951511,8299803.0173967695,116654414.67049022,6296461988.296348
120,2024-07-01,3.1455901744289303,5.752495029972005,41.88311215916072,319.35773515405043,0.4720478558395938,59.49184004059152,33.83617368474966,11028.37516573812,1.8154169956365351,1.4551710659339188,17.439389815963224,7.216216672360615,19820768.92310059,36247602.855373934,263908111.11528084,11439300.737546662,9169317.884336123,109888288.21030766,6296461988.296348
121,2024-07-01,3.1455901744289303,5.752495029972005,41.88311215916072,319.35773515405043,0.4720478558395938,59.49184004059152,33.83617368474966,11028.37516573812,1.8154169956365351,1.4551710659339188,17.439389815963224,7.216216672360615,19820768.92310059,36247602.855373934,263908111.11528084,11439300.737546662,9169317.884336123,109888288.21030766,6296461988.296348
122,2024-07-01,3.1455901744289303,5.752495029972005,41.88311215916072,319.35773515405043,0.4720478558395938,59.49184004059152,33.83617368474966,11028.37516573812,1.8154169956365351,1.4551710659339188,17.439389815963224,7.216216672360615,19820768.92310059,36247602.855373934,263908111.11528084,11439300.737546662,9169317.884336123,109888288.21030766,6296461988.296348
123,2024-07-01,3.1455901744289303,5.752495029972005,41.88311215916072,319.35773515405043,0.4720478558395938,59.49184004059152,33.83617368474966,11028.37516573812,1.8154169956365351,1.4551710659339188,17.439389815963224,7.216216672360615,19820768.92310059,36247602.855373934,263908111.11528084,11439300.737546662,9169317.884336123,109888288.21030766,6296461988.296348
124,2024-07-01,3.1455901744289303,5.752495029972005,41.88311215916072,319.35773515405043,0.4720478558395938,59.49184004059152,33.83617368474966,11028.37516573812,1.8154169956365351,1.4551710659339188,17.439389815963224,7.216216672360615,19820768.92310059,36247602.855373934,263908111.11528084,11439300.737546662,9169317.884336123,109888288.21030766,6296461988.296348
125,2024-07-01,3.1455901744289303,5.752495029972005,41.88311215916072,319.35773515405043,0.4720478558395938,59.49184004059152,33.83617368474966,11028.37516573812,1.8154169956365351,1.4551710659339188,17.439389815963224,7.216216672360615,19820768.92310059,36247602.855373934,263908111.11528084,11439300.737546662,9169317.884336123,109888288.21030766,6296461988.296348
126,2024-07-01,3.1455901744289303,5.752495029972005,41.88311215916072,319.35773515405043,0.4720478558395938,59.49184004059152,33.83617368474966,11028.37516573812,1.8154169956365351,1.4551710659339188,17.439389815963224,7.216216672360615,19820768.92310059,36247602.855373934,263908111.11528084,11439300.737546662,9169317.884336123,109888288.21030766,6296461988.296348
127,2024-07-01,3.1455901744289303,5.752495029972005,41.88311215916072,319.35773515405043,0.4720478558395938,59.49184004059152,33.83617368474966,11028.37516573812,1.8154169956365351,1.4551710659339188,17.439389815963224,7.216216672360615,19820768.92310059,36247602.855373934,263908111.11528084,11439300.737546662,9169317.884336123,109888288.21030766,6296461988.296348
128,2024-07-01,3.1455901744289303,5.752495029972005,41.88311215916072,319.35773515405043,0.4720478558395938,59.49184004059152,33.83617368474966,11028.37516573812,1.8154169956365351,1.4551710659339188,17.439389815963224,7.216216672360615,19820768.92310059,36247602.855373934,263908111.11528084,11439300.737546662,9169317.884336123,109888288.21030766,6296461988.305915
129,2024-07-01,3.1455901744289303,5.752495029972005,41.88311215916072,319.35773515405043,0.4720478558395938,59.49184004059152,33.83617368474966,11028.37516573812,1.8154169956365351,1.4551710659339188,17.439389815963224,7.216216672360615,19820768.92310059,36247602.855373934,263908111.11528084,11439300.737546662,9169317.884336123,109888288.21030766,6296461988.296348
130,2024-07-01,3.1455901744289303,5.752495029972005,41.88311215916072,319.35773515405043,0.4720478558395938,59.49184004059152,33.83617368474966,11028.37516573812,1.8154169956365351,1.4551710659339188,17.439389815963224,7.216216672360615,19820768.92310059,36247602.855373934,263908111.11528084,11439300.737546662,9169317.884336123,109888288.21030766,6296461988.305915
131,2024-07-01,3.1455901744289303,5.752495029972005,41.88311215916072,319.35773515405043,0.4720478558395938,59.49184004059152,33.83617368474966,11028.37516573812,1.8154169956365351,1.4551710659339188,17.439389815963224,7.216216672360615,19820768.92310059,36247602.855373934,263908111.11528084,11439300.737546662,9169317.884336123,109888288.21030766,6296461988.296348
132,2024-07-01,3.1455901744289303,5.752495029972005,41.88311215916072,319.35773515405043,0.4720478558395938,59.49184004059152,33.83617368474966,11028.37516573812,1.8154169956365351,1.4551710659339188,17.439389815963224,7.216216672360615,19820768.92310059,36247602.855373934,263908111.11528084,11439300.737546662,9169317.884336123,109888288.21030766,6296461988.296348
133,2024-07-01,3.1455901744289303,5.752495029972005,41.88311215916072,319.35773515405043,0.4720478558395938,59.49184004059152,33.83617368474966,11028.37516573812,1.8154169956365351,1.4551710659339188,17.439389815963224,7.216216672360615,19820768.92310059,36247602.855373934,263908111.11528084,11439300.737546662,9169317.884336123,109888288.21030766,6296461988.296348
134,2024-07-01,3.1455901744289303,5.752495029972005,41.88311215916072,319.35773515405043,0.4720478558395938,59.49184004059152,33.83617368474966,11028.37516573812,1.8154169956365351,1.4551710659339188,17.439389815963224,7.216216672360615,19820768.92310059,36247602.855373934,263908111.11528084,11439300.737546662,9169317.884336123,109888288.21030766,6296461988.296348
135,2024-07-01,3.1455901744289303,5.752495029972005,41.88311215916072,319.35773515405043,0.4720478558395938,59.49184004059152,33.83617368474966,11028.37516573812,1.8154169956365351,1.4551710659339188,17.439389815963224,7.216216672360615,19820768.92310059,36247602.855373934,263908111.11528084,11439300.737546662,9169317.884336123,109888288.21030766,6296461988.296348
136,2024-07-01,3.1455901744289303,5.752495029972005,41.88311215916072,319.35773515405043,0.4720478558395938,59.49184004059152,33.83617368474966,11028.37516573812,1.8154169956365351,1.4551710659339188,17.439389815963224,7.216216672360615,19820768.92310059,36247602.855373934,263908111.11528084,11439300.737546662,9169317.884336123,109888288.21030766,6296461988.296348
137,2024-07-01,3.1455901744289303,5.752495029972005,41.88311215916072,319.35773515405043,0.4720478558395938,59.49184004059152,33.83617368474966,11028.37516573812,1.8154169956365351,1.4551710659339188,17.439389815963224,7.216216672360615,19820768.92310059,36247602.855373934,263908111.11528084,11439300.737546662,9169317.884336123,109888288.21030766,6296461988.296348
138,2024-07-01,3.1455901744289303,5.752495029972005,41.88311215916072,319.35773515405043,0.4720478558395938,59.49184004059152,33.83617368474966,11028.37516573812,1.8154169956365351,1.4551710659339188,17.439389815963224,7.216216672360615,19820768.92310059,36247602.855373934,263908111.11528084,11439300.737546662,9169317.884336123,109888288.21030766,6296461988.305915
139,2024-07-01,3.1455901744289303,5.752495029972005,41.88311215916072,319.35773515405043,0.4720478558395938,59.49184004059152,33.83617368474966,11028.37516573812,1.8154169956365351,1.4551710659339188,17.439389815963224,7.216216672360615,19820768.92310059,36247602.855373934,263908111.11528084,11439300.737546662,9169317.884336123,109888288.21030766,6296461988.296348
140,2024-08-01,58.13318610638817,4.64624598069204,43.60927038059899,319.35773515405043,0.4720478558395938,59.49184004059152,33.83617368474966,11028.37516573812,3.0528590953588233,5.7122694909434735,32.486422796299884,24.121102241680372,366300183.69457173,29276909.966720324,274784301.8272784,19236639.624238543,35993792.21831228,204700252.69366947,6296461988.296348
141,2024-08-01,58.13318610638817,4.64624598069204,43.60927038059899,319.35773515405043,0.4720478558395938,59.49184004059152,33.83617368474966,11028.37516573812,3.0528590953588233,5.7122694909434735,32.486422796299884,24.121102241680372,366300183.69457173,29276909.966720324,274784301.8272784,19236639.624238543,35993792.21831228,204700252.69366947,6296461988.296348
142,2024-08-01,58.13318610638817,4.64624598069204,43.60927038059899,319.35773515405043,0.4720478558395938,59.49184004059152,33.83617368474966,11028.37516573812,3.0528590953588233,5.7122694909434735,32.486422796299884,24.121102241680372,366300183.69457173,29276909.966720324,274784301.8272784,19236639.624238543,35993792.21831228,204700252.69366947,6296461988.296348
143,2024-08-01,58.13318610638817,4.64624598069204,43.60927038059899,319.35773515405043,0.4720478558395938,59.49184004059152,33.83617368474966,11028.37516573812,3.0528590953588233,5.7122694909434735,32.486422796299884,24.121102241680372,366300183.69457173,29276909.966720324,274784301.8272784,19236639.624238543,35993792.21831228,204700252.69366947,6296461988.305915
144,2024-08-01,58.13318610638817,4.64624598069204,43.60927038059899,319.35773515405043,0.4720478558395938,59.49184004059152,33.83617368474966,11028.37516573812,3.0528590953588233,5.7122694909434735,32.486422796299884,24.121102241680372,366300183.69457173,29276909.966720324,274784301.8272784,19236639.624238543,35993792.21831228,204700252.69366947,6296461988.296348
145,2024-08-01,58.13318610638817,4.64624598069204,43.60927038059899,319.35773515405043,0.4720478558395938,59.49184004059152,33.83617368474966,11028.37516573812,3.0528590953588233,5.7122694909434735,32.486422796299884,24.121102241680372,366300183.69457173,29276909.966720324,274784301.8272784,19236639.624238543,35993792.21831228,204700252.69366947,6296461988.296348
146,2024-08-01,58.13318610638817,4.64624598069204,43.60927038059899,319.35773515405043,0.4720478558395938,59.49184004059152,33.83617368474966,11028.37516573812,3.0528590953588233,5.7122694909434735,32.486422796299884,24.121102241680372,366300183.69457173,29276909.966720324,274784301.8272784,19236639.624238543,35993792.21831228,204700252.69366947,6296461988.296348
147,2024-08-01,58.13318610638817,4.64624598069204,43.60927038059899,319.35773515405043,0.4720478558395938,59.49184004059152,33.83617368474966,11028.37516573812,3.0528590953588233,5.7122694909434735,32.486422796299884,24.121102241680372,366300183.69457173,29276909.966720324,274784301.8272784,19236639.624238543,35993792.21831228,204700252.69366947,6296461988.296348
148,2024-08-01,58.13318610638817,4.64624598069204,43.60927038059899,319.35773515405043,0.4720478558395938,59.49184004059152,33.83617368474966,11028.37516573812,3.0528590953588233,5.7122694909434735,32.486422796299884,24.121102241680372,366300183.69457173,29276909.966720324,274784301.8272784,19236639.624238543,35993792.21831228,204700252.69366947,6296461988.296348
149,2024-08-01,58.13318610638817,4.64624598069204,43.60927038059899,319.35773515405043,0.4720478558395938,59.49184004059152,33.83617368474966,11028.37516573812,3.0528590953588233,5.7122694909434735,32.486422796299884,24.121102241680372,366300183.69457173,29276909.966720324,274784301.8272784,19236639.624238543,35993792.21831228,204700252.69366947,6296461988.296348
150,2024-08-01,58.13318610638817,4.64624598069204,43.60927038059899,319.35773515405043,0.4720478558395938,59.49184004059152,33.83617368474966,11028.37516573812,3.0528590953588233,5.7122694909434735,32.486422796299884,24.121102241680372,366300183.69457173,29276909.966720324,274784301.8272784,19236639.624238543,35993792.21831228,204700252.69366947,6296461988.296348
151,2024-08-01,58.13318610638817,4.64624598069204,43.60927038059899,319.35773515405043,0.4720478558395938,59.49184004059152,33.83617368474966,11028.37516573812,3.0528590953588233,5.7122694909434735,32.486422796299884,24.121102241680372,366300183.69457173,29276909.966720324,274784301.8272784,19236639.624238543,35993792.21831228,204700252.69366947,6296461988.305915
152,2024-08-01,58.13318610638817,4.64624598069204,43.60927038059899,319.35773515405043,0.4720478558395938,59.49184004059152,33.83617368474966,11028.37516573812,3.0528590953588233,5.7122694909434735,32.486422796299884,24.121102241680372,366300183.69457173,29276909.966720324,274784301.8272784,19236639.624238543,35993792.21831228,204700252.69366947,6296461988.296348
153,2024-08-01,58.13318610638817,4.64624598069204,43.60927038059899,319.35773515405043,0.4720478558395938,59.49184004059152,33.83617368474966,11028.37516573812,3.0528590953588233,5.7122694909434735,32.486422796299884,24.121102241680372,366300183.69457173,29276909.966720324,274784301.8272784,19236639.624238543,35993792.21831228,204700252.69366947,6296461988.296348
154,2024-08-01,58.13318610638817,4.64624598069204,43.60927038059899,319.35773515405043,0.4720478558395938,59.49184004059152,33.83617368474966,11028.37516573812,3.0528590953588233,5.7122694909434735,32.486422796299884,24.121102241680372,366300183.69457173,29276909.966720324,274784301.8272784,19236639.624238543,35993792.21831228,204700252.69366947,6296461988.296348
155,2024-08-01,58.13318610638817,4.64624598069204,43.60927038059899,319.35773515405043,0.4720478558395938,59.49184004059152,33.83617368474966,11028.37516573812,3.0528590953588233,5.7122694909434735,32.486422796299884,24.121102241680372,366300183.69457173,29276909.966720324,274784301.8272784,19236639.624238543,35993792.21831228,204700252.69366947,6296461988.305915
156,2024-08-01,58.13318610638817,4.64624598069204,43.60927038059899,319.35773515405043,0.4720478558395938,59.49184004059152,33.83617368474966,11028.37516573812,3.0528590953588233,5.7122694909434735,32.486422796299884,24.121102241680372,366300183.69457173,29276909.966720324,274784301.8272784,19236639.624238543,35993792.21831228,204700252.69366947,6296461988.296348
157,2024-08-01,58.13318610638817,4.64624598069204,43.60927038059899,319.35773515405043,0.4720478558395938,59.49184004059152,33.83617368474966,11028.37516573812,3.0528590953588233,5.7122694909434735,32.486422796299884,24.121102241680372,366300183.69457173,29276909.966720324,274784301.8272784,19236639.624238543,35993792.21831228,204700252.69366947,6296461988.296348
158,2024-08-01,58.13318610638817,4.64624598069204,43.60927038059899,319.35773515405043,0.4720478558395938,59.49184004059152,33.83617368474966,11028.37516573812,3.0528590953588233,5.7122694909434735,32.486422796299884,24.121102241680372,366300183.69457173,29276909.966720324,274784301.8272784,19236639.624238543,35993792.21831228,204700252.69366947,6296461988.296348
159,2024-08-01,58.13318610638817,4.64624598069204,43.60927038059899,319.35773515405043,0.4720478558395938,59.49184004059152,33.83617368474966,11028.37516573812,3.0528590953588233,5.7122694909434735,32.486422796299884,24.121102241680372,366300183.69457173,29276909.966720324,274784301.8272784,19236639.624238543,35993792.21831228,204700252.69366947,6296461988.296348
160,2024-09-01,2.659863067629943,2.2124980629836677,26.770945524259403,319.35773515405043,0.4720478558395938,59.49184004059152,33.83617368474966,11028.37516573812,0.3290718645523155,1.4091029144465799,23.811849726580366,11.801549126839204,16760190.482573468,13941385.553131733,168684882.8369506,2073546.552960991,8879011.198583512,150041691.93503848,6296461988.305915
161,2024-09-01,2.659863067629943,2.2124980629836677,26.770945524259403,319.35773515405043,0.4720478558395938,59.49184004059152,33.83617368474966,11028.37516573812,0.3290718645523155,1.4091029144465799,23.811849726580366,11.801549126839204,16760190.482573468,13941385.553131733,168684882.8369506,2073546.552960991,8879011.198583512,150041691.93503848,6296461988.296348
162,2024-09-01,2.659863067629943,2.2124980629836677,26.770945524259403,319.35773515405043,0.4720478558395938,59.49184004059152,33.83617368474966,11028.37516573812,0.3290718645523155,1.4091029144465799,23.811849726580366,11.801549126839204,16760190.482573468,13941385.553131733,168684882.8369506,2073546.552960991,8879011.198583512,150041691.93503848,6296461988.305915
163,2024-09-01,2.659863067629943,2.2124980629836677,26.770945524259403,319.35773515405043,0.4720478558395938,59.49184004059152,33.83617368474966,11028.37516573812,0.3290718645523155,1.4091029144465799,23.811849726580366,11.801549126839204,16760190.482573468,13941385.553131733,168684882.8369506,2073546.552960991,8879011.198583512,150041691.93503848,6296461988.296348
164,2024-09-01,2.659863067629943,2.2124980629836677,26.770945524259403,319.35773515405043,0.4720478558395938,59.49184004059152,33.83617368474966,11028.37516573812,0.3290718645523155,1.4091029144465799,23.811849726580366,11.801549126839204,16760190.482573468,13941385.553131733,168684882.8369506,2073546.552960991,8879011.198583512,150041691.93503848,6296461988.296348
165,2024-09-01,2.659863067629943,2.2124980629836677,26.770945524259403,319.35773515405043,0.4720478558395938,59.49184004059152,33.83617368474966,11028.37516573812,0.3290718645523155,1.4091029144465799,23.811849726580366,11.801549126839204,16760190.482573468,13941385.553131733,168684882.8369506,2073546.552960991,8879011.198583512,150041691.93503848,6296461988.296348
166,2024-09-01,2.659863067629943,2.2124980629836677,26.770945524259403,319.35773515405043,0.4720478558395938,59.49184004059152,33.83617368474966,11028.37516573812,0.3290718645523155,1.4091029144465799,23.811849726580366,11.801549126839204,16760190.482573468,13941385.553131733,168684882.8369506,2073546.552960991,8879011.198583512,150041691.93503848,6296461988.296348
167,2024-09-01,2.659863067629943,2.2124980629836677,26.770945524259403,319.35773515405043,0.4720478558395938,59.49184004059152,33.83617368474966,11028.37516573812,0.3290718645523155,1.4091029144465799,23.811849726580366,11.801549126839204,16760190.482573468,13941385.553131733,168684882.8369506,2073546.552960991,8879011.198583512,150041691.93503848,6296461988.296348
168,2024-09-01,2.659863067629943,2.2124980629836677,26.770945524259403,319.35773515405043,0.4720478558395938,59.49184004059152,33.83617368474966,11028.37516573812,0.3290718645523155,1.4091029144465799,23.811849726580366,11.801549126839204,16760190.482573468,13941385.553131733,168684882.8369506,2073546.552960991,8879011.198583512,150041691.93503848,6296461988.296348
169,2024-09-01,2.659863067629943,2.2124980629836677,26.770945524259403,319.35773515405043,0.4720478558395938,59.49184004059152,33.83617368474966,11028.37516573812,0.3290718645523155,1.4091029144465799,23.811849726580366,11.801549126839204,16760190.482573468,13941385.553131733,168684882.8369506,2073546.552960991,8879011.198583512,150041691.93503848,6296461988.296348
170,2024-09-01,2.659863067629943,2.2124980629836677,26.770945524259403,319.35773515405043,0.4720478558395938,59.49184004059152,33.83617368474966,11028.37516573812,0.3290718645523155,1.4091029144465799,23.811849726580366,11.801549126839204,16760190.482573468,13941385.553131733,168684882.8369506,2073546.552960991,8879011.198583512,150041691.93503848,6296461988.296348
171,2024-09-01,2.659863067629943,2.2124980629836677,26.770945524259403,319.35773515405043,0.4720478558395938,59.49184004059152,33.83617368474966,11028.37516573812,0.3290718645523155,1.4091029144465799,23.811849726580366,11.801549126839204,16760190.482573468,13941385.553131733,168684882.8369506,2073546.552960991,8879011.198583512,150041691.93503848,6296461988.296348
172,2024-09-01,2.659863067629943,2.2124980629836677,26.770945524259403,319.35773515405043,0.4720478558395938,59.49184004059152,33.83617368474966,11028.37516573812,0.3290718645523155,1.4091029144465799,23.811849726580366,11.801549126839204,16760190.482573468,13941385.553131733,168684882.8369506,2073546.552960991,8879011.198583512,150041691.93503848,6296461988.296348
173,2024-09-01,2.659863067629943,2.2124980629836677,26.770945524259403,319.35773515405043,0.4720478558395938,59.49184004059152,33.83617368474966,11028.37516573812,0.3290718645523155,1.4091029144465799,23.811849726580366,11.801549126839204,16760190.482573468,13941385.553131733,168684882.8369506,2073546.552960991,8879011.198583512,150041691.93503848,6296461988.296348
174,2024-09-01,2.659863067629943,2.2124980629836677,26.770945524259403,319.35773515405043,0.4720478558395938,59.49184004059152,33.83617368474966,11028.37516573812,0.3290718645523155,1.4091029144465799,23.811849726580366,11.801549126839204,16760190.482573468,13941385.553131733,168684882.8369506,2073546.552960991,8879011.198583512,150041691.93503848,6296461988.296348
175,2024-09-01,2.659863067629943,2.2124980629836677,26.770945524259403,319.35773515405043,0.4720478558395938,59.49184004059152,33.83617368474966,11028.37516573812,0.3290718645523155,1.4091029144465799,23.811849726580366,11.801549126839204,16760190.482573468,13941385.553131733,168684882.8369506,2073546.552960991,8879011.198583512,150041691.93503848,6296461988.296348
176,2024-09-01,2.659863067629943,2.2124980629836677,26.770945524259403,319.35773515405043,0.4720478558395938,59.49184004059152,33.83617368474966,11028.37516573812,0.3290718645523155,1.4091029144465799,23.811849726580366,11.801549126839204,16760190.482573468,13941385.553131733,168684882.8369506,2073546.552960991,8879011.198583512,150041691.93503848,6296461988.305915
177,2024-09-01,2.659863067629943,2.2124980629836677,26.770945524259403,319.35773515405043,0.4720478558395938,59.49184004059152,33.83617368474966,11028.37516573812,0.3290718645523155,1.4091029144465799,23.811849726580366,11.801549126839204,16760190.482573468,13941385.553131733,168684882.8369506,2073546.552960991,8879011.198583512,150041691.93503848,6296461988.296348
178,2024-09-01,2.659863067629943,2.2124980629836677,26.770945524259403,319.35773515405043,0.4720478558395938,59.49184004059152,33.83617368474966,11028.37516573812,0.3290718645523155,1.4091029144465799,23.811849726580366,11.801549126839204,16760190.482573468,13941385.553131733,168684882.8369506,2073546.552960991,8879011.198583512,150041691.93503848,6296461988.296348
179,2024-09-01,2.659863067629943,2.2124980629836677,26.770945524259403,319.35773515405043,0.4720478558395938,59.49184004059152,33.83617368474966,11028.37516573812,0.3290718645523155,1.4091029144465799,23.811849726580366,11.801549126839204,16760190.482573468,13941385.553131733,168684882.8369506,2073546.552960991,8879011.198583512,150041691.93503848,6296461988.296348
180,2024-10-01,34.81661180786282,1.1062490314918338,21.647799282725508,319.35773515405043,0.4720478558395938,59.49184004059152,33.83617368474966,11028.37516573812,0.8786454298079021,4.162897660492955,34.29244030985052,22.72490113232153,219381763.5298079,6970692.776565867,136403391.6797295,5536492.372727673,26231006.095561985,216080859.5383116,6296461988.296348
181,2024-10-01,34.81661180786282,1.1062490314918338,21.647799282725508,319.35773515405043,0.4720478558395938,59.49184004059152,33.83617368474966,11028.37516573812,0.8786454298079021,4.162897660492955,34.29244030985052,22.72490113232153,219381763.5298079,6970692.776565867,136403391.6797295,5536492.372727673,26231006.095561985,216080859.5383116,6296461988.296348
182,2024-10-01,34.81661180786282,1.1062490314918338,21.647799282725508,319.35773515405043,0.4720478558395938,59.49184004059152,33.83617368474966,11028.37516573812,0.8786454298079021,4.162897660492955,34.29244030985052,22.72490113232153,219381763.5298079,6970692.776565867,136403391.6797295,5536492.372727673,26231006.095561985,216080859.5383116,6296461988.296348
183,2024-10-01,34.81661180786282,1.1062490314918338,21.647799282725508,319.35773515405043,0.4720478558395938,59.49184004059152,33.83617368474966,11028.37516573812,0.8786454298079021,4.162897660492955,34.29244030985052,22.72490113232153,219381763.5298079,6970692.776565867,136403391.6797295,5536492.372727673,26231006.095561985,216080859.5383116,6296461988.296348
184,2024-10-01,34.81661180786282,1.1062490314918338,21.647799282725508,319.35773515405043,0.4720478558395938,59.49184004059152,33.83617368474966,11028.37516573812,0.8786454298079021,4.162897660492955,34.29244030985052,22.72490113232153,219381763.5298079,6970692.776565867,136403391.6797295,5536492.372727673,26231006.095561985,216080859.5383116,6296461988.296348
185,2024-10-01,34.81661180786282,1.1062490314918338,21.647799282725508,319.35773515405043,0.4720478558395938,59.49184004059152,33.83617368474966,11028.37516573812,0.8786454298079021,4.162897660492955,34.29244030985052,22.72490113232153,219381763.5298079,6970692.776565867,136403391.6797295,5536492.372727673,26231006.095561985,216080859.5383116,6296461988.296348
186,2024-10-01,34.81661180786282,1.1062490314918338,21.647799282725508,319.35773515405043,0.4720478558395938,59.49184004059152,33.83617368474966,11028.37516573812,0.8786454298079021,4.162897660492955,34.29244030985052,22.72490113232153,219381763.5298079,6970692.776565867,136403391.6797295,5536492.372727673,26231006.095561985,216080859.5383116,6296461988.296348
187,2024-10-01,34.81661180786282,1.1062490314918338,21.647799282725508,319.35773515405043,0.4720478558395938,59.49184004059152,33.83617368474966,11028.37516573812,0.8786454298079021,4.162897660492955,34.29244030985052,22.72490113232153,219381763.5298079,6970692.776565867,136403391.6797295,5536492.372727673,26231006.095561985,216080859.5383116,6296461988.305915
188,2024-10-01,34.81661180786282,1.1062490314918338,21.647799282725508,319.35773515405043,0.4720478558395938,59.49184004059152,33.83617368474966,11028.37516573812,0.8786454298079021,4.162897660492955,34.29244030985052,22.72490113232153,219381763.5298079,6970692.776565867,136403391.6797295,5536492.372727673,26231006.095561985,216080859.5383116,6296461988.296348
189,2024-10-01,34.81661180786282,1.1062490314918338,21.647799282725508,319.35773515405043,0.4720478558395938,59.49184004059152,33.83617368474966,11028.37516573812,0.8786454298079021,4.162897660492955,34.29244030985052,22.72490113232153,219381763.5298079,6970692.776565867,136403391.6797295,5536492.372727673,26231006.095561985,216080859.5383116,6296461988.296348
190,2024-10-01,34.81661180786282,1.1062490314918338,21.647799282725508,319.35773515405043,0.4720478558395938,59.49184004059152,33.83617368474966,11028.37516573812,0.8786454298079021,4.162897660492955,34.29244030985052,22.72490113232153,219381763.5298079,6970692.776565867,136403391.6797295,5536492.372727673,26231006.095561985,216080859.5383116,6296461988.296348
191,2024-10-01,34.81661180786282,1.1062490314918338,21.647799282725508,319.35773515405043,0.4720478558395938,59.49184004059152,33.83617368474966,11028.37516573812,0.8786454298079021,4.162897660492955,34.29244030985052,22.72490113232153,219381763.5298079,6970692.776565867,136403391.6797295,5536492.372727673,26231006.095561985,216080859.5383116,6296461988.305915
192,2024-10-01,34.81661180786282,1.1062490314918338,21.647799282725508,319.35773515405043,0.4720478558395938,59.49184004059152,33.83617368474966,11028.37516573812,0.8786454298079021,4.162897660492955,34.29244030985052,22.72490113232153,219381763.5298079,6970692.776565867,136403391.6797295,5536492.372727673,26231006.095561985,216080859.5383116,6296461988.296348
193,2024-10-01,34.81661180786282,1.1062490314918338,21.647799282725508,319.35773515405043,0.4720478558395938,59.49184004059152,33.83617368474966,11028.37516573812,0.8786454298079021,4.162897660492955,34.29244030985052,22.72490113232153,219381763.5298079,6970692.776565867,136403391.6797295,5536492.372727673,26231006.095561985,216080859.5383116,6296461988.296348
194,2024-10-01,34.81661180786282,1.1062490314918338,21.647799282725508,319.35773515405043,0.4720478558395938,59.49184004059152,33.83617368474966,11028.37516573812,0.8786454298079021,4.162897660492955,34.29244030985052,22.72490113232153,219381763.5298079,6970692.776565867,136403391.6797295,5536492.372727673,26231006.095561985,216080859.5383116,6296461988.296348
195,2024-10-01,34.81661180786282,1.1062490314918338,21.647799282725508,319.35773515405043,0.4720478558395938,59.49184004059152,33.83617368474966,11028.37516573812,0.8786454298079021,4.162897660492955,34.29244030985052,22.72490113232153,219381763.5298079,6970692.776565867,136403391.6797295,5536492.372727673,26231006.095561985,216080859.5383116,6296461988.296348
196,2024-10-01,34.81661180786282,1.1062490314918338,21.647799282725508,319.35773515405043,0.4720478558395938,59.49184004059152,33.83617368474966,11028.37516573812,0.8786454298079021,4.162897660492955,34.29244030985052,22.72490113232153,219381763.5298079,6970692.776565867,136403391.6797295,5536492.372727673,26231006.095561985,216080859.5383116,6296461988.296348
197,2024-10-01,34.81661180786282,1.1062490314918338,21.647799282725508,319.35773515405043,0.4720478558395938,59.49184004059152,33.83617368474966,11028.37516573812,0.8786454298079021,4.162897660492955,34.29244030985052,22.72490113232153,219381763.5298079,6970692.776565867,136403391.6797295,5536492.372727673,26231006.095561985,216080859.5383116,6296461988.305915
198,2024-10-01,34.81661180786282,1.1062490314918338,21.647799282725508,319.35773515405043,0.4720478558395938,59.49184004059152,33.83617368474966,11028.37516573812,0.8786454298079021,4.162897660492955,34.29244030985052,22.72490113232153,219381763.5298079,6970692.776565867,136403391.6797295,5536492.372727673,26231006.095561985,216080859.5383116,6296461988.296348
199,2024-10-01,34.81661180786282,1.1062490314918338,21.647799282725508,319.35773515405043,0.4720478558395938,59.49184004059152,33.83617368474966,11028.37516573812,0.8786454298079021,4.162897660492955,34.29244030985052,22.72490113232153,219381763.5298079,6970692.776565867,136403391.6797295,5536492.372727673,26231006.095561985,216080859.5383116,6296461988.296348
200,2024-11-01,27.324962800378078,0.0,14.142686926744071,319.35773515405043,0.4720478558395938,59.49184004059152,33.83617368474966,11028.37516573812,0.41457842085878566,7.238778895335105,41.07052260470823,27.439332038395154,172176176.2570058,0.0,89113116.54354905,2612318.8147857827,45612302.1953689,258790156.18090582,6296461988.296348
201,2024-11-01,27.324962800378078,0.0,14.142686926744071,319.35773515405043,0.4720478558395938,59.49184004059152,33.83617368474966,11028.37516573812,0.41457842085878566,7.238778895335105,41.07052260470823,27.439332038395154,172176176.2570058,0.0,89113116.54354905,2612318.8147857827,45612302.1953689,258790156.18090582,6296461988.296348
202,2024-11-01,27.324962800378078,0.0,14.142686926744071,319.35773515405043,0.4720478558395938,59.49184004059152,33.83617368474966,11028.37516573812,0.41457842085878566,7.238778895335105,41.07052260470823,27.439332038395154,172176176.2570058,0.0,89113116.54354905,2612318.8147857827,45612302.1953689,258790156.18090582,6296461988.296348
203,2024-11-01,27.324962800378078,0.0,14.142686926744071,319.35773515405043,0.4720478558395938,59.49184004059152,33.83617368474966,11028.37516573812,0.41457842085878566,7.238778895335105,41.07052260470823,27.439332038395154,172176176.2570058,0.0,89113116.54354905,2612318.8147857827,45612302.1953689,258790156.18090582,6296461988.305915
204,2024-11-01,27.324962800378078,0.0,14.142686926744071,319.35773515405043,0.4720478558395938,59.49184004059152,33.83617368474966,11028.37516573812,0.41457842085878566,7.238778895335105,41.07052260470823,27.439332038395154,172176176.2570058,0.0,89113116.54354905,2612318.8147857827,45612302.1953689,258790156.18090582,6296461988.296348
205,2024-11-01,27.324962800378078,0.0,14.142686926744071,319.35773515405043,0.4720478558395938,59.49184004059152,33.83617368474966,11028.37516573812,0.41457842085878566,7.238778895335105,41.07052260470823,27.439332038395154,172176176.2570058,0.0,89113116.54354905,2612318.8147857827,45612302.1953689,258790156.18090582,6296461988.296348
206,2024-11-01,27.324962800378078,0.0,14.142686926744071,319.35773515405043,0.4720478558395938,59.49184004059152,33.83617368474966,11028.37516573812,0.41457842085878566,7.238778895335105,41.07052260470823,27.439332038395154,172176176.2570058,0.0,89113116.54354905,2612318.8147857827,45612302.1953689,258790156.18090582,6296461988.296348
207,2024-11-01,27.324962800378078,0.0,14.142686926744071,319.35773515405043,0.4720478558395938,59.49184004059152,33.83617368474966,11028.37516573812,0.41457842085878566,7.238778895335105,41.07052260470823,27.439332038395154,172176176.2570058,0.0,89113116.54354905,2612318.8147857827,45612302.1953689,258790156.18090582,6296461988.296348
208,2024-11-01,27.324962800378078,0.0,14.142686926744071,319.35773515405043,0.4720478558395938,59.49184004059152,33.83617368474966,11028.37516573812,0.41457842085878566,7.238778895335105,41.07052260470823,27.439332038395154,172176176.2570058,0.0,89113116.54354905,2612318.8147857827,45612302.1953689,258790156.18090582,6296461988.296348
209,2024-11-01,27.324962800378078,0.0,14.142686926744071,319.35773515405043,0.4720478558395938,59.49184004059152,33.83617368474966,11028.37516573812,0.41457842085878566,7.238778895335105,41.07052260470823,27.439332038395154,172176176.2570058,0.0,89113116.54354905,2612318.8147857827,45612302.1953689,258790156.18090582,6296461988.296348
210,2024-11-01,27.324962800378078,0.0,14.142686926744071,319.35773515405043,0.4720478558395938,59.49184004059152,33.83617368474966,11028.37516573812,0.41457842085878566,7.238778895335105,41.07052260470823,27.439332038395154,172176176.2570058,0.0,89113116.54354905,2612318.8147857827,45612302.1953689,258790156.18090582,6296461988.296348
211,2024-11-01,27.324962800378078,0.0,14.142686926744071,319.35773515405043,0.4720478558395938,59.49184004059152,33.83617368474966,11028.37516573812,0.41457842085878566,7.238778895335105,41.07052260470823,27.439332038395154,172176176.2570058,0.0,89113116.54354905,2612318.8147857827,45612302.1953689,258790156.18090582,6296461988.296348
212,2024-11-01,27.324962800378078,0.0,14.142686926744071,319.35773515405043,0.4720478558395938,59.49184004059152,33.83617368474966,11028.37516573812,0.41457842085878566,7.238778895335105,41.07052260470823,27.439332038395154,172176176.2570058,0.0,89113116.54354905,2612318.8147857827,45612302.1953689,258790156.18090582,6296461988.305915
213,2024-11-01,27.324962800378078,0.0,14.142686926744071,319.35773515405043,0.4720478558395938,59.49184004059152,33.83617368474966,11028.37516573812,0.41457842085878566,7.238778895335105,41.07052260470823,27.439332038395154,172176176.2570058,0.0,89113116.54354905,2612318.8147857827,45612302.1953689,258790156.18090582,6296461988.296348
214,2024-11-01,27.324962800378078,0.0,14.142686926744071,319.35773515405043,0.4720478558395938,59.49184004059152,33.83617368474966,11028.37516573812,0.41457842085878566,7.238778895335105,41.07052260470823,27.439332038395154,172176176.2570058,0.0,89113116.54354905,2612318.8147857827,45612302.1953689,258790156.18090582,6296461988.296348
215,2024-11-01,27.324962800378078,0.0,14.142686926744071,319.35773515405043,0.4720478558395938,59.49184004059152,33.83617368474966,11028.37516573812,0.41457842085878566,7.238778895335105,41.07052260470823,27.439332038395154,172176176.2570058,0.0,89113116.54354905,2612318.8147857827,45612302.1953689,258790156.18090582,6296461988.305915
216,2024-11-01,27.324962800378078,0.0,14.142686926744071,319.35773515405043,0.4720478558395938,59.49184004059152,33.83617368474966,11028.37516573812,0.41457842085878566,7.238778895335105,41.07052260470823,27.439332038395154,172176176.2570058,0.0,89113116.54354905,2612318.8147857827,45612302.1953689,258790156.18090582,6296461988.296348
217,2024-11-01,27.324962800378078,0.0,14.142686926744071,319.35773515405043,0.4720478558395938,59.49184004059152,33.83617368474966,11028.37516573812,0.41457842085878566,7.238778895335105,41.07052260470823,27.439332038395154,172176176.2570058,0.0,89113116.54354905,2612318.8147857827,45612302.1953689,258790156.18090582,6296461988.296348
218,2024-11-01,27.324962800378078,0.0,14.142686926744071,319.35773515405043,0.4720478558395938,59.49184004059152,33.83617368474966,11028.37516573812,0.41457842085878566,7.238778895335105,41.07052260470823,27.439332038395154,172176176.2570058,0.0,89113116.54354905,2612318.8147857827,45612302.1953689,258790156.18090582,6296461988.296348
219,2024-11-01,27.324962800378078,0.0,14.142686926744071,319.35773515405043,0.4720478558395938,59.49184004059152,33.83617368474966,11028.37516573812,0.41457842085878566,7.238778895335105,41.07052260470823,27.439332038395154,172176176.2570058,0.0,89113116.54354905,2612318.8147857827,45612302.1953689,258790156.18090582,6296461988.296348
220,2024-12-01,19.99185489680271,0.0,13.083939055335266,319.35773515405043,0.4720478558395938,59.49184004059152,33.83617368474966,11028.37516573812,1.6496029559930672,9.900797087259534,40.665396692139154,25.235476652034134,125970799.06777103,0.0,82441737.25188157,10394358.751140565,62385856.90417455,256237874.51211417,6296461988.296348
221,2024-12-01,19.99185489680271,0.0,13.083939055335266,319.35773515405043,0.4720478558395938,59.49184004059152,33.83617368474966,11028.37516573812,1.6496029559930672,9.900797087259534,40.665396692139154,25.235476652034134,125970799.06777103,0.0,82441737.25188157,10394358.751140565,62385856.90417455,256237874.51211417,6296461988.305915
222,2024-12-01,19.99185489680271,0.0,13.083939055335266,319.35773515405043,0.4720478558395938,59.49184004059152,33.83617368474966,11028.37516573812,1.6496029559930672,9.900797087259534,40.665396692139154,25.235476652034134,125970799.06777103,0.0,82441737.25188157,10394358.751140565,62385856.90417455,256237874.51211417,6296461988.296348
223,2024-12-01,19.99185489680271,0.0,13.083939055335266,319.35773515405043,0.4720478558395938,59.49184004059152,33.83617368474966,11028.37516573812,1.6496029559930672,9.900797087259534,40.665396692139154,25.235476652034134,125970799.06777103,0.0,82441737.25188157,10394358.751140565,62385856.90417455,256237874.51211417,6296461988.296348
224,2024-12-01,19.99185489680271,0.0,13.083939055335266,319.35773515405043,0.4720478558395938,59.49184004059152,33.83617368474966,11028.37516573812,1.6496029559930672,9.900797087259534,40.665396692139154,25.235476652034134,125970799.06777103,0.0,82441737.25188157,10394358.751140565,62385856.90417455,256237874.51211417,6296461988.305915
225,2024-12-01,19.99185489680271,0.0,13.083939055335266,319.35773515405043,0.4720478558395938,59.49184004059152,33.83617368474966,11028.37516573812,1.6496029559930672,9.900797087259534,40.665396692139154,25.235476652034134,125970799.06777103,0.0,82441737.25188157,10394358.751140565,62385856.90417455,256237874.51211417,6296461988.296348
226,2024-12-01,19.99185489680271,0.0,13.083939055335266,319.35773515405043,0.4720478558395938,59.49184004059152,33.83617368474966,11028.37516573812,1.6496029559930672,9.900797087259534,40.665396692139154,25.235476652034134,125970799.06777103,0.0,82441737.25188157,10394358.751140565,62385856.90417455,256237874.51211417,6296461988.296348
227,2024-12-01,19.99185489680271,0.0,13.083939055335266,319.35773515405043,0.4720478558395938,59.49184004059152,33.83617368474966,11028.37516573812,1.6496029559930672,9.900797087259534,40.665396692139154,25.235476652034134,125970799.06777103,0.0,82441737.25188157,10394358.751140565,62385856.90417455,256237874.51211417,6296461988.296348
228,2024-12-01,19.99185489680271,0.0,13.083939055335266,319.35773515405043,0.4720478558395938,59.49184004059152,33.83617368474966,11028.37516573812,1.6496029559930672,9.900797087259534,40.665396692139154,25.235476652034134,125970799.06777103,0.0,82441737.25188157,10394358.751140565,62385856.90417455,256237874.51211417,6296461988.296348
229,2024-12-01,19.99185489680271,0.0,13.083939055335266,319.35773515405043,0.4720478558395938,59.49184004059152,33.83617368474966,11028.37516573812,1.6496029559930672,9.900797087259534,40.665396692139154,25.235476652034134,125970799.06777103,0.0,82441737.25188157,10394358.751140565,62385856.90417455,256237874.51211417,6296461988.305915
230,2024-12-01,19.99185489680271,0.0,13.083939055335266,319.35773515405043,0.4720478558395938,59.49184004059152,33.83617368474966,11028.37516573812,1.6496029559930672,9.900797087259534,40.665396692139154,25.235476652034134,125970799.06777103,0.0,82441737.25188157,10394358.751140565,62385856.90417455,256237874.51211417,6296461988.296348
231,2024-12-01,19.99185489680271,0.0,13.083939055335266,319.35773515405043,0.4720478558395938,59.49184004059152,33.83617368474966,11028.37516573812,1.6496029559930672,9.900797087259534,40.665396692139154,25.235476652034134,125970799.06777103,0.0,82441737.25188157,10394358.751140565,62385856.90417455,256237874.51211417,6296461988.296348
232,2024-12-01,19.99185489680271,0.0,13.083939055335266,319.35773515405043,0.4720478558395938,59.49184004059152,33.83617368474966,11028.37516573812,1.6496029559930672,9.900797087259534,40.665396692139154,25.235476652034134,125970799.06777103,0.0,82441737.25188157,10394358.751140565,62385856.90417455,256237874.51211417,6296461988.296348
233,2024-12-01,19.99185489680271,0.0,13.083939055335266,319.35773515405043,0.4720478558395938,59.49184004059152,33.83617368474966,11028.37516573812,1.6496029559930672,9.900797087259534,40.665396692139154,25.235476652034134,125970799.06777103,0.0,82441737.25188157,10394358.751140565,62385856.90417455,256237874.51211417,6296461988.296348
234,2024-12-01,19.99185489680271,0.0,13.083939055335266,319.35773515405043,0.4720478558395938,59.49184004059152,33.83617368474966,11028.37516573812,1.6496029559930672,9.900797087259534,40.665396692139154,25.235476652034134,125970799.06777103,0.0,82441737.25188157,10394358.751140565,62385856.90417455,256237874.51211417,6296461988.296348
235,2024-12-01,19.99185489680271,0.0,13.083939055335266,319.35773515405043,0.4720478558395938,59.49184004059152,33.83617368474966,11028.37516573812,1.6496029559930672,9.900797087259534,40.665396692139154,25.235476652034134,125970799.06777103,0.0,82441737.25188157,10394358.751140565,62385856.90417455,256237874.51211417,6296461988.296348
236,2024-12-01,19.99185489680271,0.0,13.083939055335266,319.35773515405043,0.4720478558395938,59.49184004059152,33.83617368474966,11028.37516573812,1.6496029559930672,9.900797087259534,40.665396692139154,25.235476652034134,125970799.06777103,0.0,82441737.25188157,10394358.751140565,62385856.90417455,256237874.51211417,6296461988.296348
237,2024-12-01,19.99185489680271,0.0,13.083939055335266,319.35773515405043,0.4720478558395938,59.49184004059152,33.83617368474966,11028.37516573812,1.6496029559930672,9.900797087259534,40.665396692139154,25.235476652034134,125970799.06777103,0.0,82441737.25188157,10394358.751140565,62385856.90417455,256237874.51211417,6296461988.296348
238,2024-12-01,19.99185489680271,0.0,13.083939055335266,319.35773515405043,0.4720478558395938,59.49184004059152,33.83617368474966,11028.37516573812,1.6496029559930672,9.900797087259534,40.665396692139154,25.235476652034134,125970799.06777103,0.0,82441737.25188157,10394358.751140565,62385856.90417455,256237874.51211417,6296461988.296348
239,2024-12-01,19.99185489680271,0.0,13.083939055335266,319.35773515405043,0.4720478558395938,59.49184004059152,33.83617368474966,11028.37516573812,1.6496029559930672,9.900797087259534,40.665396692139154,25.235476652034134,125970799.06777103,0.0,82441737.25188157,10394358.751140565,62385856.90417455,256237874.51211417,6296461988.296348
