,Date,precip_and_snowmelt_input_Raft_mean,irrigation_Raft_mean,AET_Raft_mean,soil_thickness_Raft_mean,soil_porosity_Raft_mean,field_capacity_Raft_mean,wilting_point_Raft_mean,Geo_K_Raft_mean,Runoff_Raft_mean,Recharge_Raft_mean,Soil_Water_End_Of_Previous_Timestep_Raft_mean,Soil_Saturation_Percent_End_Of_Timestep_Raft_mean,precip_and_snowmelt_input_m3_Raft_sum,irrigation_m3_Raft_sum,AET_m3_Raft_sum,Runoff_m3_Raft_sum,Recharge_m3_Raft_sum,Soil_Water_End_Of_Previous_Timestep_m3_Raft_sum,Raft_area_m2
0,2024-01-01,51.028479798726934,0.0,4.386013864062431,568.3093057750574,0.49132263894566947,141.94942583913013,64.62838530469377,10197.930482207514,8.688027556418257,25.539207961324237,176.56461254172692,62.654306652430066,98718776.8574928,0.0,8485395.802196082,16809045.543545455,49407009.77236049,341604099.6333184,1911914869.5066435
1,2024-01-01,51.028479798726934,0.0,4.386013864062431,568.3093057750574,0.49132263894566947,141.94942583913013,64.62838530469377,10197.930482207514,8.688027556418257,25.539207961324237,176.56461254172692,62.654306652430066,98718776.8574928,0.0,8485395.802196082,16809045.543545455,49407009.77236049,341604099.6333184,1911914869.5066435
2,2024-01-01,51.028479798726934,0.0,4.386013864062431,568.3093057750574,0.49132263894566947,141.94942583913013,64.62838530469377,10197.930482207514,8.688027556418257,25.539207961324237,176.56461254172692,62.654306652430066,98718776.8574928,0.0,8485395.802196082,16809045.543545455,49407009.77236049,341604099.6333184,1911914869.5066435
3,2024-01-01,51.028479798726934,0.0,4.386013864062431,568.3093057750574,0.49132263894566947,141.94942583913013,64.62838530469377,10197.930482207514,8.688027556418257,25.539207961324237,176.56461254172692,62.654306652430066,98718776.8574928,0.0,8485395.802196082,16809045.543545455,49407009.77236049,341604099.6333184,1911914869.5066435
4,2024-01-01,51.028479798726934,0.0,4.386013864062431,568.3093057750574,0.49132263894566947,141.94942583913013,64.62838530469377,10197.930482207514,8.688027556418257,25.539207961324237,176.56461254172692,62.654306652430066,98718776.8574928,0.0,8485395.802196082,16809045.543545455,49407009.77236049,341604099.6333184,1911914869.5066435
5,2024-01-01,51.028479798726934,0.0,4.386013864062431,568.3093057750574,0.49132263894566947,141.94942583913013,64.62838530469377,10197.930482207514,8.688027556418257,25.539207961324237,176.56461254172692,62.654306652430066,98718776.8574928,0.0,8485395.802196082,16809045.543545455,49407009.77236049,341604099.6333184,1911914869.5066435
6,2024-01-01,51.028479798726934,0.0,4.386013864062431,568.3093057750574,0.49132263894566947,141.94942583913013,64.62838530469377,10197.930482207514,8.688027556418257,25.539207961324237,176.56461254172692,62.654306652430066,98718776.8574928,0.0,8485395.802196082,16809045.543545455,49407009.77236049,341604099.6333184,1911914869.5066435
7,2024-01-01,51.028479798726934,0.0,4.386013864062431,568.3093057750574,0.49132263894566947,141.94942583913013,64.62838530469377,10197.930482207514,8.688027556418257,25.539207961324237,176.56461254172692,62.654306652430066,98718776.8574928,0.0,8485395.802196082,16809045.543545455,49407009.77236049,341604099.6333184,1911914869.5066435
8,2024-01-01,51.028479798726934,0.0,4.386013864062431,568.3093057750574,0.49132263894566947,141.94942583913013,64.62838530469377,10197.930482207514,8.688027556418257,25.539207961324237,176.56461254172692,62.654306652430066,98718776.8574928,0.0,8485395.802196082,16809045.543545455,49407009.77236049,341604099.6333184,1911914869.5066435
9,2024-01-01,51.028479798726934,0.0,4.386013864062431,568.3093057750574,0.49132263894566947,141.94942583913013,64.62838530469377,10197.930482207514,8.688027556418257,25.539207961324237,176.56461254172692,62.654306652430066,98718776.8574928,0.0,8485395.802196082,16809045.543545455,49407009.77236049,341604099.6333184,1911914869.5066435
10,2024-01-01,51.028479798726934,0.0,4.386013864062431,568.3093057750574,0.49132263894566947,141.94942583913013,64.62838530469377,10197.930482207514,8.688027556418257,25.539207961324237,176.56461254172692,62.654306652430066,98718776.8574928,0.0,8485395.802196082,16809045.543545455,49407009.77236049,341604099.6333184,1911914869.5066435
11,2024-01-01,51.028479798726934,0.0,4.386013864062431,568.3093057750574,0.49132263894566947,141.94942583913013,64.62838530469377,10197.930482207514,8.688027556418257,25.539207961324237,176.56461254172692,62.654306652430066,98718776.8574928,0.0,8485395.802196082,16809045.543545455,49407009.77236049,341604099.6333184,1911914869.5066435
12,2024-01-01,51.028479798726934,0.0,4.386013864062431,568.3093057750574,0.49132263894566947,141.94942583913013,64.62838530469377,10197.930482207514,8.688027556418257,25.539207961324237,176.56461254172692,62.654306652430066,98718776.8574928,0.0,8485395.802196082,16809045.543545455,49407009.77236049,341604099.6333184,1911914869.5066435
13,2024-01-01,51.028479798726934,0.0,4.386013864062431,568.3093057750574,0.49132263894566947,141.94942583913013,64.62838530469377,10197.930482207514,8.688027556418257,25.539207961324237,176.56461254172692,62.654306652430066,98718776.8574928,0.0,8485395.802196082,16809045.543545455,49407009.77236049,341604099.6333184,1911914869.5066435
14,2024-01-01,51.028479798726934,0.0,4.386013864062431,568.3093057750574,0.49132263894566947,141.94942583913013,64.62838530469377,10197.930482207514,8.688027556418257,25.539207961324237,176.56461254172692,62.654306652430066,98718776.8574928,0.0,8485395.802196082,16809045.543545455,49407009.77236049,341604099.6333184,1911914869.5066435
15,2024-01-01,51.028479798726934,0.0,4.386013864062431,568.3093057750574,0.49132263894566947,141.94942583913013,64.62838530469377,10197.930482207514,8.688027556418257,25.539207961324237,176.56461254172692,62.654306652430066,98718776.8574928,0.0,8485395.802196082,16809045.543545455,49407009.77236049,341604099.6333184,1911914869.5060358
16,2024-01-01,51.028479798726934,0.0,4.386013864062431,568.3093057750574,0.49132263894566947,141.94942583913013,64.62838530469377,10197.930482207514,8.688027556418257,25.539207961324237,176.56461254172692,62.654306652430066,98718776.8574928,0.0,8485395.802196082,16809045.543545455,49407009.77236049,341604099.6333184,1911914869.5066435
17,2024-01-01,51.028479798726934,0.0,4.386013864062431,568.3093057750574,0.49132263894566947,141.94942583913013,64.62838530469377,10197.930482207514,8.688027556418257,25.539207961324237,176.56461254172692,62.654306652430066,98718776.8574928,0.0,8485395.802196082,16809045.543545455,49407009.77236049,341604099.6333184,1911914869.5066435
18,2024-01-01,51.028479798726934,0.0,4.386013864062431,568.3093057750574,0.49132263894566947,141.94942583913013,64.62838530469377,10197.930482207514,8.688027556418257,25.539207961324237,176.56461254172692,62.654306652430066,98718776.8574928,0.0,8485395.802196082,16809045.543545455,49407009.77236049,341604099.6333184,1911914869.5066435
19,2024-01-01,51.028479798726934,0.0,4.386013864062431,568.3093057750574,0.49132263894566947,141.94942583913013,64.62838530469377,10197.930482207514,8.688027556418257,25.539207961324237,176.56461254172692,62.654306652430066,98718776.8574928,0.0,8485395.802196082,16809045.543545455,49407009.77236049,341604099.6333184,1911914869.5066435
20,2024-02-01,57.38661286153277,0.0,9.578759210010022,568.3093057750574,0.49132263894566947,141.94942583913013,64.62838530469377,10197.930482207514,11.240149199919676,29.975426711419537,183.15689028191048,65.24817714376033,111021246.31049204,0.0,18531781.156847067,21746954.99027323,57988856.57308153,354357753.2236085,1911914869.5066435
21,2024-02-01,57.38661286153277,0.0,9.578759210010022,568.3093057750574,0.49132263894566947,141.94942583913013,64.62838530469377,10197.930482207514,11.240149199919676,29.975426711419537,183.15689028191048,65.24817714376033,111021246.31049204,0.0,18531781.156847067,21746954.99027323,57988856.57308153,354357753.2236085,1911914869.5066435
22,2024-02-01,57.38661286153277,0.0,9.578759210010022,568.3093057750574,0.49132263894566947,141.94942583913013,64.62838530469377,10197.930482207514,11.240149199919676,29.975426711419537,183.15689028191048,65.24817714376033,111021246.31049204,0.0,18531781.156847067,21746954.99027323,57988856.57308153,354357753.2236085,1911914869.5066435
23,2024-02-01,57.38661286153277,0.0,9.578759210010022,568.3093057750574,0.49132263894566947,141.94942583913013,64.62838530469377,10197.930482207514,11.240149199919676,29.975426711419537,183.15689028191048,65.24817714376033,111021246.31049204,0.0,18531781.156847067,21746954.99027323,57988856.57308153,354357753.2236085,1911914869.5066435
24,2024-02-01,57.38661286153277,0.0,9.578759210010022,568.3093057750574,0.49132263894566947,141.94942583913013,64.62838530469377,10197.930482207514,11.240149199919676,29.975426711419537,183.15689028191048,65.24817714376033,111021246.31049204,0.0,18531781.156847067,21746954.99027323,57988856.57308153,354357753.2236085,1911914869.5066435
25,2024-02-01,57.38661286153277,0.0,9.578759210010022,568.3093057750574,0.49132263894566947,141.94942583913013,64.62838530469377,10197.930482207514,11.240149199919676,29.975426711419537,183.15689028191048,65.24817714376033,111021246.31049204,0.0,18531781.156847067,21746954.99027323,57988856.57308153,354357753.2236085,1911914869.5066435
26,2024-02-01,57.38661286153277,0.0,9.578759210010022,568.3093057750574,0.49132263894566947,141.94942583913013,64.62838530469377,10197.930482207514,11.240149199919676,29.975426711419537,183.15689028191048,65.24817714376033,111021246.31049204,0.0,18531781.156847067,21746954.99027323,57988856.57308153,354357753.2236085,1911914869.5066435
27,2024-02-01,57.38661286153277,0.0,9.578759210010022,568.3093057750574,0.49132263894566947,141.94942583913013,64.62838530469377,10197.930482207514,11.240149199919676,29.975426711419537,183.15689028191048,65.24817714376033,111021246.31049204,0.0,18531781.156847067,21746954.99027323,57988856.57308153,354357753.2236085,1911914869.5066435
28,2024-02-01,57.38661286153277,0.0,9.578759210010022,568.3093057750574,0.49132263894566947,141.94942583913013,64.62838530469377,10197.930482207514,11.240149199919676,29.975426711419537,183.15689028191048,65.24817714376033,111021246.31049204,0.0,18531781.156847067,21746954.99027323,57988856.57308153,354357753.2236085,1911914869.5066435
29,2024-02-01,57.38661286153277,0.0,9.578759210010022,568.3093057750574,0.49132263894566947,141.94942583913013,64.62838530469377,10197.930482207514,11.240149199919676,29.975426711419537,183.15689028191048,65.24817714376033,111021246.31049204,0.0,18531781.156847067,21746954.99027323,57988856.57308153,354357753.2236085,1911914869.5066435
30,2024-02-01,57.38661286153277,0.0,9.578759210010022,568.3093057750574,0.49132263894566947,141.94942583913013,64.62838530469377,10197.930482207514,11.240149199919676,29.975426711419537,183.15689028191048,65.24817714376033,111021246.31049204,0.0,18531781.156847067,21746954.99027323,57988856.57308153,354357753.2236085,1911914869.5066435
31,2024-02-01,57.38661286153277,0.0,9.578759210010022,568.3093057750574,0.49132263894566947,141.94942583913013,64.62838530469377,10197.930482207514,11.240149199919676,29.975426711419537,183.15689028191048,65.24817714376033,111021246.31049204,0.0,18531781.156847067,21746954.99027323,57988856.57308153,354357753.2236085,1911914869.5066435
32,2024-02-01,57.38661286153277,0.0,9.578759210010022,568.3093057750574,0.49132263894566947,141.94942583913013,64.62838530469377,10197.930482207514,11.240149199919676,29.975426711419537,183.15689028191048,65.24817714376033,111021246.31049204,0.0,18531781.156847067,21746954.99027323,57988856.57308153,354357753.2236085,1911914869.5066435
33,2024-02-01,57.38661286153277,0.0,9.578759210010022,568.3093057750574,0.49132263894566947,141.94942583913013,64.62838530469377,10197.930482207514,11.240149199919676,29.975426711419537,183.15689028191048,65.24817714376033,111021246.31049204,0.0,18531781.156847067,21746954.99027323,57988856.57308153,354357753.2236085,1911914869.5066435
34,2024-02-01,57.38661286153277,0.0,9.578759210010022,568.3093057750574,0.49132263894566947,141.94942583913013,64.62838530469377,10197.930482207514,11.240149199919676,29.975426711419537,183.15689028191048,65.24817714376033,111021246.31049204,0.0,18531781.156847067,21746954.99027323,57988856.57308153,354357753.2236085,1911914869.5066435
35,2024-02-01,57.38661286153277,0.0,9.578759210010022,568.3093057750574,0.49132263894566947,141.94942583913013,64.62838530469377,10197.930482207514,11.240149199919676,29.975426711419537,183.15689028191048,65.24817714376033,111021246.31049204,0.0,18531781.156847067,21746954.99027323,57988856.57308153,354357753.2236085,1911914869.5060358
36,2024-02-01,57.38661286153277,0.0,9.578759210010022,568.3093057750574,0.49132263894566947,141.94942583913013,64.62838530469377,10197.930482207514,11.240149199919676,29.975426711419537,183.15689028191048,65.24817714376033,111021246.31049204,0.0,18531781.156847067,21746954.99027323,57988856.57308153,354357753.2236085,1911914869.5066435
37,2024-02-01,57.38661286153277,0.0,9.578759210010022,568.3093057750574,0.49132263894566947,141.94942583913013,64.62838530469377,10197.930482207514,11.240149199919676,29.975426711419537,183.15689028191048,65.24817714376033,111021246.31049204,0.0,18531781.156847067,21746954.99027323,57988856.57308153,354357753.2236085,1911914869.5066435
38,2024-02-01,57.38661286153277,0.0,9.578759210010022,568.3093057750574,0.49132263894566947,141.94942583913013,64.62838530469377,10197.930482207514,11.240149199919676,29.975426711419537,183.15689028191048,65.24817714376033,111021246.31049204,0.0,18531781.156847067,21746954.99027323,57988856.57308153,354357753.2236085,1911914869.5066435
39,2024-02-01,57.38661286153277,0.0,9.578759210010022,568.3093057750574,0.49132263894566947,141.94942583913013,64.62838530469377,10197.930482207514,11.240149199919676,29.975426711419537,183.15689028191048,65.24817714376033,111021246.31049204,0.0,18531781.156847067,21746954.99027323,57988856.57308153,354357753.2236085,1911914869.5066435
40,2024-03-01,77.67827686920207,0.0,22.415137114705498,568.3093057750574,0.49132263894566947,141.94942583913013,64.62838530469377,10197.930482207514,14.656363979809617,34.957081320055096,188.80658473654236,67.36612354542359,150281107.6581628,0.0,43365088.38213335,28357227.935976885,67628096.37433533,365288448.18932563,1911914869.5060358
41,2024-03-01,77.67827686920207,0.0,22.415137114705498,568.3093057750574,0.49132263894566947,141.94942583913013,64.62838530469377,10197.930482207514,14.656363979809617,34.957081320055096,188.80658473654236,67.36612354542359,150281107.6581628,0.0,43365088.38213335,28357227.935976885,67628096.37433533,365288448.18932563,1911914869.5066435
42,2024-03-01,77.67827686920207,0.0,22.415137114705498,568.3093057750574,0.49132263894566947,141.94942583913013,64.62838530469377,10197.930482207514,14.656363979809617,34.957081320055096,188.80658473654236,67.36612354542359,150281107.6581628,0.0,43365088.38213335,28357227.935976885,67628096.37433533,365288448.18932563,1911914869.5066435
43,2024-03-01,77.67827686920207,0.0,22.415137114705498,568.3093057750574,0.49132263894566947,141.94942583913013,64.62838530469377,10197.930482207514,14.656363979809617,34.957081320055096,188.80658473654236,67.36612354542359,150281107.6581628,0.0,43365088.38213335,28357227.935976885,67628096.37433533,365288448.18932563,1911914869.5066435
44,2024-03-01,77.67827686920207,0.0,22.415137114705498,568.3093057750574,0.49132263894566947,141.94942583913013,64.62838530469377,10197.930482207514,14.656363979809617,34.957081320055096,188.80658473654236,67.36612354542359,150281107.6581628,0.0,43365088.38213335,28357227.935976885,67628096.37433533,365288448.18932563,1911914869.5066435
45,2024-03-01,77.67827686920207,0.0,22.415137114705498,568.3093057750574,0.49132263894566947,141.94942583913013,64.62838530469377,10197.930482207514,14.656363979809617,34.957081320055096,188.80658473654236,67.36612354542359,150281107.6581628,0.0,43365088.38213335,28357227.935976885,67628096.37433533,365288448.18932563,1911914869.5066435
46,2024-03-01,77.67827686920207,0.0,22.415137114705498,568.3093057750574,0.49132263894566947,141.94942583913013,64.62838530469377,10197.930482207514,14.656363979809617,34.957081320055096,188.80658473654236,67.36612354542359,150281107.6581628,0.0,43365088.38213335,28357227.935976885,67628096.37433533,365288448.18932563,1911914869.5066435
47,2024-03-01,77.67827686920207,0.0,22.415137114705498,568.3093057750574,0.49132263894566947,141.94942583913013,64.62838530469377,10197.930482207514,14.656363979809617,34.957081320055096,188.80658473654236,67.36612354542359,150281107.6581628,0.0,43365088.38213335,28357227.935976885,67628096.37433533,365288448.18932563,1911914869.5066435
48,2024-03-01,77.67827686920207,0.0,22.415137114705498,568.3093057750574,0.49132263894566947,141.94942583913013,64.62838530469377,10197.930482207514,14.656363979809617,34.957081320055096,188.80658473654236,67.36612354542359,150281107.6581628,0.0,43365088.38213335,28357227.935976885,67628096.37433533,365288448.18932563,1911914869.5066435
49,2024-03-01,77.67827686920207,0.0,22.415137114705498,568.3093057750574,0.49132263894566947,141.94942583913013,64.62838530469377,10197.930482207514,14.656363979809617,34.957081320055096,188.80658473654236,67.36612354542359,150281107.6581628,0.0,43365088.38213335,28357227.935976885,67628096.37433533,365288448.18932563,1911914869.5066435
50,2024-03-01,77.67827686920207,0.0,22.415137114705498,568.3093057750574,0.49132263894566947,141.94942583913013,64.62838530469377,10197.930482207514,14.656363979809617,34.957081320055096,188.80658473654236,67.36612354542359,150281107.6581628,0.0,43365088.38213335,28357227.935976885,67628096.37433533,365288448.18932563,1911914869.5066435
51,2024-03-01,77.67827686920207,0.0,22.415137114705498,568.3093057750574,0.49132263894566947,141.94942583913013,64.62838530469377,10197.930482207514,14.656363979809617,34.957081320055096,188.80658473654236,67.36612354542359,150281107.6581628,0.0,43365088.38213335,28357227.935976885,67628096.37433533,365288448.18932563,1911914869.5066435
52,2024-03-01,77.67827686920207,0.0,22.415137114705498,568.3093057750574,0.49132263894566947,141.94942583913013,64.62838530469377,10197.930482207514,14.656363979809617,34.957081320055096,188.80658473654236,67.36612354542359,150281107.6581628,0.0,43365088.38213335,28357227.935976885,67628096.37433533,365288448.18932563,1911914869.5066435
53,2024-03-01,77.67827686920207,0.0,22.415137114705498,568.3093057750574,0.49132263894566947,141.94942583913013,64.62838530469377,10197.930482207514,14.656363979809617,34.957081320055096,188.80658473654236,67.36612354542359,150281107.6581628,0.0,43365088.38213335,28357227.935976885,67628096.37433533,365288448.18932563,1911914869.5066435
54,2024-03-01,77.67827686920207,0.0,22.415137114705498,568.3093057750574,0.49132263894566947,141.94942583913013,64.62838530469377,10197.930482207514,14.656363979809617,34.957081320055096,188.80658473654236,67.36612354542359,150281107.6581628,0.0,43365088.38213335,28357227.935976885,67628096.37433533,365288448.18932563,1911914869.5066435
55,2024-03-01,77.67827686920207,0.0,22.415137114705498,568.3093057750574,0.49132263894566947,141.94942583913013,64.62838530469377,10197.930482207514,14.656363979809617,34.957081320055096,188.80658473654236,67.36612354542359,150281107.6581628,0.0,43365088.38213335,28357227.935976885,67628096.37433533,365288448.18932563,1911914869.5066435
56,2024-03-01,77.67827686920207,0.0,22.415137114705498,568.3093057750574,0.49132263894566947,141.94942583913013,64.62838530469377,10197.930482207514,14.656363979809617,34.957081320055096,188.80658473654236,67.36612354542359,150281107.6581628,0.0,43365088.38213335,28357227.935976885,67628096.37433533,365288448.18932563,1911914869.5066435
57,2024-03-01,77.67827686920207,0.0,22.415137114705498,568.3093057750574,0.49132263894566947,141.94942583913013,64.62838530469377,10197.930482207514,14.656363979809617,34.957081320055096,188.80658473654236,67.36612354542359,150281107.6581628,0.0,43365088.38213335,28357227.935976885,67628096.37433533,365288448.18932563,1911914869.5066435
58,2024-03-01,77.67827686920207,0.0,22.415137114705498,568.3093057750574,0.49132263894566947,141.94942583913013,64.62838530469377,10197.930482207514,14.656363979809617,34.957081320055096,188.80658473654236,67.36612354542359,150281107.6581628,0.0,43365088.38213335,28357227.935976885,67628096.37433533,365288448.18932563,1911914869.5066435
59,2024-03-01,77.67827686920207,0.0,22.415137114705498,568.3093057750574,0.49132263894566947,141.94942583913013,64.62838530469377,10197.930482207514,14.656363979809617,34.957081320055096,188.80658473654236,67.36612354542359,150281107.6581628,0.0,43365088.38213335,28357227.935976885,67628096.37433533,365288448.18932563,1911914869.5066435
60,2024-04-01,34.41711952294761,0.422236174293044,25.081396869686532,568.3093057750574,0.49132263894566947,141.94942583913013,64.62838530469377,10197.930482207514,2.7005366448662964,13.0558169237415,182.80818999548865,65.1476968916476,66584052.85631173,816862.9463493164,48523261.53169414,5224668.477390302,25258149.672945064,353683284.30995727,1911914869.5066435
61,2024-04-01,34.41711952294761,0.422236174293044,25.081396869686532,568.3093057750574,0.49132263894566947,141.94942583913013,64.62838530469377,10197.930482207514,2.7005366448662964,13.0558169237415,182.80818999548865,65.1476968916476,66584052.85631173,816862.9463493164,48523261.53169414,5224668.477390302,25258149.672945064,353683284.30995727,1911914869.5066435
62,2024-04-01,34.41711952294761,0.422236174293044,25.081396869686532,568.3093057750574,0.49132263894566947,141.94942583913013,64.62838530469377,10197.930482207514,2.7005366448662964,13.0558169237415,182.80818999548865,65.1476968916476,66584052.85631173,816862.9463493164,48523261.53169414,5224668.477390302,25258149.672945064,353683284.30995727,1911914869.5066435
63,2024-04-01,34.41711952294761,0.422236174293044,25.081396869686532,568.3093057750574,0.49132263894566947,141.94942583913013,64.62838530469377,10197.930482207514,2.7005366448662964,13.0558169237415,182.80818999548865,65.1476968916476,66584052.85631173,816862.9463493164,48523261.53169414,5224668.477390302,25258149.672945064,353683284.30995727,1911914869.5066435
64,2024-04-01,34.41711952294761,0.422236174293044,25.081396869686532,568.3093057750574,0.49132263894566947,141.94942583913013,64.62838530469377,10197.930482207514,2.7005366448662964,13.0558169237415,182.80818999548865,65.1476968916476,66584052.85631173,816862.9463493164,48523261.53169414,5224668.477390302,25258149.672945064,353683284.30995727,1911914869.5066435
65,2024-04-01,34.41711952294761,0.422236174293044,25.081396869686532,568.3093057750574,0.49132263894566947,141.94942583913013,64.62838530469377,10197.930482207514,2.7005366448662964,13.0558169237415,182.80818999548865,65.1476968916476,66584052.85631173,816862.9463493164,48523261.53169414,5224668.477390302,25258149.672945064,353683284.30995727,1911914869.5066435
66,2024-04-01,34.41711952294761,0.422236174293044,25.081396869686532,568.3093057750574,0.49132263894566947,141.94942583913013,64.62838530469377,10197.930482207514,2.7005366448662964,13.0558169237415,182.80818999548865,65.1476968916476,66584052.85631173,816862.9463493164,48523261.53169414,5224668.477390302,25258149.672945064,353683284.30995727,1911914869.5066435
67,2024-04-01,34.41711952294761,0.422236174293044,25.081396869686532,568.3093057750574,0.49132263894566947,141.94942583913013,64.62838530469377,10197.930482207514,2.7005366448662964,13.0558169237415,182.80818999548865,65.1476968916476,66584052.85631173,816862.9463493164,48523261.53169414,5224668.477390302,25258149.672945064,353683284.30995727,1911914869.5066435
68,2024-04-01,34.41711952294761,0.422236174293044,25.081396869686532,568.3093057750574,0.49132263894566947,141.94942583913013,64.62838530469377,10197.930482207514,2.7005366448662964,13.0558169237415,182.80818999548865,65.1476968916476,66584052.85631173,816862.9463493164,48523261.53169414,5224668.477390302,25258149.672945064,353683284.30995727,1911914869.5066435
69,2024-04-01,34.41711952294761,0.422236174293044,25.081396869686532,568.3093057750574,0.49132263894566947,141.94942583913013,64.62838530469377,10197.930482207514,2.7005366448662964,13.0558169237415,182.80818999548865,65.1476968916476,66584052.85631173,816862.9463493164,48523261.53169414,5224668.477390302,25258149.672945064,353683284.30995727,1911914869.5066435
70,2024-04-01,34.41711952294761,0.422236174293044,25.081396869686532,568.3093057750574,0.49132263894566947,141.94942583913013,64.62838530469377,10197.930482207514,2.7005366448662964,13.0558169237415,182.80818999548865,65.1476968916476,66584052.85631173,816862.9463493164,48523261.53169414,5224668.477390302,25258149.672945064,353683284.30995727,1911914869.5066435
71,2024-04-01,34.41711952294761,0.422236174293044,25.081396869686532,568.3093057750574,0.49132263894566947,141.94942583913013,64.62838530469377,10197.930482207514,2.7005366448662964,13.0558169237415,182.80818999548865,65.1476968916476,66584052.85631173,816862.9463493164,48523261.53169414,5224668.477390302,25258149.672945064,353683284.30995727,1911914869.5066435
72,2024-04-01,34.41711952294761,0.422236174293044,25.081396869686532,568.3093057750574,0.49132263894566947,141.94942583913013,64.62838530469377,10197.930482207514,2.7005366448662964,13.0558169237415,182.80818999548865,65.1476968916476,66584052.85631173,816862.9463493164,48523261.53169414,5224668.477390302,25258149.672945064,353683284.30995727,1911914869.5066435
73,2024-04-01,34.41711952294761,0.422236174293044,25.081396869686532,568.3093057750574,0.49132263894566947,141.94942583913013,64.62838530469377,10197.930482207514,2.7005366448662964,13.0558169237415,182.80818999548865,65.1476968916476,66584052.85631173,816862.9463493164,48523261.53169414,5224668.477390302,25258149.672945064,353683284.30995727,1911914869.5066435
74,2024-04-01,34.41711952294761,0.422236174293044,25.081396869686532,568.3093057750574,0.49132263894566947,141.94942583913013,64.62838530469377,10197.930482207514,2.7005366448662964,13.0558169237415,182.80818999548865,65.1476968916476,66584052.85631173,816862.9463493164,48523261.53169414,5224668.477390302,25258149.672945064,353683284.30995727,1911914869.5066435
75,2024-04-01,34.41711952294761,0.422236174293044,25.081396869686532,568.3093057750574,0.49132263894566947,141.94942583913013,64.62838530469377,10197.930482207514,2.7005366448662964,13.0558169237415,182.80818999548865,65.1476968916476,66584052.85631173,816862.9463493164,48523261.53169414,5224668.477390302,25258149.672945064,353683284.30995727,1911914869.5066435
76,2024-04-01,34.41711952294761,0.422236174293044,25.081396869686532,568.3093057750574,0.49132263894566947,141.94942583913013,64.62838530469377,10197.930482207514,2.7005366448662964,13.0558169237415,182.80818999548865,65.1476968916476,66584052.85631173,816862.9463493164,48523261.53169414,5224668.477390302,25258149.672945064,353683284.30995727,1911914869.5066435
77,2024-04-01,34.41711952294761,0.422236174293044,25.081396869686532,568.3093057750574,0.49132263894566947,141.94942583913013,64.62838530469377,10197.930482207514,2.7005366448662964,13.0558169237415,182.80818999548865,65.1476968916476,66584052.85631173,816862.9463493164,48523261.53169414,5224668.477390302,25258149.672945064,353683284.30995727,1911914869.5066435
78,2024-04-01,34.41711952294761,0.422236174293044,25.081396869686532,568.3093057750574,0.49132263894566947,141.94942583913013,64.62838530469377,10197.930482207514,2.7005366448662964,13.0558169237415,182.80818999548865,65.1476968916476,66584052.85631173,816862.9463493164,48523261.53169414,5224668.477390302,25258149.672945064,353683284.30995727,1911914869.5066435
79,2024-04-01,34.41711952294761,0.422236174293044,25.081396869686532,568.3093057750574,0.49132263894566947,141.94942583913013,64.62838530469377,10197.930482207514,2.7005366448662964,13.0558169237415,182.80818999548865,65.1476968916476,66584052.85631173,816862.9463493164,48523261.53169414,5224668.477390302,25258149.672945064,353683284.30995727,1911914869.5060358
80,2024-05-01,35.33642651412908,1.0978141114750428,37.93059249247939,568.3093057750574,0.49132263894566947,141.94942583913013,64.62838530469377,10197.930482207514,4.826571703142808,5.977982851429732,170.72679480653687,59.42820229745272,68363173.16091673,2123843.773319298,73380591.46569405,9338806.10018585,11565232.210525973,330310408.2594466,1911914869.5060358
81,2024-05-01,35.33642651412908,1.0978141114750428,37.93059249247939,568.3093057750574,0.49132263894566947,141.94942583913013,64.62838530469377,10197.930482207514,4.826571703142808,5.977982851429732,170.72679480653687,59.42820229745272,68363173.16091673,2123843.773319298,73380591.46569405,9338806.10018585,11565232.210525973,330310408.2594466,1911914869.5066435
82,2024-05-01,35.33642651412908,1.0978141114750428,37.93059249247939,568.3093057750574,0.49132263894566947,141.94942583913013,64.62838530469377,10197.930482207514,4.826571703142808,5.977982851429732,170.72679480653687,59.42820229745272,68363173.16091673,2123843.773319298,73380591.46569405,9338806.10018585,11565232.210525973,330310408.2594466,1911914869.5066435
83,2024-05-01,35.33642651412908,1.0978141114750428,37.93059249247939,568.3093057750574,0.49132263894566947,141.94942583913013,64.62838530469377,10197.930482207514,4.826571703142808,5.977982851429732,170.72679480653687,59.42820229745272,68363173.16091673,2123843.773319298,73380591.46569405,9338806.10018585,11565232.210525973,330310408.2594466,1911914869.5066435
84,2024-05-01,35.33642651412908,1.0978141114750428,37.93059249247939,568.3093057750574,0.49132263894566947,141.94942583913013,64.62838530469377,10197.930482207514,4.826571703142808,5.977982851429732,170.72679480653687,59.42820229745272,68363173.16091673,2123843.773319298,73380591.46569405,9338806.10018585,11565232.210525973,330310408.2594466,1911914869.5066435
85,2024-05-01,35.33642651412908,1.0978141114750428,37.93059249247939,568.3093057750574,0.49132263894566947,141.94942583913013,64.62838530469377,10197.930482207514,4.826571703142808,5.977982851429732,170.72679480653687,59.42820229745272,68363173.16091673,2123843.773319298,73380591.46569405,9338806.10018585,11565232.210525973,330310408.2594466,1911914869.5066435
86,2024-05-01,35.33642651412908,1.0978141114750428,37.93059249247939,568.3093057750574,0.49132263894566947,141.94942583913013,64.62838530469377,10197.930482207514,4.826571703142808,5.977982851429732,170.72679480653687,59.42820229745272,68363173.16091673,2123843.773319298,73380591.46569405,9338806.10018585,11565232.210525973,330310408.2594466,1911914869.5066435
87,2024-05-01,35.33642651412908,1.0978141114750428,37.93059249247939,568.3093057750574,0.49132263894566947,141.94942583913013,64.62838530469377,10197.930482207514,4.826571703142808,5.977982851429732,170.72679480653687,59.42820229745272,68363173.16091673,2123843.773319298,73380591.46569405,9338806.10018585,11565232.210525973,330310408.2594466,1911914869.5066435
88,2024-05-01,35.33642651412908,1.0978141114750428,37.93059249247939,568.3093057750574,0.49132263894566947,141.94942583913013,64.62838530469377,10197.930482207514,4.826571703142808,5.977982851429732,170.72679480653687,59.42820229745272,68363173.16091673,2123843.773319298,73380591.46569405,9338806.10018585,11565232.210525973,330310408.2594466,1911914869.5066435
89,2024-05-01,35.33642651412908,1.0978141114750428,37.93059249247939,568.3093057750574,0.49132263894566947,141.94942583913013,64.62838530469377,10197.930482207514,4.826571703142808,5.977982851429732,170.72679480653687,59.42820229745272,68363173.16091673,2123843.773319298,73380591.46569405,9338806.10018585,11565232.210525973,330310408.2594466,1911914869.5066435
90,2024-05-01,35.33642651412908,1.0978141114750428,37.93059249247939,568.3093057750574,0.49132263894566947,141.94942583913013,64.62838530469377,10197.930482207514,4.826571703142808,5.977982851429732,170.72679480653687,59.42820229745272,68363173.16091673,2123843.773319298,73380591.46569405,9338806.10018585,11565232.210525973,330310408.2594466,1911914869.5066435
91,2024-05-01,35.33642651412908,1.0978141114750428,37.93059249247939,568.3093057750574,0.49132263894566947,141.94942583913013,64.62838530469377,10197.930482207514,4.826571703142808,5.977982851429732,170.72679480653687,59.42820229745272,68363173.16091673,2123843.773319298,73380591.46569405,9338806.10018585,11565232.210525973,330310408.2594466,1911914869.5066435
92,2024-05-01,35.33642651412908,1.0978141114750428,37.93059249247939,568.3093057750574,0.49132263894566947,141.94942583913013,64.62838530469377,10197.930482207514,4.826571703142808,5.977982851429732,170.72679480653687,59.42820229745272,68363173.16091673,2123843.773319298,73380591.46569405,9338806.10018585,11565232.210525973,330310408.2594466,1911914869.5066435
93,2024-05-01,35.33642651412908,1.0978141114750428,37.93059249247939,568.3093057750574,0.49132263894566947,141.94942583913013,64.62838530469377,10197.930482207514,4.826571703142808,5.977982851429732,170.72679480653687,59.42820229745272,68363173.16091673,2123843.773319298,73380591.46569405,9338806.10018585,11565232.210525973,330310408.2594466,1911914869.5066435
94,2024-05-01,35.33642651412908,1.0978141114750428,37.93059249247939,568.3093057750574,0.49132263894566947,141.94942583913013,64.62838530469377,10197.930482207514,4.826571703142808,5.977982851429732,170.72679480653687,59.42820229745272,68363173.16091673,2123843.773319298,73380591.46569405,9338806.10018585,11565232.210525973,330310408.2594466,1911914869.5066435
95,2024-05-01,35.33642651412908,1.0978141114750428,37.93059249247939,568.3093057750574,0.49132263894566947,141.94942583913013,64.62838530469377,10197.930482207514,4.826571703142808,5.977982851429732,170.72679480653687,59.42820229745272,68363173.16091673,2123843.773319298,73380591.46569405,9338806.10018585,11565232.210525973,330310408.2594466,1911914869.5066435
96,2024-05-01,35.33642651412908,1.0978141114750428,37.93059249247939,568.3093057750574,0.49132263894566947,141.94942583913013,64.62838530469377,10197.930482207514,4.826571703142808,5.977982851429732,170.72679480653687,59.42820229745272,68363173.16091673,2123843.773319298,73380591.46569405,9338806.10018585,11565232.210525973,330310408.2594466,1911914869.5066435
97,2024-05-01,35.33642651412908,1.0978141114750428,37.93059249247939,568.3093057750574,0.49132263894566947,141.94942583913013,64.62838530469377,10197.930482207514,4.826571703142808,5.977982851429732,170.72679480653687,59.42820229745272,68363173.16091673,2123843.773319298,73380591.46569405,9338806.10018585,11565232.210525973,330310408.2594466,1911914869.5066435
98,2024-05-01,35.33642651412908,1.0978141114750428,37.93059249247939,568.3093057750574,0.49132263894566947,141.94942583913013,64.62838530469377,10197.930482207514,4.826571703142808,5.977982851429732,170.72679480653687,59.42820229745272,68363173.16091673,2123843.773319298,73380591.46569405,9338806.10018585,11565232.210525973,330310408.2594466,1911914869.5066435
99,2024-05-01,35.33642651412908,1.0978141114750428,37.93059249247939,568.3093057750574,0.49132263894566947,141.94942583913013,64.62838530469377,10197.930482207514,4.826571703142808,5.977982851429732,170.72679480653687,59.42820229745272,68363173.16091673,2123843.773319298,73380591.46569405,9338806.10018585,11565232.210525973,330310408.2594466,1911914869.5066435
100,2024-06-01,18.87964195727708,1.688944697172176,48.29947246806469,568.3093057750574,0.49132263894566947,141.94942583913013,64.62838530469377,10197.930482207514,2.774446083348503,0.8051406701472245,144.91727284439642,47.63356362496622,36525186.229041904,3267451.7853972656,93441290.85647848,5368266.277215086,1557672.8098508527,280379335.54576796,1911914869.5066435
101,2024-06-01,18.87964195727708,1.688944697172176,48.29947246806469,568.3093057750574,0.49132263894566947,141.94942583913013,64.62838530469377,10197.930482207514,2.774446083348503,0.8051406701472245,144.91727284439642,47.63356362496622,36525186.229041904,3267451.7853972656,93441290.85647848,5368266.277215086,1557672.8098508527,280379335.54576796,1911914869.5066435
102,2024-06-01,18.87964195727708,1.688944697172176,48.29947246806469,568.3093057750574,0.49132263894566947,141.94942583913013,64.62838530469377,10197.930482207514,2.774446083348503,0.8051406701472245,144.91727284439642,47.63356362496622,36525186.229041904,3267451.7853972656,93441290.85647848,5368266.277215086,1557672.8098508527,280379335.54576796,1911914869.5066435
103,2024-06-01,18.87964195727708,1.688944697172176,48.29947246806469,568.3093057750574,0.49132263894566947,141.94942583913013,64.62838530469377,10197.930482207514,2.774446083348503,0.8051406701472245,144.91727284439642,47.63356362496622,36525186.229041904,3267451.7853972656,93441290.85647848,5368266.277215086,1557672.8098508527,280379335.54576796,1911914869.5066435
104,2024-06-01,18.87964195727708,1.688944697172176,48.29947246806469,568.3093057750574,0.49132263894566947,141.94942583913013,64.62838530469377,10197.930482207514,2.774446083348503,0.8051406701472245,144.91727284439642,47.63356362496622,36525186.229041904,3267451.7853972656,93441290.85647848,5368266.277215086,1557672.8098508527,280379335.54576796,1911914869.5066435
105,2024-06-01,18.87964195727708,1.688944697172176,48.29947246806469,568.3093057750574,0.49132263894566947,141.94942583913013,64.62838530469377,10197.930482207514,2.774446083348503,0.8051406701472245,144.91727284439642,47.63356362496622,36525186.229041904,3267451.7853972656,93441290.85647848,5368266.277215086,1557672.8098508527,280379335.54576796,1911914869.5066435
106,2024-06-01,18.87964195727708,1.688944697172176,48.29947246806469,568.3093057750574,0.49132263894566947,141.94942583913013,64.62838530469377,10197.930482207514,2.774446083348503,0.8051406701472245,144.91727284439642,47.63356362496622,36525186.229041904,3267451.7853972656,93441290.85647848,5368266.277215086,1557672.8098508527,280379335.54576796,1911914869.5066435
107,2024-06-01,18.87964195727708,1.688944697172176,48.29947246806469,568.3093057750574,0.49132263894566947,141.94942583913013,64.62838530469377,10197.930482207514,2.774446083348503,0.8051406701472245,144.91727284439642,47.63356362496622,36525186.229041904,3267451.7853972656,93441290.85647848,5368266.277215086,1557672.8098508527,280379335.54576796,1911914869.5066435
108,2024-06-01,18.87964195727708,1.688944697172176,48.29947246806469,568.3093057750574,0.49132263894566947,141.94942583913013,64.62838530469377,10197.930482207514,2.774446083348503,0.8051406701472245,144.91727284439642,47.63356362496622,36525186.229041904,3267451.7853972656,93441290.85647848,5368266.277215086,1557672.8098508527,280379335.54576796,1911914869.5066435
109,2024-06-01,18.87964195727708,1.688944697172176,48.29947246806469,568.3093057750574,0.49132263894566947,141.94942583913013,64.62838530469377,10197.930482207514,2.774446083348503,0.8051406701472245,144.91727284439642,47.63356362496622,36525186.229041904,3267451.7853972656,93441290.85647848,5368266.277215086,1557672.8098508527,280379335.54576796,1911914869.5066435
110,2024-06-01,18.87964195727708,1.688944697172176,48.29947246806469,568.3093057750574,0.49132263894566947,141.94942583913013,64.62838530469377,10197.930482207514,2.774446083348503,0.8051406701472245,144.91727284439642,47.63356362496622,36525186.229041904,3267451.7853972656,93441290.85647848,5368266.277215086,1557672.8098508527,280379335.54576796,1911914869.5066435
111,2024-06-01,18.87964195727708,1.688944697172176,48.29947246806469,568.3093057750574,0.49132263894566947,141.94942583913013,64.62838530469377,10197.930482207514,2.774446083348503,0.8051406701472245,144.91727284439642,47.63356362496622,36525186.229041904,3267451.7853972656,93441290.85647848,5368266.277215086,1557672.8098508527,280379335.54576796,1911914869.5066435
112,2024-06-01,18.87964195727708,1.688944697172176,48.29947246806469,568.3093057750574,0.49132263894566947,141.94942583913013,64.62838530469377,10197.930482207514,2.774446083348503,0.8051406701472245,144.91727284439642,47.63356362496622,36525186.229041904,3267451.7853972656,93441290.85647848,5368266.277215086,1557672.8098508527,280379335.54576796,1911914869.5066435
113,2024-06-01,18.87964195727708,1.688944697172176,48.29947246806469,568.3093057750574,0.49132263894566947,141.94942583913013,64.62838530469377,10197.930482207514,2.774446083348503,0.8051406701472245,144.91727284439642,47.63356362496622,36525186.229041904,3267451.7853972656,93441290.85647848,5368266.277215086,1557672.8098508527,280379335.54576796,1911914869.5066435
114,2024-06-01,18.87964195727708,1.688944697172176,48.29947246806469,568.3093057750574,0.49132263894566947,141.94942583913013,64.62838530469377,10197.930482207514,2.774446083348503,0.8051406701472245,144.91727284439642,47.63356362496622,36525186.229041904,3267451.7853972656,93441290.85647848,5368266.277215086,1557672.8098508527,280379335.54576796,1911914869.5066435
115,2024-06-01,18.87964195727708,1.688944697172176,48.29947246806469,568.3093057750574,0.49132263894566947,141.94942583913013,64.62838530469377,10197.930482207514,2.774446083348503,0.8051406701472245,144.91727284439642,47.63356362496622,36525186.229041904,3267451.7853972656,93441290.85647848,5368266.277215086,1557672.8098508527,280379335.54576796,1911914869.5066435
116,2024-06-01,18.87964195727708,1.688944697172176,48.29947246806469,568.3093057750574,0.49132263894566947,141.94942583913013,64.62838530469377,10197.930482207514,2.774446083348503,0.8051406701472245,144.91727284439642,47.63356362496622,36525186.229041904,3267451.7853972656,93441290.85647848,5368266.277215086,1557672.8098508527,280379335.54576796,1911914869.5060358
117,2024-06-01,18.87964195727708,1.688944697172176,48.29947246806469,568.3093057750574,0.49132263894566947,141.94942583913013,64.62838530469377,10197.930482207514,2.774446083348503,0.8051406701472245,144.91727284439642,47.63356362496622,36525186.229041904,3267451.7853972656,93441290.85647848,5368266.277215086,1557672.8098508527,280379335.54576796,1911914869.5066435
118,2024-06-01,18.87964195727708,1.688944697172176,48.29947246806469,568.3093057750574,0.49132263894566947,141.94942583913013,64.62838530469377,10197.930482207514,2.774446083348503,0.8051406701472245,144.91727284439642,47.63356362496622,36525186.229041904,3267451.7853972656,93441290.85647848,5368266.277215086,1557672.8098508527,280379335.54576796,1911914869.5066435
119,2024-06-01,18.87964195727708,1.688944697172176,48.29947246806469,568.3093057750574,0.49132263894566947,141.94942583913013,64.62838530469377,10197.930482207514,2.774446083348503,0.8051406701472245,144.91727284439642,47.63356362496622,36525186.229041904,3267451.7853972656,93441290.85647848,5368266.277215086,1557672.8098508527,280379335.54576796,1911914869.5066435
120,2024-07-01,19.42923207264432,2.1956282229500856,60.068579151589134,568.3093057750574,0.49132263894566947,141.94942583913013,64.62838530469377,10197.930482207514,2.607202861117716,0.4155296675489747,124.15694104066037,38.598595307315236,37589592.74753948,4247687.546638596,116208561.63403141,5044760.881997564,803935.5675403307,240218692.74258214,1911914869.5066435
121,2024-07-01,19.42923207264432,2.1956282229500856,60.068579151589134,568.3093057750574,0.49132263894566947,141.94942583913013,64.62838530469377,10197.930482207514,2.607202861117716,0.4155296675489747,124.15694104066037,38.598595307315236,37589592.74753948,4247687.546638596,116208561.63403141,5044760.881997564,803935.5675403307,240218692.74258214,1911914869.5066435
122,2024-07-01,19.42923207264432,2.1956282229500856,60.068579151589134,568.3093057750574,0.49132263894566947,141.94942583913013,64.62838530469377,10197.930482207514,2.607202861117716,0.4155296675489747,124.15694104066037,38.598595307315236,37589592.74753948,4247687.546638596,116208561.63403141,5044760.881997564,803935.5675403307,240218692.74258214,1911914869.5066435
123,2024-07-01,19.42923207264432,2.1956282229500856,60.068579151589134,568.3093057750574,0.49132263894566947,141.94942583913013,64.62838530469377,10197.930482207514,2.607202861117716,0.4155296675489747,124.15694104066037,38.598595307315236,37589592.74753948,4247687.546638596,116208561.63403141,5044760.881997564,803935.5675403307,240218692.74258214,1911914869.5066435
124,2024-07-01,19.42923207264432,2.1956282229500856,60.068579151589134,568.3093057750574,0.49132263894566947,141.94942583913013,64.62838530469377,10197.930482207514,2.607202861117716,0.4155296675489747,124.15694104066037,38.598595307315236,37589592.74753948,4247687.546638596,116208561.63403141,5044760.881997564,803935.5675403307,240218692.74258214,1911914869.5066435
125,2024-07-01,19.42923207264432,2.1956282229500856,60.068579151589134,568.3093057750574,0.49132263894566947,141.94942583913013,64.62838530469377,10197.930482207514,2.607202861117716,0.4155296675489747,124.15694104066037,38.598595307315236,37589592.74753948,4247687.546638596,116208561.63403141,5044760.881997564,803935.5675403307,240218692.74258214,1911914869.5066435
126,2024-07-01,19.42923207264432,2.1956282229500856,60.068579151589134,568.3093057750574,0.49132263894566947,141.94942583913013,64.62838530469377,10197.930482207514,2.607202861117716,0.4155296675489747,124.15694104066037,38.598595307315236,37589592.74753948,4247687.546638596,116208561.63403141,5044760.881997564,803935.5675403307,240218692.74258214,1911914869.5066435
127,2024-07-01,19.42923207264432,2.1956282229500856,60.068579151589134,568.3093057750574,0.49132263894566947,141.94942583913013,64.62838530469377,10197.930482207514,2.607202861117716,0.4155296675489747,124.15694104066037,38.598595307315236,37589592.74753948,4247687.546638596,116208561.63403141,5044760.881997564,803935.5675403307,240218692.74258214,1911914869.5066435
128,2024-07-01,19.42923207264432,2.1956282229500856,60.068579151589134,568.3093057750574,0.49132263894566947,141.94942583913013,64.62838530469377,10197.930482207514,2.607202861117716,0.4155296675489747,124.15694104066037,38.598595307315236,37589592.74753948,4247687.546638596,116208561.63403141,5044760.881997564,803935.5675403307,240218692.74258214,1911914869.5066435
129,2024-07-01,19.42923207264432,2.1956282229500856,60.068579151589134,568.3093057750574,0.49132263894566947,141.94942583913013,64.62838530469377,10197.930482207514,2.607202861117716,0.4155296675489747,124.15694104066037,38.598595307315236,37589592.74753948,4247687.546638596,116208561.63403141,5044760.881997564,803935.5675403307,240218692.74258214,1911914869.5066435
130,2024-07-01,19.42923207264432,2.1956282229500856,60.068579151589134,568.3093057750574,0.49132263894566947,141.94942583913013,64.62838530469377,10197.930482207514,2.607202861117716,0.4155296675489747,124.15694104066037,38.598595307315236,37589592.74753948,4247687.546638596,116208561.63403141,5044760.881997564,803935.5675403307,240218692.74258214,1911914869.5066435
131,2024-07-01,19.42923207264432,2.1956282229500856,60.068579151589134,568.3093057750574,0.49132263894566947,141.94942583913013,64.62838530469377,10197.930482207514,2.607202861117716,0.4155296675489747,124.15694104066037,38.598595307315236,37589592.74753948,4247687.546638596,116208561.63403141,5044760.881997564,803935.5675403307,240218692.74258214,1911914869.5066435
132,2024-07-01,19.42923207264432,2.1956282229500856,60.068579151589134,568.3093057750574,0.49132263894566947,141.94942583913013,64.62838530469377,10197.930482207514,2.607202861117716,0.4155296675489747,124.15694104066037,38.598595307315236,37589592.74753948,4247687.546638596,116208561.63403141,5044760.881997564,803935.5675403307,240218692.74258214,1911914869.5066435
133,2024-07-01,19.42923207264432,2.1956282229500856,60.068579151589134,568.3093057750574,0.49132263894566947,141.94942583913013,64.62838530469377,10197.930482207514,2.607202861117716,0.4155296675489747,124.15694104066037,38.598595307315236,37589592.74753948,4247687.546638596,116208561.63403141,5044760.881997564,803935.5675403307,240218692.74258214,1911914869.5066435
134,2024-07-01,19.42923207264432,2.1956282229500856,60.068579151589134,568.3093057750574,0.49132263894566947,141.94942583913013,64.62838530469377,10197.930482207514,2.607202861117716,0.4155296675489747,124.15694104066037,38.598595307315236,37589592.74753948,4247687.546638596,116208561.63403141,5044760.881997564,803935.5675403307,240218692.74258214,1911914869.5066435
135,2024-07-01,19.42923207264432,2.1956282229500856,60.068579151589134,568.3093057750574,0.49132263894566947,141.94942583913013,64.62838530469377,10197.930482207514,2.607202861117716,0.4155296675489747,124.15694104066037,38.598595307315236,37589592.74753948,4247687.546638596,116208561.63403141,5044760.881997564,803935.5675403307,240218692.74258214,1911914869.5060358
136,2024-07-01,19.42923207264432,2.1956282229500856,60.068579151589134,568.3093057750574,0.49132263894566947,141.94942583913013,64.62838530469377,10197.930482207514,2.607202861117716,0.4155296675489747,124.15694104066037,38.598595307315236,37589592.74753948,4247687.546638596,116208561.63403141,5044760.881997564,803935.5675403307,240218692.74258214,1911914869.5066435
137,2024-07-01,19.42923207264432,2.1956282229500856,60.068579151589134,568.3093057750574,0.49132263894566947,141.94942583913013,64.62838530469377,10197.930482207514,2.607202861117716,0.4155296675489747,124.15694104066037,38.598595307315236,37589592.74753948,4247687.546638596,116208561.63403141,5044760.881997564,803935.5675403307,240218692.74258214,1911914869.5066435
138,2024-07-01,19.42923207264432,2.1956282229500856,60.068579151589134,568.3093057750574,0.49132263894566947,141.94942583913013,64.62838530469377,10197.930482207514,2.607202861117716,0.4155296675489747,124.15694104066037,38.598595307315236,37589592.74753948,4247687.546638596,116208561.63403141,5044760.881997564,803935.5675403307,240218692.74258214,1911914869.5066435
139,2024-07-01,19.42923207264432,2.1956282229500856,60.068579151589134,568.3093057750574,0.49132263894566947,141.94942583913013,64.62838530469377,10197.930482207514,2.607202861117716,0.4155296675489747,124.15694104066037,38.598595307315236,37589592.74753948,4247687.546638596,116208561.63403141,5044760.881997564,803935.5675403307,240218692.74258214,1911914869.5066435
140,2024-08-01,13.28535201397111,1.7733919485970144,38.52147185769716,568.3093057750574,0.49132263894566947,141.94942583913013,64.62838530469377,10197.930482207514,1.6853399674460627,0.43281158746198345,118.83430482277895,36.62322751078976,25703181.114372987,3430824.406722539,74526148.23326273,3260987.8411412938,837362.7267302347,229921346.38434112,1911914869.5066435
141,2024-08-01,13.28535201397111,1.7733919485970144,38.52147185769716,568.3093057750574,0.49132263894566947,141.94942583913013,64.62838530469377,10197.930482207514,1.6853399674460627,0.43281158746198345,118.83430482277895,36.62322751078976,25703181.114372987,3430824.406722539,74526148.23326273,3260987.8411412938,837362.7267302347,229921346.38434112,1911914869.5066435
142,2024-08-01,13.28535201397111,1.7733919485970144,38.52147185769716,568.3093057750574,0.49132263894566947,141.94942583913013,64.62838530469377,10197.930482207514,1.6853399674460627,0.43281158746198345,118.83430482277895,36.62322751078976,25703181.114372987,3430824.406722539,74526148.23326273,3260987.8411412938,837362.7267302347,229921346.38434112,1911914869.5066435
143,2024-08-01,13.28535201397111,1.7733919485970144,38.52147185769716,568.3093057750574,0.49132263894566947,141.94942583913013,64.62838530469377,10197.930482207514,1.6853399674460627,0.43281158746198345,118.83430482277895,36.62322751078976,25703181.114372987,3430824.406722539,74526148.23326273,3260987.8411412938,837362.7267302347,229921346.38434112,1911914869.5066435
144,2024-08-01,13.28535201397111,1.7733919485970144,38.52147185769716,568.3093057750574,0.49132263894566947,141.94942583913013,64.62838530469377,10197.930482207514,1.6853399674460627,0.43281158746198345,118.83430482277895,36.62322751078976,25703181.114372987,3430824.406722539,74526148.23326273,3260987.8411412938,837362.7267302347,229921346.38434112,1911914869.5066435
145,2024-08-01,13.28535201397111,1.7733919485970144,38.52147185769716,568.3093057750574,0.49132263894566947,141.94942583913013,64.62838530469377,10197.930482207514,1.6853399674460627,0.43281158746198345,118.83430482277895,36.62322751078976,25703181.114372987,3430824.406722539,74526148.23326273,3260987.8411412938,837362.7267302347,229921346.38434112,1911914869.5066435
146,2024-08-01,13.28535201397111,1.7733919485970144,38.52147185769716,568.3093057750574,0.49132263894566947,141.94942583913013,64.62838530469377,10197.930482207514,1.6853399674460627,0.43281158746198345,118.83430482277895,36.62322751078976,25703181.114372987,3430824.406722539,74526148.23326273,3260987.8411412938,837362.7267302347,229921346.38434112,1911914869.5066435
147,2024-08-01,13.28535201397111,1.7733919485970144,38.52147185769716,568.3093057750574,0.49132263894566947,141.94942583913013,64.62838530469377,10197.930482207514,1.6853399674460627,0.43281158746198345,118.83430482277895,36.62322751078976,25703181.114372987,3430824.406722539,74526148.23326273,3260987.8411412938,837362.7267302347,229921346.38434112,1911914869.5066435
148,2024-08-01,13.28535201397111,1.7733919485970144,38.52147185769716,568.3093057750574,0.49132263894566947,141.94942583913013,64.62838530469377,10197.930482207514,1.6853399674460627,0.43281158746198345,118.83430482277895,36.62322751078976,25703181.114372987,3430824.406722539,74526148.23326273,3260987.8411412938,837362.7267302347,229921346.38434112,1911914869.5060358
149,2024-08-01,13.28535201397111,1.7733919485970144,38.52147185769716,568.3093057750574,0.49132263894566947,141.94942583913013,64.62838530469377,10197.930482207514,1.6853399674460627,0.43281158746198345,118.83430482277895,36.62322751078976,25703181.114372987,3430824.406722539,74526148.23326273,3260987.8411412938,837362.7267302347,229921346.38434112,1911914869.5066435
150,2024-08-01,13.28535201397111,1.7733919485970144,38.52147185769716,568.3093057750574,0.49132263894566947,141.94942583913013,64.62838530469377,10197.930482207514,1.6853399674460627,0.43281158746198345,118.83430482277895,36.62322751078976,25703181.114372987,3430824.406722539,74526148.23326273,3260987.8411412938,837362.7267302347,229921346.38434112,1911914869.5066435
151,2024-08-01,13.28535201397111,1.7733919485970144,38.52147185769716,568.3093057750574,0.49132263894566947,141.94942583913013,64.62838530469377,10197.930482207514,1.6853399674460627,0.43281158746198345,118.83430482277895,36.62322751078976,25703181.114372987,3430824.406722539,74526148.23326273,3260987.8411412938,837362.7267302347,229921346.38434112,1911914869.5066435
152,2024-08-01,13.28535201397111,1.7733919485970144,38.52147185769716,568.3093057750574,0.49132263894566947,141.94942583913013,64.62838530469377,10197.930482207514,1.6853399674460627,0.43281158746198345,118.83430482277895,36.62322751078976,25703181.114372987,3430824.406722539,74526148.23326273,3260987.8411412938,837362.7267302347,229921346.38434112,1911914869.5066435
153,2024-08-01,13.28535201397111,1.7733919485970144,38.52147185769716,568.3093057750574,0.49132263894566947,141.94942583913013,64.62838530469377,10197.930482207514,1.6853399674460627,0.43281158746198345,118.83430482277895,36.62322751078976,25703181.114372987,3430824.406722539,74526148.23326273,3260987.8411412938,837362.7267302347,229921346.38434112,1911914869.5066435
154,2024-08-01,13.28535201397111,1.7733919485970144,38.52147185769716,568.3093057750574,0.49132263894566947,141.94942583913013,64.62838530469377,10197.930482207514,1.6853399674460627,0.43281158746198345,118.83430482277895,36.62322751078976,25703181.114372987,3430824.406722539,74526148.23326273,3260987.8411412938,837362.7267302347,229921346.38434112,1911914869.5066435
155,2024-08-01,13.28535201397111,1.7733919485970144,38.52147185769716,568.3093057750574,0.49132263894566947,141.94942583913013,64.62838530469377,10197.930482207514,1.6853399674460627,0.43281158746198345,118.83430482277895,36.62322751078976,25703181.114372987,3430824.406722539,74526148.23326273,3260987.8411412938,837362.7267302347,229921346.38434112,1911914869.5066435
156,2024-08-01,13.28535201397111,1.7733919485970144,38.52147185769716,568.3093057750574,0.49132263894566947,141.94942583913013,64.62838530469377,10197.930482207514,1.6853399674460627,0.43281158746198345,118.83430482277895,36.62322751078976,25703181.114372987,3430824.406722539,74526148.23326273,3260987.8411412938,837362.7267302347,229921346.38434112,1911914869.5066435
157,2024-08-01,13.28535201397111,1.7733919485970144,38.52147185769716,568.3093057750574,0.49132263894566947,141.94942583913013,64.62838530469377,10197.930482207514,1.6853399674460627,0.43281158746198345,118.83430482277895,36.62322751078976,25703181.114372987,3430824.406722539,74526148.23326273,3260987.8411412938,837362.7267302347,229921346.38434112,1911914869.5066435
158,2024-08-01,13.28535201397111,1.7733919485970144,38.52147185769716,568.3093057750574,0.49132263894566947,141.94942583913013,64.62838530469377,10197.930482207514,1.6853399674460627,0.43281158746198345,118.83430482277895,36.62322751078976,25703181.114372987,3430824.406722539,74526148.23326273,3260987.8411412938,837362.7267302347,229921346.38434112,1911914869.5066435
159,2024-08-01,13.28535201397111,1.7733919485970144,38.52147185769716,568.3093057750574,0.49132263894566947,141.94942583913013,64.62838530469377,10197.930482207514,1.6853399674460627,0.43281158746198345,118.83430482277895,36.62322751078976,25703181.114372987,3430824.406722539,74526148.23326273,3260987.8411412938,837362.7267302347,229921346.38434112,1911914869.5066435
160,2024-09-01,17.02202649547117,0.844472348586088,25.334699393992242,568.3093057750574,0.49132263894566947,141.94942583913013,64.62838530469377,10197.930482207514,2.062787940766126,0.6120722416264132,118.2466352299721,36.48692098186601,32931966.88419918,1633725.8926986328,49014122.81814119,3991293.040952371,1184137.1565070632,228784371.63457295,1911914869.5066435
161,2024-09-01,17.02202649547117,0.844472348586088,25.334699393992242,568.3093057750574,0.49132263894566947,141.94942583913013,64.62838530469377,10197.930482207514,2.062787940766126,0.6120722416264132,118.2466352299721,36.48692098186601,32931966.88419918,1633725.8926986328,49014122.81814119,3991293.040952371,1184137.1565070632,228784371.63457295,1911914869.5066435
162,2024-09-01,17.02202649547117,0.844472348586088,25.334699393992242,568.3093057750574,0.49132263894566947,141.94942583913013,64.62838530469377,10197.930482207514,2.062787940766126,0.6120722416264132,118.2466352299721,36.48692098186601,32931966.88419918,1633725.8926986328,49014122.81814119,3991293.040952371,1184137.1565070632,228784371.63457295,1911914869.5066435
163,2024-09-01,17.02202649547117,0.844472348586088,25.334699393992242,568.3093057750574,0.49132263894566947,141.94942583913013,64.62838530469377,10197.930482207514,2.062787940766126,0.6120722416264132,118.2466352299721,36.48692098186601,32931966.88419918,1633725.8926986328,49014122.81814119,3991293.040952371,1184137.1565070632,228784371.63457295,1911914869.5066435
164,2024-09-01,17.02202649547117,0.844472348586088,25.334699393992242,568.3093057750574,0.49132263894566947,141.94942583913013,64.62838530469377,10197.930482207514,2.062787940766126,0.6120722416264132,118.2466352299721,36.48692098186601,32931966.88419918,1633725.8926986328,49014122.81814119,3991293.040952371,1184137.1565070632,228784371.63457295,1911914869.5066435
165,2024-09-01,17.02202649547117,0.844472348586088,25.334699393992242,568.3093057750574,0.49132263894566947,141.94942583913013,64.62838530469377,10197.930482207514,2.062787940766126,0.6120722416264132,118.2466352299721,36.48692098186601,32931966.88419918,1633725.8926986328,49014122.81814119,3991293.040952371,1184137.1565070632,228784371.63457295,1911914869.5066435
166,2024-09-01,17.02202649547117,0.844472348586088,25.334699393992242,568.3093057750574,0.49132263894566947,141.94942583913013,64.62838530469377,10197.930482207514,2.062787940766126,0.6120722416264132,118.2466352299721,36.48692098186601,32931966.88419918,1633725.8926986328,49014122.81814119,3991293.040952371,1184137.1565070632,228784371.63457295,1911914869.5066435
167,2024-09-01,17.02202649547117,0.844472348586088,25.334699393992242,568.3093057750574,0.49132263894566947,141.94942583913013,64.62838530469377,10197.930482207514,2.062787940766126,0.6120722416264132,118.2466352299721,36.48692098186601,32931966.88419918,1633725.8926986328,49014122.81814119,3991293.040952371,1184137.1565070632,228784371.63457295,1911914869.5066435
168,2024-09-01,17.02202649547117,0.844472348586088,25.334699393992242,568.3093057750574,0.49132263894566947,141.94942583913013,64.62838530469377,10197.930482207514,2.062787940766126,0.6120722416264132,118.2466352299721,36.48692098186601,32931966.88419918,1633725.8926986328,49014122.81814119,3991293.040952371,1184137.1565070632,228784371.63457295,1911914869.5066435
169,2024-09-01,17.02202649547117,0.844472348586088,25.334699393992242,568.3093057750574,0.49132263894566947,141.94942583913013,64.62838530469377,10197.930482207514,2.062787940766126,0.6120722416264132,118.2466352299721,36.48692098186601,32931966.88419918,1633725.8926986328,49014122.81814119,3991293.040952371,1184137.1565070632,228784371.63457295,1911914869.5066435
170,2024-09-01,17.02202649547117,0.844472348586088,25.334699393992242,568.3093057750574,0.49132263894566947,141.94942583913013,64.62838530469377,10197.930482207514,2.062787940766126,0.6120722416264132,118.2466352299721,36.48692098186601,32931966.88419918,1633725.8926986328,49014122.81814119,3991293.040952371,1184137.1565070632,228784371.63457295,1911914869.5066435
171,2024-09-01,17.02202649547117,0.844472348586088,25.334699393992242,568.3093057750574,0.49132263894566947,141.94942583913013,64.62838530469377,10197.930482207514,2.062787940766126,0.6120722416264132,118.2466352299721,36.48692098186601,32931966.88419918,1633725.8926986328,49014122.81814119,3991293.040952371,1184137.1565070632,228784371.63457295,1911914869.5060358
172,2024-09-01,17.02202649547117,0.844472348586088,25.334699393992242,568.3093057750574,0.49132263894566947,141.94942583913013,64.62838530469377,10197.930482207514,2.062787940766126,0.6120722416264132,118.2466352299721,36.48692098186601,32931966.88419918,1633725.8926986328,49014122.81814119,3991293.040952371,1184137.1565070632,228784371.63457295,1911914869.5066435
173,2024-09-01,17.02202649547117,0.844472348586088,25.334699393992242,568.3093057750574,0.49132263894566947,141.94942583913013,64.62838530469377,10197.930482207514,2.062787940766126,0.6120722416264132,118.2466352299721,36.48692098186601,32931966.88419918,1633725.8926986328,49014122.81814119,3991293.040952371,1184137.1565070632,228784371.63457295,1911914869.5066435
174,2024-09-01,17.02202649547117,0.844472348586088,25.334699393992242,568.3093057750574,0.49132263894566947,141.94942583913013,64.62838530469377,10197.930482207514,2.062787940766126,0.6120722416264132,118.2466352299721,36.48692098186601,32931966.88419918,1633725.8926986328,49014122.81814119,3991293.040952371,1184137.1565070632,228784371.63457295,1911914869.5066435
175,2024-09-01,17.02202649547117,0.844472348586088,25.334699393992242,568.3093057750574,0.49132263894566947,141.94942583913013,64.62838530469377,10197.930482207514,2.062787940766126,0.6120722416264132,118.2466352299721,36.48692098186601,32931966.88419918,1633725.8926986328,49014122.81814119,3991293.040952371,1184137.1565070632,228784371.63457295,1911914869.5066435
176,2024-09-01,17.02202649547117,0.844472348586088,25.334699393992242,568.3093057750574,0.49132263894566947,141.94942583913013,64.62838530469377,10197.930482207514,2.062787940766126,0.6120722416264132,118.2466352299721,36.48692098186601,32931966.88419918,1633725.8926986328,49014122.81814119,3991293.040952371,1184137.1565070632,228784371.63457295,1911914869.5066435
177,2024-09-01,17.02202649547117,0.844472348586088,25.334699393992242,568.3093057750574,0.49132263894566947,141.94942583913013,64.62838530469377,10197.930482207514,2.062787940766126,0.6120722416264132,118.2466352299721,36.48692098186601,32931966.88419918,1633725.8926986328,49014122.81814119,3991293.040952371,1184137.1565070632,228784371.63457295,1911914869.5066435
178,2024-09-01,17.02202649547117,0.844472348586088,25.334699393992242,568.3093057750574,0.49132263894566947,141.94942583913013,64.62838530469377,10197.930482207514,2.062787940766126,0.6120722416264132,118.2466352299721,36.48692098186601,32931966.88419918,1633725.8926986328,49014122.81814119,3991293.040952371,1184137.1565070632,228784371.63457295,1911914869.5066435
179,2024-09-01,17.02202649547117,0.844472348586088,25.334699393992242,568.3093057750574,0.49132263894566947,141.94942583913013,64.62838530469377,10197.930482207514,2.062787940766126,0.6120722416264132,118.2466352299721,36.48692098186601,32931966.88419918,1633725.8926986328,49014122.81814119,3991293.040952371,1184137.1565070632,228784371.63457295,1911914869.5066435
180,2024-10-01,14.987636898731253,0.422236174293044,15.87430788682042,568.3093057750574,0.49132263894566947,141.94942583913013,64.62838530469377,10197.930482207514,0.7838850803504994,0.22182458577182876,120.51634773509387,38.02507124914204,28995980.61164035,816862.9463493164,30711454.202517644,1516751.2004357534,429163.48062024673,233175402.77122524,1911914869.5066435
181,2024-10-01,14.987636898731253,0.422236174293044,15.87430788682042,568.3093057750574,0.49132263894566947,141.94942583913013,64.62838530469377,10197.930482207514,0.7838850803504994,0.22182458577182876,120.51634773509387,38.02507124914204,28995980.61164035,816862.9463493164,30711454.202517644,1516751.2004357534,429163.48062024673,233175402.77122524,1911914869.5066435
182,2024-10-01,14.987636898731253,0.422236174293044,15.87430788682042,568.3093057750574,0.49132263894566947,141.94942583913013,64.62838530469377,10197.930482207514,0.7838850803504994,0.22182458577182876,120.51634773509387,38.02507124914204,28995980.61164035,816862.9463493164,30711454.202517644,1516751.2004357534,429163.48062024673,233175402.77122524,1911914869.5060358
183,2024-10-01,14.987636898731253,0.422236174293044,15.87430788682042,568.3093057750574,0.49132263894566947,141.94942583913013,64.62838530469377,10197.930482207514,0.7838850803504994,0.22182458577182876,120.51634773509387,38.02507124914204,28995980.61164035,816862.9463493164,30711454.202517644,1516751.2004357534,429163.48062024673,233175402.77122524,1911914869.5066435
184,2024-10-01,14.987636898731253,0.422236174293044,15.87430788682042,568.3093057750574,0.49132263894566947,141.94942583913013,64.62838530469377,10197.930482207514,0.7838850803504994,0.22182458577182876,120.51634773509387,38.02507124914204,28995980.61164035,816862.9463493164,30711454.202517644,1516751.2004357534,429163.48062024673,233175402.77122524,1911914869.5066435
185,2024-10-01,14.987636898731253,0.422236174293044,15.87430788682042,568.3093057750574,0.49132263894566947,141.94942583913013,64.62838530469377,10197.930482207514,0.7838850803504994,0.22182458577182876,120.51634773509387,38.02507124914204,28995980.61164035,816862.9463493164,30711454.202517644,1516751.2004357534,429163.48062024673,233175402.77122524,1911914869.5066435
186,2024-10-01,14.987636898731253,0.422236174293044,15.87430788682042,568.3093057750574,0.49132263894566947,141.94942583913013,64.62838530469377,10197.930482207514,0.7838850803504994,0.22182458577182876,120.51634773509387,38.02507124914204,28995980.61164035,816862.9463493164,30711454.202517644,1516751.2004357534,429163.48062024673,233175402.77122524,1911914869.5066435
187,2024-10-01,14.987636898731253,0.422236174293044,15.87430788682042,568.3093057750574,0.49132263894566947,141.94942583913013,64.62838530469377,10197.930482207514,0.7838850803504994,0.22182458577182876,120.51634773509387,38.02507124914204,28995980.61164035,816862.9463493164,30711454.202517644,1516751.2004357534,429163.48062024673,233175402.77122524,1911914869.5066435
188,2024-10-01,14.987636898731253,0.422236174293044,15.87430788682042,568.3093057750574,0.49132263894566947,141.94942583913013,64.62838530469377,10197.930482207514,0.7838850803504994,0.22182458577182876,120.51634773509387,38.02507124914204,28995980.61164035,816862.9463493164,30711454.202517644,1516751.2004357534,429163.48062024673,233175402.77122524,1911914869.5066435
189,2024-10-01,14.987636898731253,0.422236174293044,15.87430788682042,568.3093057750574,0.49132263894566947,141.94942583913013,64.62838530469377,10197.930482207514,0.7838850803504994,0.22182458577182876,120.51634773509387,38.02507124914204,28995980.61164035,816862.9463493164,30711454.202517644,1516751.2004357534,429163.48062024673,233175402.77122524,1911914869.5066435
190,2024-10-01,14.987636898731253,0.422236174293044,15.87430788682042,568.3093057750574,0.49132263894566947,141.94942583913013,64.62838530469377,10197.930482207514,0.7838850803504994,0.22182458577182876,120.51634773509387,38.02507124914204,28995980.61164035,816862.9463493164,30711454.202517644,1516751.2004357534,429163.48062024673,233175402.77122524,1911914869.5066435
191,2024-10-01,14.987636898731253,0.422236174293044,15.87430788682042,568.3093057750574,0.49132263894566947,141.94942583913013,64.62838530469377,10197.930482207514,0.7838850803504994,0.22182458577182876,120.51634773509387,38.02507124914204,28995980.61164035,816862.9463493164,30711454.202517644,1516751.2004357534,429163.48062024673,233175402.77122524,1911914869.5066435
192,2024-10-01,14.987636898731253,0.422236174293044,15.87430788682042,568.3093057750574,0.49132263894566947,141.94942583913013,64.62838530469377,10197.930482207514,0.7838850803504994,0.22182458577182876,120.51634773509387,38.02507124914204,28995980.61164035,816862.9463493164,30711454.202517644,1516751.2004357534,429163.48062024673,233175402.77122524,1911914869.5066435
193,2024-10-01,14.987636898731253,0.422236174293044,15.87430788682042,568.3093057750574,0.49132263894566947,141.94942583913013,64.62838530469377,10197.930482207514,0.7838850803504994,0.22182458577182876,120.51634773509387,38.02507124914204,28995980.61164035,816862.9463493164,30711454.202517644,1516751.2004357534,429163.48062024673,233175402.77122524,1911914869.5066435
194,2024-10-01,14.987636898731253,0.422236174293044,15.87430788682042,568.3093057750574,0.49132263894566947,141.94942583913013,64.62838530469377,10197.930482207514,0.7838850803504994,0.22182458577182876,120.51634773509387,38.02507124914204,28995980.61164035,816862.9463493164,30711454.202517644,1516751.2004357534,429163.48062024673,233175402.77122524,1911914869.5066435
195,2024-10-01,14.987636898731253,0.422236174293044,15.87430788682042,568.3093057750574,0.49132263894566947,141.94942583913013,64.62838530469377,10197.930482207514,0.7838850803504994,0.22182458577182876,120.51634773509387,38.02507124914204,28995980.61164035,816862.9463493164,30711454.202517644,1516751.2004357534,429163.48062024673,233175402.77122524,1911914869.5066435
196,2024-10-01,14.987636898731253,0.422236174293044,15.87430788682042,568.3093057750574,0.49132263894566947,141.94942583913013,64.62838530469377,10197.930482207514,0.7838850803504994,0.22182458577182876,120.51634773509387,38.02507124914204,28995980.61164035,816862.9463493164,30711454.202517644,1516751.2004357534,429163.48062024673,233175402.77122524,1911914869.5066435
197,2024-10-01,14.987636898731253,0.422236174293044,15.87430788682042,568.3093057750574,0.49132263894566947,141.94942583913013,64.62838530469377,10197.930482207514,0.7838850803504994,0.22182458577182876,120.51634773509387,38.02507124914204,28995980.61164035,816862.9463493164,30711454.202517644,1516751.2004357534,429163.48062024673,233175402.77122524,1911914869.5066435
198,2024-10-01,14.987636898731253,0.422236174293044,15.87430788682042,568.3093057750574,0.49132263894566947,141.94942583913013,64.62838530469377,10197.930482207514,0.7838850803504994,0.22182458577182876,120.51634773509387,38.02507124914204,28995980.61164035,816862.9463493164,30711454.202517644,1516751.2004357534,429163.48062024673,233175402.77122524,1911914869.5066435
199,2024-10-01,14.987636898731253,0.422236174293044,15.87430788682042,568.3093057750574,0.49132263894566947,141.94942583913013,64.62838530469377,10197.930482207514,0.7838850803504994,0.22182458577182876,120.51634773509387,38.02507124914204,28995980.61164035,816862.9463493164,30711454.202517644,1516751.2004357534,429163.48062024673,233175402.77122524,1911914869.5066435
200,2024-11-01,14.620100863733422,0.0,7.945023324759124,568.3093057750574,0.49132263894566947,141.94942583913013,64.62838530469377,10197.930482207514,0.44330743871415623,0.4570080173461953,126.79841997514285,41.30272887365985,28284530.859993823,0.0,15370808.397843137,857771.8291919767,884101.7068060219,245328798.23420182,1911914869.5066435
201,2024-11-01,14.620100863733422,0.0,7.945023324759124,568.3093057750574,0.49132263894566947,141.94942583913013,64.62838530469377,10197.930482207514,0.44330743871415623,0.4570080173461953,126.79841997514285,41.30272887365985,28284530.859993823,0.0,15370808.397843137,857771.8291919767,884101.7068060219,245328798.23420182,1911914869.5066435
202,2024-11-01,14.620100863733422,0.0,7.945023324759124,568.3093057750574,0.49132263894566947,141.94942583913013,64.62838530469377,10197.930482207514,0.44330743871415623,0.4570080173461953,126.79841997514285,41.30272887365985,28284530.859993823,0.0,15370808.397843137,857771.8291919767,884101.7068060219,245328798.23420182,1911914869.5066435
203,2024-11-01,14.620100863733422,0.0,7.945023324759124,568.3093057750574,0.49132263894566947,141.94942583913013,64.62838530469377,10197.930482207514,0.44330743871415623,0.4570080173461953,126.79841997514285,41.30272887365985,28284530.859993823,0.0,15370808.397843137,857771.8291919767,884101.7068060219,245328798.23420182,1911914869.5066435
204,2024-11-01,14.620100863733422,0.0,7.945023324759124,568.3093057750574,0.49132263894566947,141.94942583913013,64.62838530469377,10197.930482207514,0.44330743871415623,0.4570080173461953,126.79841997514285,41.30272887365985,28284530.859993823,0.0,15370808.397843137,857771.8291919767,884101.7068060219,245328798.23420182,1911914869.5066435
205,2024-11-01,14.620100863733422,0.0,7.945023324759124,568.3093057750574,0.49132263894566947,141.94942583913013,64.62838530469377,10197.930482207514,0.44330743871415623,0.4570080173461953,126.79841997514285,41.30272887365985,28284530.859993823,0.0,15370808.397843137,857771.8291919767,884101.7068060219,245328798.23420182,1911914869.5066435
206,2024-11-01,14.620100863733422,0.0,7.945023324759124,568.3093057750574,0.49132263894566947,141.94942583913013,64.62838530469377,10197.930482207514,0.44330743871415623,0.4570080173461953,126.79841997514285,41.30272887365985,28284530.859993823,0.0,15370808.397843137,857771.8291919767,884101.7068060219,245328798.23420182,1911914869.5060358
207,2024-11-01,14.620100863733422,0.0,7.945023324759124,568.3093057750574,0.49132263894566947,141.94942583913013,64.62838530469377,10197.930482207514,0.44330743871415623,0.4570080173461953,126.79841997514285,41.30272887365985,28284530.859993823,0.0,15370808.397843137,857771.8291919767,884101.7068060219,245328798.23420182,1911914869.5066435
208,2024-11-01,14.620100863733422,0.0,7.945023324759124,568.3093057750574,0.49132263894566947,141.94942583913013,64.62838530469377,10197.930482207514,0.44330743871415623,0.4570080173461953,126.79841997514285,41.30272887365985,28284530.859993823,0.0,15370808.397843137,857771.8291919767,884101.7068060219,245328798.23420182,1911914869.5066435
209,2024-11-01,14.620100863733422,0.0,7.945023324759124,568.3093057750574,0.49132263894566947,141.94942583913013,64.62838530469377,10197.930482207514,0.44330743871415623,0.4570080173461953,126.79841997514285,41.30272887365985,28284530.859993823,0.0,15370808.397843137,857771.8291919767,884101.7068060219,245328798.23420182,1911914869.5066435
210,2024-11-01,14.620100863733422,0.0,7.945023324759124,568.3093057750574,0.49132263894566947,141.94942583913013,64.62838530469377,10197.930482207514,0.44330743871415623,0.4570080173461953,126.79841997514285,41.30272887365985,28284530.859993823,0.0,15370808.397843137,857771.8291919767,884101.7068060219,245328798.23420182,1911914869.5066435
211,2024-11-01,14.620100863733422,0.0,7.945023324759124,568.3093057750574,0.49132263894566947,141.94942583913013,64.62838530469377,10197.930482207514,0.44330743871415623,0.4570080173461953,126.79841997514285,41.30272887365985,28284530.859993823,0.0,15370808.397843137,857771.8291919767,884101.7068060219,245328798.23420182,1911914869.5066435
212,2024-11-01,14.620100863733422,0.0,7.945023324759124,568.3093057750574,0.49132263894566947,141.94942583913013,64.62838530469377,10197.930482207514,0.44330743871415623,0.4570080173461953,126.79841997514285,41.30272887365985,28284530.859993823,0.0,15370808.397843137,857771.8291919767,884101.7068060219,245328798.23420182,1911914869.5066435
213,2024-11-01,14.620100863733422,0.0,7.945023324759124,568.3093057750574,0.49132263894566947,141.94942583913013,64.62838530469377,10197.930482207514,0.44330743871415623,0.4570080173461953,126.79841997514285,41.30272887365985,28284530.859993823,0.0,15370808.397843137,857771.8291919767,884101.7068060219,245328798.23420182,1911914869.5066435
214,2024-11-01,14.620100863733422,0.0,7.945023324759124,568.3093057750574,0.49132263894566947,141.94942583913013,64.62838530469377,10197.930482207514,0.44330743871415623,0.4570080173461953,126.79841997514285,41.30272887365985,28284530.859993823,0.0,15370808.397843137,857771.8291919767,884101.7068060219,245328798.23420182,1911914869.5066435
215,2024-11-01,14.620100863733422,0.0,7.945023324759124,568.3093057750574,0.49132263894566947,141.94942583913013,64.62838530469377,10197.930482207514,0.44330743871415623,0.4570080173461953,126.79841997514285,41.30272887365985,28284530.859993823,0.0,15370808.397843137,857771.8291919767,884101.7068060219,245328798.23420182,1911914869.5066435
216,2024-11-01,14.620100863733422,0.0,7.945023324759124,568.3093057750574,0.49132263894566947,141.94942583913013,64.62838530469377,10197.930482207514,0.44330743871415623,0.4570080173461953,126.79841997514285,41.30272887365985,28284530.859993823,0.0,15370808.397843137,857771.8291919767,884101.7068060219,245328798.23420182,1911914869.5066435
217,2024-11-01,14.620100863733422,0.0,7.945023324759124,568.3093057750574,0.49132263894566947,141.94942583913013,64.62838530469377,10197.930482207514,0.44330743871415623,0.4570080173461953,126.79841997514285,41.30272887365985,28284530.859993823,0.0,15370808.397843137,857771.8291919767,884101.7068060219,245328798.23420182,1911914869.5066435
218,2024-11-01,14.620100863733422,0.0,7.945023324759124,568.3093057750574,0.49132263894566947,141.94942583913013,64.62838530469377,10197.930482207514,0.44330743871415623,0.4570080173461953,126.79841997514285,41.30272887365985,28284530.859993823,0.0,15370808.397843137,857771.8291919767,884101.7068060219,245328798.23420182,1911914869.5066435
219,2024-11-01,14.620100863733422,0.0,7.945023324759124,568.3093057750574,0.49132263894566947,141.94942583913013,64.62838530469377,10197.930482207514,0.44330743871415623,0.4570080173461953,126.79841997514285,41.30272887365985,28284530.859993823,0.0,15370808.397843137,857771.8291919767,884101.7068060219,245328798.23420182,1911914869.5066435
220,2024-12-01,70.36346717389445,0.0,6.458734795308884,568.3093057750574,0.49132263894566947,141.94942583913013,64.62838530469377,10197.930482207514,7.9277370542447,14.962560754220283,167.81285454526338,58.90116261004321,136120823.82524633,0.0,12495503.363898043,15337860.227379397,28944628.023197524,324671630.44497335,1911914869.5066435
221,2024-12-01,70.36346717389445,0.0,6.458734795308884,568.3093057750574,0.49132263894566947,141.94942583913013,64.62838530469377,10197.930482207514,7.9277370542447,14.962560754220283,167.81285454526338,58.90116261004321,136120823.82524633,0.0,12495503.363898043,15337860.227379397,28944628.023197524,324671630.44497335,1911914869.5066435
222,2024-12-01,70.36346717389445,0.0,6.458734795308884,568.3093057750574,0.49132263894566947,141.94942583913013,64.62838530469377,10197.930482207514,7.9277370542447,14.962560754220283,167.81285454526338,58.90116261004321,136120823.82524633,0.0,12495503.363898043,15337860.227379397,28944628.023197524,324671630.44497335,1911914869.5066435
223,2024-12-01,70.36346717389445,0.0,6.458734795308884,568.3093057750574,0.49132263894566947,141.94942583913013,64.62838530469377,10197.930482207514,7.9277370542447,14.962560754220283,167.81285454526338,58.90116261004321,136120823.82524633,0.0,12495503.363898043,15337860.227379397,28944628.023197524,324671630.44497335,1911914869.5066435
224,2024-12-01,70.36346717389445,0.0,6.458734795308884,568.3093057750574,0.49132263894566947,141.94942583913013,64.62838530469377,10197.930482207514,7.9277370542447,14.962560754220283,167.81285454526338,58.90116261004321,136120823.82524633,0.0,12495503.363898043,15337860.227379397,28944628.023197524,324671630.44497335,1911914869.5066435
225,2024-12-01,70.36346717389445,0.0,6.458734795308884,568.3093057750574,0.49132263894566947,141.94942583913013,64.62838530469377,10197.930482207514,7.9277370542447,14.962560754220283,167.81285454526338,58.90116261004321,136120823.82524633,0.0,12495503.363898043,15337860.227379397,28944628.023197524,324671630.44497335,1911914869.5066435
226,2024-12-01,70.36346717389445,0.0,6.458734795308884,568.3093057750574,0.49132263894566947,141.94942583913013,64.62838530469377,10197.930482207514,7.9277370542447,14.962560754220283,167.81285454526338,58.90116261004321,136120823.82524633,0.0,12495503.363898043,15337860.227379397,28944628.023197524,324671630.44497335,1911914869.5066435
227,2024-12-01,70.36346717389445,0.0,6.458734795308884,568.3093057750574,0.49132263894566947,141.94942583913013,64.62838530469377,10197.930482207514,7.9277370542447,14.962560754220283,167.81285454526338,58.90116261004321,136120823.82524633,0.0,12495503.363898043,15337860.227379397,28944628.023197524,324671630.44497335,1911914869.5066435
228,2024-12-01,70.36346717389445,0.0,6.458734795308884,568.3093057750574,0.49132263894566947,141.94942583913013,64.62838530469377,10197.930482207514,7.9277370542447,14.962560754220283,167.81285454526338,58.90116261004321,136120823.82524633,0.0,12495503.363898043,15337860.227379397,28944628.023197524,324671630.44497335,1911914869.5060358
229,2024-12-01,70.36346717389445,0.0,6.458734795308884,568.3093057750574,0.49132263894566947,141.94942583913013,64.62838530469377,10197.930482207514,7.9277370542447,14.962560754220283,167.81285454526338,58.90116261004321,136120823.82524633,0.0,12495503.363898043,15337860.227379397,28944628.023197524,324671630.44497335,1911914869.5066435
230,2024-12-01,70.36346717389445,0.0,6.458734795308884,568.3093057750574,0.49132263894566947,141.94942583913013,64.62838530469377,10197.930482207514,7.9277370542447,14.962560754220283,167.81285454526338,58.90116261004321,136120823.82524633,0.0,12495503.363898043,15337860.227379397,28944628.023197524,324671630.44497335,1911914869.5066435
231,2024-12-01,70.36346717389445,0.0,6.458734795308884,568.3093057750574,0.49132263894566947,141.94942583913013,64.62838530469377,10197.930482207514,7.9277370542447,14.962560754220283,167.81285454526338,58.90116261004321,136120823.82524633,0.0,12495503.363898043,15337860.227379397,28944628.023197524,324671630.44497335,1911914869.5066435
232,2024-12-01,70.36346717389445,0.0,6.458734795308884,568.3093057750574,0.49132263894566947,141.94942583913013,64.62838530469377,10197.930482207514,7.9277370542447,14.962560754220283,167.81285454526338,58.90116261004321,136120823.82524633,0.0,12495503.363898043,15337860.227379397,28944628.023197524,324671630.44497335,1911914869.5066435
233,2024-12-01,70.36346717389445,0.0,6.458734795308884,568.3093057750574,0.49132263894566947,141.94942583913013,64.62838530469377,10197.930482207514,7.9277370542447,14.962560754220283,167.81285454526338,58.90116261004321,136120823.82524633,0.0,12495503.363898043,15337860.227379397,28944628.023197524,324671630.44497335,1911914869.5066435
234,2024-12-01,70.36346717389445,0.0,6.458734795308884,568.3093057750574,0.49132263894566947,141.94942583913013,64.62838530469377,10197.930482207514,7.9277370542447,14.962560754220283,167.81285454526338,58.90116261004321,136120823.82524633,0.0,12495503.363898043,15337860.227379397,28944628.023197524,324671630.44497335,1911914869.5066435
235,2024-12-01,70.36346717389445,0.0,6.458734795308884,568.3093057750574,0.49132263894566947,141.94942583913013,64.62838530469377,10197.930482207514,7.9277370542447,14.962560754220283,167.81285454526338,58.90116261004321,136120823.82524633,0.0,12495503.363898043,15337860.227379397,28944628.023197524,324671630.44497335,1911914869.5066435
236,2024-12-01,70.36346717389445,0.0,6.458734795308884,568.3093057750574,0.49132263894566947,141.94942583913013,64.62838530469377,10197.930482207514,7.9277370542447,14.962560754220283,167.81285454526338,58.90116261004321,136120823.82524633,0.0,12495503.363898043,15337860.227379397,28944628.023197524,324671630.44497335,1911914869.5066435
237,2024-12-01,70.36346717389445,0.0,6.458734795308884,568.3093057750574,0.49132263894566947,141.94942583913013,64.62838530469377,10197.930482207514,7.9277370542447,14.962560754220283,167.81285454526338,58.90116261004321,136120823.82524633,0.0,12495503.363898043,15337860.227379397,28944628.023197524,324671630.44497335,1911914869.5066435
238,2024-12-01,70.36346717389445,0.0,6.458734795308884,568.3093057750574,0.49132263894566947,141.94942583913013,64.62838530469377,10197.930482207514,7.9277370542447,14.962560754220283,167.81285454526338,58.90116261004321,136120823.82524633,0.0,12495503.363898043,15337860.227379397,28944628.023197524,324671630.44497335,1911914869.5066435
239,2024-12-01,70.36346717389445,0.0,6.458734795308884,568.3093057750574,0.49132263894566947,141.94942583913013,64.62838530469377,10197.930482207514,7.9277370542447,14.962560754220283,167.81285454526338,58.90116261004321,136120823.82524633,0.0,12495503.363898043,15337860.227379397,28944628.023197524,324671630.44497335,1911914869.5066435
