,Date,precip_and_snowmelt_input_Lower Weber_mean,irrigation_Lower Weber_mean,AET_Lower Weber_mean,soil_thickness_Lower Weber_mean,soil_porosity_Lower Weber_mean,field_capacity_Lower Weber_mean,wilting_point_Lower Weber_mean,Geo_K_Lower Weber_mean,Runoff_Lower Weber_mean,Recharge_Lower Weber_mean,Soil_Water_End_Of_Previous_Timestep_Lower Weber_mean,Soil_Saturation_Percent_End_Of_Timestep_Lower Weber_mean,precip_and_snowmelt_input_m3_Lower Weber_sum,irrigation_m3_Lower Weber_sum,AET_m3_Lower Weber_sum,Runoff_m3_Lower Weber_sum,Recharge_m3_Lower Weber_sum,Soil_Water_End_Of_Previous_Timestep_m3_Lower Weber_sum,Lower Weber_area_m2
0,2024-01-01,98.7220328063814,0.0,12.370252061129618,508.5669852585927,0.5089366798052201,132.4518866992079,65.25135509040798,14991.250578255647,10.160120001760768,51.53256890459276,150.38293251110153,60.95087082082065,337768346.6438852,0.0,42321938.18934174,34761586.16158056,176316805.31499913,496564988.48853076,3417080519.6201215
1,2024-01-01,98.7220328063814,0.0,12.370252061129618,508.5669852585927,0.5089366798052201,132.4518866992079,65.25135509040798,14991.250578255647,10.160120001760768,51.53256890459276,150.38293251110153,60.95087082082065,337768346.6438852,0.0,42321938.18934174,34761586.16158056,176316805.31499913,496564988.48853076,3417080519.6201215
2,2024-01-01,98.7220328063814,0.0,12.370252061129618,508.5669852585927,0.5089366798052201,132.4518866992079,65.25135509040798,14991.250578255647,10.160120001760768,51.53256890459276,150.38293251110153,60.95087082082065,337768346.6438852,0.0,42321938.18934174,34761586.16158056,176316805.31499913,496564988.48853076,3417080519.6201215
3,2024-01-01,98.7220328063814,0.0,12.370252061129618,508.5669852585927,0.5089366798052201,132.4518866992079,65.25135509040798,14991.250578255647,10.160120001760768,51.53256890459276,150.38293251110153,60.95087082082065,337768346.6438852,0.0,42321938.18934174,34761586.16158056,176316805.31499913,496564988.48853076,3417080519.6201215
4,2024-01-01,98.7220328063814,0.0,12.370252061129618,508.5669852585927,0.5089366798052201,132.4518866992079,65.25135509040798,14991.250578255647,10.160120001760768,51.53256890459276,150.38293251110153,60.95087082082065,337768346.6438852,0.0,42321938.18934174,34761586.16158056,176316805.31499913,496564988.48853076,3417080519.6201215
5,2024-01-01,98.7220328063814,0.0,12.370252061129618,508.5669852585927,0.5089366798052201,132.4518866992079,65.25135509040798,14991.250578255647,10.160120001760768,51.53256890459276,150.38293251110153,60.95087082082065,337768346.6438852,0.0,42321938.18934174,34761586.16158056,176316805.31499913,496564988.48853076,3417080519.6201215
6,2024-01-01,98.7220328063814,0.0,12.370252061129618,508.5669852585927,0.5089366798052201,132.4518866992079,65.25135509040798,14991.250578255647,10.160120001760768,51.53256890459276,150.38293251110153,60.95087082082065,337768346.6438852,0.0,42321938.18934174,34761586.16158056,176316805.31499913,496564988.48853076,3417080519.6201215
7,2024-01-01,98.7220328063814,0.0,12.370252061129618,508.5669852585927,0.5089366798052201,132.4518866992079,65.25135509040798,14991.250578255647,10.160120001760768,51.53256890459276,150.38293251110153,60.95087082082065,337768346.6438852,0.0,42321938.18934174,34761586.16158056,176316805.31499913,496564988.48853076,3417080519.6201215
8,2024-01-01,98.7220328063814,0.0,12.370252061129618,508.5669852585927,0.5089366798052201,132.4518866992079,65.25135509040798,14991.250578255647,10.160120001760768,51.53256890459276,150.38293251110153,60.95087082082065,337768346.6438852,0.0,42321938.18934174,34761586.16158056,176316805.31499913,496564988.48853076,3417080519.6201215
9,2024-01-01,98.7220328063814,0.0,12.370252061129618,508.5669852585927,0.5089366798052201,132.4518866992079,65.25135509040798,14991.250578255647,10.160120001760768,51.53256890459276,150.38293251110153,60.95087082082065,337768346.6438852,0.0,42321938.18934174,34761586.16158056,176316805.31499913,496564988.48853076,3417080519.6204176
10,2024-01-01,98.7220328063814,0.0,12.370252061129618,508.5669852585927,0.5089366798052201,132.4518866992079,65.25135509040798,14991.250578255647,10.160120001760768,51.53256890459276,150.38293251110153,60.95087082082065,337768346.6438852,0.0,42321938.18934174,34761586.16158056,176316805.31499913,496564988.48853076,3417080519.6201215
11,2024-01-01,98.7220328063814,0.0,12.370252061129618,508.5669852585927,0.5089366798052201,132.4518866992079,65.25135509040798,14991.250578255647,10.160120001760768,51.53256890459276,150.38293251110153,60.95087082082065,337768346.6438852,0.0,42321938.18934174,34761586.16158056,176316805.31499913,496564988.48853076,3417080519.6201215
12,2024-01-01,98.7220328063814,0.0,12.370252061129618,508.5669852585927,0.5089366798052201,132.4518866992079,65.25135509040798,14991.250578255647,10.160120001760768,51.53256890459276,150.38293251110153,60.95087082082065,337768346.6438852,0.0,42321938.18934174,34761586.16158056,176316805.31499913,496564988.48853076,3417080519.6201215
13,2024-01-01,98.7220328063814,0.0,12.370252061129618,508.5669852585927,0.5089366798052201,132.4518866992079,65.25135509040798,14991.250578255647,10.160120001760768,51.53256890459276,150.38293251110153,60.95087082082065,337768346.6438852,0.0,42321938.18934174,34761586.16158056,176316805.31499913,496564988.48853076,3417080519.6201215
14,2024-01-01,98.7220328063814,0.0,12.370252061129618,508.5669852585927,0.5089366798052201,132.4518866992079,65.25135509040798,14991.250578255647,10.160120001760768,51.53256890459276,150.38293251110153,60.95087082082065,337768346.6438852,0.0,42321938.18934174,34761586.16158056,176316805.31499913,496564988.48853076,3417080519.6201215
15,2024-01-01,98.7220328063814,0.0,12.370252061129618,508.5669852585927,0.5089366798052201,132.4518866992079,65.25135509040798,14991.250578255647,10.160120001760768,51.53256890459276,150.38293251110153,60.95087082082065,337768346.6438852,0.0,42321938.18934174,34761586.16158056,176316805.31499913,496564988.48853076,3417080519.6201215
16,2024-01-01,98.7220328063814,0.0,12.370252061129618,508.5669852585927,0.5089366798052201,132.4518866992079,65.25135509040798,14991.250578255647,10.160120001760768,51.53256890459276,150.38293251110153,60.95087082082065,337768346.6438852,0.0,42321938.18934174,34761586.16158056,176316805.31499913,496564988.48853076,3417080519.6204176
17,2024-01-01,98.7220328063814,0.0,12.370252061129618,508.5669852585927,0.5089366798052201,132.4518866992079,65.25135509040798,14991.250578255647,10.160120001760768,51.53256890459276,150.38293251110153,60.95087082082065,337768346.6438852,0.0,42321938.18934174,34761586.16158056,176316805.31499913,496564988.48853076,3417080519.6201215
18,2024-01-01,98.7220328063814,0.0,12.370252061129618,508.5669852585927,0.5089366798052201,132.4518866992079,65.25135509040798,14991.250578255647,10.160120001760768,51.53256890459276,150.38293251110153,60.95087082082065,337768346.6438852,0.0,42321938.18934174,34761586.16158056,176316805.31499913,496564988.48853076,3417080519.6201215
19,2024-01-01,98.7220328063814,0.0,12.370252061129618,508.5669852585927,0.5089366798052201,132.4518866992079,65.25135509040798,14991.250578255647,10.160120001760768,51.53256890459276,150.38293251110153,60.95087082082065,337768346.6438852,0.0,42321938.18934174,34761586.16158056,176316805.31499913,496564988.48853076,3417080519.6201215
20,2024-02-01,148.93191508985052,0.0,24.65507333813538,508.5669852585927,0.5089366798052201,132.4518866992079,65.25135509040798,14991.250578255647,28.869254486427476,64.32382846685547,180.5785557360064,72.46447553171839,509549918.56096995,0.0,84351842.35027836,98771051.0067488,220081275.1806492,596269389.5170673,3417080519.6201215
21,2024-02-01,148.93191508985052,0.0,24.65507333813538,508.5669852585927,0.5089366798052201,132.4518866992079,65.25135509040798,14991.250578255647,28.869254486427476,64.32382846685547,180.5785557360064,72.46447553171839,509549918.56096995,0.0,84351842.35027836,98771051.0067488,220081275.1806492,596269389.5170673,3417080519.6201215
22,2024-02-01,148.93191508985052,0.0,24.65507333813538,508.5669852585927,0.5089366798052201,132.4518866992079,65.25135509040798,14991.250578255647,28.869254486427476,64.32382846685547,180.5785557360064,72.46447553171839,509549918.56096995,0.0,84351842.35027836,98771051.0067488,220081275.1806492,596269389.5170673,3417080519.6201215
23,2024-02-01,148.93191508985052,0.0,24.65507333813538,508.5669852585927,0.5089366798052201,132.4518866992079,65.25135509040798,14991.250578255647,28.869254486427476,64.32382846685547,180.5785557360064,72.46447553171839,509549918.56096995,0.0,84351842.35027836,98771051.0067488,220081275.1806492,596269389.5170673,3417080519.6201215
24,2024-02-01,148.93191508985052,0.0,24.65507333813538,508.5669852585927,0.5089366798052201,132.4518866992079,65.25135509040798,14991.250578255647,28.869254486427476,64.32382846685547,180.5785557360064,72.46447553171839,509549918.56096995,0.0,84351842.35027836,98771051.0067488,220081275.1806492,596269389.5170673,3417080519.6201215
25,2024-02-01,148.93191508985052,0.0,24.65507333813538,508.5669852585927,0.5089366798052201,132.4518866992079,65.25135509040798,14991.250578255647,28.869254486427476,64.32382846685547,180.5785557360064,72.46447553171839,509549918.56096995,0.0,84351842.35027836,98771051.0067488,220081275.1806492,596269389.5170673,3417080519.6201215
26,2024-02-01,148.93191508985052,0.0,24.65507333813538,508.5669852585927,0.5089366798052201,132.4518866992079,65.25135509040798,14991.250578255647,28.869254486427476,64.32382846685547,180.5785557360064,72.46447553171839,509549918.56096995,0.0,84351842.35027836,98771051.0067488,220081275.1806492,596269389.5170673,3417080519.6201215
27,2024-02-01,148.93191508985052,0.0,24.65507333813538,508.5669852585927,0.5089366798052201,132.4518866992079,65.25135509040798,14991.250578255647,28.869254486427476,64.32382846685547,180.5785557360064,72.46447553171839,509549918.56096995,0.0,84351842.35027836,98771051.0067488,220081275.1806492,596269389.5170673,3417080519.6201215
28,2024-02-01,148.93191508985052,0.0,24.65507333813538,508.5669852585927,0.5089366798052201,132.4518866992079,65.25135509040798,14991.250578255647,28.869254486427476,64.32382846685547,180.5785557360064,72.46447553171839,509549918.56096995,0.0,84351842.35027836,98771051.0067488,220081275.1806492,596269389.5170673,3417080519.6201215
29,2024-02-01,148.93191508985052,0.0,24.65507333813538,508.5669852585927,0.5089366798052201,132.4518866992079,65.25135509040798,14991.250578255647,28.869254486427476,64.32382846685547,180.5785557360064,72.46447553171839,509549918.56096995,0.0,84351842.35027836,98771051.0067488,220081275.1806492,596269389.5170673,3417080519.6201215
30,2024-02-01,148.93191508985052,0.0,24.65507333813538,508.5669852585927,0.5089366798052201,132.4518866992079,65.25135509040798,14991.250578255647,28.869254486427476,64.32382846685547,180.5785557360064,72.46447553171839,509549918.56096995,0.0,84351842.35027836,98771051.0067488,220081275.1806492,596269389.5170673,3417080519.6201215
31,2024-02-01,148.93191508985052,0.0,24.65507333813538,508.5669852585927,0.5089366798052201,132.4518866992079,65.25135509040798,14991.250578255647,28.869254486427476,64.32382846685547,180.5785557360064,72.46447553171839,509549918.56096995,0.0,84351842.35027836,98771051.0067488,220081275.1806492,596269389.5170673,3417080519.6204176
32,2024-02-01,148.93191508985052,0.0,24.65507333813538,508.5669852585927,0.5089366798052201,132.4518866992079,65.25135509040798,14991.250578255647,28.869254486427476,64.32382846685547,180.5785557360064,72.46447553171839,509549918.56096995,0.0,84351842.35027836,98771051.0067488,220081275.1806492,596269389.5170673,3417080519.6201215
33,2024-02-01,148.93191508985052,0.0,24.65507333813538,508.5669852585927,0.5089366798052201,132.4518866992079,65.25135509040798,14991.250578255647,28.869254486427476,64.32382846685547,180.5785557360064,72.46447553171839,509549918.56096995,0.0,84351842.35027836,98771051.0067488,220081275.1806492,596269389.5170673,3417080519.6201215
34,2024-02-01,148.93191508985052,0.0,24.65507333813538,508.5669852585927,0.5089366798052201,132.4518866992079,65.25135509040798,14991.250578255647,28.869254486427476,64.32382846685547,180.5785557360064,72.46447553171839,509549918.56096995,0.0,84351842.35027836,98771051.0067488,220081275.1806492,596269389.5170673,3417080519.6204176
35,2024-02-01,148.93191508985052,0.0,24.65507333813538,508.5669852585927,0.5089366798052201,132.4518866992079,65.25135509040798,14991.250578255647,28.869254486427476,64.32382846685547,180.5785557360064,72.46447553171839,509549918.56096995,0.0,84351842.35027836,98771051.0067488,220081275.1806492,596269389.5170673,3417080519.6201215
36,2024-02-01,148.93191508985052,0.0,24.65507333813538,508.5669852585927,0.5089366798052201,132.4518866992079,65.25135509040798,14991.250578255647,28.869254486427476,64.32382846685547,180.5785557360064,72.46447553171839,509549918.56096995,0.0,84351842.35027836,98771051.0067488,220081275.1806492,596269389.5170673,3417080519.6201215
37,2024-02-01,148.93191508985052,0.0,24.65507333813538,508.5669852585927,0.5089366798052201,132.4518866992079,65.25135509040798,14991.250578255647,28.869254486427476,64.32382846685547,180.5785557360064,72.46447553171839,509549918.56096995,0.0,84351842.35027836,98771051.0067488,220081275.1806492,596269389.5170673,3417080519.6201215
38,2024-02-01,148.93191508985052,0.0,24.65507333813538,508.5669852585927,0.5089366798052201,132.4518866992079,65.25135509040798,14991.250578255647,28.869254486427476,64.32382846685547,180.5785557360064,72.46447553171839,509549918.56096995,0.0,84351842.35027836,98771051.0067488,220081275.1806492,596269389.5170673,3417080519.6201215
39,2024-02-01,148.93191508985052,0.0,24.65507333813538,508.5669852585927,0.5089366798052201,132.4518866992079,65.25135509040798,14991.250578255647,28.869254486427476,64.32382846685547,180.5785557360064,72.46447553171839,509549918.56096995,0.0,84351842.35027836,98771051.0067488,220081275.1806492,596269389.5170673,3417080519.6201215
40,2024-03-01,114.70518043675499,0.0,37.501376380394845,508.5669852585927,0.5089366798052201,132.4518866992079,65.25135509040798,14991.250578255647,16.250313860254867,59.83824794352045,181.97099589273705,72.71861901687306,392449552.73871166,0.0,128301842.72556497,55598323.27687251,204733964.7013362,600866901.9188647,3417080519.6201215
41,2024-03-01,114.70518043675499,0.0,37.501376380394845,508.5669852585927,0.5089366798052201,132.4518866992079,65.25135509040798,14991.250578255647,16.250313860254867,59.83824794352045,181.97099589273705,72.71861901687306,392449552.73871166,0.0,128301842.72556497,55598323.27687251,204733964.7013362,600866901.9188647,3417080519.6201215
42,2024-03-01,114.70518043675499,0.0,37.501376380394845,508.5669852585927,0.5089366798052201,132.4518866992079,65.25135509040798,14991.250578255647,16.250313860254867,59.83824794352045,181.97099589273705,72.71861901687306,392449552.73871166,0.0,128301842.72556497,55598323.27687251,204733964.7013362,600866901.9188647,3417080519.6201215
43,2024-03-01,114.70518043675499,0.0,37.501376380394845,508.5669852585927,0.5089366798052201,132.4518866992079,65.25135509040798,14991.250578255647,16.250313860254867,59.83824794352045,181.97099589273705,72.71861901687306,392449552.73871166,0.0,128301842.72556497,55598323.27687251,204733964.7013362,600866901.9188647,3417080519.6201215
44,2024-03-01,114.70518043675499,0.0,37.501376380394845,508.5669852585927,0.5089366798052201,132.4518866992079,65.25135509040798,14991.250578255647,16.250313860254867,59.83824794352045,181.97099589273705,72.71861901687306,392449552.73871166,0.0,128301842.72556497,55598323.27687251,204733964.7013362,600866901.9188647,3417080519.6201215
45,2024-03-01,114.70518043675499,0.0,37.501376380394845,508.5669852585927,0.5089366798052201,132.4518866992079,65.25135509040798,14991.250578255647,16.250313860254867,59.83824794352045,181.97099589273705,72.71861901687306,392449552.73871166,0.0,128301842.72556497,55598323.27687251,204733964.7013362,600866901.9188647,3417080519.6201215
46,2024-03-01,114.70518043675499,0.0,37.501376380394845,508.5669852585927,0.5089366798052201,132.4518866992079,65.25135509040798,14991.250578255647,16.250313860254867,59.83824794352045,181.97099589273705,72.71861901687306,392449552.73871166,0.0,128301842.72556497,55598323.27687251,204733964.7013362,600866901.9188647,3417080519.6201215
47,2024-03-01,114.70518043675499,0.0,37.501376380394845,508.5669852585927,0.5089366798052201,132.4518866992079,65.25135509040798,14991.250578255647,16.250313860254867,59.83824794352045,181.97099589273705,72.71861901687306,392449552.73871166,0.0,128301842.72556497,55598323.27687251,204733964.7013362,600866901.9188647,3417080519.6201215
48,2024-03-01,114.70518043675499,0.0,37.501376380394845,508.5669852585927,0.5089366798052201,132.4518866992079,65.25135509040798,14991.250578255647,16.250313860254867,59.83824794352045,181.97099589273705,72.71861901687306,392449552.73871166,0.0,128301842.72556497,55598323.27687251,204733964.7013362,600866901.9188647,3417080519.6201215
49,2024-03-01,114.70518043675499,0.0,37.501376380394845,508.5669852585927,0.5089366798052201,132.4518866992079,65.25135509040798,14991.250578255647,16.250313860254867,59.83824794352045,181.97099589273705,72.71861901687306,392449552.73871166,0.0,128301842.72556497,55598323.27687251,204733964.7013362,600866901.9188647,3417080519.6201215
50,2024-03-01,114.70518043675499,0.0,37.501376380394845,508.5669852585927,0.5089366798052201,132.4518866992079,65.25135509040798,14991.250578255647,16.250313860254867,59.83824794352045,181.97099589273705,72.71861901687306,392449552.73871166,0.0,128301842.72556497,55598323.27687251,204733964.7013362,600866901.9188647,3417080519.6201215
51,2024-03-01,114.70518043675499,0.0,37.501376380394845,508.5669852585927,0.5089366798052201,132.4518866992079,65.25135509040798,14991.250578255647,16.250313860254867,59.83824794352045,181.97099589273705,72.71861901687306,392449552.73871166,0.0,128301842.72556497,55598323.27687251,204733964.7013362,600866901.9188647,3417080519.6204176
52,2024-03-01,114.70518043675499,0.0,37.501376380394845,508.5669852585927,0.5089366798052201,132.4518866992079,65.25135509040798,14991.250578255647,16.250313860254867,59.83824794352045,181.97099589273705,72.71861901687306,392449552.73871166,0.0,128301842.72556497,55598323.27687251,204733964.7013362,600866901.9188647,3417080519.6201215
53,2024-03-01,114.70518043675499,0.0,37.501376380394845,508.5669852585927,0.5089366798052201,132.4518866992079,65.25135509040798,14991.250578255647,16.250313860254867,59.83824794352045,181.97099589273705,72.71861901687306,392449552.73871166,0.0,128301842.72556497,55598323.27687251,204733964.7013362,600866901.9188647,3417080519.6201215
54,2024-03-01,114.70518043675499,0.0,37.501376380394845,508.5669852585927,0.5089366798052201,132.4518866992079,65.25135509040798,14991.250578255647,16.250313860254867,59.83824794352045,181.97099589273705,72.71861901687306,392449552.73871166,0.0,128301842.72556497,55598323.27687251,204733964.7013362,600866901.9188647,3417080519.6201215
55,2024-03-01,114.70518043675499,0.0,37.501376380394845,508.5669852585927,0.5089366798052201,132.4518866992079,65.25135509040798,14991.250578255647,16.250313860254867,59.83824794352045,181.97099589273705,72.71861901687306,392449552.73871166,0.0,128301842.72556497,55598323.27687251,204733964.7013362,600866901.9188647,3417080519.6201215
56,2024-03-01,114.70518043675499,0.0,37.501376380394845,508.5669852585927,0.5089366798052201,132.4518866992079,65.25135509040798,14991.250578255647,16.250313860254867,59.83824794352045,181.97099589273705,72.71861901687306,392449552.73871166,0.0,128301842.72556497,55598323.27687251,204733964.7013362,600866901.9188647,3417080519.6201215
57,2024-03-01,114.70518043675499,0.0,37.501376380394845,508.5669852585927,0.5089366798052201,132.4518866992079,65.25135509040798,14991.250578255647,16.250313860254867,59.83824794352045,181.97099589273705,72.71861901687306,392449552.73871166,0.0,128301842.72556497,55598323.27687251,204733964.7013362,600866901.9188647,3417080519.6204176
58,2024-03-01,114.70518043675499,0.0,37.501376380394845,508.5669852585927,0.5089366798052201,132.4518866992079,65.25135509040798,14991.250578255647,16.250313860254867,59.83824794352045,181.97099589273705,72.71861901687306,392449552.73871166,0.0,128301842.72556497,55598323.27687251,204733964.7013362,600866901.9188647,3417080519.6201215
59,2024-03-01,114.70518043675499,0.0,37.501376380394845,508.5669852585927,0.5089366798052201,132.4518866992079,65.25135509040798,14991.250578255647,16.250313860254867,59.83824794352045,181.97099589273705,72.71861901687306,392449552.73871166,0.0,128301842.72556497,55598323.27687251,204733964.7013362,600866901.9188647,3417080519.6201215
60,2024-04-01,109.03135491208484,3.5910777641278067,52.214986029738995,508.5669852585927,0.5089366798052201,132.4518866992079,65.25135509040798,14991.250578255647,16.429378524395478,48.99292868193642,178.61892891916398,70.98061259663272,373039301.27909803,12285741.319098722,178642647.5674911,56211174.77631571,167627068.03267124,589799325.3903651,3417080519.6201215
61,2024-04-01,109.03135491208484,3.5910777641278067,52.214986029738995,508.5669852585927,0.5089366798052201,132.4518866992079,65.25135509040798,14991.250578255647,16.429378524395478,48.99292868193642,178.61892891916398,70.98061259663272,373039301.27909803,12285741.319098722,178642647.5674911,56211174.77631571,167627068.03267124,589799325.3903651,3417080519.6201215
62,2024-04-01,109.03135491208484,3.5910777641278067,52.214986029738995,508.5669852585927,0.5089366798052201,132.4518866992079,65.25135509040798,14991.250578255647,16.429378524395478,48.99292868193642,178.61892891916398,70.98061259663272,373039301.27909803,12285741.319098722,178642647.5674911,56211174.77631571,167627068.03267124,589799325.3903651,3417080519.6204176
63,2024-04-01,109.03135491208484,3.5910777641278067,52.214986029738995,508.5669852585927,0.5089366798052201,132.4518866992079,65.25135509040798,14991.250578255647,16.429378524395478,48.99292868193642,178.61892891916398,70.98061259663272,373039301.27909803,12285741.319098722,178642647.5674911,56211174.77631571,167627068.03267124,589799325.3903651,3417080519.6201215
64,2024-04-01,109.03135491208484,3.5910777641278067,52.214986029738995,508.5669852585927,0.5089366798052201,132.4518866992079,65.25135509040798,14991.250578255647,16.429378524395478,48.99292868193642,178.61892891916398,70.98061259663272,373039301.27909803,12285741.319098722,178642647.5674911,56211174.77631571,167627068.03267124,589799325.3903651,3417080519.6201215
65,2024-04-01,109.03135491208484,3.5910777641278067,52.214986029738995,508.5669852585927,0.5089366798052201,132.4518866992079,65.25135509040798,14991.250578255647,16.429378524395478,48.99292868193642,178.61892891916398,70.98061259663272,373039301.27909803,12285741.319098722,178642647.5674911,56211174.77631571,167627068.03267124,589799325.3903651,3417080519.6201215
66,2024-04-01,109.03135491208484,3.5910777641278067,52.214986029738995,508.5669852585927,0.5089366798052201,132.4518866992079,65.25135509040798,14991.250578255647,16.429378524395478,48.99292868193642,178.61892891916398,70.98061259663272,373039301.27909803,12285741.319098722,178642647.5674911,56211174.77631571,167627068.03267124,589799325.3903651,3417080519.6201215
67,2024-04-01,109.03135491208484,3.5910777641278067,52.214986029738995,508.5669852585927,0.5089366798052201,132.4518866992079,65.25135509040798,14991.250578255647,16.429378524395478,48.99292868193642,178.61892891916398,70.98061259663272,373039301.27909803,12285741.319098722,178642647.5674911,56211174.77631571,167627068.03267124,589799325.3903651,3417080519.6204176
68,2024-04-01,109.03135491208484,3.5910777641278067,52.214986029738995,508.5669852585927,0.5089366798052201,132.4518866992079,65.25135509040798,14991.250578255647,16.429378524395478,48.99292868193642,178.61892891916398,70.98061259663272,373039301.27909803,12285741.319098722,178642647.5674911,56211174.77631571,167627068.03267124,589799325.3903651,3417080519.6201215
69,2024-04-01,109.03135491208484,3.5910777641278067,52.214986029738995,508.5669852585927,0.5089366798052201,132.4518866992079,65.25135509040798,14991.250578255647,16.429378524395478,48.99292868193642,178.61892891916398,70.98061259663272,373039301.27909803,12285741.319098722,178642647.5674911,56211174.77631571,167627068.03267124,589799325.3903651,3417080519.6201215
70,2024-04-01,109.03135491208484,3.5910777641278067,52.214986029738995,508.5669852585927,0.5089366798052201,132.4518866992079,65.25135509040798,14991.250578255647,16.429378524395478,48.99292868193642,178.61892891916398,70.98061259663272,373039301.27909803,12285741.319098722,178642647.5674911,56211174.77631571,167627068.03267124,589799325.3903651,3417080519.6201215
71,2024-04-01,109.03135491208484,3.5910777641278067,52.214986029738995,508.5669852585927,0.5089366798052201,132.4518866992079,65.25135509040798,14991.250578255647,16.429378524395478,48.99292868193642,178.61892891916398,70.98061259663272,373039301.27909803,12285741.319098722,178642647.5674911,56211174.77631571,167627068.03267124,589799325.3903651,3417080519.6201215
72,2024-04-01,109.03135491208484,3.5910777641278067,52.214986029738995,508.5669852585927,0.5089366798052201,132.4518866992079,65.25135509040798,14991.250578255647,16.429378524395478,48.99292868193642,178.61892891916398,70.98061259663272,373039301.27909803,12285741.319098722,178642647.5674911,56211174.77631571,167627068.03267124,589799325.3903651,3417080519.6201215
73,2024-04-01,109.03135491208484,3.5910777641278067,52.214986029738995,508.5669852585927,0.5089366798052201,132.4518866992079,65.25135509040798,14991.250578255647,16.429378524395478,48.99292868193642,178.61892891916398,70.98061259663272,373039301.27909803,12285741.319098722,178642647.5674911,56211174.77631571,167627068.03267124,589799325.3903651,3417080519.6201215
74,2024-04-01,109.03135491208484,3.5910777641278067,52.214986029738995,508.5669852585927,0.5089366798052201,132.4518866992079,65.25135509040798,14991.250578255647,16.429378524395478,48.99292868193642,178.61892891916398,70.98061259663272,373039301.27909803,12285741.319098722,178642647.5674911,56211174.77631571,167627068.03267124,589799325.3903651,3417080519.6201215
75,2024-04-01,109.03135491208484,3.5910777641278067,52.214986029738995,508.5669852585927,0.5089366798052201,132.4518866992079,65.25135509040798,14991.250578255647,16.429378524395478,48.99292868193642,178.61892891916398,70.98061259663272,373039301.27909803,12285741.319098722,178642647.5674911,56211174.77631571,167627068.03267124,589799325.3903651,3417080519.6201215
76,2024-04-01,109.03135491208484,3.5910777641278067,52.214986029738995,508.5669852585927,0.5089366798052201,132.4518866992079,65.25135509040798,14991.250578255647,16.429378524395478,48.99292868193642,178.61892891916398,70.98061259663272,373039301.27909803,12285741.319098722,178642647.5674911,56211174.77631571,167627068.03267124,589799325.3903651,3417080519.6201215
77,2024-04-01,109.03135491208484,3.5910777641278067,52.214986029738995,508.5669852585927,0.5089366798052201,132.4518866992079,65.25135509040798,14991.250578255647,16.429378524395478,48.99292868193642,178.61892891916398,70.98061259663272,373039301.27909803,12285741.319098722,178642647.5674911,56211174.77631571,167627068.03267124,589799325.3903651,3417080519.6201215
78,2024-04-01,109.03135491208484,3.5910777641278067,52.214986029738995,508.5669852585927,0.5089366798052201,132.4518866992079,65.25135509040798,14991.250578255647,16.429378524395478,48.99292868193642,178.61892891916398,70.98061259663272,373039301.27909803,12285741.319098722,178642647.5674911,56211174.77631571,167627068.03267124,589799325.3903651,3417080519.6201215
79,2024-04-01,109.03135491208484,3.5910777641278067,52.214986029738995,508.5669852585927,0.5089366798052201,132.4518866992079,65.25135509040798,14991.250578255647,16.429378524395478,48.99292868193642,178.61892891916398,70.98061259663272,373039301.27909803,12285741.319098722,178642647.5674911,56211174.77631571,167627068.03267124,589799325.3903651,3417080519.6201215
80,2024-05-01,80.41094420362803,9.336802363939716,100.80086643145853,508.5669852585927,0.5089366798052201,132.4518866992079,65.25135509040798,14991.250578255647,2.015458401988257,24.370190096411488,144.8270881601517,55.011921888265476,275116776.99626297,31942928.035924822,344874572.17249095,6895435.771590541,83380617.58363388,478216515.23347676,3417080519.6201215
81,2024-05-01,80.41094420362803,9.336802363939716,100.80086643145853,508.5669852585927,0.5089366798052201,132.4518866992079,65.25135509040798,14991.250578255647,2.015458401988257,24.370190096411488,144.8270881601517,55.011921888265476,275116776.99626297,31942928.035924822,344874572.17249095,6895435.771590541,83380617.58363388,478216515.23347676,3417080519.6201215
82,2024-05-01,80.41094420362803,9.336802363939716,100.80086643145853,508.5669852585927,0.5089366798052201,132.4518866992079,65.25135509040798,14991.250578255647,2.015458401988257,24.370190096411488,144.8270881601517,55.011921888265476,275116776.99626297,31942928.035924822,344874572.17249095,6895435.771590541,83380617.58363388,478216515.23347676,3417080519.6201215
83,2024-05-01,80.41094420362803,9.336802363939716,100.80086643145853,508.5669852585927,0.5089366798052201,132.4518866992079,65.25135509040798,14991.250578255647,2.015458401988257,24.370190096411488,144.8270881601517,55.011921888265476,275116776.99626297,31942928.035924822,344874572.17249095,6895435.771590541,83380617.58363388,478216515.23347676,3417080519.6201215
84,2024-05-01,80.41094420362803,9.336802363939716,100.80086643145853,508.5669852585927,0.5089366798052201,132.4518866992079,65.25135509040798,14991.250578255647,2.015458401988257,24.370190096411488,144.8270881601517,55.011921888265476,275116776.99626297,31942928.035924822,344874572.17249095,6895435.771590541,83380617.58363388,478216515.23347676,3417080519.6201215
85,2024-05-01,80.41094420362803,9.336802363939716,100.80086643145853,508.5669852585927,0.5089366798052201,132.4518866992079,65.25135509040798,14991.250578255647,2.015458401988257,24.370190096411488,144.8270881601517,55.011921888265476,275116776.99626297,31942928.035924822,344874572.17249095,6895435.771590541,83380617.58363388,478216515.23347676,3417080519.6201215
86,2024-05-01,80.41094420362803,9.336802363939716,100.80086643145853,508.5669852585927,0.5089366798052201,132.4518866992079,65.25135509040798,14991.250578255647,2.015458401988257,24.370190096411488,144.8270881601517,55.011921888265476,275116776.99626297,31942928.035924822,344874572.17249095,6895435.771590541,83380617.58363388,478216515.23347676,3417080519.6201215
87,2024-05-01,80.41094420362803,9.336802363939716,100.80086643145853,508.5669852585927,0.5089366798052201,132.4518866992079,65.25135509040798,14991.250578255647,2.015458401988257,24.370190096411488,144.8270881601517,55.011921888265476,275116776.99626297,31942928.035924822,344874572.17249095,6895435.771590541,83380617.58363388,478216515.23347676,3417080519.6201215
88,2024-05-01,80.41094420362803,9.336802363939716,100.80086643145853,508.5669852585927,0.5089366798052201,132.4518866992079,65.25135509040798,14991.250578255647,2.015458401988257,24.370190096411488,144.8270881601517,55.011921888265476,275116776.99626297,31942928.035924822,344874572.17249095,6895435.771590541,83380617.58363388,478216515.23347676,3417080519.6204176
89,2024-05-01,80.41094420362803,9.336802363939716,100.80086643145853,508.5669852585927,0.5089366798052201,132.4518866992079,65.25135509040798,14991.250578255647,2.015458401988257,24.370190096411488,144.8270881601517,55.011921888265476,275116776.99626297,31942928.035924822,344874572.17249095,6895435.771590541,83380617.58363388,478216515.23347676,3417080519.6201215
90,2024-05-01,80.41094420362803,9.336802363939716,100.80086643145853,508.5669852585927,0.5089366798052201,132.4518866992079,65.25135509040798,14991.250578255647,2.015458401988257,24.370190096411488,144.8270881601517,55.011921888265476,275116776.99626297,31942928.035924822,344874572.17249095,6895435.771590541,83380617.58363388,478216515.23347676,3417080519.6201215
91,2024-05-01,80.41094420362803,9.336802363939716,100.80086643145853,508.5669852585927,0.5089366798052201,132.4518866992079,65.25135509040798,14991.250578255647,2.015458401988257,24.370190096411488,144.8270881601517,55.011921888265476,275116776.99626297,31942928.035924822,344874572.17249095,6895435.771590541,83380617.58363388,478216515.23347676,3417080519.6201215
92,2024-05-01,80.41094420362803,9.336802363939716,100.80086643145853,508.5669852585927,0.5089366798052201,132.4518866992079,65.25135509040798,14991.250578255647,2.015458401988257,24.370190096411488,144.8270881601517,55.011921888265476,275116776.99626297,31942928.035924822,344874572.17249095,6895435.771590541,83380617.58363388,478216515.23347676,3417080519.6201215
93,2024-05-01,80.41094420362803,9.336802363939716,100.80086643145853,508.5669852585927,0.5089366798052201,132.4518866992079,65.25135509040798,14991.250578255647,2.015458401988257,24.370190096411488,144.8270881601517,55.011921888265476,275116776.99626297,31942928.035924822,344874572.17249095,6895435.771590541,83380617.58363388,478216515.23347676,3417080519.6201215
94,2024-05-01,80.41094420362803,9.336802363939716,100.80086643145853,508.5669852585927,0.5089366798052201,132.4518866992079,65.25135509040798,14991.250578255647,2.015458401988257,24.370190096411488,144.8270881601517,55.011921888265476,275116776.99626297,31942928.035924822,344874572.17249095,6895435.771590541,83380617.58363388,478216515.23347676,3417080519.6201215
95,2024-05-01,80.41094420362803,9.336802363939716,100.80086643145853,508.5669852585927,0.5089366798052201,132.4518866992079,65.25135509040798,14991.250578255647,2.015458401988257,24.370190096411488,144.8270881601517,55.011921888265476,275116776.99626297,31942928.035924822,344874572.17249095,6895435.771590541,83380617.58363388,478216515.23347676,3417080519.6201215
96,2024-05-01,80.41094420362803,9.336802363939716,100.80086643145853,508.5669852585927,0.5089366798052201,132.4518866992079,65.25135509040798,14991.250578255647,2.015458401988257,24.370190096411488,144.8270881601517,55.011921888265476,275116776.99626297,31942928.035924822,344874572.17249095,6895435.771590541,83380617.58363388,478216515.23347676,3417080519.6204176
97,2024-05-01,80.41094420362803,9.336802363939716,100.80086643145853,508.5669852585927,0.5089366798052201,132.4518866992079,65.25135509040798,14991.250578255647,2.015458401988257,24.370190096411488,144.8270881601517,55.011921888265476,275116776.99626297,31942928.035924822,344874572.17249095,6895435.771590541,83380617.58363388,478216515.23347676,3417080519.6201215
98,2024-05-01,80.41094420362803,9.336802363939716,100.80086643145853,508.5669852585927,0.5089366798052201,132.4518866992079,65.25135509040798,14991.250578255647,2.015458401988257,24.370190096411488,144.8270881601517,55.011921888265476,275116776.99626297,31942928.035924822,344874572.17249095,6895435.771590541,83380617.58363388,478216515.23347676,3417080519.6201215
99,2024-05-01,80.41094420362803,9.336802363939716,100.80086643145853,508.5669852585927,0.5089366798052201,132.4518866992079,65.25135509040798,14991.250578255647,2.015458401988257,24.370190096411488,144.8270881601517,55.011921888265476,275116776.99626297,31942928.035924822,344874572.17249095,6895435.771590541,83380617.58363388,478216515.23347676,3417080519.6201215
100,2024-06-01,2.705376382330913,14.364311056511227,107.72354138087665,508.5669852585927,0.5089366798052201,132.4518866992079,65.25135509040798,14991.250578255647,1.442137229194293,0.9460620659409674,72.73809287488488,22.281505706241038,9256103.426086567,49142965.27639489,368561186.79293364,4933733.941563929,3236811.972198928,240173056.44878292,3417080519.6201215
101,2024-06-01,2.705376382330913,14.364311056511227,107.72354138087665,508.5669852585927,0.5089366798052201,132.4518866992079,65.25135509040798,14991.250578255647,1.442137229194293,0.9460620659409674,72.73809287488488,22.281505706241038,9256103.426086567,49142965.27639489,368561186.79293364,4933733.941563929,3236811.972198928,240173056.44878292,3417080519.6201215
102,2024-06-01,2.705376382330913,14.364311056511227,107.72354138087665,508.5669852585927,0.5089366798052201,132.4518866992079,65.25135509040798,14991.250578255647,1.442137229194293,0.9460620659409674,72.73809287488488,22.281505706241038,9256103.426086567,49142965.27639489,368561186.79293364,4933733.941563929,3236811.972198928,240173056.44878292,3417080519.6201215
103,2024-06-01,2.705376382330913,14.364311056511227,107.72354138087665,508.5669852585927,0.5089366798052201,132.4518866992079,65.25135509040798,14991.250578255647,1.442137229194293,0.9460620659409674,72.73809287488488,22.281505706241038,9256103.426086567,49142965.27639489,368561186.79293364,4933733.941563929,3236811.972198928,240173056.44878292,3417080519.6201215
104,2024-06-01,2.705376382330913,14.364311056511227,107.72354138087665,508.5669852585927,0.5089366798052201,132.4518866992079,65.25135509040798,14991.250578255647,1.442137229194293,0.9460620659409674,72.73809287488488,22.281505706241038,9256103.426086567,49142965.27639489,368561186.79293364,4933733.941563929,3236811.972198928,240173056.44878292,3417080519.6201215
105,2024-06-01,2.705376382330913,14.364311056511227,107.72354138087665,508.5669852585927,0.5089366798052201,132.4518866992079,65.25135509040798,14991.250578255647,1.442137229194293,0.9460620659409674,72.73809287488488,22.281505706241038,9256103.426086567,49142965.27639489,368561186.79293364,4933733.941563929,3236811.972198928,240173056.44878292,3417080519.6201215
106,2024-06-01,2.705376382330913,14.364311056511227,107.72354138087665,508.5669852585927,0.5089366798052201,132.4518866992079,65.25135509040798,14991.250578255647,1.442137229194293,0.9460620659409674,72.73809287488488,22.281505706241038,9256103.426086567,49142965.27639489,368561186.79293364,4933733.941563929,3236811.972198928,240173056.44878292,3417080519.6201215
107,2024-06-01,2.705376382330913,14.364311056511227,107.72354138087665,508.5669852585927,0.5089366798052201,132.4518866992079,65.25135509040798,14991.250578255647,1.442137229194293,0.9460620659409674,72.73809287488488,22.281505706241038,9256103.426086567,49142965.27639489,368561186.79293364,4933733.941563929,3236811.972198928,240173056.44878292,3417080519.6201215
108,2024-06-01,2.705376382330913,14.364311056511227,107.72354138087665,508.5669852585927,0.5089366798052201,132.4518866992079,65.25135509040798,14991.250578255647,1.442137229194293,0.9460620659409674,72.73809287488488,22.281505706241038,9256103.426086567,49142965.27639489,368561186.79293364,4933733.941563929,3236811.972198928,240173056.44878292,3417080519.6204176
109,2024-06-01,2.705376382330913,14.364311056511227,107.72354138087665,508.5669852585927,0.5089366798052201,132.4518866992079,65.25135509040798,14991.250578255647,1.442137229194293,0.9460620659409674,72.73809287488488,22.281505706241038,9256103.426086567,49142965.27639489,368561186.79293364,4933733.941563929,3236811.972198928,240173056.44878292,3417080519.6201215
110,2024-06-01,2.705376382330913,14.364311056511227,107.72354138087665,508.5669852585927,0.5089366798052201,132.4518866992079,65.25135509040798,14991.250578255647,1.442137229194293,0.9460620659409674,72.73809287488488,22.281505706241038,9256103.426086567,49142965.27639489,368561186.79293364,4933733.941563929,3236811.972198928,240173056.44878292,3417080519.6201215
111,2024-06-01,2.705376382330913,14.364311056511227,107.72354138087665,508.5669852585927,0.5089366798052201,132.4518866992079,65.25135509040798,14991.250578255647,1.442137229194293,0.9460620659409674,72.73809287488488,22.281505706241038,9256103.426086567,49142965.27639489,368561186.79293364,4933733.941563929,3236811.972198928,240173056.44878292,3417080519.6201215
112,2024-06-01,2.705376382330913,14.364311056511227,107.72354138087665,508.5669852585927,0.5089366798052201,132.4518866992079,65.25135509040798,14991.250578255647,1.442137229194293,0.9460620659409674,72.73809287488488,22.281505706241038,9256103.426086567,49142965.27639489,368561186.79293364,4933733.941563929,3236811.972198928,240173056.44878292,3417080519.6204176
113,2024-06-01,2.705376382330913,14.364311056511227,107.72354138087665,508.5669852585927,0.5089366798052201,132.4518866992079,65.25135509040798,14991.250578255647,1.442137229194293,0.9460620659409674,72.73809287488488,22.281505706241038,9256103.426086567,49142965.27639489,368561186.79293364,4933733.941563929,3236811.972198928,240173056.44878292,3417080519.6201215
114,2024-06-01,2.705376382330913,14.364311056511227,107.72354138087665,508.5669852585927,0.5089366798052201,132.4518866992079,65.25135509040798,14991.250578255647,1.442137229194293,0.9460620659409674,72.73809287488488,22.281505706241038,9256103.426086567,49142965.27639489,368561186.79293364,4933733.941563929,3236811.972198928,240173056.44878292,3417080519.6201215
115,2024-06-01,2.705376382330913,14.364311056511227,107.72354138087665,508.5669852585927,0.5089366798052201,132.4518866992079,65.25135509040798,14991.250578255647,1.442137229194293,0.9460620659409674,72.73809287488488,22.281505706241038,9256103.426086567,49142965.27639489,368561186.79293364,4933733.941563929,3236811.972198928,240173056.44878292,3417080519.6201215
116,2024-06-01,2.705376382330913,14.364311056511227,107.72354138087665,508.5669852585927,0.5089366798052201,132.4518866992079,65.25135509040798,14991.250578255647,1.442137229194293,0.9460620659409674,72.73809287488488,22.281505706241038,9256103.426086567,49142965.27639489,368561186.79293364,4933733.941563929,3236811.972198928,240173056.44878292,3417080519.6201215
117,2024-06-01,2.705376382330913,14.364311056511227,107.72354138087665,508.5669852585927,0.5089366798052201,132.4518866992079,65.25135509040798,14991.250578255647,1.442137229194293,0.9460620659409674,72.73809287488488,22.281505706241038,9256103.426086567,49142965.27639489,368561186.79293364,4933733.941563929,3236811.972198928,240173056.44878292,3417080519.6201215
118,2024-06-01,2.705376382330913,14.364311056511227,107.72354138087665,508.5669852585927,0.5089366798052201,132.4518866992079,65.25135509040798,14991.250578255647,1.442137229194293,0.9460620659409674,72.73809287488488,22.281505706241038,9256103.426086567,49142965.27639489,368561186.79293364,4933733.941563929,3236811.972198928,240173056.44878292,3417080519.6201215
119,2024-06-01,2.705376382330913,14.364311056511227,107.72354138087665,508.5669852585927,0.5089366798052201,132.4518866992079,65.25135509040798,14991.250578255647,1.442137229194293,0.9460620659409674,72.73809287488488,22.281505706241038,9256103.426086567,49142965.27639489,368561186.79293364,4933733.941563929,3236811.972198928,240173056.44878292,3417080519.6201215
120,2024-07-01,4.945568877201183,18.673604727879432,120.21865064254014,508.5669852585927,0.5089366798052201,132.4518866992079,65.25135509040798,14991.250578255647,2.5683068186092637,1.101701552913117,50.85590310925077,14.371000772755659,16920397.03357252,63885856.071849644,411310904.1582217,8786520.535289098,3769354.052516127,167918321.27421463,3417080519.6201215
121,2024-07-01,4.945568877201183,18.673604727879432,120.21865064254014,508.5669852585927,0.5089366798052201,132.4518866992079,65.25135509040798,14991.250578255647,2.5683068186092637,1.101701552913117,50.85590310925077,14.371000772755659,16920397.03357252,63885856.071849644,411310904.1582217,8786520.535289098,3769354.052516127,167918321.27421463,3417080519.6204176
122,2024-07-01,4.945568877201183,18.673604727879432,120.21865064254014,508.5669852585927,0.5089366798052201,132.4518866992079,65.25135509040798,14991.250578255647,2.5683068186092637,1.101701552913117,50.85590310925077,14.371000772755659,16920397.03357252,63885856.071849644,411310904.1582217,8786520.535289098,3769354.052516127,167918321.27421463,3417080519.6201215
123,2024-07-01,4.945568877201183,18.673604727879432,120.21865064254014,508.5669852585927,0.5089366798052201,132.4518866992079,65.25135509040798,14991.250578255647,2.5683068186092637,1.101701552913117,50.85590310925077,14.371000772755659,16920397.03357252,63885856.071849644,411310904.1582217,8786520.535289098,3769354.052516127,167918321.27421463,3417080519.6201215
124,2024-07-01,4.945568877201183,18.673604727879432,120.21865064254014,508.5669852585927,0.5089366798052201,132.4518866992079,65.25135509040798,14991.250578255647,2.5683068186092637,1.101701552913117,50.85590310925077,14.371000772755659,16920397.03357252,63885856.071849644,411310904.1582217,8786520.535289098,3769354.052516127,167918321.27421463,3417080519.6201215
125,2024-07-01,4.945568877201183,18.673604727879432,120.21865064254014,508.5669852585927,0.5089366798052201,132.4518866992079,65.25135509040798,14991.250578255647,2.5683068186092637,1.101701552913117,50.85590310925077,14.371000772755659,16920397.03357252,63885856.071849644,411310904.1582217,8786520.535289098,3769354.052516127,167918321.27421463,3417080519.6201215
126,2024-07-01,4.945568877201183,18.673604727879432,120.21865064254014,508.5669852585927,0.5089366798052201,132.4518866992079,65.25135509040798,14991.250578255647,2.5683068186092637,1.101701552913117,50.85590310925077,14.371000772755659,16920397.03357252,63885856.071849644,411310904.1582217,8786520.535289098,3769354.052516127,167918321.27421463,3417080519.6201215
127,2024-07-01,4.945568877201183,18.673604727879432,120.21865064254014,508.5669852585927,0.5089366798052201,132.4518866992079,65.25135509040798,14991.250578255647,2.5683068186092637,1.101701552913117,50.85590310925077,14.371000772755659,16920397.03357252,63885856.071849644,411310904.1582217,8786520.535289098,3769354.052516127,167918321.27421463,3417080519.6201215
128,2024-07-01,4.945568877201183,18.673604727879432,120.21865064254014,508.5669852585927,0.5089366798052201,132.4518866992079,65.25135509040798,14991.250578255647,2.5683068186092637,1.101701552913117,50.85590310925077,14.371000772755659,16920397.03357252,63885856.071849644,411310904.1582217,8786520.535289098,3769354.052516127,167918321.27421463,3417080519.6204176
129,2024-07-01,4.945568877201183,18.673604727879432,120.21865064254014,508.5669852585927,0.5089366798052201,132.4518866992079,65.25135509040798,14991.250578255647,2.5683068186092637,1.101701552913117,50.85590310925077,14.371000772755659,16920397.03357252,63885856.071849644,411310904.1582217,8786520.535289098,3769354.052516127,167918321.27421463,3417080519.6201215
130,2024-07-01,4.945568877201183,18.673604727879432,120.21865064254014,508.5669852585927,0.5089366798052201,132.4518866992079,65.25135509040798,14991.250578255647,2.5683068186092637,1.101701552913117,50.85590310925077,14.371000772755659,16920397.03357252,63885856.071849644,411310904.1582217,8786520.535289098,3769354.052516127,167918321.27421463,3417080519.6201215
131,2024-07-01,4.945568877201183,18.673604727879432,120.21865064254014,508.5669852585927,0.5089366798052201,132.4518866992079,65.25135509040798,14991.250578255647,2.5683068186092637,1.101701552913117,50.85590310925077,14.371000772755659,16920397.03357252,63885856.071849644,411310904.1582217,8786520.535289098,3769354.052516127,167918321.27421463,3417080519.6201215
132,2024-07-01,4.945568877201183,18.673604727879432,120.21865064254014,508.5669852585927,0.5089366798052201,132.4518866992079,65.25135509040798,14991.250578255647,2.5683068186092637,1.101701552913117,50.85590310925077,14.371000772755659,16920397.03357252,63885856.071849644,411310904.1582217,8786520.535289098,3769354.052516127,167918321.27421463,3417080519.6201215
133,2024-07-01,4.945568877201183,18.673604727879432,120.21865064254014,508.5669852585927,0.5089366798052201,132.4518866992079,65.25135509040798,14991.250578255647,2.5683068186092637,1.101701552913117,50.85590310925077,14.371000772755659,16920397.03357252,63885856.071849644,411310904.1582217,8786520.535289098,3769354.052516127,167918321.27421463,3417080519.6201215
134,2024-07-01,4.945568877201183,18.673604727879432,120.21865064254014,508.5669852585927,0.5089366798052201,132.4518866992079,65.25135509040798,14991.250578255647,2.5683068186092637,1.101701552913117,50.85590310925077,14.371000772755659,16920397.03357252,63885856.071849644,411310904.1582217,8786520.535289098,3769354.052516127,167918321.27421463,3417080519.6201215
135,2024-07-01,4.945568877201183,18.673604727879432,120.21865064254014,508.5669852585927,0.5089366798052201,132.4518866992079,65.25135509040798,14991.250578255647,2.5683068186092637,1.101701552913117,50.85590310925077,14.371000772755659,16920397.03357252,63885856.071849644,411310904.1582217,8786520.535289098,3769354.052516127,167918321.27421463,3417080519.6201215
136,2024-07-01,4.945568877201183,18.673604727879432,120.21865064254014,508.5669852585927,0.5089366798052201,132.4518866992079,65.25135509040798,14991.250578255647,2.5683068186092637,1.101701552913117,50.85590310925077,14.371000772755659,16920397.03357252,63885856.071849644,411310904.1582217,8786520.535289098,3769354.052516127,167918321.27421463,3417080519.6201215
137,2024-07-01,4.945568877201183,18.673604727879432,120.21865064254014,508.5669852585927,0.5089366798052201,132.4518866992079,65.25135509040798,14991.250578255647,2.5683068186092637,1.101701552913117,50.85590310925077,14.371000772755659,16920397.03357252,63885856.071849644,411310904.1582217,8786520.535289098,3769354.052516127,167918321.27421463,3417080519.6201215
138,2024-07-01,4.945568877201183,18.673604727879432,120.21865064254014,508.5669852585927,0.5089366798052201,132.4518866992079,65.25135509040798,14991.250578255647,2.5683068186092637,1.101701552913117,50.85590310925077,14.371000772755659,16920397.03357252,63885856.071849644,411310904.1582217,8786520.535289098,3769354.052516127,167918321.27421463,3417080519.6201215
139,2024-07-01,4.945568877201183,18.673604727879432,120.21865064254014,508.5669852585927,0.5089366798052201,132.4518866992079,65.25135509040798,14991.250578255647,2.5683068186092637,1.101701552913117,50.85590310925077,14.371000772755659,16920397.03357252,63885856.071849644,411310904.1582217,8786520.535289098,3769354.052516127,167918321.27421463,3417080519.6201215
140,2024-08-01,43.5628562321521,15.082526684159712,106.06169510421512,508.5669852585927,0.5089366798052201,132.4518866992079,65.25135509040798,14991.250578255647,2.95364293714106,1.4201909210805597,48.18340304900439,13.56115194674143,149045142.12025383,51600113.7962248,362873813.77416015,10104840.717549775,4859048.260039647,159093990.54023936,3417080519.6201215
141,2024-08-01,43.5628562321521,15.082526684159712,106.06169510421512,508.5669852585927,0.5089366798052201,132.4518866992079,65.25135509040798,14991.250578255647,2.95364293714106,1.4201909210805597,48.18340304900439,13.56115194674143,149045142.12025383,51600113.7962248,362873813.77416015,10104840.717549775,4859048.260039647,159093990.54023936,3417080519.6201215
142,2024-08-01,43.5628562321521,15.082526684159712,106.06169510421512,508.5669852585927,0.5089366798052201,132.4518866992079,65.25135509040798,14991.250578255647,2.95364293714106,1.4201909210805597,48.18340304900439,13.56115194674143,149045142.12025383,51600113.7962248,362873813.77416015,10104840.717549775,4859048.260039647,159093990.54023936,3417080519.6201215
143,2024-08-01,43.5628562321521,15.082526684159712,106.06169510421512,508.5669852585927,0.5089366798052201,132.4518866992079,65.25135509040798,14991.250578255647,2.95364293714106,1.4201909210805597,48.18340304900439,13.56115194674143,149045142.12025383,51600113.7962248,362873813.77416015,10104840.717549775,4859048.260039647,159093990.54023936,3417080519.6201215
144,2024-08-01,43.5628562321521,15.082526684159712,106.06169510421512,508.5669852585927,0.5089366798052201,132.4518866992079,65.25135509040798,14991.250578255647,2.95364293714106,1.4201909210805597,48.18340304900439,13.56115194674143,149045142.12025383,51600113.7962248,362873813.77416015,10104840.717549775,4859048.260039647,159093990.54023936,3417080519.6201215
145,2024-08-01,43.5628562321521,15.082526684159712,106.06169510421512,508.5669852585927,0.5089366798052201,132.4518866992079,65.25135509040798,14991.250578255647,2.95364293714106,1.4201909210805597,48.18340304900439,13.56115194674143,149045142.12025383,51600113.7962248,362873813.77416015,10104840.717549775,4859048.260039647,159093990.54023936,3417080519.6201215
146,2024-08-01,43.5628562321521,15.082526684159712,106.06169510421512,508.5669852585927,0.5089366798052201,132.4518866992079,65.25135509040798,14991.250578255647,2.95364293714106,1.4201909210805597,48.18340304900439,13.56115194674143,149045142.12025383,51600113.7962248,362873813.77416015,10104840.717549775,4859048.260039647,159093990.54023936,3417080519.6201215
147,2024-08-01,43.5628562321521,15.082526684159712,106.06169510421512,508.5669852585927,0.5089366798052201,132.4518866992079,65.25135509040798,14991.250578255647,2.95364293714106,1.4201909210805597,48.18340304900439,13.56115194674143,149045142.12025383,51600113.7962248,362873813.77416015,10104840.717549775,4859048.260039647,159093990.54023936,3417080519.6201215
148,2024-08-01,43.5628562321521,15.082526684159712,106.06169510421512,508.5669852585927,0.5089366798052201,132.4518866992079,65.25135509040798,14991.250578255647,2.95364293714106,1.4201909210805597,48.18340304900439,13.56115194674143,149045142.12025383,51600113.7962248,362873813.77416015,10104840.717549775,4859048.260039647,159093990.54023936,3417080519.6201215
149,2024-08-01,43.5628562321521,15.082526684159712,106.06169510421512,508.5669852585927,0.5089366798052201,132.4518866992079,65.25135509040798,14991.250578255647,2.95364293714106,1.4201909210805597,48.18340304900439,13.56115194674143,149045142.12025383,51600113.7962248,362873813.77416015,10104840.717549775,4859048.260039647,159093990.54023936,3417080519.6201215
150,2024-08-01,43.5628562321521,15.082526684159712,106.06169510421512,508.5669852585927,0.5089366798052201,132.4518866992079,65.25135509040798,14991.250578255647,2.95364293714106,1.4201909210805597,48.18340304900439,13.56115194674143,149045142.12025383,51600113.7962248,362873813.77416015,10104840.717549775,4859048.260039647,159093990.54023936,3417080519.6201215
151,2024-08-01,43.5628562321521,15.082526684159712,106.06169510421512,508.5669852585927,0.5089366798052201,132.4518866992079,65.25135509040798,14991.250578255647,2.95364293714106,1.4201909210805597,48.18340304900439,13.56115194674143,149045142.12025383,51600113.7962248,362873813.77416015,10104840.717549775,4859048.260039647,159093990.54023936,3417080519.6204176
152,2024-08-01,43.5628562321521,15.082526684159712,106.06169510421512,508.5669852585927,0.5089366798052201,132.4518866992079,65.25135509040798,14991.250578255647,2.95364293714106,1.4201909210805597,48.18340304900439,13.56115194674143,149045142.12025383,51600113.7962248,362873813.77416015,10104840.717549775,4859048.260039647,159093990.54023936,3417080519.6201215
153,2024-08-01,43.5628562321521,15.082526684159712,106.06169510421512,508.5669852585927,0.5089366798052201,132.4518866992079,65.25135509040798,14991.250578255647,2.95364293714106,1.4201909210805597,48.18340304900439,13.56115194674143,149045142.12025383,51600113.7962248,362873813.77416015,10104840.717549775,4859048.260039647,159093990.54023936,3417080519.6201215
154,2024-08-01,43.5628562321521,15.082526684159712,106.06169510421512,508.5669852585927,0.5089366798052201,132.4518866992079,65.25135509040798,14991.250578255647,2.95364293714106,1.4201909210805597,48.18340304900439,13.56115194674143,149045142.12025383,51600113.7962248,362873813.77416015,10104840.717549775,4859048.260039647,159093990.54023936,3417080519.6204176
155,2024-08-01,43.5628562321521,15.082526684159712,106.06169510421512,508.5669852585927,0.5089366798052201,132.4518866992079,65.25135509040798,14991.250578255647,2.95364293714106,1.4201909210805597,48.18340304900439,13.56115194674143,149045142.12025383,51600113.7962248,362873813.77416015,10104840.717549775,4859048.260039647,159093990.54023936,3417080519.6201215
156,2024-08-01,43.5628562321521,15.082526684159712,106.06169510421512,508.5669852585927,0.5089366798052201,132.4518866992079,65.25135509040798,14991.250578255647,2.95364293714106,1.4201909210805597,48.18340304900439,13.56115194674143,149045142.12025383,51600113.7962248,362873813.77416015,10104840.717549775,4859048.260039647,159093990.54023936,3417080519.6201215
157,2024-08-01,43.5628562321521,15.082526684159712,106.06169510421512,508.5669852585927,0.5089366798052201,132.4518866992079,65.25135509040798,14991.250578255647,2.95364293714106,1.4201909210805597,48.18340304900439,13.56115194674143,149045142.12025383,51600113.7962248,362873813.77416015,10104840.717549775,4859048.260039647,159093990.54023936,3417080519.6201215
158,2024-08-01,43.5628562321521,15.082526684159712,106.06169510421512,508.5669852585927,0.5089366798052201,132.4518866992079,65.25135509040798,14991.250578255647,2.95364293714106,1.4201909210805597,48.18340304900439,13.56115194674143,149045142.12025383,51600113.7962248,362873813.77416015,10104840.717549775,4859048.260039647,159093990.54023936,3417080519.6201215
159,2024-08-01,43.5628562321521,15.082526684159712,106.06169510421512,508.5669852585927,0.5089366798052201,132.4518866992079,65.25135509040798,14991.250578255647,2.95364293714106,1.4201909210805597,48.18340304900439,13.56115194674143,149045142.12025383,51600113.7962248,362873813.77416015,10104840.717549775,4859048.260039647,159093990.54023936,3417080519.6201215
160,2024-09-01,18.863581842022683,7.182155528255613,70.82482118524702,508.5669852585927,0.5089366798052201,132.4518866992079,65.25135509040798,14991.250578255647,0.3763371803079625,0.47492977798690417,44.46711027064811,12.413755056115306,64539607.570969254,24571482.638197444,242316904.0963161,1287513.5642957056,1624918.6558910664,146823193.5884911,3417080519.6201215
161,2024-09-01,18.863581842022683,7.182155528255613,70.82482118524702,508.5669852585927,0.5089366798052201,132.4518866992079,65.25135509040798,14991.250578255647,0.3763371803079625,0.47492977798690417,44.46711027064811,12.413755056115306,64539607.570969254,24571482.638197444,242316904.0963161,1287513.5642957056,1624918.6558910664,146823193.5884911,3417080519.6201215
162,2024-09-01,18.863581842022683,7.182155528255613,70.82482118524702,508.5669852585927,0.5089366798052201,132.4518866992079,65.25135509040798,14991.250578255647,0.3763371803079625,0.47492977798690417,44.46711027064811,12.413755056115306,64539607.570969254,24571482.638197444,242316904.0963161,1287513.5642957056,1624918.6558910664,146823193.5884911,3417080519.6201215
163,2024-09-01,18.863581842022683,7.182155528255613,70.82482118524702,508.5669852585927,0.5089366798052201,132.4518866992079,65.25135509040798,14991.250578255647,0.3763371803079625,0.47492977798690417,44.46711027064811,12.413755056115306,64539607.570969254,24571482.638197444,242316904.0963161,1287513.5642957056,1624918.6558910664,146823193.5884911,3417080519.6201215
164,2024-09-01,18.863581842022683,7.182155528255613,70.82482118524702,508.5669852585927,0.5089366798052201,132.4518866992079,65.25135509040798,14991.250578255647,0.3763371803079625,0.47492977798690417,44.46711027064811,12.413755056115306,64539607.570969254,24571482.638197444,242316904.0963161,1287513.5642957056,1624918.6558910664,146823193.5884911,3417080519.6201215
165,2024-09-01,18.863581842022683,7.182155528255613,70.82482118524702,508.5669852585927,0.5089366798052201,132.4518866992079,65.25135509040798,14991.250578255647,0.3763371803079625,0.47492977798690417,44.46711027064811,12.413755056115306,64539607.570969254,24571482.638197444,242316904.0963161,1287513.5642957056,1624918.6558910664,146823193.5884911,3417080519.6201215
166,2024-09-01,18.863581842022683,7.182155528255613,70.82482118524702,508.5669852585927,0.5089366798052201,132.4518866992079,65.25135509040798,14991.250578255647,0.3763371803079625,0.47492977798690417,44.46711027064811,12.413755056115306,64539607.570969254,24571482.638197444,242316904.0963161,1287513.5642957056,1624918.6558910664,146823193.5884911,3417080519.6204176
167,2024-09-01,18.863581842022683,7.182155528255613,70.82482118524702,508.5669852585927,0.5089366798052201,132.4518866992079,65.25135509040798,14991.250578255647,0.3763371803079625,0.47492977798690417,44.46711027064811,12.413755056115306,64539607.570969254,24571482.638197444,242316904.0963161,1287513.5642957056,1624918.6558910664,146823193.5884911,3417080519.6201215
168,2024-09-01,18.863581842022683,7.182155528255613,70.82482118524702,508.5669852585927,0.5089366798052201,132.4518866992079,65.25135509040798,14991.250578255647,0.3763371803079625,0.47492977798690417,44.46711027064811,12.413755056115306,64539607.570969254,24571482.638197444,242316904.0963161,1287513.5642957056,1624918.6558910664,146823193.5884911,3417080519.6201215
169,2024-09-01,18.863581842022683,7.182155528255613,70.82482118524702,508.5669852585927,0.5089366798052201,132.4518866992079,65.25135509040798,14991.250578255647,0.3763371803079625,0.47492977798690417,44.46711027064811,12.413755056115306,64539607.570969254,24571482.638197444,242316904.0963161,1287513.5642957056,1624918.6558910664,146823193.5884911,3417080519.6201215
170,2024-09-01,18.863581842022683,7.182155528255613,70.82482118524702,508.5669852585927,0.5089366798052201,132.4518866992079,65.25135509040798,14991.250578255647,0.3763371803079625,0.47492977798690417,44.46711027064811,12.413755056115306,64539607.570969254,24571482.638197444,242316904.0963161,1287513.5642957056,1624918.6558910664,146823193.5884911,3417080519.6201215
171,2024-09-01,18.863581842022683,7.182155528255613,70.82482118524702,508.5669852585927,0.5089366798052201,132.4518866992079,65.25135509040798,14991.250578255647,0.3763371803079625,0.47492977798690417,44.46711027064811,12.413755056115306,64539607.570969254,24571482.638197444,242316904.0963161,1287513.5642957056,1624918.6558910664,146823193.5884911,3417080519.6201215
172,2024-09-01,18.863581842022683,7.182155528255613,70.82482118524702,508.5669852585927,0.5089366798052201,132.4518866992079,65.25135509040798,14991.250578255647,0.3763371803079625,0.47492977798690417,44.46711027064811,12.413755056115306,64539607.570969254,24571482.638197444,242316904.0963161,1287513.5642957056,1624918.6558910664,146823193.5884911,3417080519.6201215
173,2024-09-01,18.863581842022683,7.182155528255613,70.82482118524702,508.5669852585927,0.5089366798052201,132.4518866992079,65.25135509040798,14991.250578255647,0.3763371803079625,0.47492977798690417,44.46711027064811,12.413755056115306,64539607.570969254,24571482.638197444,242316904.0963161,1287513.5642957056,1624918.6558910664,146823193.5884911,3417080519.6201215
174,2024-09-01,18.863581842022683,7.182155528255613,70.82482118524702,508.5669852585927,0.5089366798052201,132.4518866992079,65.25135509040798,14991.250578255647,0.3763371803079625,0.47492977798690417,44.46711027064811,12.413755056115306,64539607.570969254,24571482.638197444,242316904.0963161,1287513.5642957056,1624918.6558910664,146823193.5884911,3417080519.6201215
175,2024-09-01,18.863581842022683,7.182155528255613,70.82482118524702,508.5669852585927,0.5089366798052201,132.4518866992079,65.25135509040798,14991.250578255647,0.3763371803079625,0.47492977798690417,44.46711027064811,12.413755056115306,64539607.570969254,24571482.638197444,242316904.0963161,1287513.5642957056,1624918.6558910664,146823193.5884911,3417080519.6201215
176,2024-09-01,18.863581842022683,7.182155528255613,70.82482118524702,508.5669852585927,0.5089366798052201,132.4518866992079,65.25135509040798,14991.250578255647,0.3763371803079625,0.47492977798690417,44.46711027064811,12.413755056115306,64539607.570969254,24571482.638197444,242316904.0963161,1287513.5642957056,1624918.6558910664,146823193.5884911,3417080519.6204176
177,2024-09-01,18.863581842022683,7.182155528255613,70.82482118524702,508.5669852585927,0.5089366798052201,132.4518866992079,65.25135509040798,14991.250578255647,0.3763371803079625,0.47492977798690417,44.46711027064811,12.413755056115306,64539607.570969254,24571482.638197444,242316904.0963161,1287513.5642957056,1624918.6558910664,146823193.5884911,3417080519.6201215
178,2024-09-01,18.863581842022683,7.182155528255613,70.82482118524702,508.5669852585927,0.5089366798052201,132.4518866992079,65.25135509040798,14991.250578255647,0.3763371803079625,0.47492977798690417,44.46711027064811,12.413755056115306,64539607.570969254,24571482.638197444,242316904.0963161,1287513.5642957056,1624918.6558910664,146823193.5884911,3417080519.6201215
179,2024-09-01,18.863581842022683,7.182155528255613,70.82482118524702,508.5669852585927,0.5089366798052201,132.4518866992079,65.25135509040798,14991.250578255647,0.3763371803079625,0.47492977798690417,44.46711027064811,12.413755056115306,64539607.570969254,24571482.638197444,242316904.0963161,1287513.5642957056,1624918.6558910664,146823193.5884911,3417080519.6201215
180,2024-10-01,35.19351839208904,3.5910777641278067,45.697283483894054,508.5669852585927,0.5089366798052201,132.4518866992079,65.25135509040798,14991.250578255647,0.28628743182280625,0.42724182735297644,46.06942579087714,13.696155715668542,120411506.39373474,12285741.319098722,156346118.48318696,979450.8700198007,1461762.4096986381,152114781.83432272,3417080519.6201215
181,2024-10-01,35.19351839208904,3.5910777641278067,45.697283483894054,508.5669852585927,0.5089366798052201,132.4518866992079,65.25135509040798,14991.250578255647,0.28628743182280625,0.42724182735297644,46.06942579087714,13.696155715668542,120411506.39373474,12285741.319098722,156346118.48318696,979450.8700198007,1461762.4096986381,152114781.83432272,3417080519.6201215
182,2024-10-01,35.19351839208904,3.5910777641278067,45.697283483894054,508.5669852585927,0.5089366798052201,132.4518866992079,65.25135509040798,14991.250578255647,0.28628743182280625,0.42724182735297644,46.06942579087714,13.696155715668542,120411506.39373474,12285741.319098722,156346118.48318696,979450.8700198007,1461762.4096986381,152114781.83432272,3417080519.6201215
183,2024-10-01,35.19351839208904,3.5910777641278067,45.697283483894054,508.5669852585927,0.5089366798052201,132.4518866992079,65.25135509040798,14991.250578255647,0.28628743182280625,0.42724182735297644,46.06942579087714,13.696155715668542,120411506.39373474,12285741.319098722,156346118.48318696,979450.8700198007,1461762.4096986381,152114781.83432272,3417080519.6201215
184,2024-10-01,35.19351839208904,3.5910777641278067,45.697283483894054,508.5669852585927,0.5089366798052201,132.4518866992079,65.25135509040798,14991.250578255647,0.28628743182280625,0.42724182735297644,46.06942579087714,13.696155715668542,120411506.39373474,12285741.319098722,156346118.48318696,979450.8700198007,1461762.4096986381,152114781.83432272,3417080519.6201215
185,2024-10-01,35.19351839208904,3.5910777641278067,45.697283483894054,508.5669852585927,0.5089366798052201,132.4518866992079,65.25135509040798,14991.250578255647,0.28628743182280625,0.42724182735297644,46.06942579087714,13.696155715668542,120411506.39373474,12285741.319098722,156346118.48318696,979450.8700198007,1461762.4096986381,152114781.83432272,3417080519.6201215
186,2024-10-01,35.19351839208904,3.5910777641278067,45.697283483894054,508.5669852585927,0.5089366798052201,132.4518866992079,65.25135509040798,14991.250578255647,0.28628743182280625,0.42724182735297644,46.06942579087714,13.696155715668542,120411506.39373474,12285741.319098722,156346118.48318696,979450.8700198007,1461762.4096986381,152114781.83432272,3417080519.6201215
187,2024-10-01,35.19351839208904,3.5910777641278067,45.697283483894054,508.5669852585927,0.5089366798052201,132.4518866992079,65.25135509040798,14991.250578255647,0.28628743182280625,0.42724182735297644,46.06942579087714,13.696155715668542,120411506.39373474,12285741.319098722,156346118.48318696,979450.8700198007,1461762.4096986381,152114781.83432272,3417080519.6201215
188,2024-10-01,35.19351839208904,3.5910777641278067,45.697283483894054,508.5669852585927,0.5089366798052201,132.4518866992079,65.25135509040798,14991.250578255647,0.28628743182280625,0.42724182735297644,46.06942579087714,13.696155715668542,120411506.39373474,12285741.319098722,156346118.48318696,979450.8700198007,1461762.4096986381,152114781.83432272,3417080519.6201215
189,2024-10-01,35.19351839208904,3.5910777641278067,45.697283483894054,508.5669852585927,0.5089366798052201,132.4518866992079,65.25135509040798,14991.250578255647,0.28628743182280625,0.42724182735297644,46.06942579087714,13.696155715668542,120411506.39373474,12285741.319098722,156346118.48318696,979450.8700198007,1461762.4096986381,152114781.83432272,3417080519.6204176
190,2024-10-01,35.19351839208904,3.5910777641278067,45.697283483894054,508.5669852585927,0.5089366798052201,132.4518866992079,65.25135509040798,14991.250578255647,0.28628743182280625,0.42724182735297644,46.06942579087714,13.696155715668542,120411506.39373474,12285741.319098722,156346118.48318696,979450.8700198007,1461762.4096986381,152114781.83432272,3417080519.6201215
191,2024-10-01,35.19351839208904,3.5910777641278067,45.697283483894054,508.5669852585927,0.5089366798052201,132.4518866992079,65.25135509040798,14991.250578255647,0.28628743182280625,0.42724182735297644,46.06942579087714,13.696155715668542,120411506.39373474,12285741.319098722,156346118.48318696,979450.8700198007,1461762.4096986381,152114781.83432272,3417080519.6201215
192,2024-10-01,35.19351839208904,3.5910777641278067,45.697283483894054,508.5669852585927,0.5089366798052201,132.4518866992079,65.25135509040798,14991.250578255647,0.28628743182280625,0.42724182735297644,46.06942579087714,13.696155715668542,120411506.39373474,12285741.319098722,156346118.48318696,979450.8700198007,1461762.4096986381,152114781.83432272,3417080519.6201215
193,2024-10-01,35.19351839208904,3.5910777641278067,45.697283483894054,508.5669852585927,0.5089366798052201,132.4518866992079,65.25135509040798,14991.250578255647,0.28628743182280625,0.42724182735297644,46.06942579087714,13.696155715668542,120411506.39373474,12285741.319098722,156346118.48318696,979450.8700198007,1461762.4096986381,152114781.83432272,3417080519.6201215
194,2024-10-01,35.19351839208904,3.5910777641278067,45.697283483894054,508.5669852585927,0.5089366798052201,132.4518866992079,65.25135509040798,14991.250578255647,0.28628743182280625,0.42724182735297644,46.06942579087714,13.696155715668542,120411506.39373474,12285741.319098722,156346118.48318696,979450.8700198007,1461762.4096986381,152114781.83432272,3417080519.6201215
195,2024-10-01,35.19351839208904,3.5910777641278067,45.697283483894054,508.5669852585927,0.5089366798052201,132.4518866992079,65.25135509040798,14991.250578255647,0.28628743182280625,0.42724182735297644,46.06942579087714,13.696155715668542,120411506.39373474,12285741.319098722,156346118.48318696,979450.8700198007,1461762.4096986381,152114781.83432272,3417080519.6201215
196,2024-10-01,35.19351839208904,3.5910777641278067,45.697283483894054,508.5669852585927,0.5089366798052201,132.4518866992079,65.25135509040798,14991.250578255647,0.28628743182280625,0.42724182735297644,46.06942579087714,13.696155715668542,120411506.39373474,12285741.319098722,156346118.48318696,979450.8700198007,1461762.4096986381,152114781.83432272,3417080519.6201215
197,2024-10-01,35.19351839208904,3.5910777641278067,45.697283483894054,508.5669852585927,0.5089366798052201,132.4518866992079,65.25135509040798,14991.250578255647,0.28628743182280625,0.42724182735297644,46.06942579087714,13.696155715668542,120411506.39373474,12285741.319098722,156346118.48318696,979450.8700198007,1461762.4096986381,152114781.83432272,3417080519.6204176
198,2024-10-01,35.19351839208904,3.5910777641278067,45.697283483894054,508.5669852585927,0.5089366798052201,132.4518866992079,65.25135509040798,14991.250578255647,0.28628743182280625,0.42724182735297644,46.06942579087714,13.696155715668542,120411506.39373474,12285741.319098722,156346118.48318696,979450.8700198007,1461762.4096986381,152114781.83432272,3417080519.6201215
199,2024-10-01,35.19351839208904,3.5910777641278067,45.697283483894054,508.5669852585927,0.5089366798052201,132.4518866992079,65.25135509040798,14991.250578255647,0.28628743182280625,0.42724182735297644,46.06942579087714,13.696155715668542,120411506.39373474,12285741.319098722,156346118.48318696,979450.8700198007,1461762.4096986381,152114781.83432272,3417080519.6201215
200,2024-11-01,68.68670073407293,0.0,22.40403531792096,508.5669852585927,0.5089366798052201,132.4518866992079,65.25135509040798,14991.250578255647,0.8103182446713877,2.799551549313291,90.39289874750293,35.235941246677285,235004039.84931654,0.0,76651314.88778569,2772379.681660694,9578545.714909993,298474666.50147754,3417080519.6201215
201,2024-11-01,68.68670073407293,0.0,22.40403531792096,508.5669852585927,0.5089366798052201,132.4518866992079,65.25135509040798,14991.250578255647,0.8103182446713877,2.799551549313291,90.39289874750293,35.235941246677285,235004039.84931654,0.0,76651314.88778569,2772379.681660694,9578545.714909993,298474666.50147754,3417080519.6201215
202,2024-11-01,68.68670073407293,0.0,22.40403531792096,508.5669852585927,0.5089366798052201,132.4518866992079,65.25135509040798,14991.250578255647,0.8103182446713877,2.799551549313291,90.39289874750293,35.235941246677285,235004039.84931654,0.0,76651314.88778569,2772379.681660694,9578545.714909993,298474666.50147754,3417080519.6201215
203,2024-11-01,68.68670073407293,0.0,22.40403531792096,508.5669852585927,0.5089366798052201,132.4518866992079,65.25135509040798,14991.250578255647,0.8103182446713877,2.799551549313291,90.39289874750293,35.235941246677285,235004039.84931654,0.0,76651314.88778569,2772379.681660694,9578545.714909993,298474666.50147754,3417080519.6201215
204,2024-11-01,68.68670073407293,0.0,22.40403531792096,508.5669852585927,0.5089366798052201,132.4518866992079,65.25135509040798,14991.250578255647,0.8103182446713877,2.799551549313291,90.39289874750293,35.235941246677285,235004039.84931654,0.0,76651314.88778569,2772379.681660694,9578545.714909993,298474666.50147754,3417080519.6201215
205,2024-11-01,68.68670073407293,0.0,22.40403531792096,508.5669852585927,0.5089366798052201,132.4518866992079,65.25135509040798,14991.250578255647,0.8103182446713877,2.799551549313291,90.39289874750293,35.235941246677285,235004039.84931654,0.0,76651314.88778569,2772379.681660694,9578545.714909993,298474666.50147754,3417080519.6201215
206,2024-11-01,68.68670073407293,0.0,22.40403531792096,508.5669852585927,0.5089366798052201,132.4518866992079,65.25135509040798,14991.250578255647,0.8103182446713877,2.799551549313291,90.39289874750293,35.235941246677285,235004039.84931654,0.0,76651314.88778569,2772379.681660694,9578545.714909993,298474666.50147754,3417080519.6201215
207,2024-11-01,68.68670073407293,0.0,22.40403531792096,508.5669852585927,0.5089366798052201,132.4518866992079,65.25135509040798,14991.250578255647,0.8103182446713877,2.799551549313291,90.39289874750293,35.235941246677285,235004039.84931654,0.0,76651314.88778569,2772379.681660694,9578545.714909993,298474666.50147754,3417080519.6201215
208,2024-11-01,68.68670073407293,0.0,22.40403531792096,508.5669852585927,0.5089366798052201,132.4518866992079,65.25135509040798,14991.250578255647,0.8103182446713877,2.799551549313291,90.39289874750293,35.235941246677285,235004039.84931654,0.0,76651314.88778569,2772379.681660694,9578545.714909993,298474666.50147754,3417080519.6201215
209,2024-11-01,68.68670073407293,0.0,22.40403531792096,508.5669852585927,0.5089366798052201,132.4518866992079,65.25135509040798,14991.250578255647,0.8103182446713877,2.799551549313291,90.39289874750293,35.235941246677285,235004039.84931654,0.0,76651314.88778569,2772379.681660694,9578545.714909993,298474666.50147754,3417080519.6201215
210,2024-11-01,68.68670073407293,0.0,22.40403531792096,508.5669852585927,0.5089366798052201,132.4518866992079,65.25135509040798,14991.250578255647,0.8103182446713877,2.799551549313291,90.39289874750293,35.235941246677285,235004039.84931654,0.0,76651314.88778569,2772379.681660694,9578545.714909993,298474666.50147754,3417080519.6201215
211,2024-11-01,68.68670073407293,0.0,22.40403531792096,508.5669852585927,0.5089366798052201,132.4518866992079,65.25135509040798,14991.250578255647,0.8103182446713877,2.799551549313291,90.39289874750293,35.235941246677285,235004039.84931654,0.0,76651314.88778569,2772379.681660694,9578545.714909993,298474666.50147754,3417080519.6204176
212,2024-11-01,68.68670073407293,0.0,22.40403531792096,508.5669852585927,0.5089366798052201,132.4518866992079,65.25135509040798,14991.250578255647,0.8103182446713877,2.799551549313291,90.39289874750293,35.235941246677285,235004039.84931654,0.0,76651314.88778569,2772379.681660694,9578545.714909993,298474666.50147754,3417080519.6201215
213,2024-11-01,68.68670073407293,0.0,22.40403531792096,508.5669852585927,0.5089366798052201,132.4518866992079,65.25135509040798,14991.250578255647,0.8103182446713877,2.799551549313291,90.39289874750293,35.235941246677285,235004039.84931654,0.0,76651314.88778569,2772379.681660694,9578545.714909993,298474666.50147754,3417080519.6201215
214,2024-11-01,68.68670073407293,0.0,22.40403531792096,508.5669852585927,0.5089366798052201,132.4518866992079,65.25135509040798,14991.250578255647,0.8103182446713877,2.799551549313291,90.39289874750293,35.235941246677285,235004039.84931654,0.0,76651314.88778569,2772379.681660694,9578545.714909993,298474666.50147754,3417080519.6201215
215,2024-11-01,68.68670073407293,0.0,22.40403531792096,508.5669852585927,0.5089366798052201,132.4518866992079,65.25135509040798,14991.250578255647,0.8103182446713877,2.799551549313291,90.39289874750293,35.235941246677285,235004039.84931654,0.0,76651314.88778569,2772379.681660694,9578545.714909993,298474666.50147754,3417080519.6204176
216,2024-11-01,68.68670073407293,0.0,22.40403531792096,508.5669852585927,0.5089366798052201,132.4518866992079,65.25135509040798,14991.250578255647,0.8103182446713877,2.799551549313291,90.39289874750293,35.235941246677285,235004039.84931654,0.0,76651314.88778569,2772379.681660694,9578545.714909993,298474666.50147754,3417080519.6201215
217,2024-11-01,68.68670073407293,0.0,22.40403531792096,508.5669852585927,0.5089366798052201,132.4518866992079,65.25135509040798,14991.250578255647,0.8103182446713877,2.799551549313291,90.39289874750293,35.235941246677285,235004039.84931654,0.0,76651314.88778569,2772379.681660694,9578545.714909993,298474666.50147754,3417080519.6201215
218,2024-11-01,68.68670073407293,0.0,22.40403531792096,508.5669852585927,0.5089366798052201,132.4518866992079,65.25135509040798,14991.250578255647,0.8103182446713877,2.799551549313291,90.39289874750293,35.235941246677285,235004039.84931654,0.0,76651314.88778569,2772379.681660694,9578545.714909993,298474666.50147754,3417080519.6201215
219,2024-11-01,68.68670073407293,0.0,22.40403531792096,508.5669852585927,0.5089366798052201,132.4518866992079,65.25135509040798,14991.250578255647,0.8103182446713877,2.799551549313291,90.39289874750293,35.235941246677285,235004039.84931654,0.0,76651314.88778569,2772379.681660694,9578545.714909993,298474666.50147754,3417080519.6201215
220,2024-12-01,81.73628804616553,0.0,12.494283433426759,508.5669852585927,0.5089366798052201,132.4518866992079,65.25135509040798,14991.250578255647,3.975117650069275,24.406394165996662,132.03469105786345,53.13404495146277,279650678.2929065,0.0,42746554.113869116,13600059.75482975,83504690.70697288,435978015.310484,3417080519.6201215
221,2024-12-01,81.73628804616553,0.0,12.494283433426759,508.5669852585927,0.5089366798052201,132.4518866992079,65.25135509040798,14991.250578255647,3.975117650069275,24.406394165996662,132.03469105786345,53.13404495146277,279650678.2929065,0.0,42746554.113869116,13600059.75482975,83504690.70697288,435978015.310484,3417080519.6201215
222,2024-12-01,81.73628804616553,0.0,12.494283433426759,508.5669852585927,0.5089366798052201,132.4518866992079,65.25135509040798,14991.250578255647,3.975117650069275,24.406394165996662,132.03469105786345,53.13404495146277,279650678.2929065,0.0,42746554.113869116,13600059.75482975,83504690.70697288,435978015.310484,3417080519.6201215
223,2024-12-01,81.73628804616553,0.0,12.494283433426759,508.5669852585927,0.5089366798052201,132.4518866992079,65.25135509040798,14991.250578255647,3.975117650069275,24.406394165996662,132.03469105786345,53.13404495146277,279650678.2929065,0.0,42746554.113869116,13600059.75482975,83504690.70697288,435978015.310484,3417080519.6201215
224,2024-12-01,81.73628804616553,0.0,12.494283433426759,508.5669852585927,0.5089366798052201,132.4518866992079,65.25135509040798,14991.250578255647,3.975117650069275,24.406394165996662,132.03469105786345,53.13404495146277,279650678.2929065,0.0,42746554.113869116,13600059.75482975,83504690.70697288,435978015.310484,3417080519.6204176
225,2024-12-01,81.73628804616553,0.0,12.494283433426759,508.5669852585927,0.5089366798052201,132.4518866992079,65.25135509040798,14991.250578255647,3.975117650069275,24.406394165996662,132.03469105786345,53.13404495146277,279650678.2929065,0.0,42746554.113869116,13600059.75482975,83504690.70697288,435978015.310484,3417080519.6201215
226,2024-12-01,81.73628804616553,0.0,12.494283433426759,508.5669852585927,0.5089366798052201,132.4518866992079,65.25135509040798,14991.250578255647,3.975117650069275,24.406394165996662,132.03469105786345,53.13404495146277,279650678.2929065,0.0,42746554.113869116,13600059.75482975,83504690.70697288,435978015.310484,3417080519.6201215
227,2024-12-01,81.73628804616553,0.0,12.494283433426759,508.5669852585927,0.5089366798052201,132.4518866992079,65.25135509040798,14991.250578255647,3.975117650069275,24.406394165996662,132.03469105786345,53.13404495146277,279650678.2929065,0.0,42746554.113869116,13600059.75482975,83504690.70697288,435978015.310484,3417080519.6201215
228,2024-12-01,81.73628804616553,0.0,12.494283433426759,508.5669852585927,0.5089366798052201,132.4518866992079,65.25135509040798,14991.250578255647,3.975117650069275,24.406394165996662,132.03469105786345,53.13404495146277,279650678.2929065,0.0,42746554.113869116,13600059.75482975,83504690.70697288,435978015.310484,3417080519.6201215
229,2024-12-01,81.73628804616553,0.0,12.494283433426759,508.5669852585927,0.5089366798052201,132.4518866992079,65.25135509040798,14991.250578255647,3.975117650069275,24.406394165996662,132.03469105786345,53.13404495146277,279650678.2929065,0.0,42746554.113869116,13600059.75482975,83504690.70697288,435978015.310484,3417080519.6201215
230,2024-12-01,81.73628804616553,0.0,12.494283433426759,508.5669852585927,0.5089366798052201,132.4518866992079,65.25135509040798,14991.250578255647,3.975117650069275,24.406394165996662,132.03469105786345,53.13404495146277,279650678.2929065,0.0,42746554.113869116,13600059.75482975,83504690.70697288,435978015.310484,3417080519.6201215
231,2024-12-01,81.73628804616553,0.0,12.494283433426759,508.5669852585927,0.5089366798052201,132.4518866992079,65.25135509040798,14991.250578255647,3.975117650069275,24.406394165996662,132.03469105786345,53.13404495146277,279650678.2929065,0.0,42746554.113869116,13600059.75482975,83504690.70697288,435978015.310484,3417080519.6201215
232,2024-12-01,81.73628804616553,0.0,12.494283433426759,508.5669852585927,0.5089366798052201,132.4518866992079,65.25135509040798,14991.250578255647,3.975117650069275,24.406394165996662,132.03469105786345,53.13404495146277,279650678.2929065,0.0,42746554.113869116,13600059.75482975,83504690.70697288,435978015.310484,3417080519.6201215
233,2024-12-01,81.73628804616553,0.0,12.494283433426759,508.5669852585927,0.5089366798052201,132.4518866992079,65.25135509040798,14991.250578255647,3.975117650069275,24.406394165996662,132.03469105786345,53.13404495146277,279650678.2929065,0.0,42746554.113869116,13600059.75482975,83504690.70697288,435978015.310484,3417080519.6204176
234,2024-12-01,81.73628804616553,0.0,12.494283433426759,508.5669852585927,0.5089366798052201,132.4518866992079,65.25135509040798,14991.250578255647,3.975117650069275,24.406394165996662,132.03469105786345,53.13404495146277,279650678.2929065,0.0,42746554.113869116,13600059.75482975,83504690.70697288,435978015.310484,3417080519.6201215
235,2024-12-01,81.73628804616553,0.0,12.494283433426759,508.5669852585927,0.5089366798052201,132.4518866992079,65.25135509040798,14991.250578255647,3.975117650069275,24.406394165996662,132.03469105786345,53.13404495146277,279650678.2929065,0.0,42746554.113869116,13600059.75482975,83504690.70697288,435978015.310484,3417080519.6201215
236,2024-12-01,81.73628804616553,0.0,12.494283433426759,508.5669852585927,0.5089366798052201,132.4518866992079,65.25135509040798,14991.250578255647,3.975117650069275,24.406394165996662,132.03469105786345,53.13404495146277,279650678.2929065,0.0,42746554.113869116,13600059.75482975,83504690.70697288,435978015.310484,3417080519.6201215
237,2024-12-01,81.73628804616553,0.0,12.494283433426759,508.5669852585927,0.5089366798052201,132.4518866992079,65.25135509040798,14991.250578255647,3.975117650069275,24.406394165996662,132.03469105786345,53.13404495146277,279650678.2929065,0.0,42746554.113869116,13600059.75482975,83504690.70697288,435978015.310484,3417080519.6201215
238,2024-12-01,81.73628804616553,0.0,12.494283433426759,508.5669852585927,0.5089366798052201,132.4518866992079,65.25135509040798,14991.250578255647,3.975117650069275,24.406394165996662,132.03469105786345,53.13404495146277,279650678.2929065,0.0,42746554.113869116,13600059.75482975,83504690.70697288,435978015.310484,3417080519.6201215
239,2024-12-01,81.73628804616553,0.0,12.494283433426759,508.5669852585927,0.5089366798052201,132.4518866992079,65.25135509040798,14991.250578255647,3.975117650069275,24.406394165996662,132.03469105786345,53.13404495146277,279650678.2929065,0.0,42746554.113869116,13600059.75482975,83504690.70697288,435978015.310484,3417080519.6201215
