,Date,precip_and_snowmelt_input_Lower Green-Desolation Canyon_mean,irrigation_Lower Green-Desolation Canyon_mean,AET_Lower Green-Desolation Canyon_mean,soil_thickness_Lower Green-Desolation Canyon_mean,soil_porosity_Lower Green-Desolation Canyon_mean,field_capacity_Lower Green-Desolation Canyon_mean,wilting_point_Lower Green-Desolation Canyon_mean,Geo_K_Lower Green-Desolation Canyon_mean,Runoff_Lower Green-Desolation Canyon_mean,Recharge_Lower Green-Desolation Canyon_mean,Soil_Water_End_Of_Previous_Timestep_Lower Green-Desolation Canyon_mean,Soil_Saturation_Percent_End_Of_Timestep_Lower Green-Desolation Canyon_mean,precip_and_snowmelt_input_m3_Lower Green-Desolation Canyon_sum,irrigation_m3_Lower Green-Desolation Canyon_sum,AET_m3_Lower Green-Desolation Canyon_sum,Runoff_m3_Lower Green-Desolation Canyon_sum,Recharge_m3_Lower Green-Desolation Canyon_sum,Soil_Water_End_Of_Previous_Timestep_m3_Lower Green-Desolation Canyon_sum,Lower Green-Desolation Canyon_area_m2
0,2024-01-01,10.550878446616345,0.0,12.79675355132672,327.8441843465223,0.47919371668014715,72.60005261189102,35.851428383193685,9697.510927765925,0.0,0.3024694330304774,10.885676962771418,5.490903563802536,53176444.52175732,0.0,64491122.30256467,0.0,1524556.435179687,54864043.43765236,5035045090.524174
1,2024-01-01,10.550878446616345,0.0,12.79675355132672,327.8441843465223,0.47919371668014715,72.60005261189102,35.851428383193685,9697.510927765925,0.0,0.3024694330304774,10.885676962771418,5.490903563802536,53176444.52175732,0.0,64491122.30256467,0.0,1524556.435179687,54864043.43765236,5035045090.525365
2,2024-01-01,10.550878446616345,0.0,12.79675355132672,327.8441843465223,0.47919371668014715,72.60005261189102,35.851428383193685,9697.510927765925,0.0,0.3024694330304774,10.885676962771418,5.490903563802536,53176444.52175732,0.0,64491122.30256467,0.0,1524556.435179687,54864043.43765236,5035045090.525365
3,2024-01-01,10.550878446616345,0.0,12.79675355132672,327.8441843465223,0.47919371668014715,72.60005261189102,35.851428383193685,9697.510927765925,0.0,0.3024694330304774,10.885676962771418,5.490903563802536,53176444.52175732,0.0,64491122.30256467,0.0,1524556.435179687,54864043.43765236,5035045090.525365
4,2024-01-01,10.550878446616345,0.0,12.79675355132672,327.8441843465223,0.47919371668014715,72.60005261189102,35.851428383193685,9697.510927765925,0.0,0.3024694330304774,10.885676962771418,5.490903563802536,53176444.52175732,0.0,64491122.30256467,0.0,1524556.435179687,54864043.43765236,5035045090.524174
5,2024-01-01,10.550878446616345,0.0,12.79675355132672,327.8441843465223,0.47919371668014715,72.60005261189102,35.851428383193685,9697.510927765925,0.0,0.3024694330304774,10.885676962771418,5.490903563802536,53176444.52175732,0.0,64491122.30256467,0.0,1524556.435179687,54864043.43765236,5035045090.525365
6,2024-01-01,10.550878446616345,0.0,12.79675355132672,327.8441843465223,0.47919371668014715,72.60005261189102,35.851428383193685,9697.510927765925,0.0,0.3024694330304774,10.885676962771418,5.490903563802536,53176444.52175732,0.0,64491122.30256467,0.0,1524556.435179687,54864043.43765236,5035045090.525365
7,2024-01-01,10.550878446616345,0.0,12.79675355132672,327.8441843465223,0.47919371668014715,72.60005261189102,35.851428383193685,9697.510927765925,0.0,0.3024694330304774,10.885676962771418,5.490903563802536,53176444.52175732,0.0,64491122.30256467,0.0,1524556.435179687,54864043.43765236,5035045090.524174
8,2024-01-01,10.550878446616345,0.0,12.79675355132672,327.8441843465223,0.47919371668014715,72.60005261189102,35.851428383193685,9697.510927765925,0.0,0.3024694330304774,10.885676962771418,5.490903563802536,53176444.52175732,0.0,64491122.30256467,0.0,1524556.435179687,54864043.43765236,5035045090.525365
9,2024-01-01,10.550878446616345,0.0,12.79675355132672,327.8441843465223,0.47919371668014715,72.60005261189102,35.851428383193685,9697.510927765925,0.0,0.3024694330304774,10.885676962771418,5.490903563802536,53176444.52175732,0.0,64491122.30256467,0.0,1524556.435179687,54864043.43765236,5035045090.525365
10,2024-01-01,10.550878446616345,0.0,12.79675355132672,327.8441843465223,0.47919371668014715,72.60005261189102,35.851428383193685,9697.510927765925,0.0,0.3024694330304774,10.885676962771418,5.490903563802536,53176444.52175732,0.0,64491122.30256467,0.0,1524556.435179687,54864043.43765236,5035045090.525365
11,2024-01-01,10.550878446616345,0.0,12.79675355132672,327.8441843465223,0.47919371668014715,72.60005261189102,35.851428383193685,9697.510927765925,0.0,0.3024694330304774,10.885676962771418,5.490903563802536,53176444.52175732,0.0,64491122.30256467,0.0,1524556.435179687,54864043.43765236,5035045090.524174
12,2024-01-01,10.550878446616345,0.0,12.79675355132672,327.8441843465223,0.47919371668014715,72.60005261189102,35.851428383193685,9697.510927765925,0.0,0.3024694330304774,10.885676962771418,5.490903563802536,53176444.52175732,0.0,64491122.30256467,0.0,1524556.435179687,54864043.43765236,5035045090.525365
13,2024-01-01,10.550878446616345,0.0,12.79675355132672,327.8441843465223,0.47919371668014715,72.60005261189102,35.851428383193685,9697.510927765925,0.0,0.3024694330304774,10.885676962771418,5.490903563802536,53176444.52175732,0.0,64491122.30256467,0.0,1524556.435179687,54864043.43765236,5035045090.525365
14,2024-01-01,10.550878446616345,0.0,12.79675355132672,327.8441843465223,0.47919371668014715,72.60005261189102,35.851428383193685,9697.510927765925,0.0,0.3024694330304774,10.885676962771418,5.490903563802536,53176444.52175732,0.0,64491122.30256467,0.0,1524556.435179687,54864043.43765236,5035045090.525365
15,2024-01-01,10.550878446616345,0.0,12.79675355132672,327.8441843465223,0.47919371668014715,72.60005261189102,35.851428383193685,9697.510927765925,0.0,0.3024694330304774,10.885676962771418,5.490903563802536,53176444.52175732,0.0,64491122.30256467,0.0,1524556.435179687,54864043.43765236,5035045090.525365
16,2024-01-01,10.550878446616345,0.0,12.79675355132672,327.8441843465223,0.47919371668014715,72.60005261189102,35.851428383193685,9697.510927765925,0.0,0.3024694330304774,10.885676962771418,5.490903563802536,53176444.52175732,0.0,64491122.30256467,0.0,1524556.435179687,54864043.43765236,5035045090.525365
17,2024-01-01,10.550878446616345,0.0,12.79675355132672,327.8441843465223,0.47919371668014715,72.60005261189102,35.851428383193685,9697.510927765925,0.0,0.3024694330304774,10.885676962771418,5.490903563802536,53176444.52175732,0.0,64491122.30256467,0.0,1524556.435179687,54864043.43765236,5035045090.525365
18,2024-01-01,10.550878446616345,0.0,12.79675355132672,327.8441843465223,0.47919371668014715,72.60005261189102,35.851428383193685,9697.510927765925,0.0,0.3024694330304774,10.885676962771418,5.490903563802536,53176444.52175732,0.0,64491122.30256467,0.0,1524556.435179687,54864043.43765236,5035045090.525365
19,2024-01-01,10.550878446616345,0.0,12.79675355132672,327.8441843465223,0.47919371668014715,72.60005261189102,35.851428383193685,9697.510927765925,0.0,0.3024694330304774,10.885676962771418,5.490903563802536,53176444.52175732,0.0,64491122.30256467,0.0,1524556.435179687,54864043.43765236,5035045090.525365
20,2024-02-01,42.43275925726642,0.0,19.744388233717505,327.8441843465223,0.47919371668014715,72.60005261189102,35.851428383193685,9697.510927765925,0.0,8.194166143495675,27.414773951843234,15.131060941335374,213854208.9383569,0.0,99503904.59636082,0.0,41300171.05417596,138168971.5855601,5035045090.524174
21,2024-02-01,42.43275925726642,0.0,19.744388233717505,327.8441843465223,0.47919371668014715,72.60005261189102,35.851428383193685,9697.510927765925,0.0,8.194166143495675,27.414773951843234,15.131060941335374,213854208.9383569,0.0,99503904.59636082,0.0,41300171.05417596,138168971.5855601,5035045090.525365
22,2024-02-01,42.43275925726642,0.0,19.744388233717505,327.8441843465223,0.47919371668014715,72.60005261189102,35.851428383193685,9697.510927765925,0.0,8.194166143495675,27.414773951843234,15.131060941335374,213854208.9383569,0.0,99503904.59636082,0.0,41300171.05417596,138168971.5855601,5035045090.525365
23,2024-02-01,42.43275925726642,0.0,19.744388233717505,327.8441843465223,0.47919371668014715,72.60005261189102,35.851428383193685,9697.510927765925,0.0,8.194166143495675,27.414773951843234,15.131060941335374,213854208.9383569,0.0,99503904.59636082,0.0,41300171.05417596,138168971.5855601,5035045090.525365
24,2024-02-01,42.43275925726642,0.0,19.744388233717505,327.8441843465223,0.47919371668014715,72.60005261189102,35.851428383193685,9697.510927765925,0.0,8.194166143495675,27.414773951843234,15.131060941335374,213854208.9383569,0.0,99503904.59636082,0.0,41300171.05417596,138168971.5855601,5035045090.525365
25,2024-02-01,42.43275925726642,0.0,19.744388233717505,327.8441843465223,0.47919371668014715,72.60005261189102,35.851428383193685,9697.510927765925,0.0,8.194166143495675,27.414773951843234,15.131060941335374,213854208.9383569,0.0,99503904.59636082,0.0,41300171.05417596,138168971.5855601,5035045090.524174
26,2024-02-01,42.43275925726642,0.0,19.744388233717505,327.8441843465223,0.47919371668014715,72.60005261189102,35.851428383193685,9697.510927765925,0.0,8.194166143495675,27.414773951843234,15.131060941335374,213854208.9383569,0.0,99503904.59636082,0.0,41300171.05417596,138168971.5855601,5035045090.525365
27,2024-02-01,42.43275925726642,0.0,19.744388233717505,327.8441843465223,0.47919371668014715,72.60005261189102,35.851428383193685,9697.510927765925,0.0,8.194166143495675,27.414773951843234,15.131060941335374,213854208.9383569,0.0,99503904.59636082,0.0,41300171.05417596,138168971.5855601,5035045090.525365
28,2024-02-01,42.43275925726642,0.0,19.744388233717505,327.8441843465223,0.47919371668014715,72.60005261189102,35.851428383193685,9697.510927765925,0.0,8.194166143495675,27.414773951843234,15.131060941335374,213854208.9383569,0.0,99503904.59636082,0.0,41300171.05417596,138168971.5855601,5035045090.525365
29,2024-02-01,42.43275925726642,0.0,19.744388233717505,327.8441843465223,0.47919371668014715,72.60005261189102,35.851428383193685,9697.510927765925,0.0,8.194166143495675,27.414773951843234,15.131060941335374,213854208.9383569,0.0,99503904.59636082,0.0,41300171.05417596,138168971.5855601,5035045090.525365
30,2024-02-01,42.43275925726642,0.0,19.744388233717505,327.8441843465223,0.47919371668014715,72.60005261189102,35.851428383193685,9697.510927765925,0.0,8.194166143495675,27.414773951843234,15.131060941335374,213854208.9383569,0.0,99503904.59636082,0.0,41300171.05417596,138168971.5855601,5035045090.524174
31,2024-02-01,42.43275925726642,0.0,19.744388233717505,327.8441843465223,0.47919371668014715,72.60005261189102,35.851428383193685,9697.510927765925,0.0,8.194166143495675,27.414773951843234,15.131060941335374,213854208.9383569,0.0,99503904.59636082,0.0,41300171.05417596,138168971.5855601,5035045090.525365
32,2024-02-01,42.43275925726642,0.0,19.744388233717505,327.8441843465223,0.47919371668014715,72.60005261189102,35.851428383193685,9697.510927765925,0.0,8.194166143495675,27.414773951843234,15.131060941335374,213854208.9383569,0.0,99503904.59636082,0.0,41300171.05417596,138168971.5855601,5035045090.525365
33,2024-02-01,42.43275925726642,0.0,19.744388233717505,327.8441843465223,0.47919371668014715,72.60005261189102,35.851428383193685,9697.510927765925,0.0,8.194166143495675,27.414773951843234,15.131060941335374,213854208.9383569,0.0,99503904.59636082,0.0,41300171.05417596,138168971.5855601,5035045090.525365
34,2024-02-01,42.43275925726642,0.0,19.744388233717505,327.8441843465223,0.47919371668014715,72.60005261189102,35.851428383193685,9697.510927765925,0.0,8.194166143495675,27.414773951843234,15.131060941335374,213854208.9383569,0.0,99503904.59636082,0.0,41300171.05417596,138168971.5855601,5035045090.525365
35,2024-02-01,42.43275925726642,0.0,19.744388233717505,327.8441843465223,0.47919371668014715,72.60005261189102,35.851428383193685,9697.510927765925,0.0,8.194166143495675,27.414773951843234,15.131060941335374,213854208.9383569,0.0,99503904.59636082,0.0,41300171.05417596,138168971.5855601,5035045090.525365
36,2024-02-01,42.43275925726642,0.0,19.744388233717505,327.8441843465223,0.47919371668014715,72.60005261189102,35.851428383193685,9697.510927765925,0.0,8.194166143495675,27.414773951843234,15.131060941335374,213854208.9383569,0.0,99503904.59636082,0.0,41300171.05417596,138168971.5855601,5035045090.525365
37,2024-02-01,42.43275925726642,0.0,19.744388233717505,327.8441843465223,0.47919371668014715,72.60005261189102,35.851428383193685,9697.510927765925,0.0,8.194166143495675,27.414773951843234,15.131060941335374,213854208.9383569,0.0,99503904.59636082,0.0,41300171.05417596,138168971.5855601,5035045090.525365
38,2024-02-01,42.43275925726642,0.0,19.744388233717505,327.8441843465223,0.47919371668014715,72.60005261189102,35.851428383193685,9697.510927765925,0.0,8.194166143495675,27.414773951843234,15.131060941335374,213854208.9383569,0.0,99503904.59636082,0.0,41300171.05417596,138168971.5855601,5035045090.525365
39,2024-02-01,42.43275925726642,0.0,19.744388233717505,327.8441843465223,0.47919371668014715,72.60005261189102,35.851428383193685,9697.510927765925,0.0,8.194166143495675,27.414773951843234,15.131060941335374,213854208.9383569,0.0,99503904.59636082,0.0,41300171.05417596,138168971.5855601,5035045090.524174
40,2024-03-01,33.354735248558164,0.0,27.543570758509787,327.8441843465223,0.47919371668014715,72.60005261189102,35.851428383193685,9697.510927765925,0.0,6.550029011018769,29.580549813062557,16.363396443932466,168100127.3073261,0.0,138810803.11454904,0.0,33013032.45206251,149083418.36098236,5035045090.525365
41,2024-03-01,33.354735248558164,0.0,27.543570758509787,327.8441843465223,0.47919371668014715,72.60005261189102,35.851428383193685,9697.510927765925,0.0,6.550029011018769,29.580549813062557,16.363396443932466,168100127.3073261,0.0,138810803.11454904,0.0,33013032.45206251,149083418.36098236,5035045090.525365
42,2024-03-01,33.354735248558164,0.0,27.543570758509787,327.8441843465223,0.47919371668014715,72.60005261189102,35.851428383193685,9697.510927765925,0.0,6.550029011018769,29.580549813062557,16.363396443932466,168100127.3073261,0.0,138810803.11454904,0.0,33013032.45206251,149083418.36098236,5035045090.525365
43,2024-03-01,33.354735248558164,0.0,27.543570758509787,327.8441843465223,0.47919371668014715,72.60005261189102,35.851428383193685,9697.510927765925,0.0,6.550029011018769,29.580549813062557,16.363396443932466,168100127.3073261,0.0,138810803.11454904,0.0,33013032.45206251,149083418.36098236,5035045090.524174
44,2024-03-01,33.354735248558164,0.0,27.543570758509787,327.8441843465223,0.47919371668014715,72.60005261189102,35.851428383193685,9697.510927765925,0.0,6.550029011018769,29.580549813062557,16.363396443932466,168100127.3073261,0.0,138810803.11454904,0.0,33013032.45206251,149083418.36098236,5035045090.525365
45,2024-03-01,33.354735248558164,0.0,27.543570758509787,327.8441843465223,0.47919371668014715,72.60005261189102,35.851428383193685,9697.510927765925,0.0,6.550029011018769,29.580549813062557,16.363396443932466,168100127.3073261,0.0,138810803.11454904,0.0,33013032.45206251,149083418.36098236,5035045090.525365
46,2024-03-01,33.354735248558164,0.0,27.543570758509787,327.8441843465223,0.47919371668014715,72.60005261189102,35.851428383193685,9697.510927765925,0.0,6.550029011018769,29.580549813062557,16.363396443932466,168100127.3073261,0.0,138810803.11454904,0.0,33013032.45206251,149083418.36098236,5035045090.525365
47,2024-03-01,33.354735248558164,0.0,27.543570758509787,327.8441843465223,0.47919371668014715,72.60005261189102,35.851428383193685,9697.510927765925,0.0,6.550029011018769,29.580549813062557,16.363396443932466,168100127.3073261,0.0,138810803.11454904,0.0,33013032.45206251,149083418.36098236,5035045090.524174
48,2024-03-01,33.354735248558164,0.0,27.543570758509787,327.8441843465223,0.47919371668014715,72.60005261189102,35.851428383193685,9697.510927765925,0.0,6.550029011018769,29.580549813062557,16.363396443932466,168100127.3073261,0.0,138810803.11454904,0.0,33013032.45206251,149083418.36098236,5035045090.525365
49,2024-03-01,33.354735248558164,0.0,27.543570758509787,327.8441843465223,0.47919371668014715,72.60005261189102,35.851428383193685,9697.510927765925,0.0,6.550029011018769,29.580549813062557,16.363396443932466,168100127.3073261,0.0,138810803.11454904,0.0,33013032.45206251,149083418.36098236,5035045090.524174
50,2024-03-01,33.354735248558164,0.0,27.543570758509787,327.8441843465223,0.47919371668014715,72.60005261189102,35.851428383193685,9697.510927765925,0.0,6.550029011018769,29.580549813062557,16.363396443932466,168100127.3073261,0.0,138810803.11454904,0.0,33013032.45206251,149083418.36098236,5035045090.525365
51,2024-03-01,33.354735248558164,0.0,27.543570758509787,327.8441843465223,0.47919371668014715,72.60005261189102,35.851428383193685,9697.510927765925,0.0,6.550029011018769,29.580549813062557,16.363396443932466,168100127.3073261,0.0,138810803.11454904,0.0,33013032.45206251,149083418.36098236,5035045090.525365
52,2024-03-01,33.354735248558164,0.0,27.543570758509787,327.8441843465223,0.47919371668014715,72.60005261189102,35.851428383193685,9697.510927765925,0.0,6.550029011018769,29.580549813062557,16.363396443932466,168100127.3073261,0.0,138810803.11454904,0.0,33013032.45206251,149083418.36098236,5035045090.525365
53,2024-03-01,33.354735248558164,0.0,27.543570758509787,327.8441843465223,0.47919371668014715,72.60005261189102,35.851428383193685,9697.510927765925,0.0,6.550029011018769,29.580549813062557,16.363396443932466,168100127.3073261,0.0,138810803.11454904,0.0,33013032.45206251,149083418.36098236,5035045090.525365
54,2024-03-01,33.354735248558164,0.0,27.543570758509787,327.8441843465223,0.47919371668014715,72.60005261189102,35.851428383193685,9697.510927765925,0.0,6.550029011018769,29.580549813062557,16.363396443932466,168100127.3073261,0.0,138810803.11454904,0.0,33013032.45206251,149083418.36098236,5035045090.525365
55,2024-03-01,33.354735248558164,0.0,27.543570758509787,327.8441843465223,0.47919371668014715,72.60005261189102,35.851428383193685,9697.510927765925,0.0,6.550029011018769,29.580549813062557,16.363396443932466,168100127.3073261,0.0,138810803.11454904,0.0,33013032.45206251,149083418.36098236,5035045090.524174
56,2024-03-01,33.354735248558164,0.0,27.543570758509787,327.8441843465223,0.47919371668014715,72.60005261189102,35.851428383193685,9697.510927765925,0.0,6.550029011018769,29.580549813062557,16.363396443932466,168100127.3073261,0.0,138810803.11454904,0.0,33013032.45206251,149083418.36098236,5035045090.525365
57,2024-03-01,33.354735248558164,0.0,27.543570758509787,327.8441843465223,0.47919371668014715,72.60005261189102,35.851428383193685,9697.510927765925,0.0,6.550029011018769,29.580549813062557,16.363396443932466,168100127.3073261,0.0,138810803.11454904,0.0,33013032.45206251,149083418.36098236,5035045090.525365
58,2024-03-01,33.354735248558164,0.0,27.543570758509787,327.8441843465223,0.47919371668014715,72.60005261189102,35.851428383193685,9697.510927765925,0.0,6.550029011018769,29.580549813062557,16.363396443932466,168100127.3073261,0.0,138810803.11454904,0.0,33013032.45206251,149083418.36098236,5035045090.525365
59,2024-03-01,33.354735248558164,0.0,27.543570758509787,327.8441843465223,0.47919371668014715,72.60005261189102,35.851428383193685,9697.510927765925,0.0,6.550029011018769,29.580549813062557,16.363396443932466,168100127.3073261,0.0,138810803.11454904,0.0,33013032.45206251,149083418.36098236,5035045090.525365
60,2024-04-01,25.085749691662613,0.7933801516922476,36.79955105869739,327.8441843465223,0.47919371668014715,72.60005261189102,35.851428383193685,9697.510927765925,0.0678830765658976,0.5793487032262992,25.723750709218695,13.827150738685567,126426531.41821551,3998283.948027296,185459853.133404,342100.3422764748,2919968.0822093403,129645593.5459415,5035045090.525365
61,2024-04-01,25.085749691662613,0.7933801516922476,36.79955105869739,327.8441843465223,0.47919371668014715,72.60005261189102,35.851428383193685,9697.510927765925,0.0678830765658976,0.5793487032262992,25.723750709218695,13.827150738685567,126426531.41821551,3998283.948027296,185459853.133404,342100.3422764748,2919968.0822093403,129645593.5459415,5035045090.525365
62,2024-04-01,25.085749691662613,0.7933801516922476,36.79955105869739,327.8441843465223,0.47919371668014715,72.60005261189102,35.851428383193685,9697.510927765925,0.0678830765658976,0.5793487032262992,25.723750709218695,13.827150738685567,126426531.41821551,3998283.948027296,185459853.133404,342100.3422764748,2919968.0822093403,129645593.5459415,5035045090.525365
63,2024-04-01,25.085749691662613,0.7933801516922476,36.79955105869739,327.8441843465223,0.47919371668014715,72.60005261189102,35.851428383193685,9697.510927765925,0.0678830765658976,0.5793487032262992,25.723750709218695,13.827150738685567,126426531.41821551,3998283.948027296,185459853.133404,342100.3422764748,2919968.0822093403,129645593.5459415,5035045090.525365
64,2024-04-01,25.085749691662613,0.7933801516922476,36.79955105869739,327.8441843465223,0.47919371668014715,72.60005261189102,35.851428383193685,9697.510927765925,0.0678830765658976,0.5793487032262992,25.723750709218695,13.827150738685567,126426531.41821551,3998283.948027296,185459853.133404,342100.3422764748,2919968.0822093403,129645593.5459415,5035045090.525365
65,2024-04-01,25.085749691662613,0.7933801516922476,36.79955105869739,327.8441843465223,0.47919371668014715,72.60005261189102,35.851428383193685,9697.510927765925,0.0678830765658976,0.5793487032262992,25.723750709218695,13.827150738685567,126426531.41821551,3998283.948027296,185459853.133404,342100.3422764748,2919968.0822093403,129645593.5459415,5035045090.525365
66,2024-04-01,25.085749691662613,0.7933801516922476,36.79955105869739,327.8441843465223,0.47919371668014715,72.60005261189102,35.851428383193685,9697.510927765925,0.0678830765658976,0.5793487032262992,25.723750709218695,13.827150738685567,126426531.41821551,3998283.948027296,185459853.133404,342100.3422764748,2919968.0822093403,129645593.5459415,5035045090.525365
67,2024-04-01,25.085749691662613,0.7933801516922476,36.79955105869739,327.8441843465223,0.47919371668014715,72.60005261189102,35.851428383193685,9697.510927765925,0.0678830765658976,0.5793487032262992,25.723750709218695,13.827150738685567,126426531.41821551,3998283.948027296,185459853.133404,342100.3422764748,2919968.0822093403,129645593.5459415,5035045090.525365
68,2024-04-01,25.085749691662613,0.7933801516922476,36.79955105869739,327.8441843465223,0.47919371668014715,72.60005261189102,35.851428383193685,9697.510927765925,0.0678830765658976,0.5793487032262992,25.723750709218695,13.827150738685567,126426531.41821551,3998283.948027296,185459853.133404,342100.3422764748,2919968.0822093403,129645593.5459415,5035045090.525365
69,2024-04-01,25.085749691662613,0.7933801516922476,36.79955105869739,327.8441843465223,0.47919371668014715,72.60005261189102,35.851428383193685,9697.510927765925,0.0678830765658976,0.5793487032262992,25.723750709218695,13.827150738685567,126426531.41821551,3998283.948027296,185459853.133404,342100.3422764748,2919968.0822093403,129645593.5459415,5035045090.524174
70,2024-04-01,25.085749691662613,0.7933801516922476,36.79955105869739,327.8441843465223,0.47919371668014715,72.60005261189102,35.851428383193685,9697.510927765925,0.0678830765658976,0.5793487032262992,25.723750709218695,13.827150738685567,126426531.41821551,3998283.948027296,185459853.133404,342100.3422764748,2919968.0822093403,129645593.5459415,5035045090.525365
71,2024-04-01,25.085749691662613,0.7933801516922476,36.79955105869739,327.8441843465223,0.47919371668014715,72.60005261189102,35.851428383193685,9697.510927765925,0.0678830765658976,0.5793487032262992,25.723750709218695,13.827150738685567,126426531.41821551,3998283.948027296,185459853.133404,342100.3422764748,2919968.0822093403,129645593.5459415,5035045090.524174
72,2024-04-01,25.085749691662613,0.7933801516922476,36.79955105869739,327.8441843465223,0.47919371668014715,72.60005261189102,35.851428383193685,9697.510927765925,0.0678830765658976,0.5793487032262992,25.723750709218695,13.827150738685567,126426531.41821551,3998283.948027296,185459853.133404,342100.3422764748,2919968.0822093403,129645593.5459415,5035045090.524174
73,2024-04-01,25.085749691662613,0.7933801516922476,36.79955105869739,327.8441843465223,0.47919371668014715,72.60005261189102,35.851428383193685,9697.510927765925,0.0678830765658976,0.5793487032262992,25.723750709218695,13.827150738685567,126426531.41821551,3998283.948027296,185459853.133404,342100.3422764748,2919968.0822093403,129645593.5459415,5035045090.525365
74,2024-04-01,25.085749691662613,0.7933801516922476,36.79955105869739,327.8441843465223,0.47919371668014715,72.60005261189102,35.851428383193685,9697.510927765925,0.0678830765658976,0.5793487032262992,25.723750709218695,13.827150738685567,126426531.41821551,3998283.948027296,185459853.133404,342100.3422764748,2919968.0822093403,129645593.5459415,5035045090.525365
75,2024-04-01,25.085749691662613,0.7933801516922476,36.79955105869739,327.8441843465223,0.47919371668014715,72.60005261189102,35.851428383193685,9697.510927765925,0.0678830765658976,0.5793487032262992,25.723750709218695,13.827150738685567,126426531.41821551,3998283.948027296,185459853.133404,342100.3422764748,2919968.0822093403,129645593.5459415,5035045090.524174
76,2024-04-01,25.085749691662613,0.7933801516922476,36.79955105869739,327.8441843465223,0.47919371668014715,72.60005261189102,35.851428383193685,9697.510927765925,0.0678830765658976,0.5793487032262992,25.723750709218695,13.827150738685567,126426531.41821551,3998283.948027296,185459853.133404,342100.3422764748,2919968.0822093403,129645593.5459415,5035045090.525365
77,2024-04-01,25.085749691662613,0.7933801516922476,36.79955105869739,327.8441843465223,0.47919371668014715,72.60005261189102,35.851428383193685,9697.510927765925,0.0678830765658976,0.5793487032262992,25.723750709218695,13.827150738685567,126426531.41821551,3998283.948027296,185459853.133404,342100.3422764748,2919968.0822093403,129645593.5459415,5035045090.525365
78,2024-04-01,25.085749691662613,0.7933801516922476,36.79955105869739,327.8441843465223,0.47919371668014715,72.60005261189102,35.851428383193685,9697.510927765925,0.0678830765658976,0.5793487032262992,25.723750709218695,13.827150738685567,126426531.41821551,3998283.948027296,185459853.133404,342100.3422764748,2919968.0822093403,129645593.5459415,5035045090.525365
79,2024-04-01,25.085749691662613,0.7933801516922476,36.79955105869739,327.8441843465223,0.47919371668014715,72.60005261189102,35.851428383193685,9697.510927765925,0.0678830765658976,0.5793487032262992,25.723750709218695,13.827150738685567,126426531.41821551,3998283.948027296,185459853.133404,342100.3422764748,2919968.0822093403,129645593.5459415,5035045090.525365
80,2024-05-01,24.885709810579247,2.062788393866661,59.628534575180915,327.8441843465223,0.47919371668014715,72.60005261189102,35.851428383193685,9697.510927765925,1.1195477354977916,0.008052268518363772,11.59435561772542,5.785773323046722,125417473.32443026,10395538.262182415,300511268.3023218,5642014.620773603,40579.33768375324,58434557.784151554,5035045090.525365
81,2024-05-01,24.885709810579247,2.062788393866661,59.628534575180915,327.8441843465223,0.47919371668014715,72.60005261189102,35.851428383193685,9697.510927765925,1.1195477354977916,0.008052268518363772,11.59435561772542,5.785773323046722,125417473.32443026,10395538.262182415,300511268.3023218,5642014.620773603,40579.33768375324,58434557.784151554,5035045090.525365
82,2024-05-01,24.885709810579247,2.062788393866661,59.628534575180915,327.8441843465223,0.47919371668014715,72.60005261189102,35.851428383193685,9697.510927765925,1.1195477354977916,0.008052268518363772,11.59435561772542,5.785773323046722,125417473.32443026,10395538.262182415,300511268.3023218,5642014.620773603,40579.33768375324,58434557.784151554,5035045090.524174
83,2024-05-01,24.885709810579247,2.062788393866661,59.628534575180915,327.8441843465223,0.47919371668014715,72.60005261189102,35.851428383193685,9697.510927765925,1.1195477354977916,0.008052268518363772,11.59435561772542,5.785773323046722,125417473.32443026,10395538.262182415,300511268.3023218,5642014.620773603,40579.33768375324,58434557.784151554,5035045090.524174
84,2024-05-01,24.885709810579247,2.062788393866661,59.628534575180915,327.8441843465223,0.47919371668014715,72.60005261189102,35.851428383193685,9697.510927765925,1.1195477354977916,0.008052268518363772,11.59435561772542,5.785773323046722,125417473.32443026,10395538.262182415,300511268.3023218,5642014.620773603,40579.33768375324,58434557.784151554,5035045090.525365
85,2024-05-01,24.885709810579247,2.062788393866661,59.628534575180915,327.8441843465223,0.47919371668014715,72.60005261189102,35.851428383193685,9697.510927765925,1.1195477354977916,0.008052268518363772,11.59435561772542,5.785773323046722,125417473.32443026,10395538.262182415,300511268.3023218,5642014.620773603,40579.33768375324,58434557.784151554,5035045090.524174
86,2024-05-01,24.885709810579247,2.062788393866661,59.628534575180915,327.8441843465223,0.47919371668014715,72.60005261189102,35.851428383193685,9697.510927765925,1.1195477354977916,0.008052268518363772,11.59435561772542,5.785773323046722,125417473.32443026,10395538.262182415,300511268.3023218,5642014.620773603,40579.33768375324,58434557.784151554,5035045090.525365
87,2024-05-01,24.885709810579247,2.062788393866661,59.628534575180915,327.8441843465223,0.47919371668014715,72.60005261189102,35.851428383193685,9697.510927765925,1.1195477354977916,0.008052268518363772,11.59435561772542,5.785773323046722,125417473.32443026,10395538.262182415,300511268.3023218,5642014.620773603,40579.33768375324,58434557.784151554,5035045090.525365
88,2024-05-01,24.885709810579247,2.062788393866661,59.628534575180915,327.8441843465223,0.47919371668014715,72.60005261189102,35.851428383193685,9697.510927765925,1.1195477354977916,0.008052268518363772,11.59435561772542,5.785773323046722,125417473.32443026,10395538.262182415,300511268.3023218,5642014.620773603,40579.33768375324,58434557.784151554,5035045090.525365
89,2024-05-01,24.885709810579247,2.062788393866661,59.628534575180915,327.8441843465223,0.47919371668014715,72.60005261189102,35.851428383193685,9697.510927765925,1.1195477354977916,0.008052268518363772,11.59435561772542,5.785773323046722,125417473.32443026,10395538.262182415,300511268.3023218,5642014.620773603,40579.33768375324,58434557.784151554,5035045090.525365
90,2024-05-01,24.885709810579247,2.062788393866661,59.628534575180915,327.8441843465223,0.47919371668014715,72.60005261189102,35.851428383193685,9697.510927765925,1.1195477354977916,0.008052268518363772,11.59435561772542,5.785773323046722,125417473.32443026,10395538.262182415,300511268.3023218,5642014.620773603,40579.33768375324,58434557.784151554,5035045090.525365
91,2024-05-01,24.885709810579247,2.062788393866661,59.628534575180915,327.8441843465223,0.47919371668014715,72.60005261189102,35.851428383193685,9697.510927765925,1.1195477354977916,0.008052268518363772,11.59435561772542,5.785773323046722,125417473.32443026,10395538.262182415,300511268.3023218,5642014.620773603,40579.33768375324,58434557.784151554,5035045090.525365
92,2024-05-01,24.885709810579247,2.062788393866661,59.628534575180915,327.8441843465223,0.47919371668014715,72.60005261189102,35.851428383193685,9697.510927765925,1.1195477354977916,0.008052268518363772,11.59435561772542,5.785773323046722,125417473.32443026,10395538.262182415,300511268.3023218,5642014.620773603,40579.33768375324,58434557.784151554,5035045090.525365
93,2024-05-01,24.885709810579247,2.062788393866661,59.628534575180915,327.8441843465223,0.47919371668014715,72.60005261189102,35.851428383193685,9697.510927765925,1.1195477354977916,0.008052268518363772,11.59435561772542,5.785773323046722,125417473.32443026,10395538.262182415,300511268.3023218,5642014.620773603,40579.33768375324,58434557.784151554,5035045090.524174
94,2024-05-01,24.885709810579247,2.062788393866661,59.628534575180915,327.8441843465223,0.47919371668014715,72.60005261189102,35.851428383193685,9697.510927765925,1.1195477354977916,0.008052268518363772,11.59435561772542,5.785773323046722,125417473.32443026,10395538.262182415,300511268.3023218,5642014.620773603,40579.33768375324,58434557.784151554,5035045090.525365
95,2024-05-01,24.885709810579247,2.062788393866661,59.628534575180915,327.8441843465223,0.47919371668014715,72.60005261189102,35.851428383193685,9697.510927765925,1.1195477354977916,0.008052268518363772,11.59435561772542,5.785773323046722,125417473.32443026,10395538.262182415,300511268.3023218,5642014.620773603,40579.33768375324,58434557.784151554,5035045090.525365
96,2024-05-01,24.885709810579247,2.062788393866661,59.628534575180915,327.8441843465223,0.47919371668014715,72.60005261189102,35.851428383193685,9697.510927765925,1.1195477354977916,0.008052268518363772,11.59435561772542,5.785773323046722,125417473.32443026,10395538.262182415,300511268.3023218,5642014.620773603,40579.33768375324,58434557.784151554,5035045090.525365
97,2024-05-01,24.885709810579247,2.062788393866661,59.628534575180915,327.8441843465223,0.47919371668014715,72.60005261189102,35.851428383193685,9697.510927765925,1.1195477354977916,0.008052268518363772,11.59435561772542,5.785773323046722,125417473.32443026,10395538.262182415,300511268.3023218,5642014.620773603,40579.33768375324,58434557.784151554,5035045090.525365
98,2024-05-01,24.885709810579247,2.062788393866661,59.628534575180915,327.8441843465223,0.47919371668014715,72.60005261189102,35.851428383193685,9697.510927765925,1.1195477354977916,0.008052268518363772,11.59435561772542,5.785773323046722,125417473.32443026,10395538.262182415,300511268.3023218,5642014.620773603,40579.33768375324,58434557.784151554,5035045090.525365
99,2024-05-01,24.885709810579247,2.062788393866661,59.628534575180915,327.8441843465223,0.47919371668014715,72.60005261189102,35.851428383193685,9697.510927765925,1.1195477354977916,0.008052268518363772,11.59435561772542,5.785773323046722,125417473.32443026,10395538.262182415,300511268.3023218,5642014.620773603,40579.33768375324,58434557.784151554,5035045090.525365
100,2024-06-01,16.65815972012532,3.1735206067689905,55.3291510318949,327.8441843465223,0.47919371668014715,72.60005261189102,35.851428383193685,9697.510927765925,2.104553108548553,0.1358661794200903,4.045506873178697,1.7224240601696994,83952135.44055192,15993135.792109184,278845212.033992,10605980.079096423,684716.6658740322,20387797.516265072,5035045090.525365
101,2024-06-01,16.65815972012532,3.1735206067689905,55.3291510318949,327.8441843465223,0.47919371668014715,72.60005261189102,35.851428383193685,9697.510927765925,2.104553108548553,0.1358661794200903,4.045506873178697,1.7224240601696994,83952135.44055192,15993135.792109184,278845212.033992,10605980.079096423,684716.6658740322,20387797.516265072,5035045090.525365
102,2024-06-01,16.65815972012532,3.1735206067689905,55.3291510318949,327.8441843465223,0.47919371668014715,72.60005261189102,35.851428383193685,9697.510927765925,2.104553108548553,0.1358661794200903,4.045506873178697,1.7224240601696994,83952135.44055192,15993135.792109184,278845212.033992,10605980.079096423,684716.6658740322,20387797.516265072,5035045090.524174
103,2024-06-01,16.65815972012532,3.1735206067689905,55.3291510318949,327.8441843465223,0.47919371668014715,72.60005261189102,35.851428383193685,9697.510927765925,2.104553108548553,0.1358661794200903,4.045506873178697,1.7224240601696994,83952135.44055192,15993135.792109184,278845212.033992,10605980.079096423,684716.6658740322,20387797.516265072,5035045090.525365
104,2024-06-01,16.65815972012532,3.1735206067689905,55.3291510318949,327.8441843465223,0.47919371668014715,72.60005261189102,35.851428383193685,9697.510927765925,2.104553108548553,0.1358661794200903,4.045506873178697,1.7224240601696994,83952135.44055192,15993135.792109184,278845212.033992,10605980.079096423,684716.6658740322,20387797.516265072,5035045090.525365
105,2024-06-01,16.65815972012532,3.1735206067689905,55.3291510318949,327.8441843465223,0.47919371668014715,72.60005261189102,35.851428383193685,9697.510927765925,2.104553108548553,0.1358661794200903,4.045506873178697,1.7224240601696994,83952135.44055192,15993135.792109184,278845212.033992,10605980.079096423,684716.6658740322,20387797.516265072,5035045090.525365
106,2024-06-01,16.65815972012532,3.1735206067689905,55.3291510318949,327.8441843465223,0.47919371668014715,72.60005261189102,35.851428383193685,9697.510927765925,2.104553108548553,0.1358661794200903,4.045506873178697,1.7224240601696994,83952135.44055192,15993135.792109184,278845212.033992,10605980.079096423,684716.6658740322,20387797.516265072,5035045090.525365
107,2024-06-01,16.65815972012532,3.1735206067689905,55.3291510318949,327.8441843465223,0.47919371668014715,72.60005261189102,35.851428383193685,9697.510927765925,2.104553108548553,0.1358661794200903,4.045506873178697,1.7224240601696994,83952135.44055192,15993135.792109184,278845212.033992,10605980.079096423,684716.6658740322,20387797.516265072,5035045090.524174
108,2024-06-01,16.65815972012532,3.1735206067689905,55.3291510318949,327.8441843465223,0.47919371668014715,72.60005261189102,35.851428383193685,9697.510927765925,2.104553108548553,0.1358661794200903,4.045506873178697,1.7224240601696994,83952135.44055192,15993135.792109184,278845212.033992,10605980.079096423,684716.6658740322,20387797.516265072,5035045090.525365
109,2024-06-01,16.65815972012532,3.1735206067689905,55.3291510318949,327.8441843465223,0.47919371668014715,72.60005261189102,35.851428383193685,9697.510927765925,2.104553108548553,0.1358661794200903,4.045506873178697,1.7224240601696994,83952135.44055192,15993135.792109184,278845212.033992,10605980.079096423,684716.6658740322,20387797.516265072,5035045090.524174
110,2024-06-01,16.65815972012532,3.1735206067689905,55.3291510318949,327.8441843465223,0.47919371668014715,72.60005261189102,35.851428383193685,9697.510927765925,2.104553108548553,0.1358661794200903,4.045506873178697,1.7224240601696994,83952135.44055192,15993135.792109184,278845212.033992,10605980.079096423,684716.6658740322,20387797.516265072,5035045090.525365
111,2024-06-01,16.65815972012532,3.1735206067689905,55.3291510318949,327.8441843465223,0.47919371668014715,72.60005261189102,35.851428383193685,9697.510927765925,2.104553108548553,0.1358661794200903,4.045506873178697,1.7224240601696994,83952135.44055192,15993135.792109184,278845212.033992,10605980.079096423,684716.6658740322,20387797.516265072,5035045090.525365
112,2024-06-01,16.65815972012532,3.1735206067689905,55.3291510318949,327.8441843465223,0.47919371668014715,72.60005261189102,35.851428383193685,9697.510927765925,2.104553108548553,0.1358661794200903,4.045506873178697,1.7224240601696994,83952135.44055192,15993135.792109184,278845212.033992,10605980.079096423,684716.6658740322,20387797.516265072,5035045090.525365
113,2024-06-01,16.65815972012532,3.1735206067689905,55.3291510318949,327.8441843465223,0.47919371668014715,72.60005261189102,35.851428383193685,9697.510927765925,2.104553108548553,0.1358661794200903,4.045506873178697,1.7224240601696994,83952135.44055192,15993135.792109184,278845212.033992,10605980.079096423,684716.6658740322,20387797.516265072,5035045090.525365
114,2024-06-01,16.65815972012532,3.1735206067689905,55.3291510318949,327.8441843465223,0.47919371668014715,72.60005261189102,35.851428383193685,9697.510927765925,2.104553108548553,0.1358661794200903,4.045506873178697,1.7224240601696994,83952135.44055192,15993135.792109184,278845212.033992,10605980.079096423,684716.6658740322,20387797.516265072,5035045090.525365
115,2024-06-01,16.65815972012532,3.1735206067689905,55.3291510318949,327.8441843465223,0.47919371668014715,72.60005261189102,35.851428383193685,9697.510927765925,2.104553108548553,0.1358661794200903,4.045506873178697,1.7224240601696994,83952135.44055192,15993135.792109184,278845212.033992,10605980.079096423,684716.6658740322,20387797.516265072,5035045090.525365
116,2024-06-01,16.65815972012532,3.1735206067689905,55.3291510318949,327.8441843465223,0.47919371668014715,72.60005261189102,35.851428383193685,9697.510927765925,2.104553108548553,0.1358661794200903,4.045506873178697,1.7224240601696994,83952135.44055192,15993135.792109184,278845212.033992,10605980.079096423,684716.6658740322,20387797.516265072,5035045090.525365
117,2024-06-01,16.65815972012532,3.1735206067689905,55.3291510318949,327.8441843465223,0.47919371668014715,72.60005261189102,35.851428383193685,9697.510927765925,2.104553108548553,0.1358661794200903,4.045506873178697,1.7224240601696994,83952135.44055192,15993135.792109184,278845212.033992,10605980.079096423,684716.6658740322,20387797.516265072,5035045090.525365
118,2024-06-01,16.65815972012532,3.1735206067689905,55.3291510318949,327.8441843465223,0.47919371668014715,72.60005261189102,35.851428383193685,9697.510927765925,2.104553108548553,0.1358661794200903,4.045506873178697,1.7224240601696994,83952135.44055192,15993135.792109184,278845212.033992,10605980.079096423,684716.6658740322,20387797.516265072,5035045090.525365
119,2024-06-01,16.65815972012532,3.1735206067689905,55.3291510318949,327.8441843465223,0.47919371668014715,72.60005261189102,35.851428383193685,9697.510927765925,2.104553108548553,0.1358661794200903,4.045506873178697,1.7224240601696994,83952135.44055192,15993135.792109184,278845212.033992,10605980.079096423,684716.6658740322,20387797.516265072,5035045090.524174
120,2024-07-01,7.159246311176132,4.125576787733322,55.13109756097558,327.8441843465223,0.47919371668014715,72.60005261189102,35.851428383193685,9697.510927765925,2.7387358753543856,0.23449362776114718,3.6333505173265306,1.4142045634148792,36081173.31703633,20791076.52436483,277847731.51508236,13801951.574306931,1181764.4489551694,18310562.64889663,5035045090.525365
121,2024-07-01,7.159246311176132,4.125576787733322,55.13109756097558,327.8441843465223,0.47919371668014715,72.60005261189102,35.851428383193685,9697.510927765925,2.7387358753543856,0.23449362776114718,3.6333505173265306,1.4142045634148792,36081173.31703633,20791076.52436483,277847731.51508236,13801951.574306931,1181764.4489551694,18310562.64889663,5035045090.525365
122,2024-07-01,7.159246311176132,4.125576787733322,55.13109756097558,327.8441843465223,0.47919371668014715,72.60005261189102,35.851428383193685,9697.510927765925,2.7387358753543856,0.23449362776114718,3.6333505173265306,1.4142045634148792,36081173.31703633,20791076.52436483,277847731.51508236,13801951.574306931,1181764.4489551694,18310562.64889663,5035045090.525365
123,2024-07-01,7.159246311176132,4.125576787733322,55.13109756097558,327.8441843465223,0.47919371668014715,72.60005261189102,35.851428383193685,9697.510927765925,2.7387358753543856,0.23449362776114718,3.6333505173265306,1.4142045634148792,36081173.31703633,20791076.52436483,277847731.51508236,13801951.574306931,1181764.4489551694,18310562.64889663,5035045090.525365
124,2024-07-01,7.159246311176132,4.125576787733322,55.13109756097558,327.8441843465223,0.47919371668014715,72.60005261189102,35.851428383193685,9697.510927765925,2.7387358753543856,0.23449362776114718,3.6333505173265306,1.4142045634148792,36081173.31703633,20791076.52436483,277847731.51508236,13801951.574306931,1181764.4489551694,18310562.64889663,5035045090.524174
125,2024-07-01,7.159246311176132,4.125576787733322,55.13109756097558,327.8441843465223,0.47919371668014715,72.60005261189102,35.851428383193685,9697.510927765925,2.7387358753543856,0.23449362776114718,3.6333505173265306,1.4142045634148792,36081173.31703633,20791076.52436483,277847731.51508236,13801951.574306931,1181764.4489551694,18310562.64889663,5035045090.525365
126,2024-07-01,7.159246311176132,4.125576787733322,55.13109756097558,327.8441843465223,0.47919371668014715,72.60005261189102,35.851428383193685,9697.510927765925,2.7387358753543856,0.23449362776114718,3.6333505173265306,1.4142045634148792,36081173.31703633,20791076.52436483,277847731.51508236,13801951.574306931,1181764.4489551694,18310562.64889663,5035045090.525365
127,2024-07-01,7.159246311176132,4.125576787733322,55.13109756097558,327.8441843465223,0.47919371668014715,72.60005261189102,35.851428383193685,9697.510927765925,2.7387358753543856,0.23449362776114718,3.6333505173265306,1.4142045634148792,36081173.31703633,20791076.52436483,277847731.51508236,13801951.574306931,1181764.4489551694,18310562.64889663,5035045090.525365
128,2024-07-01,7.159246311176132,4.125576787733322,55.13109756097558,327.8441843465223,0.47919371668014715,72.60005261189102,35.851428383193685,9697.510927765925,2.7387358753543856,0.23449362776114718,3.6333505173265306,1.4142045634148792,36081173.31703633,20791076.52436483,277847731.51508236,13801951.574306931,1181764.4489551694,18310562.64889663,5035045090.525365
129,2024-07-01,7.159246311176132,4.125576787733322,55.13109756097558,327.8441843465223,0.47919371668014715,72.60005261189102,35.851428383193685,9697.510927765925,2.7387358753543856,0.23449362776114718,3.6333505173265306,1.4142045634148792,36081173.31703633,20791076.52436483,277847731.51508236,13801951.574306931,1181764.4489551694,18310562.64889663,5035045090.525365
130,2024-07-01,7.159246311176132,4.125576787733322,55.13109756097558,327.8441843465223,0.47919371668014715,72.60005261189102,35.851428383193685,9697.510927765925,2.7387358753543856,0.23449362776114718,3.6333505173265306,1.4142045634148792,36081173.31703633,20791076.52436483,277847731.51508236,13801951.574306931,1181764.4489551694,18310562.64889663,5035045090.525365
131,2024-07-01,7.159246311176132,4.125576787733322,55.13109756097558,327.8441843465223,0.47919371668014715,72.60005261189102,35.851428383193685,9697.510927765925,2.7387358753543856,0.23449362776114718,3.6333505173265306,1.4142045634148792,36081173.31703633,20791076.52436483,277847731.51508236,13801951.574306931,1181764.4489551694,18310562.64889663,5035045090.524174
132,2024-07-01,7.159246311176132,4.125576787733322,55.13109756097558,327.8441843465223,0.47919371668014715,72.60005261189102,35.851428383193685,9697.510927765925,2.7387358753543856,0.23449362776114718,3.6333505173265306,1.4142045634148792,36081173.31703633,20791076.52436483,277847731.51508236,13801951.574306931,1181764.4489551694,18310562.64889663,5035045090.524174
133,2024-07-01,7.159246311176132,4.125576787733322,55.13109756097558,327.8441843465223,0.47919371668014715,72.60005261189102,35.851428383193685,9697.510927765925,2.7387358753543856,0.23449362776114718,3.6333505173265306,1.4142045634148792,36081173.31703633,20791076.52436483,277847731.51508236,13801951.574306931,1181764.4489551694,18310562.64889663,5035045090.525365
134,2024-07-01,7.159246311176132,4.125576787733322,55.13109756097558,327.8441843465223,0.47919371668014715,72.60005261189102,35.851428383193685,9697.510927765925,2.7387358753543856,0.23449362776114718,3.6333505173265306,1.4142045634148792,36081173.31703633,20791076.52436483,277847731.51508236,13801951.574306931,1181764.4489551694,18310562.64889663,5035045090.524174
135,2024-07-01,7.159246311176132,4.125576787733322,55.13109756097558,327.8441843465223,0.47919371668014715,72.60005261189102,35.851428383193685,9697.510927765925,2.7387358753543856,0.23449362776114718,3.6333505173265306,1.4142045634148792,36081173.31703633,20791076.52436483,277847731.51508236,13801951.574306931,1181764.4489551694,18310562.64889663,5035045090.525365
136,2024-07-01,7.159246311176132,4.125576787733322,55.13109756097558,327.8441843465223,0.47919371668014715,72.60005261189102,35.851428383193685,9697.510927765925,2.7387358753543856,0.23449362776114718,3.6333505173265306,1.4142045634148792,36081173.31703633,20791076.52436483,277847731.51508236,13801951.574306931,1181764.4489551694,18310562.64889663,5035045090.525365
137,2024-07-01,7.159246311176132,4.125576787733322,55.13109756097558,327.8441843465223,0.47919371668014715,72.60005261189102,35.851428383193685,9697.510927765925,2.7387358753543856,0.23449362776114718,3.6333505173265306,1.4142045634148792,36081173.31703633,20791076.52436483,277847731.51508236,13801951.574306931,1181764.4489551694,18310562.64889663,5035045090.525365
138,2024-07-01,7.159246311176132,4.125576787733322,55.13109756097558,327.8441843465223,0.47919371668014715,72.60005261189102,35.851428383193685,9697.510927765925,2.7387358753543856,0.23449362776114718,3.6333505173265306,1.4142045634148792,36081173.31703633,20791076.52436483,277847731.51508236,13801951.574306931,1181764.4489551694,18310562.64889663,5035045090.525365
139,2024-07-01,7.159246311176132,4.125576787733322,55.13109756097558,327.8441843465223,0.47919371668014715,72.60005261189102,35.851428383193685,9697.510927765925,2.7387358753543856,0.23449362776114718,3.6333505173265306,1.4142045634148792,36081173.31703633,20791076.52436483,277847731.51508236,13801951.574306931,1181764.4489551694,18310562.64889663,5035045090.525365
140,2024-08-01,59.926522217057205,3.33219669328334,52.91672808898418,327.8441843465223,0.47919371668014715,72.60005261189102,35.851428383193685,9697.510927765925,2.448179452075772,0.6602911070223616,16.60930651247979,12.137439741255742,302013438.59948826,16792792.86481899,266687829.65309793,12337679.18135369,3327644.1648845836,83704091.48448598,5035045090.525365
141,2024-08-01,59.926522217057205,3.33219669328334,52.91672808898418,327.8441843465223,0.47919371668014715,72.60005261189102,35.851428383193685,9697.510927765925,2.448179452075772,0.6602911070223616,16.60930651247979,12.137439741255742,302013438.59948826,16792792.86481899,266687829.65309793,12337679.18135369,3327644.1648845836,83704091.48448598,5035045090.524174
142,2024-08-01,59.926522217057205,3.33219669328334,52.91672808898418,327.8441843465223,0.47919371668014715,72.60005261189102,35.851428383193685,9697.510927765925,2.448179452075772,0.6602911070223616,16.60930651247979,12.137439741255742,302013438.59948826,16792792.86481899,266687829.65309793,12337679.18135369,3327644.1648845836,83704091.48448598,5035045090.525365
143,2024-08-01,59.926522217057205,3.33219669328334,52.91672808898418,327.8441843465223,0.47919371668014715,72.60005261189102,35.851428383193685,9697.510927765925,2.448179452075772,0.6602911070223616,16.60930651247979,12.137439741255742,302013438.59948826,16792792.86481899,266687829.65309793,12337679.18135369,3327644.1648845836,83704091.48448598,5035045090.525365
144,2024-08-01,59.926522217057205,3.33219669328334,52.91672808898418,327.8441843465223,0.47919371668014715,72.60005261189102,35.851428383193685,9697.510927765925,2.448179452075772,0.6602911070223616,16.60930651247979,12.137439741255742,302013438.59948826,16792792.86481899,266687829.65309793,12337679.18135369,3327644.1648845836,83704091.48448598,5035045090.525365
145,2024-08-01,59.926522217057205,3.33219669328334,52.91672808898418,327.8441843465223,0.47919371668014715,72.60005261189102,35.851428383193685,9697.510927765925,2.448179452075772,0.6602911070223616,16.60930651247979,12.137439741255742,302013438.59948826,16792792.86481899,266687829.65309793,12337679.18135369,3327644.1648845836,83704091.48448598,5035045090.525365
146,2024-08-01,59.926522217057205,3.33219669328334,52.91672808898418,327.8441843465223,0.47919371668014715,72.60005261189102,35.851428383193685,9697.510927765925,2.448179452075772,0.6602911070223616,16.60930651247979,12.137439741255742,302013438.59948826,16792792.86481899,266687829.65309793,12337679.18135369,3327644.1648845836,83704091.48448598,5035045090.525365
147,2024-08-01,59.926522217057205,3.33219669328334,52.91672808898418,327.8441843465223,0.47919371668014715,72.60005261189102,35.851428383193685,9697.510927765925,2.448179452075772,0.6602911070223616,16.60930651247979,12.137439741255742,302013438.59948826,16792792.86481899,266687829.65309793,12337679.18135369,3327644.1648845836,83704091.48448598,5035045090.524174
148,2024-08-01,59.926522217057205,3.33219669328334,52.91672808898418,327.8441843465223,0.47919371668014715,72.60005261189102,35.851428383193685,9697.510927765925,2.448179452075772,0.6602911070223616,16.60930651247979,12.137439741255742,302013438.59948826,16792792.86481899,266687829.65309793,12337679.18135369,3327644.1648845836,83704091.48448598,5035045090.525365
149,2024-08-01,59.926522217057205,3.33219669328334,52.91672808898418,327.8441843465223,0.47919371668014715,72.60005261189102,35.851428383193685,9697.510927765925,2.448179452075772,0.6602911070223616,16.60930651247979,12.137439741255742,302013438.59948826,16792792.86481899,266687829.65309793,12337679.18135369,3327644.1648845836,83704091.48448598,5035045090.525365
150,2024-08-01,59.926522217057205,3.33219669328334,52.91672808898418,327.8441843465223,0.47919371668014715,72.60005261189102,35.851428383193685,9697.510927765925,2.448179452075772,0.6602911070223616,16.60930651247979,12.137439741255742,302013438.59948826,16792792.86481899,266687829.65309793,12337679.18135369,3327644.1648845836,83704091.48448598,5035045090.525365
151,2024-08-01,59.926522217057205,3.33219669328334,52.91672808898418,327.8441843465223,0.47919371668014715,72.60005261189102,35.851428383193685,9697.510927765925,2.448179452075772,0.6602911070223616,16.60930651247979,12.137439741255742,302013438.59948826,16792792.86481899,266687829.65309793,12337679.18135369,3327644.1648845836,83704091.48448598,5035045090.525365
152,2024-08-01,59.926522217057205,3.33219669328334,52.91672808898418,327.8441843465223,0.47919371668014715,72.60005261189102,35.851428383193685,9697.510927765925,2.448179452075772,0.6602911070223616,16.60930651247979,12.137439741255742,302013438.59948826,16792792.86481899,266687829.65309793,12337679.18135369,3327644.1648845836,83704091.48448598,5035045090.525365
153,2024-08-01,59.926522217057205,3.33219669328334,52.91672808898418,327.8441843465223,0.47919371668014715,72.60005261189102,35.851428383193685,9697.510927765925,2.448179452075772,0.6602911070223616,16.60930651247979,12.137439741255742,302013438.59948826,16792792.86481899,266687829.65309793,12337679.18135369,3327644.1648845836,83704091.48448598,5035045090.524174
154,2024-08-01,59.926522217057205,3.33219669328334,52.91672808898418,327.8441843465223,0.47919371668014715,72.60005261189102,35.851428383193685,9697.510927765925,2.448179452075772,0.6602911070223616,16.60930651247979,12.137439741255742,302013438.59948826,16792792.86481899,266687829.65309793,12337679.18135369,3327644.1648845836,83704091.48448598,5035045090.525365
155,2024-08-01,59.926522217057205,3.33219669328334,52.91672808898418,327.8441843465223,0.47919371668014715,72.60005261189102,35.851428383193685,9697.510927765925,2.448179452075772,0.6602911070223616,16.60930651247979,12.137439741255742,302013438.59948826,16792792.86481899,266687829.65309793,12337679.18135369,3327644.1648845836,83704091.48448598,5035045090.525365
156,2024-08-01,59.926522217057205,3.33219669328334,52.91672808898418,327.8441843465223,0.47919371668014715,72.60005261189102,35.851428383193685,9697.510927765925,2.448179452075772,0.6602911070223616,16.60930651247979,12.137439741255742,302013438.59948826,16792792.86481899,266687829.65309793,12337679.18135369,3327644.1648845836,83704091.48448598,5035045090.525365
157,2024-08-01,59.926522217057205,3.33219669328334,52.91672808898418,327.8441843465223,0.47919371668014715,72.60005261189102,35.851428383193685,9697.510927765925,2.448179452075772,0.6602911070223616,16.60930651247979,12.137439741255742,302013438.59948826,16792792.86481899,266687829.65309793,12337679.18135369,3327644.1648845836,83704091.48448598,5035045090.525365
158,2024-08-01,59.926522217057205,3.33219669328334,52.91672808898418,327.8441843465223,0.47919371668014715,72.60005261189102,35.851428383193685,9697.510927765925,2.448179452075772,0.6602911070223616,16.60930651247979,12.137439741255742,302013438.59948826,16792792.86481899,266687829.65309793,12337679.18135369,3327644.1648845836,83704091.48448598,5035045090.525365
159,2024-08-01,59.926522217057205,3.33219669328334,52.91672808898418,327.8441843465223,0.47919371668014715,72.60005261189102,35.851428383193685,9697.510927765925,2.448179452075772,0.6602911070223616,16.60930651247979,12.137439741255742,302013438.59948826,16792792.86481899,266687829.65309793,12337679.18135369,3327644.1648845836,83704091.48448598,5035045090.524174
160,2024-09-01,6.556463424860636,1.5867603033844953,38.06725743768428,327.8441843465223,0.47919371668014715,72.60005261189102,35.851428383193685,9697.510927765925,0.7696001275305545,0.06164680568446525,9.422966179820193,5.613397451016938,33043132.928937864,7996567.896054592,191849242.24160787,3878427.7048122343,310677.67708838073,47487351.565179035,5035045090.525365
161,2024-09-01,6.556463424860636,1.5867603033844953,38.06725743768428,327.8441843465223,0.47919371668014715,72.60005261189102,35.851428383193685,9697.510927765925,0.7696001275305545,0.06164680568446525,9.422966179820193,5.613397451016938,33043132.928937864,7996567.896054592,191849242.24160787,3878427.7048122343,310677.67708838073,47487351.565179035,5035045090.525365
162,2024-09-01,6.556463424860636,1.5867603033844953,38.06725743768428,327.8441843465223,0.47919371668014715,72.60005261189102,35.851428383193685,9697.510927765925,0.7696001275305545,0.06164680568446525,9.422966179820193,5.613397451016938,33043132.928937864,7996567.896054592,191849242.24160787,3878427.7048122343,310677.67708838073,47487351.565179035,5035045090.525365
163,2024-09-01,6.556463424860636,1.5867603033844953,38.06725743768428,327.8441843465223,0.47919371668014715,72.60005261189102,35.851428383193685,9697.510927765925,0.7696001275305545,0.06164680568446525,9.422966179820193,5.613397451016938,33043132.928937864,7996567.896054592,191849242.24160787,3878427.7048122343,310677.67708838073,47487351.565179035,5035045090.525365
164,2024-09-01,6.556463424860636,1.5867603033844953,38.06725743768428,327.8441843465223,0.47919371668014715,72.60005261189102,35.851428383193685,9697.510927765925,0.7696001275305545,0.06164680568446525,9.422966179820193,5.613397451016938,33043132.928937864,7996567.896054592,191849242.24160787,3878427.7048122343,310677.67708838073,47487351.565179035,5035045090.524174
165,2024-09-01,6.556463424860636,1.5867603033844953,38.06725743768428,327.8441843465223,0.47919371668014715,72.60005261189102,35.851428383193685,9697.510927765925,0.7696001275305545,0.06164680568446525,9.422966179820193,5.613397451016938,33043132.928937864,7996567.896054592,191849242.24160787,3878427.7048122343,310677.67708838073,47487351.565179035,5035045090.525365
166,2024-09-01,6.556463424860636,1.5867603033844953,38.06725743768428,327.8441843465223,0.47919371668014715,72.60005261189102,35.851428383193685,9697.510927765925,0.7696001275305545,0.06164680568446525,9.422966179820193,5.613397451016938,33043132.928937864,7996567.896054592,191849242.24160787,3878427.7048122343,310677.67708838073,47487351.565179035,5035045090.525365
167,2024-09-01,6.556463424860636,1.5867603033844953,38.06725743768428,327.8441843465223,0.47919371668014715,72.60005261189102,35.851428383193685,9697.510927765925,0.7696001275305545,0.06164680568446525,9.422966179820193,5.613397451016938,33043132.928937864,7996567.896054592,191849242.24160787,3878427.7048122343,310677.67708838073,47487351.565179035,5035045090.525365
168,2024-09-01,6.556463424860636,1.5867603033844953,38.06725743768428,327.8441843465223,0.47919371668014715,72.60005261189102,35.851428383193685,9697.510927765925,0.7696001275305545,0.06164680568446525,9.422966179820193,5.613397451016938,33043132.928937864,7996567.896054592,191849242.24160787,3878427.7048122343,310677.67708838073,47487351.565179035,5035045090.525365
169,2024-09-01,6.556463424860636,1.5867603033844953,38.06725743768428,327.8441843465223,0.47919371668014715,72.60005261189102,35.851428383193685,9697.510927765925,0.7696001275305545,0.06164680568446525,9.422966179820193,5.613397451016938,33043132.928937864,7996567.896054592,191849242.24160787,3878427.7048122343,310677.67708838073,47487351.565179035,5035045090.524174
170,2024-09-01,6.556463424860636,1.5867603033844953,38.06725743768428,327.8441843465223,0.47919371668014715,72.60005261189102,35.851428383193685,9697.510927765925,0.7696001275305545,0.06164680568446525,9.422966179820193,5.613397451016938,33043132.928937864,7996567.896054592,191849242.24160787,3878427.7048122343,310677.67708838073,47487351.565179035,5035045090.525365
171,2024-09-01,6.556463424860636,1.5867603033844953,38.06725743768428,327.8441843465223,0.47919371668014715,72.60005261189102,35.851428383193685,9697.510927765925,0.7696001275305545,0.06164680568446525,9.422966179820193,5.613397451016938,33043132.928937864,7996567.896054592,191849242.24160787,3878427.7048122343,310677.67708838073,47487351.565179035,5035045090.525365
172,2024-09-01,6.556463424860636,1.5867603033844953,38.06725743768428,327.8441843465223,0.47919371668014715,72.60005261189102,35.851428383193685,9697.510927765925,0.7696001275305545,0.06164680568446525,9.422966179820193,5.613397451016938,33043132.928937864,7996567.896054592,191849242.24160787,3878427.7048122343,310677.67708838073,47487351.565179035,5035045090.524174
173,2024-09-01,6.556463424860636,1.5867603033844953,38.06725743768428,327.8441843465223,0.47919371668014715,72.60005261189102,35.851428383193685,9697.510927765925,0.7696001275305545,0.06164680568446525,9.422966179820193,5.613397451016938,33043132.928937864,7996567.896054592,191849242.24160787,3878427.7048122343,310677.67708838073,47487351.565179035,5035045090.525365
174,2024-09-01,6.556463424860636,1.5867603033844953,38.06725743768428,327.8441843465223,0.47919371668014715,72.60005261189102,35.851428383193685,9697.510927765925,0.7696001275305545,0.06164680568446525,9.422966179820193,5.613397451016938,33043132.928937864,7996567.896054592,191849242.24160787,3878427.7048122343,310677.67708838073,47487351.565179035,5035045090.524174
175,2024-09-01,6.556463424860636,1.5867603033844953,38.06725743768428,327.8441843465223,0.47919371668014715,72.60005261189102,35.851428383193685,9697.510927765925,0.7696001275305545,0.06164680568446525,9.422966179820193,5.613397451016938,33043132.928937864,7996567.896054592,191849242.24160787,3878427.7048122343,310677.67708838073,47487351.565179035,5035045090.525365
176,2024-09-01,6.556463424860636,1.5867603033844953,38.06725743768428,327.8441843465223,0.47919371668014715,72.60005261189102,35.851428383193685,9697.510927765925,0.7696001275305545,0.06164680568446525,9.422966179820193,5.613397451016938,33043132.928937864,7996567.896054592,191849242.24160787,3878427.7048122343,310677.67708838073,47487351.565179035,5035045090.525365
177,2024-09-01,6.556463424860636,1.5867603033844953,38.06725743768428,327.8441843465223,0.47919371668014715,72.60005261189102,35.851428383193685,9697.510927765925,0.7696001275305545,0.06164680568446525,9.422966179820193,5.613397451016938,33043132.928937864,7996567.896054592,191849242.24160787,3878427.7048122343,310677.67708838073,47487351.565179035,5035045090.525365
178,2024-09-01,6.556463424860636,1.5867603033844953,38.06725743768428,327.8441843465223,0.47919371668014715,72.60005261189102,35.851428383193685,9697.510927765925,0.7696001275305545,0.06164680568446525,9.422966179820193,5.613397451016938,33043132.928937864,7996567.896054592,191849242.24160787,3878427.7048122343,310677.67708838073,47487351.565179035,5035045090.525365
179,2024-09-01,6.556463424860636,1.5867603033844953,38.06725743768428,327.8441843465223,0.47919371668014715,72.60005261189102,35.851428383193685,9697.510927765925,0.7696001275305545,0.06164680568446525,9.422966179820193,5.613397451016938,33043132.928937864,7996567.896054592,191849242.24160787,3878427.7048122343,310677.67708838073,47487351.565179035,5035045090.525365
180,2024-10-01,44.02482497910906,0.7933801516922476,33.616674484052524,327.8441843465223,0.47919371668014715,72.60005261189102,35.851428383193685,9697.510927765925,0.6348335926996644,0.6959336504833074,20.78062813004344,12.954001185279642,221873500.73512915,3998283.948027296,169418602.39126274,3199266.268787583,3507163.460527408,104727354.04081625,5035045090.524174
181,2024-10-01,44.02482497910906,0.7933801516922476,33.616674484052524,327.8441843465223,0.47919371668014715,72.60005261189102,35.851428383193685,9697.510927765925,0.6348335926996644,0.6959336504833074,20.78062813004344,12.954001185279642,221873500.73512915,3998283.948027296,169418602.39126274,3199266.268787583,3507163.460527408,104727354.04081625,5035045090.525365
182,2024-10-01,44.02482497910906,0.7933801516922476,33.616674484052524,327.8441843465223,0.47919371668014715,72.60005261189102,35.851428383193685,9697.510927765925,0.6348335926996644,0.6959336504833074,20.78062813004344,12.954001185279642,221873500.73512915,3998283.948027296,169418602.39126274,3199266.268787583,3507163.460527408,104727354.04081625,5035045090.525365
183,2024-10-01,44.02482497910906,0.7933801516922476,33.616674484052524,327.8441843465223,0.47919371668014715,72.60005261189102,35.851428383193685,9697.510927765925,0.6348335926996644,0.6959336504833074,20.78062813004344,12.954001185279642,221873500.73512915,3998283.948027296,169418602.39126274,3199266.268787583,3507163.460527408,104727354.04081625,5035045090.525365
184,2024-10-01,44.02482497910906,0.7933801516922476,33.616674484052524,327.8441843465223,0.47919371668014715,72.60005261189102,35.851428383193685,9697.510927765925,0.6348335926996644,0.6959336504833074,20.78062813004344,12.954001185279642,221873500.73512915,3998283.948027296,169418602.39126274,3199266.268787583,3507163.460527408,104727354.04081625,5035045090.525365
185,2024-10-01,44.02482497910906,0.7933801516922476,33.616674484052524,327.8441843465223,0.47919371668014715,72.60005261189102,35.851428383193685,9697.510927765925,0.6348335926996644,0.6959336504833074,20.78062813004344,12.954001185279642,221873500.73512915,3998283.948027296,169418602.39126274,3199266.268787583,3507163.460527408,104727354.04081625,5035045090.524174
186,2024-10-01,44.02482497910906,0.7933801516922476,33.616674484052524,327.8441843465223,0.47919371668014715,72.60005261189102,35.851428383193685,9697.510927765925,0.6348335926996644,0.6959336504833074,20.78062813004344,12.954001185279642,221873500.73512915,3998283.948027296,169418602.39126274,3199266.268787583,3507163.460527408,104727354.04081625,5035045090.525365
187,2024-10-01,44.02482497910906,0.7933801516922476,33.616674484052524,327.8441843465223,0.47919371668014715,72.60005261189102,35.851428383193685,9697.510927765925,0.6348335926996644,0.6959336504833074,20.78062813004344,12.954001185279642,221873500.73512915,3998283.948027296,169418602.39126274,3199266.268787583,3507163.460527408,104727354.04081625,5035045090.525365
188,2024-10-01,44.02482497910906,0.7933801516922476,33.616674484052524,327.8441843465223,0.47919371668014715,72.60005261189102,35.851428383193685,9697.510927765925,0.6348335926996644,0.6959336504833074,20.78062813004344,12.954001185279642,221873500.73512915,3998283.948027296,169418602.39126274,3199266.268787583,3507163.460527408,104727354.04081625,5035045090.525365
189,2024-10-01,44.02482497910906,0.7933801516922476,33.616674484052524,327.8441843465223,0.47919371668014715,72.60005261189102,35.851428383193685,9697.510927765925,0.6348335926996644,0.6959336504833074,20.78062813004344,12.954001185279642,221873500.73512915,3998283.948027296,169418602.39126274,3199266.268787583,3507163.460527408,104727354.04081625,5035045090.525365
190,2024-10-01,44.02482497910906,0.7933801516922476,33.616674484052524,327.8441843465223,0.47919371668014715,72.60005261189102,35.851428383193685,9697.510927765925,0.6348335926996644,0.6959336504833074,20.78062813004344,12.954001185279642,221873500.73512915,3998283.948027296,169418602.39126274,3199266.268787583,3507163.460527408,104727354.04081625,5035045090.525365
191,2024-10-01,44.02482497910906,0.7933801516922476,33.616674484052524,327.8441843465223,0.47919371668014715,72.60005261189102,35.851428383193685,9697.510927765925,0.6348335926996644,0.6959336504833074,20.78062813004344,12.954001185279642,221873500.73512915,3998283.948027296,169418602.39126274,3199266.268787583,3507163.460527408,104727354.04081625,5035045090.525365
192,2024-10-01,44.02482497910906,0.7933801516922476,33.616674484052524,327.8441843465223,0.47919371668014715,72.60005261189102,35.851428383193685,9697.510927765925,0.6348335926996644,0.6959336504833074,20.78062813004344,12.954001185279642,221873500.73512915,3998283.948027296,169418602.39126274,3199266.268787583,3507163.460527408,104727354.04081625,5035045090.525365
193,2024-10-01,44.02482497910906,0.7933801516922476,33.616674484052524,327.8441843465223,0.47919371668014715,72.60005261189102,35.851428383193685,9697.510927765925,0.6348335926996644,0.6959336504833074,20.78062813004344,12.954001185279642,221873500.73512915,3998283.948027296,169418602.39126274,3199266.268787583,3507163.460527408,104727354.04081625,5035045090.525365
194,2024-10-01,44.02482497910906,0.7933801516922476,33.616674484052524,327.8441843465223,0.47919371668014715,72.60005261189102,35.851428383193685,9697.510927765925,0.6348335926996644,0.6959336504833074,20.78062813004344,12.954001185279642,221873500.73512915,3998283.948027296,169418602.39126274,3199266.268787583,3507163.460527408,104727354.04081625,5035045090.525365
195,2024-10-01,44.02482497910906,0.7933801516922476,33.616674484052524,327.8441843465223,0.47919371668014715,72.60005261189102,35.851428383193685,9697.510927765925,0.6348335926996644,0.6959336504833074,20.78062813004344,12.954001185279642,221873500.73512915,3998283.948027296,169418602.39126274,3199266.268787583,3507163.460527408,104727354.04081625,5035045090.524174
196,2024-10-01,44.02482497910906,0.7933801516922476,33.616674484052524,327.8441843465223,0.47919371668014715,72.60005261189102,35.851428383193685,9697.510927765925,0.6348335926996644,0.6959336504833074,20.78062813004344,12.954001185279642,221873500.73512915,3998283.948027296,169418602.39126274,3199266.268787583,3507163.460527408,104727354.04081625,5035045090.525365
197,2024-10-01,44.02482497910906,0.7933801516922476,33.616674484052524,327.8441843465223,0.47919371668014715,72.60005261189102,35.851428383193685,9697.510927765925,0.6348335926996644,0.6959336504833074,20.78062813004344,12.954001185279642,221873500.73512915,3998283.948027296,169418602.39126274,3199266.268787583,3507163.460527408,104727354.04081625,5035045090.525365
198,2024-10-01,44.02482497910906,0.7933801516922476,33.616674484052524,327.8441843465223,0.47919371668014715,72.60005261189102,35.851428383193685,9697.510927765925,0.6348335926996644,0.6959336504833074,20.78062813004344,12.954001185279642,221873500.73512915,3998283.948027296,169418602.39126274,3199266.268787583,3507163.460527408,104727354.04081625,5035045090.525365
199,2024-10-01,44.02482497910906,0.7933801516922476,33.616674484052524,327.8441843465223,0.47919371668014715,72.60005261189102,35.851428383193685,9697.510927765925,0.6348335926996644,0.6959336504833074,20.78062813004344,12.954001185279642,221873500.73512915,3998283.948027296,169418602.39126274,3199266.268787583,3507163.460527408,104727354.04081625,5035045090.524174
200,2024-11-01,6.826583267415179,0.0,15.780822835700883,327.8441843465223,0.47919371668014715,72.60005261189102,35.851428383193685,9697.510927765925,0.0,0.008052268518363772,15.23435346747885,8.938099246761489,34404893.62686491,0.0,79530010.36635296,0.0,40579.33768375324,76776742.111402,5035045090.525365
201,2024-11-01,6.826583267415179,0.0,15.780822835700883,327.8441843465223,0.47919371668014715,72.60005261189102,35.851428383193685,9697.510927765925,0.0,0.008052268518363772,15.23435346747885,8.938099246761489,34404893.62686491,0.0,79530010.36635296,0.0,40579.33768375324,76776742.111402,5035045090.525365
202,2024-11-01,6.826583267415179,0.0,15.780822835700883,327.8441843465223,0.47919371668014715,72.60005261189102,35.851428383193685,9697.510927765925,0.0,0.008052268518363772,15.23435346747885,8.938099246761489,34404893.62686491,0.0,79530010.36635296,0.0,40579.33768375324,76776742.111402,5035045090.525365
203,2024-11-01,6.826583267415179,0.0,15.780822835700883,327.8441843465223,0.47919371668014715,72.60005261189102,35.851428383193685,9697.510927765925,0.0,0.008052268518363772,15.23435346747885,8.938099246761489,34404893.62686491,0.0,79530010.36635296,0.0,40579.33768375324,76776742.111402,5035045090.525365
204,2024-11-01,6.826583267415179,0.0,15.780822835700883,327.8441843465223,0.47919371668014715,72.60005261189102,35.851428383193685,9697.510927765925,0.0,0.008052268518363772,15.23435346747885,8.938099246761489,34404893.62686491,0.0,79530010.36635296,0.0,40579.33768375324,76776742.111402,5035045090.524174
205,2024-11-01,6.826583267415179,0.0,15.780822835700883,327.8441843465223,0.47919371668014715,72.60005261189102,35.851428383193685,9697.510927765925,0.0,0.008052268518363772,15.23435346747885,8.938099246761489,34404893.62686491,0.0,79530010.36635296,0.0,40579.33768375324,76776742.111402,5035045090.525365
206,2024-11-01,6.826583267415179,0.0,15.780822835700883,327.8441843465223,0.47919371668014715,72.60005261189102,35.851428383193685,9697.510927765925,0.0,0.008052268518363772,15.23435346747885,8.938099246761489,34404893.62686491,0.0,79530010.36635296,0.0,40579.33768375324,76776742.111402,5035045090.525365
207,2024-11-01,6.826583267415179,0.0,15.780822835700883,327.8441843465223,0.47919371668014715,72.60005261189102,35.851428383193685,9697.510927765925,0.0,0.008052268518363772,15.23435346747885,8.938099246761489,34404893.62686491,0.0,79530010.36635296,0.0,40579.33768375324,76776742.111402,5035045090.524174
208,2024-11-01,6.826583267415179,0.0,15.780822835700883,327.8441843465223,0.47919371668014715,72.60005261189102,35.851428383193685,9697.510927765925,0.0,0.008052268518363772,15.23435346747885,8.938099246761489,34404893.62686491,0.0,79530010.36635296,0.0,40579.33768375324,76776742.111402,5035045090.525365
209,2024-11-01,6.826583267415179,0.0,15.780822835700883,327.8441843465223,0.47919371668014715,72.60005261189102,35.851428383193685,9697.510927765925,0.0,0.008052268518363772,15.23435346747885,8.938099246761489,34404893.62686491,0.0,79530010.36635296,0.0,40579.33768375324,76776742.111402,5035045090.525365
210,2024-11-01,6.826583267415179,0.0,15.780822835700883,327.8441843465223,0.47919371668014715,72.60005261189102,35.851428383193685,9697.510927765925,0.0,0.008052268518363772,15.23435346747885,8.938099246761489,34404893.62686491,0.0,79530010.36635296,0.0,40579.33768375324,76776742.111402,5035045090.525365
211,2024-11-01,6.826583267415179,0.0,15.780822835700883,327.8441843465223,0.47919371668014715,72.60005261189102,35.851428383193685,9697.510927765925,0.0,0.008052268518363772,15.23435346747885,8.938099246761489,34404893.62686491,0.0,79530010.36635296,0.0,40579.33768375324,76776742.111402,5035045090.525365
212,2024-11-01,6.826583267415179,0.0,15.780822835700883,327.8441843465223,0.47919371668014715,72.60005261189102,35.851428383193685,9697.510927765925,0.0,0.008052268518363772,15.23435346747885,8.938099246761489,34404893.62686491,0.0,79530010.36635296,0.0,40579.33768375324,76776742.111402,5035045090.525365
213,2024-11-01,6.826583267415179,0.0,15.780822835700883,327.8441843465223,0.47919371668014715,72.60005261189102,35.851428383193685,9697.510927765925,0.0,0.008052268518363772,15.23435346747885,8.938099246761489,34404893.62686491,0.0,79530010.36635296,0.0,40579.33768375324,76776742.111402,5035045090.525365
214,2024-11-01,6.826583267415179,0.0,15.780822835700883,327.8441843465223,0.47919371668014715,72.60005261189102,35.851428383193685,9697.510927765925,0.0,0.008052268518363772,15.23435346747885,8.938099246761489,34404893.62686491,0.0,79530010.36635296,0.0,40579.33768375324,76776742.111402,5035045090.525365
215,2024-11-01,6.826583267415179,0.0,15.780822835700883,327.8441843465223,0.47919371668014715,72.60005261189102,35.851428383193685,9697.510927765925,0.0,0.008052268518363772,15.23435346747885,8.938099246761489,34404893.62686491,0.0,79530010.36635296,0.0,40579.33768375324,76776742.111402,5035045090.525365
216,2024-11-01,6.826583267415179,0.0,15.780822835700883,327.8441843465223,0.47919371668014715,72.60005261189102,35.851428383193685,9697.510927765925,0.0,0.008052268518363772,15.23435346747885,8.938099246761489,34404893.62686491,0.0,79530010.36635296,0.0,40579.33768375324,76776742.111402,5035045090.525365
217,2024-11-01,6.826583267415179,0.0,15.780822835700883,327.8441843465223,0.47919371668014715,72.60005261189102,35.851428383193685,9697.510927765925,0.0,0.008052268518363772,15.23435346747885,8.938099246761489,34404893.62686491,0.0,79530010.36635296,0.0,40579.33768375324,76776742.111402,5035045090.525365
218,2024-11-01,6.826583267415179,0.0,15.780822835700883,327.8441843465223,0.47919371668014715,72.60005261189102,35.851428383193685,9697.510927765925,0.0,0.008052268518363772,15.23435346747885,8.938099246761489,34404893.62686491,0.0,79530010.36635296,0.0,40579.33768375324,76776742.111402,5035045090.524174
219,2024-11-01,6.826583267415179,0.0,15.780822835700883,327.8441843465223,0.47919371668014715,72.60005261189102,35.851428383193685,9697.510927765925,0.0,0.008052268518363772,15.23435346747885,8.938099246761489,34404893.62686491,0.0,79530010.36635296,0.0,40579.33768375324,76776742.111402,5035045090.524174
220,2024-12-01,7.569033695545819,0.0,13.530990351112305,327.8441843465223,0.47919371668014715,72.60005261189102,35.851428383193685,9697.510927765925,0.0,0.008052268518363772,14.195354016542034,7.7501695490709865,38147560.25336926,0.0,68191680.57389802,0.0,40579.33768375324,71542199.77557765,5035045090.525365
221,2024-12-01,7.569033695545819,0.0,13.530990351112305,327.8441843465223,0.47919371668014715,72.60005261189102,35.851428383193685,9697.510927765925,0.0,0.008052268518363772,14.195354016542034,7.7501695490709865,38147560.25336926,0.0,68191680.57389802,0.0,40579.33768375324,71542199.77557765,5035045090.525365
222,2024-12-01,7.569033695545819,0.0,13.530990351112305,327.8441843465223,0.47919371668014715,72.60005261189102,35.851428383193685,9697.510927765925,0.0,0.008052268518363772,14.195354016542034,7.7501695490709865,38147560.25336926,0.0,68191680.57389802,0.0,40579.33768375324,71542199.77557765,5035045090.525365
223,2024-12-01,7.569033695545819,0.0,13.530990351112305,327.8441843465223,0.47919371668014715,72.60005261189102,35.851428383193685,9697.510927765925,0.0,0.008052268518363772,14.195354016542034,7.7501695490709865,38147560.25336926,0.0,68191680.57389802,0.0,40579.33768375324,71542199.77557765,5035045090.524174
224,2024-12-01,7.569033695545819,0.0,13.530990351112305,327.8441843465223,0.47919371668014715,72.60005261189102,35.851428383193685,9697.510927765925,0.0,0.008052268518363772,14.195354016542034,7.7501695490709865,38147560.25336926,0.0,68191680.57389802,0.0,40579.33768375324,71542199.77557765,5035045090.525365
225,2024-12-01,7.569033695545819,0.0,13.530990351112305,327.8441843465223,0.47919371668014715,72.60005261189102,35.851428383193685,9697.510927765925,0.0,0.008052268518363772,14.195354016542034,7.7501695490709865,38147560.25336926,0.0,68191680.57389802,0.0,40579.33768375324,71542199.77557765,5035045090.525365
226,2024-12-01,7.569033695545819,0.0,13.530990351112305,327.8441843465223,0.47919371668014715,72.60005261189102,35.851428383193685,9697.510927765925,0.0,0.008052268518363772,14.195354016542034,7.7501695490709865,38147560.25336926,0.0,68191680.57389802,0.0,40579.33768375324,71542199.77557765,5035045090.525365
227,2024-12-01,7.569033695545819,0.0,13.530990351112305,327.8441843465223,0.47919371668014715,72.60005261189102,35.851428383193685,9697.510927765925,0.0,0.008052268518363772,14.195354016542034,7.7501695490709865,38147560.25336926,0.0,68191680.57389802,0.0,40579.33768375324,71542199.77557765,5035045090.525365
228,2024-12-01,7.569033695545819,0.0,13.530990351112305,327.8441843465223,0.47919371668014715,72.60005261189102,35.851428383193685,9697.510927765925,0.0,0.008052268518363772,14.195354016542034,7.7501695490709865,38147560.25336926,0.0,68191680.57389802,0.0,40579.33768375324,71542199.77557765,5035045090.525365
229,2024-12-01,7.569033695545819,0.0,13.530990351112305,327.8441843465223,0.47919371668014715,72.60005261189102,35.851428383193685,9697.510927765925,0.0,0.008052268518363772,14.195354016542034,7.7501695490709865,38147560.25336926,0.0,68191680.57389802,0.0,40579.33768375324,71542199.77557765,5035045090.525365
230,2024-12-01,7.569033695545819,0.0,13.530990351112305,327.8441843465223,0.47919371668014715,72.60005261189102,35.851428383193685,9697.510927765925,0.0,0.008052268518363772,14.195354016542034,7.7501695490709865,38147560.25336926,0.0,68191680.57389802,0.0,40579.33768375324,71542199.77557765,5035045090.525365
231,2024-12-01,7.569033695545819,0.0,13.530990351112305,327.8441843465223,0.47919371668014715,72.60005261189102,35.851428383193685,9697.510927765925,0.0,0.008052268518363772,14.195354016542034,7.7501695490709865,38147560.25336926,0.0,68191680.57389802,0.0,40579.33768375324,71542199.77557765,5035045090.524174
232,2024-12-01,7.569033695545819,0.0,13.530990351112305,327.8441843465223,0.47919371668014715,72.60005261189102,35.851428383193685,9697.510927765925,0.0,0.008052268518363772,14.195354016542034,7.7501695490709865,38147560.25336926,0.0,68191680.57389802,0.0,40579.33768375324,71542199.77557765,5035045090.524174
233,2024-12-01,7.569033695545819,0.0,13.530990351112305,327.8441843465223,0.47919371668014715,72.60005261189102,35.851428383193685,9697.510927765925,0.0,0.008052268518363772,14.195354016542034,7.7501695490709865,38147560.25336926,0.0,68191680.57389802,0.0,40579.33768375324,71542199.77557765,5035045090.525365
234,2024-12-01,7.569033695545819,0.0,13.530990351112305,327.8441843465223,0.47919371668014715,72.60005261189102,35.851428383193685,9697.510927765925,0.0,0.008052268518363772,14.195354016542034,7.7501695490709865,38147560.25336926,0.0,68191680.57389802,0.0,40579.33768375324,71542199.77557765,5035045090.525365
235,2024-12-01,7.569033695545819,0.0,13.530990351112305,327.8441843465223,0.47919371668014715,72.60005261189102,35.851428383193685,9697.510927765925,0.0,0.008052268518363772,14.195354016542034,7.7501695490709865,38147560.25336926,0.0,68191680.57389802,0.0,40579.33768375324,71542199.77557765,5035045090.524174
236,2024-12-01,7.569033695545819,0.0,13.530990351112305,327.8441843465223,0.47919371668014715,72.60005261189102,35.851428383193685,9697.510927765925,0.0,0.008052268518363772,14.195354016542034,7.7501695490709865,38147560.25336926,0.0,68191680.57389802,0.0,40579.33768375324,71542199.77557765,5035045090.525365
237,2024-12-01,7.569033695545819,0.0,13.530990351112305,327.8441843465223,0.47919371668014715,72.60005261189102,35.851428383193685,9697.510927765925,0.0,0.008052268518363772,14.195354016542034,7.7501695490709865,38147560.25336926,0.0,68191680.57389802,0.0,40579.33768375324,71542199.77557765,5035045090.525365
238,2024-12-01,7.569033695545819,0.0,13.530990351112305,327.8441843465223,0.47919371668014715,72.60005261189102,35.851428383193685,9697.510927765925,0.0,0.008052268518363772,14.195354016542034,7.7501695490709865,38147560.25336926,0.0,68191680.57389802,0.0,40579.33768375324,71542199.77557765,5035045090.525365
239,2024-12-01,7.569033695545819,0.0,13.530990351112305,327.8441843465223,0.47919371668014715,72.60005261189102,35.851428383193685,9697.510927765925,0.0,0.008052268518363772,14.195354016542034,7.7501695490709865,38147560.25336926,0.0,68191680.57389802,0.0,40579.33768375324,71542199.77557765,5035045090.525365
