,Date,precip_and_snowmelt_input_Paria_mean,irrigation_Paria_mean,AET_Paria_mean,soil_thickness_Paria_mean,soil_porosity_Paria_mean,field_capacity_Paria_mean,wilting_point_Paria_mean,Geo_K_Paria_mean,Runoff_Paria_mean,Recharge_Paria_mean,Soil_Water_End_Of_Previous_Timestep_Paria_mean,Soil_Saturation_Percent_End_Of_Timestep_Paria_mean,precip_and_snowmelt_input_m3_Paria_sum,irrigation_m3_Paria_sum,AET_m3_Paria_sum,Runoff_m3_Paria_sum,Recharge_m3_Paria_sum,Soil_Water_End_Of_Previous_Timestep_m3_Paria_sum,Paria_area_m2
0,2024-01-01,30.94203831233845,0.0,9.628655028179793,288.94340373001256,0.45817927738511727,59.1261321743733,25.67511168690326,11469.077075886078,0.26295702929353487,5.735935129984826,42.0475918650638,35.875379278744354,92740711.88950695,0.0,28859248.90157765,788162.9529830078,17192422.11365693,123428839.56822261,3075737005.0361032
1,2024-01-01,30.94203831233845,0.0,9.628655028179793,288.94340373001256,0.45817927738511727,59.1261321743733,25.67511168690326,11469.077075886078,0.26295702929353487,5.735935129984826,42.0475918650638,35.875379278744354,92740711.88950695,0.0,28859248.90157765,788162.9529830078,17192422.11365693,123428839.56822261,3075737005.0361032
2,2024-01-01,30.94203831233845,0.0,9.628655028179793,288.94340373001256,0.45817927738511727,59.1261321743733,25.67511168690326,11469.077075886078,0.26295702929353487,5.735935129984826,42.0475918650638,35.875379278744354,92740711.88950695,0.0,28859248.90157765,788162.9529830078,17192422.11365693,123428839.56822261,3075737005.0361032
3,2024-01-01,30.94203831233845,0.0,9.628655028179793,288.94340373001256,0.45817927738511727,59.1261321743733,25.67511168690326,11469.077075886078,0.26295702929353487,5.735935129984826,42.0475918650638,35.875379278744354,92740711.88950695,0.0,28859248.90157765,788162.9529830078,17192422.11365693,123428839.56822261,3075737005.0361032
4,2024-01-01,30.94203831233845,0.0,9.628655028179793,288.94340373001256,0.45817927738511727,59.1261321743733,25.67511168690326,11469.077075886078,0.26295702929353487,5.735935129984826,42.0475918650638,35.875379278744354,92740711.88950695,0.0,28859248.90157765,788162.9529830078,17192422.11365693,123428839.56822261,3075737005.0361032
5,2024-01-01,30.94203831233845,0.0,9.628655028179793,288.94340373001256,0.45817927738511727,59.1261321743733,25.67511168690326,11469.077075886078,0.26295702929353487,5.735935129984826,42.0475918650638,35.875379278744354,92740711.88950695,0.0,28859248.90157765,788162.9529830078,17192422.11365693,123428839.56822261,3075737005.0361032
6,2024-01-01,30.94203831233845,0.0,9.628655028179793,288.94340373001256,0.45817927738511727,59.1261321743733,25.67511168690326,11469.077075886078,0.26295702929353487,5.735935129984826,42.0475918650638,35.875379278744354,92740711.88950695,0.0,28859248.90157765,788162.9529830078,17192422.11365693,123428839.56822261,3075737005.0361032
7,2024-01-01,30.94203831233845,0.0,9.628655028179793,288.94340373001256,0.45817927738511727,59.1261321743733,25.67511168690326,11469.077075886078,0.26295702929353487,5.735935129984826,42.0475918650638,35.875379278744354,92740711.88950695,0.0,28859248.90157765,788162.9529830078,17192422.11365693,123428839.56822261,3075737005.0361032
8,2024-01-01,30.94203831233845,0.0,9.628655028179793,288.94340373001256,0.45817927738511727,59.1261321743733,25.67511168690326,11469.077075886078,0.26295702929353487,5.735935129984826,42.0475918650638,35.875379278744354,92740711.88950695,0.0,28859248.90157765,788162.9529830078,17192422.11365693,123428839.56822261,3075737005.0361032
9,2024-01-01,30.94203831233845,0.0,9.628655028179793,288.94340373001256,0.45817927738511727,59.1261321743733,25.67511168690326,11469.077075886078,0.26295702929353487,5.735935129984826,42.0475918650638,35.875379278744354,92740711.88950695,0.0,28859248.90157765,788162.9529830078,17192422.11365693,123428839.56822261,3075737005.0361032
10,2024-01-01,30.94203831233845,0.0,9.628655028179793,288.94340373001256,0.45817927738511727,59.1261321743733,25.67511168690326,11469.077075886078,0.26295702929353487,5.735935129984826,42.0475918650638,35.875379278744354,92740711.88950695,0.0,28859248.90157765,788162.9529830078,17192422.11365693,123428839.56822261,3075737005.0361032
11,2024-01-01,30.94203831233845,0.0,9.628655028179793,288.94340373001256,0.45817927738511727,59.1261321743733,25.67511168690326,11469.077075886078,0.26295702929353487,5.735935129984826,42.0475918650638,35.875379278744354,92740711.88950695,0.0,28859248.90157765,788162.9529830078,17192422.11365693,123428839.56822261,3075737005.0361032
12,2024-01-01,30.94203831233845,0.0,9.628655028179793,288.94340373001256,0.45817927738511727,59.1261321743733,25.67511168690326,11469.077075886078,0.26295702929353487,5.735935129984826,42.0475918650638,35.875379278744354,92740711.88950695,0.0,28859248.90157765,788162.9529830078,17192422.11365693,123428839.56822261,3075737005.0361032
13,2024-01-01,30.94203831233845,0.0,9.628655028179793,288.94340373001256,0.45817927738511727,59.1261321743733,25.67511168690326,11469.077075886078,0.26295702929353487,5.735935129984826,42.0475918650638,35.875379278744354,92740711.88950695,0.0,28859248.90157765,788162.9529830078,17192422.11365693,123428839.56822261,3075737005.0361032
14,2024-01-01,30.94203831233845,0.0,9.628655028179793,288.94340373001256,0.45817927738511727,59.1261321743733,25.67511168690326,11469.077075886078,0.26295702929353487,5.735935129984826,42.0475918650638,35.875379278744354,92740711.88950695,0.0,28859248.90157765,788162.9529830078,17192422.11365693,123428839.56822261,3075737005.0361032
15,2024-01-01,30.94203831233845,0.0,9.628655028179793,288.94340373001256,0.45817927738511727,59.1261321743733,25.67511168690326,11469.077075886078,0.26295702929353487,5.735935129984826,42.0475918650638,35.875379278744354,92740711.88950695,0.0,28859248.90157765,788162.9529830078,17192422.11365693,123428839.56822261,3075737005.0361032
16,2024-01-01,30.94203831233845,0.0,9.628655028179793,288.94340373001256,0.45817927738511727,59.1261321743733,25.67511168690326,11469.077075886078,0.26295702929353487,5.735935129984826,42.0475918650638,35.875379278744354,92740711.88950695,0.0,28859248.90157765,788162.9529830078,17192422.11365693,123428839.56822261,3075737005.0361032
17,2024-01-01,30.94203831233845,0.0,9.628655028179793,288.94340373001256,0.45817927738511727,59.1261321743733,25.67511168690326,11469.077075886078,0.26295702929353487,5.735935129984826,42.0475918650638,35.875379278744354,92740711.88950695,0.0,28859248.90157765,788162.9529830078,17192422.11365693,123428839.56822261,3075737005.0361032
18,2024-01-01,30.94203831233845,0.0,9.628655028179793,288.94340373001256,0.45817927738511727,59.1261321743733,25.67511168690326,11469.077075886078,0.26295702929353487,5.735935129984826,42.0475918650638,35.875379278744354,92740711.88950695,0.0,28859248.90157765,788162.9529830078,17192422.11365693,123428839.56822261,3075737005.0361032
19,2024-01-01,30.94203831233845,0.0,9.628655028179793,288.94340373001256,0.45817927738511727,59.1261321743733,25.67511168690326,11469.077075886078,0.26295702929353487,5.735935129984826,42.0475918650638,35.875379278744354,92740711.88950695,0.0,28859248.90157765,788162.9529830078,17192422.11365693,123428839.56822261,3075737005.0361032
20,2024-02-01,51.93005939958252,0.0,15.803839784249423,288.94340373001256,0.45817927738511727,59.1261321743733,25.67511168690326,11469.077075886078,6.4852204184926014,14.74207400550884,57.03720098584306,58.45937936388149,155645587.27395284,0.0,47367377.21762754,19437376.754190132,44185522.92297837,167429458.44981095,3075737005.0361032
21,2024-02-01,51.93005939958252,0.0,15.803839784249423,288.94340373001256,0.45817927738511727,59.1261321743733,25.67511168690326,11469.077075886078,6.4852204184926014,14.74207400550884,57.03720098584306,58.45937936388149,155645587.27395284,0.0,47367377.21762754,19437376.754190132,44185522.92297837,167429458.44981095,3075737005.0361032
22,2024-02-01,51.93005939958252,0.0,15.803839784249423,288.94340373001256,0.45817927738511727,59.1261321743733,25.67511168690326,11469.077075886078,6.4852204184926014,14.74207400550884,57.03720098584306,58.45937936388149,155645587.27395284,0.0,47367377.21762754,19437376.754190132,44185522.92297837,167429458.44981095,3075737005.0361032
23,2024-02-01,51.93005939958252,0.0,15.803839784249423,288.94340373001256,0.45817927738511727,59.1261321743733,25.67511168690326,11469.077075886078,6.4852204184926014,14.74207400550884,57.03720098584306,58.45937936388149,155645587.27395284,0.0,47367377.21762754,19437376.754190132,44185522.92297837,167429458.44981095,3075737005.0361032
24,2024-02-01,51.93005939958252,0.0,15.803839784249423,288.94340373001256,0.45817927738511727,59.1261321743733,25.67511168690326,11469.077075886078,6.4852204184926014,14.74207400550884,57.03720098584306,58.45937936388149,155645587.27395284,0.0,47367377.21762754,19437376.754190132,44185522.92297837,167429458.44981095,3075737005.0361032
25,2024-02-01,51.93005939958252,0.0,15.803839784249423,288.94340373001256,0.45817927738511727,59.1261321743733,25.67511168690326,11469.077075886078,6.4852204184926014,14.74207400550884,57.03720098584306,58.45937936388149,155645587.27395284,0.0,47367377.21762754,19437376.754190132,44185522.92297837,167429458.44981095,3075737005.0361032
26,2024-02-01,51.93005939958252,0.0,15.803839784249423,288.94340373001256,0.45817927738511727,59.1261321743733,25.67511168690326,11469.077075886078,6.4852204184926014,14.74207400550884,57.03720098584306,58.45937936388149,155645587.27395284,0.0,47367377.21762754,19437376.754190132,44185522.92297837,167429458.44981095,3075737005.0361032
27,2024-02-01,51.93005939958252,0.0,15.803839784249423,288.94340373001256,0.45817927738511727,59.1261321743733,25.67511168690326,11469.077075886078,6.4852204184926014,14.74207400550884,57.03720098584306,58.45937936388149,155645587.27395284,0.0,47367377.21762754,19437376.754190132,44185522.92297837,167429458.44981095,3075737005.0361032
28,2024-02-01,51.93005939958252,0.0,15.803839784249423,288.94340373001256,0.45817927738511727,59.1261321743733,25.67511168690326,11469.077075886078,6.4852204184926014,14.74207400550884,57.03720098584306,58.45937936388149,155645587.27395284,0.0,47367377.21762754,19437376.754190132,44185522.92297837,167429458.44981095,3075737005.0361032
29,2024-02-01,51.93005939958252,0.0,15.803839784249423,288.94340373001256,0.45817927738511727,59.1261321743733,25.67511168690326,11469.077075886078,6.4852204184926014,14.74207400550884,57.03720098584306,58.45937936388149,155645587.27395284,0.0,47367377.21762754,19437376.754190132,44185522.92297837,167429458.44981095,3075737005.0361032
30,2024-02-01,51.93005939958252,0.0,15.803839784249423,288.94340373001256,0.45817927738511727,59.1261321743733,25.67511168690326,11469.077075886078,6.4852204184926014,14.74207400550884,57.03720098584306,58.45937936388149,155645587.27395284,0.0,47367377.21762754,19437376.754190132,44185522.92297837,167429458.44981095,3075737005.0361032
31,2024-02-01,51.93005939958252,0.0,15.803839784249423,288.94340373001256,0.45817927738511727,59.1261321743733,25.67511168690326,11469.077075886078,6.4852204184926014,14.74207400550884,57.03720098584306,58.45937936388149,155645587.27395284,0.0,47367377.21762754,19437376.754190132,44185522.92297837,167429458.44981095,3075737005.0361032
32,2024-02-01,51.93005939958252,0.0,15.803839784249423,288.94340373001256,0.45817927738511727,59.1261321743733,25.67511168690326,11469.077075886078,6.4852204184926014,14.74207400550884,57.03720098584306,58.45937936388149,155645587.27395284,0.0,47367377.21762754,19437376.754190132,44185522.92297837,167429458.44981095,3075737005.0361032
33,2024-02-01,51.93005939958252,0.0,15.803839784249423,288.94340373001256,0.45817927738511727,59.1261321743733,25.67511168690326,11469.077075886078,6.4852204184926014,14.74207400550884,57.03720098584306,58.45937936388149,155645587.27395284,0.0,47367377.21762754,19437376.754190132,44185522.92297837,167429458.44981095,3075737005.0361032
34,2024-02-01,51.93005939958252,0.0,15.803839784249423,288.94340373001256,0.45817927738511727,59.1261321743733,25.67511168690326,11469.077075886078,6.4852204184926014,14.74207400550884,57.03720098584306,58.45937936388149,155645587.27395284,0.0,47367377.21762754,19437376.754190132,44185522.92297837,167429458.44981095,3075737005.0361032
35,2024-02-01,51.93005939958252,0.0,15.803839784249423,288.94340373001256,0.45817927738511727,59.1261321743733,25.67511168690326,11469.077075886078,6.4852204184926014,14.74207400550884,57.03720098584306,58.45937936388149,155645587.27395284,0.0,47367377.21762754,19437376.754190132,44185522.92297837,167429458.44981095,3075737005.0361032
36,2024-02-01,51.93005939958252,0.0,15.803839784249423,288.94340373001256,0.45817927738511727,59.1261321743733,25.67511168690326,11469.077075886078,6.4852204184926014,14.74207400550884,57.03720098584306,58.45937936388149,155645587.27395284,0.0,47367377.21762754,19437376.754190132,44185522.92297837,167429458.44981095,3075737005.0361032
37,2024-02-01,51.93005939958252,0.0,15.803839784249423,288.94340373001256,0.45817927738511727,59.1261321743733,25.67511168690326,11469.077075886078,6.4852204184926014,14.74207400550884,57.03720098584306,58.45937936388149,155645587.27395284,0.0,47367377.21762754,19437376.754190132,44185522.92297837,167429458.44981095,3075737005.0361032
38,2024-02-01,51.93005939958252,0.0,15.803839784249423,288.94340373001256,0.45817927738511727,59.1261321743733,25.67511168690326,11469.077075886078,6.4852204184926014,14.74207400550884,57.03720098584306,58.45937936388149,155645587.27395284,0.0,47367377.21762754,19437376.754190132,44185522.92297837,167429458.44981095,3075737005.0361032
39,2024-02-01,51.93005939958252,0.0,15.803839784249423,288.94340373001256,0.45817927738511727,59.1261321743733,25.67511168690326,11469.077075886078,6.4852204184926014,14.74207400550884,57.03720098584306,58.45937936388149,155645587.27395284,0.0,47367377.21762754,19437376.754190132,44185522.92297837,167429458.44981095,3075737005.0361032
40,2024-03-01,43.82799145691498,0.0,21.140016626409814,288.94340373001256,0.45817927738511727,59.1261321743733,25.67511168690326,11469.077075886078,3.4137957122757587,16.526201159517218,59.110979762183305,58.38620158136498,131363330.92834446,0.0,63360483.275375836,10232237.990874676,49533529.54410719,173517456.87570986,3075737005.0361032
41,2024-03-01,43.82799145691498,0.0,21.140016626409814,288.94340373001256,0.45817927738511727,59.1261321743733,25.67511168690326,11469.077075886078,3.4137957122757587,16.526201159517218,59.110979762183305,58.38620158136498,131363330.92834446,0.0,63360483.275375836,10232237.990874676,49533529.54410719,173517456.87570986,3075737005.0361032
42,2024-03-01,43.82799145691498,0.0,21.140016626409814,288.94340373001256,0.45817927738511727,59.1261321743733,25.67511168690326,11469.077075886078,3.4137957122757587,16.526201159517218,59.110979762183305,58.38620158136498,131363330.92834446,0.0,63360483.275375836,10232237.990874676,49533529.54410719,173517456.87570986,3075737005.0361032
43,2024-03-01,43.82799145691498,0.0,21.140016626409814,288.94340373001256,0.45817927738511727,59.1261321743733,25.67511168690326,11469.077075886078,3.4137957122757587,16.526201159517218,59.110979762183305,58.38620158136498,131363330.92834446,0.0,63360483.275375836,10232237.990874676,49533529.54410719,173517456.87570986,3075737005.0361032
44,2024-03-01,43.82799145691498,0.0,21.140016626409814,288.94340373001256,0.45817927738511727,59.1261321743733,25.67511168690326,11469.077075886078,3.4137957122757587,16.526201159517218,59.110979762183305,58.38620158136498,131363330.92834446,0.0,63360483.275375836,10232237.990874676,49533529.54410719,173517456.87570986,3075737005.0361032
45,2024-03-01,43.82799145691498,0.0,21.140016626409814,288.94340373001256,0.45817927738511727,59.1261321743733,25.67511168690326,11469.077075886078,3.4137957122757587,16.526201159517218,59.110979762183305,58.38620158136498,131363330.92834446,0.0,63360483.275375836,10232237.990874676,49533529.54410719,173517456.87570986,3075737005.0361032
46,2024-03-01,43.82799145691498,0.0,21.140016626409814,288.94340373001256,0.45817927738511727,59.1261321743733,25.67511168690326,11469.077075886078,3.4137957122757587,16.526201159517218,59.110979762183305,58.38620158136498,131363330.92834446,0.0,63360483.275375836,10232237.990874676,49533529.54410719,173517456.87570986,3075737005.0361032
47,2024-03-01,43.82799145691498,0.0,21.140016626409814,288.94340373001256,0.45817927738511727,59.1261321743733,25.67511168690326,11469.077075886078,3.4137957122757587,16.526201159517218,59.110979762183305,58.38620158136498,131363330.92834446,0.0,63360483.275375836,10232237.990874676,49533529.54410719,173517456.87570986,3075737005.0361032
48,2024-03-01,43.82799145691498,0.0,21.140016626409814,288.94340373001256,0.45817927738511727,59.1261321743733,25.67511168690326,11469.077075886078,3.4137957122757587,16.526201159517218,59.110979762183305,58.38620158136498,131363330.92834446,0.0,63360483.275375836,10232237.990874676,49533529.54410719,173517456.87570986,3075737005.0361032
49,2024-03-01,43.82799145691498,0.0,21.140016626409814,288.94340373001256,0.45817927738511727,59.1261321743733,25.67511168690326,11469.077075886078,3.4137957122757587,16.526201159517218,59.110979762183305,58.38620158136498,131363330.92834446,0.0,63360483.275375836,10232237.990874676,49533529.54410719,173517456.87570986,3075737005.0361032
50,2024-03-01,43.82799145691498,0.0,21.140016626409814,288.94340373001256,0.45817927738511727,59.1261321743733,25.67511168690326,11469.077075886078,3.4137957122757587,16.526201159517218,59.110979762183305,58.38620158136498,131363330.92834446,0.0,63360483.275375836,10232237.990874676,49533529.54410719,173517456.87570986,3075737005.0361032
51,2024-03-01,43.82799145691498,0.0,21.140016626409814,288.94340373001256,0.45817927738511727,59.1261321743733,25.67511168690326,11469.077075886078,3.4137957122757587,16.526201159517218,59.110979762183305,58.38620158136498,131363330.92834446,0.0,63360483.275375836,10232237.990874676,49533529.54410719,173517456.87570986,3075737005.0361032
52,2024-03-01,43.82799145691498,0.0,21.140016626409814,288.94340373001256,0.45817927738511727,59.1261321743733,25.67511168690326,11469.077075886078,3.4137957122757587,16.526201159517218,59.110979762183305,58.38620158136498,131363330.92834446,0.0,63360483.275375836,10232237.990874676,49533529.54410719,173517456.87570986,3075737005.0361032
53,2024-03-01,43.82799145691498,0.0,21.140016626409814,288.94340373001256,0.45817927738511727,59.1261321743733,25.67511168690326,11469.077075886078,3.4137957122757587,16.526201159517218,59.110979762183305,58.38620158136498,131363330.92834446,0.0,63360483.275375836,10232237.990874676,49533529.54410719,173517456.87570986,3075737005.0361032
54,2024-03-01,43.82799145691498,0.0,21.140016626409814,288.94340373001256,0.45817927738511727,59.1261321743733,25.67511168690326,11469.077075886078,3.4137957122757587,16.526201159517218,59.110979762183305,58.38620158136498,131363330.92834446,0.0,63360483.275375836,10232237.990874676,49533529.54410719,173517456.87570986,3075737005.0361032
55,2024-03-01,43.82799145691498,0.0,21.140016626409814,288.94340373001256,0.45817927738511727,59.1261321743733,25.67511168690326,11469.077075886078,3.4137957122757587,16.526201159517218,59.110979762183305,58.38620158136498,131363330.92834446,0.0,63360483.275375836,10232237.990874676,49533529.54410719,173517456.87570986,3075737005.0361032
56,2024-03-01,43.82799145691498,0.0,21.140016626409814,288.94340373001256,0.45817927738511727,59.1261321743733,25.67511168690326,11469.077075886078,3.4137957122757587,16.526201159517218,59.110979762183305,58.38620158136498,131363330.92834446,0.0,63360483.275375836,10232237.990874676,49533529.54410719,173517456.87570986,3075737005.0361032
57,2024-03-01,43.82799145691498,0.0,21.140016626409814,288.94340373001256,0.45817927738511727,59.1261321743733,25.67511168690326,11469.077075886078,3.4137957122757587,16.526201159517218,59.110979762183305,58.38620158136498,131363330.92834446,0.0,63360483.275375836,10232237.990874676,49533529.54410719,173517456.87570986,3075737005.0361032
58,2024-03-01,43.82799145691498,0.0,21.140016626409814,288.94340373001256,0.45817927738511727,59.1261321743733,25.67511168690326,11469.077075886078,3.4137957122757587,16.526201159517218,59.110979762183305,58.38620158136498,131363330.92834446,0.0,63360483.275375836,10232237.990874676,49533529.54410719,173517456.87570986,3075737005.0361032
59,2024-03-01,43.82799145691498,0.0,21.140016626409814,288.94340373001256,0.45817927738511727,59.1261321743733,25.67511168690326,11469.077075886078,3.4137957122757587,16.526201159517218,59.110979762183305,58.38620158136498,131363330.92834446,0.0,63360483.275375836,10232237.990874676,49533529.54410719,173517456.87570986,3075737005.0361032
60,2024-04-01,6.569672271588603,0.1910313807478067,17.14698269936963,288.94340373001256,0.45817927738511727,59.1261321743733,25.67511168690326,11469.077075886078,0.03957317382504076,3.9369425516893153,47.25563650370456,34.7982876159418,19691019.942193184,572563.711784247,51392521.72270596,118616.71888908172,11800286.277264945,138717361.15541217,3075737005.0361032
61,2024-04-01,6.569672271588603,0.1910313807478067,17.14698269936963,288.94340373001256,0.45817927738511727,59.1261321743733,25.67511168690326,11469.077075886078,0.03957317382504076,3.9369425516893153,47.25563650370456,34.7982876159418,19691019.942193184,572563.711784247,51392521.72270596,118616.71888908172,11800286.277264945,138717361.15541217,3075737005.0361032
62,2024-04-01,6.569672271588603,0.1910313807478067,17.14698269936963,288.94340373001256,0.45817927738511727,59.1261321743733,25.67511168690326,11469.077075886078,0.03957317382504076,3.9369425516893153,47.25563650370456,34.7982876159418,19691019.942193184,572563.711784247,51392521.72270596,118616.71888908172,11800286.277264945,138717361.15541217,3075737005.0361032
63,2024-04-01,6.569672271588603,0.1910313807478067,17.14698269936963,288.94340373001256,0.45817927738511727,59.1261321743733,25.67511168690326,11469.077075886078,0.03957317382504076,3.9369425516893153,47.25563650370456,34.7982876159418,19691019.942193184,572563.711784247,51392521.72270596,118616.71888908172,11800286.277264945,138717361.15541217,3075737005.0361032
64,2024-04-01,6.569672271588603,0.1910313807478067,17.14698269936963,288.94340373001256,0.45817927738511727,59.1261321743733,25.67511168690326,11469.077075886078,0.03957317382504076,3.9369425516893153,47.25563650370456,34.7982876159418,19691019.942193184,572563.711784247,51392521.72270596,118616.71888908172,11800286.277264945,138717361.15541217,3075737005.0361032
65,2024-04-01,6.569672271588603,0.1910313807478067,17.14698269936963,288.94340373001256,0.45817927738511727,59.1261321743733,25.67511168690326,11469.077075886078,0.03957317382504076,3.9369425516893153,47.25563650370456,34.7982876159418,19691019.942193184,572563.711784247,51392521.72270596,118616.71888908172,11800286.277264945,138717361.15541217,3075737005.0361032
66,2024-04-01,6.569672271588603,0.1910313807478067,17.14698269936963,288.94340373001256,0.45817927738511727,59.1261321743733,25.67511168690326,11469.077075886078,0.03957317382504076,3.9369425516893153,47.25563650370456,34.7982876159418,19691019.942193184,572563.711784247,51392521.72270596,118616.71888908172,11800286.277264945,138717361.15541217,3075737005.0361032
67,2024-04-01,6.569672271588603,0.1910313807478067,17.14698269936963,288.94340373001256,0.45817927738511727,59.1261321743733,25.67511168690326,11469.077075886078,0.03957317382504076,3.9369425516893153,47.25563650370456,34.7982876159418,19691019.942193184,572563.711784247,51392521.72270596,118616.71888908172,11800286.277264945,138717361.15541217,3075737005.0361032
68,2024-04-01,6.569672271588603,0.1910313807478067,17.14698269936963,288.94340373001256,0.45817927738511727,59.1261321743733,25.67511168690326,11469.077075886078,0.03957317382504076,3.9369425516893153,47.25563650370456,34.7982876159418,19691019.942193184,572563.711784247,51392521.72270596,118616.71888908172,11800286.277264945,138717361.15541217,3075737005.0361032
69,2024-04-01,6.569672271588603,0.1910313807478067,17.14698269936963,288.94340373001256,0.45817927738511727,59.1261321743733,25.67511168690326,11469.077075886078,0.03957317382504076,3.9369425516893153,47.25563650370456,34.7982876159418,19691019.942193184,572563.711784247,51392521.72270596,118616.71888908172,11800286.277264945,138717361.15541217,3075737005.0361032
70,2024-04-01,6.569672271588603,0.1910313807478067,17.14698269936963,288.94340373001256,0.45817927738511727,59.1261321743733,25.67511168690326,11469.077075886078,0.03957317382504076,3.9369425516893153,47.25563650370456,34.7982876159418,19691019.942193184,572563.711784247,51392521.72270596,118616.71888908172,11800286.277264945,138717361.15541217,3075737005.0361032
71,2024-04-01,6.569672271588603,0.1910313807478067,17.14698269936963,288.94340373001256,0.45817927738511727,59.1261321743733,25.67511168690326,11469.077075886078,0.03957317382504076,3.9369425516893153,47.25563650370456,34.7982876159418,19691019.942193184,572563.711784247,51392521.72270596,118616.71888908172,11800286.277264945,138717361.15541217,3075737005.0361032
72,2024-04-01,6.569672271588603,0.1910313807478067,17.14698269936963,288.94340373001256,0.45817927738511727,59.1261321743733,25.67511168690326,11469.077075886078,0.03957317382504076,3.9369425516893153,47.25563650370456,34.7982876159418,19691019.942193184,572563.711784247,51392521.72270596,118616.71888908172,11800286.277264945,138717361.15541217,3075737005.0361032
73,2024-04-01,6.569672271588603,0.1910313807478067,17.14698269936963,288.94340373001256,0.45817927738511727,59.1261321743733,25.67511168690326,11469.077075886078,0.03957317382504076,3.9369425516893153,47.25563650370456,34.7982876159418,19691019.942193184,572563.711784247,51392521.72270596,118616.71888908172,11800286.277264945,138717361.15541217,3075737005.0361032
74,2024-04-01,6.569672271588603,0.1910313807478067,17.14698269936963,288.94340373001256,0.45817927738511727,59.1261321743733,25.67511168690326,11469.077075886078,0.03957317382504076,3.9369425516893153,47.25563650370456,34.7982876159418,19691019.942193184,572563.711784247,51392521.72270596,118616.71888908172,11800286.277264945,138717361.15541217,3075737005.0361032
75,2024-04-01,6.569672271588603,0.1910313807478067,17.14698269936963,288.94340373001256,0.45817927738511727,59.1261321743733,25.67511168690326,11469.077075886078,0.03957317382504076,3.9369425516893153,47.25563650370456,34.7982876159418,19691019.942193184,572563.711784247,51392521.72270596,118616.71888908172,11800286.277264945,138717361.15541217,3075737005.0361032
76,2024-04-01,6.569672271588603,0.1910313807478067,17.14698269936963,288.94340373001256,0.45817927738511727,59.1261321743733,25.67511168690326,11469.077075886078,0.03957317382504076,3.9369425516893153,47.25563650370456,34.7982876159418,19691019.942193184,572563.711784247,51392521.72270596,118616.71888908172,11800286.277264945,138717361.15541217,3075737005.0361032
77,2024-04-01,6.569672271588603,0.1910313807478067,17.14698269936963,288.94340373001256,0.45817927738511727,59.1261321743733,25.67511168690326,11469.077075886078,0.03957317382504076,3.9369425516893153,47.25563650370456,34.7982876159418,19691019.942193184,572563.711784247,51392521.72270596,118616.71888908172,11800286.277264945,138717361.15541217,3075737005.0361032
78,2024-04-01,6.569672271588603,0.1910313807478067,17.14698269936963,288.94340373001256,0.45817927738511727,59.1261321743733,25.67511168690326,11469.077075886078,0.03957317382504076,3.9369425516893153,47.25563650370456,34.7982876159418,19691019.942193184,572563.711784247,51392521.72270596,118616.71888908172,11800286.277264945,138717361.15541217,3075737005.0361032
79,2024-04-01,6.569672271588603,0.1910313807478067,17.14698269936963,288.94340373001256,0.45817927738511727,59.1261321743733,25.67511168690326,11469.077075886078,0.03957317382504076,3.9369425516893153,47.25563650370456,34.7982876159418,19691019.942193184,572563.711784247,51392521.72270596,118616.71888908172,11800286.277264945,138717361.15541217,3075737005.0361032
80,2024-05-01,1.485825910322203,0.4966815961355426,19.79613926909253,288.94340373001256,0.45817927738511727,59.1261321743733,25.67511168690326,11469.077075886078,0.025837496600017582,0.4343582272812786,38.10802887771022,23.043854776681183,4453378.729971903,1488665.66919571,59332495.89559407,77441.31936827376,1301947.3001423765,111865299.31501745,3075737005.0361032
81,2024-05-01,1.485825910322203,0.4966815961355426,19.79613926909253,288.94340373001256,0.45817927738511727,59.1261321743733,25.67511168690326,11469.077075886078,0.025837496600017582,0.4343582272812786,38.10802887771022,23.043854776681183,4453378.729971903,1488665.66919571,59332495.89559407,77441.31936827376,1301947.3001423765,111865299.31501745,3075737005.0361032
82,2024-05-01,1.485825910322203,0.4966815961355426,19.79613926909253,288.94340373001256,0.45817927738511727,59.1261321743733,25.67511168690326,11469.077075886078,0.025837496600017582,0.4343582272812786,38.10802887771022,23.043854776681183,4453378.729971903,1488665.66919571,59332495.89559407,77441.31936827376,1301947.3001423765,111865299.31501745,3075737005.0361032
83,2024-05-01,1.485825910322203,0.4966815961355426,19.79613926909253,288.94340373001256,0.45817927738511727,59.1261321743733,25.67511168690326,11469.077075886078,0.025837496600017582,0.4343582272812786,38.10802887771022,23.043854776681183,4453378.729971903,1488665.66919571,59332495.89559407,77441.31936827376,1301947.3001423765,111865299.31501745,3075737005.0361032
84,2024-05-01,1.485825910322203,0.4966815961355426,19.79613926909253,288.94340373001256,0.45817927738511727,59.1261321743733,25.67511168690326,11469.077075886078,0.025837496600017582,0.4343582272812786,38.10802887771022,23.043854776681183,4453378.729971903,1488665.66919571,59332495.89559407,77441.31936827376,1301947.3001423765,111865299.31501745,3075737005.0361032
85,2024-05-01,1.485825910322203,0.4966815961355426,19.79613926909253,288.94340373001256,0.45817927738511727,59.1261321743733,25.67511168690326,11469.077075886078,0.025837496600017582,0.4343582272812786,38.10802887771022,23.043854776681183,4453378.729971903,1488665.66919571,59332495.89559407,77441.31936827376,1301947.3001423765,111865299.31501745,3075737005.0361032
86,2024-05-01,1.485825910322203,0.4966815961355426,19.79613926909253,288.94340373001256,0.45817927738511727,59.1261321743733,25.67511168690326,11469.077075886078,0.025837496600017582,0.4343582272812786,38.10802887771022,23.043854776681183,4453378.729971903,1488665.66919571,59332495.89559407,77441.31936827376,1301947.3001423765,111865299.31501745,3075737005.0361032
87,2024-05-01,1.485825910322203,0.4966815961355426,19.79613926909253,288.94340373001256,0.45817927738511727,59.1261321743733,25.67511168690326,11469.077075886078,0.025837496600017582,0.4343582272812786,38.10802887771022,23.043854776681183,4453378.729971903,1488665.66919571,59332495.89559407,77441.31936827376,1301947.3001423765,111865299.31501745,3075737005.0361032
88,2024-05-01,1.485825910322203,0.4966815961355426,19.79613926909253,288.94340373001256,0.45817927738511727,59.1261321743733,25.67511168690326,11469.077075886078,0.025837496600017582,0.4343582272812786,38.10802887771022,23.043854776681183,4453378.729971903,1488665.66919571,59332495.89559407,77441.31936827376,1301947.3001423765,111865299.31501745,3075737005.0361032
89,2024-05-01,1.485825910322203,0.4966815961355426,19.79613926909253,288.94340373001256,0.45817927738511727,59.1261321743733,25.67511168690326,11469.077075886078,0.025837496600017582,0.4343582272812786,38.10802887771022,23.043854776681183,4453378.729971903,1488665.66919571,59332495.89559407,77441.31936827376,1301947.3001423765,111865299.31501745,3075737005.0361032
90,2024-05-01,1.485825910322203,0.4966815961355426,19.79613926909253,288.94340373001256,0.45817927738511727,59.1261321743733,25.67511168690326,11469.077075886078,0.025837496600017582,0.4343582272812786,38.10802887771022,23.043854776681183,4453378.729971903,1488665.66919571,59332495.89559407,77441.31936827376,1301947.3001423765,111865299.31501745,3075737005.0361032
91,2024-05-01,1.485825910322203,0.4966815961355426,19.79613926909253,288.94340373001256,0.45817927738511727,59.1261321743733,25.67511168690326,11469.077075886078,0.025837496600017582,0.4343582272812786,38.10802887771022,23.043854776681183,4453378.729971903,1488665.66919571,59332495.89559407,77441.31936827376,1301947.3001423765,111865299.31501745,3075737005.0361032
92,2024-05-01,1.485825910322203,0.4966815961355426,19.79613926909253,288.94340373001256,0.45817927738511727,59.1261321743733,25.67511168690326,11469.077075886078,0.025837496600017582,0.4343582272812786,38.10802887771022,23.043854776681183,4453378.729971903,1488665.66919571,59332495.89559407,77441.31936827376,1301947.3001423765,111865299.31501745,3075737005.0361032
93,2024-05-01,1.485825910322203,0.4966815961355426,19.79613926909253,288.94340373001256,0.45817927738511727,59.1261321743733,25.67511168690326,11469.077075886078,0.025837496600017582,0.4343582272812786,38.10802887771022,23.043854776681183,4453378.729971903,1488665.66919571,59332495.89559407,77441.31936827376,1301947.3001423765,111865299.31501745,3075737005.0361032
94,2024-05-01,1.485825910322203,0.4966815961355426,19.79613926909253,288.94340373001256,0.45817927738511727,59.1261321743733,25.67511168690326,11469.077075886078,0.025837496600017582,0.4343582272812786,38.10802887771022,23.043854776681183,4453378.729971903,1488665.66919571,59332495.89559407,77441.31936827376,1301947.3001423765,111865299.31501745,3075737005.0361032
95,2024-05-01,1.485825910322203,0.4966815961355426,19.79613926909253,288.94340373001256,0.45817927738511727,59.1261321743733,25.67511168690326,11469.077075886078,0.025837496600017582,0.4343582272812786,38.10802887771022,23.043854776681183,4453378.729971903,1488665.66919571,59332495.89559407,77441.31936827376,1301947.3001423765,111865299.31501745,3075737005.0361032
96,2024-05-01,1.485825910322203,0.4966815961355426,19.79613926909253,288.94340373001256,0.45817927738511727,59.1261321743733,25.67511168690326,11469.077075886078,0.025837496600017582,0.4343582272812786,38.10802887771022,23.043854776681183,4453378.729971903,1488665.66919571,59332495.89559407,77441.31936827376,1301947.3001423765,111865299.31501745,3075737005.0361032
97,2024-05-01,1.485825910322203,0.4966815961355426,19.79613926909253,288.94340373001256,0.45817927738511727,59.1261321743733,25.67511168690326,11469.077075886078,0.025837496600017582,0.4343582272812786,38.10802887771022,23.043854776681183,4453378.729971903,1488665.66919571,59332495.89559407,77441.31936827376,1301947.3001423765,111865299.31501745,3075737005.0361032
98,2024-05-01,1.485825910322203,0.4966815961355426,19.79613926909253,288.94340373001256,0.45817927738511727,59.1261321743733,25.67511168690326,11469.077075886078,0.025837496600017582,0.4343582272812786,38.10802887771022,23.043854776681183,4453378.729971903,1488665.66919571,59332495.89559407,77441.31936827376,1301947.3001423765,111865299.31501745,3075737005.0361032
99,2024-05-01,1.485825910322203,0.4966815961355426,19.79613926909253,288.94340373001256,0.45817927738511727,59.1261321743733,25.67511168690326,11469.077075886078,0.025837496600017582,0.4343582272812786,38.10802887771022,23.043854776681183,4453378.729971903,1488665.66919571,59332495.89559407,77441.31936827376,1301947.3001423765,111865299.31501745,3075737005.0361032
100,2024-06-01,10.973550812031553,0.7641255229912268,38.09059953262766,288.94340373001256,0.45817927738511727,59.1261321743733,25.67511168690326,11469.077075886078,0.08839084203735069,0.6166954182397253,30.404939919942464,15.933743694623717,32890780.30009521,2290254.847136988,114165302.77658316,264931.42974260054,1848475.6732392146,89253245.41205932,3075737005.0361032
101,2024-06-01,10.973550812031553,0.7641255229912268,38.09059953262766,288.94340373001256,0.45817927738511727,59.1261321743733,25.67511168690326,11469.077075886078,0.08839084203735069,0.6166954182397253,30.404939919942464,15.933743694623717,32890780.30009521,2290254.847136988,114165302.77658316,264931.42974260054,1848475.6732392146,89253245.41205932,3075737005.0361032
102,2024-06-01,10.973550812031553,0.7641255229912268,38.09059953262766,288.94340373001256,0.45817927738511727,59.1261321743733,25.67511168690326,11469.077075886078,0.08839084203735069,0.6166954182397253,30.404939919942464,15.933743694623717,32890780.30009521,2290254.847136988,114165302.77658316,264931.42974260054,1848475.6732392146,89253245.41205932,3075737005.0361032
103,2024-06-01,10.973550812031553,0.7641255229912268,38.09059953262766,288.94340373001256,0.45817927738511727,59.1261321743733,25.67511168690326,11469.077075886078,0.08839084203735069,0.6166954182397253,30.404939919942464,15.933743694623717,32890780.30009521,2290254.847136988,114165302.77658316,264931.42974260054,1848475.6732392146,89253245.41205932,3075737005.0361032
104,2024-06-01,10.973550812031553,0.7641255229912268,38.09059953262766,288.94340373001256,0.45817927738511727,59.1261321743733,25.67511168690326,11469.077075886078,0.08839084203735069,0.6166954182397253,30.404939919942464,15.933743694623717,32890780.30009521,2290254.847136988,114165302.77658316,264931.42974260054,1848475.6732392146,89253245.41205932,3075737005.0361032
105,2024-06-01,10.973550812031553,0.7641255229912268,38.09059953262766,288.94340373001256,0.45817927738511727,59.1261321743733,25.67511168690326,11469.077075886078,0.08839084203735069,0.6166954182397253,30.404939919942464,15.933743694623717,32890780.30009521,2290254.847136988,114165302.77658316,264931.42974260054,1848475.6732392146,89253245.41205932,3075737005.0361032
106,2024-06-01,10.973550812031553,0.7641255229912268,38.09059953262766,288.94340373001256,0.45817927738511727,59.1261321743733,25.67511168690326,11469.077075886078,0.08839084203735069,0.6166954182397253,30.404939919942464,15.933743694623717,32890780.30009521,2290254.847136988,114165302.77658316,264931.42974260054,1848475.6732392146,89253245.41205932,3075737005.0361032
107,2024-06-01,10.973550812031553,0.7641255229912268,38.09059953262766,288.94340373001256,0.45817927738511727,59.1261321743733,25.67511168690326,11469.077075886078,0.08839084203735069,0.6166954182397253,30.404939919942464,15.933743694623717,32890780.30009521,2290254.847136988,114165302.77658316,264931.42974260054,1848475.6732392146,89253245.41205932,3075737005.0361032
108,2024-06-01,10.973550812031553,0.7641255229912268,38.09059953262766,288.94340373001256,0.45817927738511727,59.1261321743733,25.67511168690326,11469.077075886078,0.08839084203735069,0.6166954182397253,30.404939919942464,15.933743694623717,32890780.30009521,2290254.847136988,114165302.77658316,264931.42974260054,1848475.6732392146,89253245.41205932,3075737005.0361032
109,2024-06-01,10.973550812031553,0.7641255229912268,38.09059953262766,288.94340373001256,0.45817927738511727,59.1261321743733,25.67511168690326,11469.077075886078,0.08839084203735069,0.6166954182397253,30.404939919942464,15.933743694623717,32890780.30009521,2290254.847136988,114165302.77658316,264931.42974260054,1848475.6732392146,89253245.41205932,3075737005.0361032
110,2024-06-01,10.973550812031553,0.7641255229912268,38.09059953262766,288.94340373001256,0.45817927738511727,59.1261321743733,25.67511168690326,11469.077075886078,0.08839084203735069,0.6166954182397253,30.404939919942464,15.933743694623717,32890780.30009521,2290254.847136988,114165302.77658316,264931.42974260054,1848475.6732392146,89253245.41205932,3075737005.0361032
111,2024-06-01,10.973550812031553,0.7641255229912268,38.09059953262766,288.94340373001256,0.45817927738511727,59.1261321743733,25.67511168690326,11469.077075886078,0.08839084203735069,0.6166954182397253,30.404939919942464,15.933743694623717,32890780.30009521,2290254.847136988,114165302.77658316,264931.42974260054,1848475.6732392146,89253245.41205932,3075737005.0361032
112,2024-06-01,10.973550812031553,0.7641255229912268,38.09059953262766,288.94340373001256,0.45817927738511727,59.1261321743733,25.67511168690326,11469.077075886078,0.08839084203735069,0.6166954182397253,30.404939919942464,15.933743694623717,32890780.30009521,2290254.847136988,114165302.77658316,264931.42974260054,1848475.6732392146,89253245.41205932,3075737005.0361032
113,2024-06-01,10.973550812031553,0.7641255229912268,38.09059953262766,288.94340373001256,0.45817927738511727,59.1261321743733,25.67511168690326,11469.077075886078,0.08839084203735069,0.6166954182397253,30.404939919942464,15.933743694623717,32890780.30009521,2290254.847136988,114165302.77658316,264931.42974260054,1848475.6732392146,89253245.41205932,3075737005.0361032
114,2024-06-01,10.973550812031553,0.7641255229912268,38.09059953262766,288.94340373001256,0.45817927738511727,59.1261321743733,25.67511168690326,11469.077075886078,0.08839084203735069,0.6166954182397253,30.404939919942464,15.933743694623717,32890780.30009521,2290254.847136988,114165302.77658316,264931.42974260054,1848475.6732392146,89253245.41205932,3075737005.0361032
115,2024-06-01,10.973550812031553,0.7641255229912268,38.09059953262766,288.94340373001256,0.45817927738511727,59.1261321743733,25.67511168690326,11469.077075886078,0.08839084203735069,0.6166954182397253,30.404939919942464,15.933743694623717,32890780.30009521,2290254.847136988,114165302.77658316,264931.42974260054,1848475.6732392146,89253245.41205932,3075737005.0361032
116,2024-06-01,10.973550812031553,0.7641255229912268,38.09059953262766,288.94340373001256,0.45817927738511727,59.1261321743733,25.67511168690326,11469.077075886078,0.08839084203735069,0.6166954182397253,30.404939919942464,15.933743694623717,32890780.30009521,2290254.847136988,114165302.77658316,264931.42974260054,1848475.6732392146,89253245.41205932,3075737005.0361032
117,2024-06-01,10.973550812031553,0.7641255229912268,38.09059953262766,288.94340373001256,0.45817927738511727,59.1261321743733,25.67511168690326,11469.077075886078,0.08839084203735069,0.6166954182397253,30.404939919942464,15.933743694623717,32890780.30009521,2290254.847136988,114165302.77658316,264931.42974260054,1848475.6732392146,89253245.41205932,3075737005.0361032
118,2024-06-01,10.973550812031553,0.7641255229912268,38.09059953262766,288.94340373001256,0.45817927738511727,59.1261321743733,25.67511168690326,11469.077075886078,0.08839084203735069,0.6166954182397253,30.404939919942464,15.933743694623717,32890780.30009521,2290254.847136988,114165302.77658316,264931.42974260054,1848475.6732392146,89253245.41205932,3075737005.0361032
119,2024-06-01,10.973550812031553,0.7641255229912268,38.09059953262766,288.94340373001256,0.45817927738511727,59.1261321743733,25.67511168690326,11469.077075886078,0.08839084203735069,0.6166954182397253,30.404939919942464,15.933743694623717,32890780.30009521,2290254.847136988,114165302.77658316,264931.42974260054,1848475.6732392146,89253245.41205932,3075737005.0361032
120,2024-07-01,6.252283722587552,0.9933631922710852,50.47512911650916,288.94340373001256,0.45817927738511727,59.1261321743733,25.67511168690326,11469.077075886078,0.11123712120002323,0.17487652928454242,22.207591148071874,10.404666212551728,18739869.42848924,2977331.33839142,151283887.22979724,333404.4550798169,524151.028111487,65190201.66054911,3075737005.0361032
121,2024-07-01,6.252283722587552,0.9933631922710852,50.47512911650916,288.94340373001256,0.45817927738511727,59.1261321743733,25.67511168690326,11469.077075886078,0.11123712120002323,0.17487652928454242,22.207591148071874,10.404666212551728,18739869.42848924,2977331.33839142,151283887.22979724,333404.4550798169,524151.028111487,65190201.66054911,3075737005.0361032
122,2024-07-01,6.252283722587552,0.9933631922710852,50.47512911650916,288.94340373001256,0.45817927738511727,59.1261321743733,25.67511168690326,11469.077075886078,0.11123712120002323,0.17487652928454242,22.207591148071874,10.404666212551728,18739869.42848924,2977331.33839142,151283887.22979724,333404.4550798169,524151.028111487,65190201.66054911,3075737005.0361032
123,2024-07-01,6.252283722587552,0.9933631922710852,50.47512911650916,288.94340373001256,0.45817927738511727,59.1261321743733,25.67511168690326,11469.077075886078,0.11123712120002323,0.17487652928454242,22.207591148071874,10.404666212551728,18739869.42848924,2977331.33839142,151283887.22979724,333404.4550798169,524151.028111487,65190201.66054911,3075737005.0361032
124,2024-07-01,6.252283722587552,0.9933631922710852,50.47512911650916,288.94340373001256,0.45817927738511727,59.1261321743733,25.67511168690326,11469.077075886078,0.11123712120002323,0.17487652928454242,22.207591148071874,10.404666212551728,18739869.42848924,2977331.33839142,151283887.22979724,333404.4550798169,524151.028111487,65190201.66054911,3075737005.0361032
125,2024-07-01,6.252283722587552,0.9933631922710852,50.47512911650916,288.94340373001256,0.45817927738511727,59.1261321743733,25.67511168690326,11469.077075886078,0.11123712120002323,0.17487652928454242,22.207591148071874,10.404666212551728,18739869.42848924,2977331.33839142,151283887.22979724,333404.4550798169,524151.028111487,65190201.66054911,3075737005.0361032
126,2024-07-01,6.252283722587552,0.9933631922710852,50.47512911650916,288.94340373001256,0.45817927738511727,59.1261321743733,25.67511168690326,11469.077075886078,0.11123712120002323,0.17487652928454242,22.207591148071874,10.404666212551728,18739869.42848924,2977331.33839142,151283887.22979724,333404.4550798169,524151.028111487,65190201.66054911,3075737005.0361032
127,2024-07-01,6.252283722587552,0.9933631922710852,50.47512911650916,288.94340373001256,0.45817927738511727,59.1261321743733,25.67511168690326,11469.077075886078,0.11123712120002323,0.17487652928454242,22.207591148071874,10.404666212551728,18739869.42848924,2977331.33839142,151283887.22979724,333404.4550798169,524151.028111487,65190201.66054911,3075737005.0361032
128,2024-07-01,6.252283722587552,0.9933631922710852,50.47512911650916,288.94340373001256,0.45817927738511727,59.1261321743733,25.67511168690326,11469.077075886078,0.11123712120002323,0.17487652928454242,22.207591148071874,10.404666212551728,18739869.42848924,2977331.33839142,151283887.22979724,333404.4550798169,524151.028111487,65190201.66054911,3075737005.0361032
129,2024-07-01,6.252283722587552,0.9933631922710852,50.47512911650916,288.94340373001256,0.45817927738511727,59.1261321743733,25.67511168690326,11469.077075886078,0.11123712120002323,0.17487652928454242,22.207591148071874,10.404666212551728,18739869.42848924,2977331.33839142,151283887.22979724,333404.4550798169,524151.028111487,65190201.66054911,3075737005.0361032
130,2024-07-01,6.252283722587552,0.9933631922710852,50.47512911650916,288.94340373001256,0.45817927738511727,59.1261321743733,25.67511168690326,11469.077075886078,0.11123712120002323,0.17487652928454242,22.207591148071874,10.404666212551728,18739869.42848924,2977331.33839142,151283887.22979724,333404.4550798169,524151.028111487,65190201.66054911,3075737005.0361032
131,2024-07-01,6.252283722587552,0.9933631922710852,50.47512911650916,288.94340373001256,0.45817927738511727,59.1261321743733,25.67511168690326,11469.077075886078,0.11123712120002323,0.17487652928454242,22.207591148071874,10.404666212551728,18739869.42848924,2977331.33839142,151283887.22979724,333404.4550798169,524151.028111487,65190201.66054911,3075737005.0361032
132,2024-07-01,6.252283722587552,0.9933631922710852,50.47512911650916,288.94340373001256,0.45817927738511727,59.1261321743733,25.67511168690326,11469.077075886078,0.11123712120002323,0.17487652928454242,22.207591148071874,10.404666212551728,18739869.42848924,2977331.33839142,151283887.22979724,333404.4550798169,524151.028111487,65190201.66054911,3075737005.0361032
133,2024-07-01,6.252283722587552,0.9933631922710852,50.47512911650916,288.94340373001256,0.45817927738511727,59.1261321743733,25.67511168690326,11469.077075886078,0.11123712120002323,0.17487652928454242,22.207591148071874,10.404666212551728,18739869.42848924,2977331.33839142,151283887.22979724,333404.4550798169,524151.028111487,65190201.66054911,3075737005.0361032
134,2024-07-01,6.252283722587552,0.9933631922710852,50.47512911650916,288.94340373001256,0.45817927738511727,59.1261321743733,25.67511168690326,11469.077075886078,0.11123712120002323,0.17487652928454242,22.207591148071874,10.404666212551728,18739869.42848924,2977331.33839142,151283887.22979724,333404.4550798169,524151.028111487,65190201.66054911,3075737005.0361032
135,2024-07-01,6.252283722587552,0.9933631922710852,50.47512911650916,288.94340373001256,0.45817927738511727,59.1261321743733,25.67511168690326,11469.077075886078,0.11123712120002323,0.17487652928454242,22.207591148071874,10.404666212551728,18739869.42848924,2977331.33839142,151283887.22979724,333404.4550798169,524151.028111487,65190201.66054911,3075737005.0361032
136,2024-07-01,6.252283722587552,0.9933631922710852,50.47512911650916,288.94340373001256,0.45817927738511727,59.1261321743733,25.67511168690326,11469.077075886078,0.11123712120002323,0.17487652928454242,22.207591148071874,10.404666212551728,18739869.42848924,2977331.33839142,151283887.22979724,333404.4550798169,524151.028111487,65190201.66054911,3075737005.0361032
137,2024-07-01,6.252283722587552,0.9933631922710852,50.47512911650916,288.94340373001256,0.45817927738511727,59.1261321743733,25.67511168690326,11469.077075886078,0.11123712120002323,0.17487652928454242,22.207591148071874,10.404666212551728,18739869.42848924,2977331.33839142,151283887.22979724,333404.4550798169,524151.028111487,65190201.66054911,3075737005.0361032
138,2024-07-01,6.252283722587552,0.9933631922710852,50.47512911650916,288.94340373001256,0.45817927738511727,59.1261321743733,25.67511168690326,11469.077075886078,0.11123712120002323,0.17487652928454242,22.207591148071874,10.404666212551728,18739869.42848924,2977331.33839142,151283887.22979724,333404.4550798169,524151.028111487,65190201.66054911,3075737005.0361032
139,2024-07-01,6.252283722587552,0.9933631922710852,50.47512911650916,288.94340373001256,0.45817927738511727,59.1261321743733,25.67511168690326,11469.077075886078,0.11123712120002323,0.17487652928454242,22.207591148071874,10.404666212551728,18739869.42848924,2977331.33839142,151283887.22979724,333404.4550798169,524151.028111487,65190201.66054911,3075737005.0361032
140,2024-08-01,79.76666824733,0.802331799454888,68.46698610320159,288.94340373001256,0.45817927738511727,59.1261321743733,25.67511168690326,11469.077075886078,0.8395486379937397,5.1839057931778525,33.17641191011556,30.391160707321554,239079525.83109087,2404767.5904356935,205210561.92031965,2516395.9695346113,15537901.529301977,97388595.39505847,3075737005.0361032
141,2024-08-01,79.76666824733,0.802331799454888,68.46698610320159,288.94340373001256,0.45817927738511727,59.1261321743733,25.67511168690326,11469.077075886078,0.8395486379937397,5.1839057931778525,33.17641191011556,30.391160707321554,239079525.83109087,2404767.5904356935,205210561.92031965,2516395.9695346113,15537901.529301977,97388595.39505847,3075737005.0361032
142,2024-08-01,79.76666824733,0.802331799454888,68.46698610320159,288.94340373001256,0.45817927738511727,59.1261321743733,25.67511168690326,11469.077075886078,0.8395486379937397,5.1839057931778525,33.17641191011556,30.391160707321554,239079525.83109087,2404767.5904356935,205210561.92031965,2516395.9695346113,15537901.529301977,97388595.39505847,3075737005.0361032
143,2024-08-01,79.76666824733,0.802331799454888,68.46698610320159,288.94340373001256,0.45817927738511727,59.1261321743733,25.67511168690326,11469.077075886078,0.8395486379937397,5.1839057931778525,33.17641191011556,30.391160707321554,239079525.83109087,2404767.5904356935,205210561.92031965,2516395.9695346113,15537901.529301977,97388595.39505847,3075737005.0361032
144,2024-08-01,79.76666824733,0.802331799454888,68.46698610320159,288.94340373001256,0.45817927738511727,59.1261321743733,25.67511168690326,11469.077075886078,0.8395486379937397,5.1839057931778525,33.17641191011556,30.391160707321554,239079525.83109087,2404767.5904356935,205210561.92031965,2516395.9695346113,15537901.529301977,97388595.39505847,3075737005.0361032
145,2024-08-01,79.76666824733,0.802331799454888,68.46698610320159,288.94340373001256,0.45817927738511727,59.1261321743733,25.67511168690326,11469.077075886078,0.8395486379937397,5.1839057931778525,33.17641191011556,30.391160707321554,239079525.83109087,2404767.5904356935,205210561.92031965,2516395.9695346113,15537901.529301977,97388595.39505847,3075737005.0361032
146,2024-08-01,79.76666824733,0.802331799454888,68.46698610320159,288.94340373001256,0.45817927738511727,59.1261321743733,25.67511168690326,11469.077075886078,0.8395486379937397,5.1839057931778525,33.17641191011556,30.391160707321554,239079525.83109087,2404767.5904356935,205210561.92031965,2516395.9695346113,15537901.529301977,97388595.39505847,3075737005.0361032
147,2024-08-01,79.76666824733,0.802331799454888,68.46698610320159,288.94340373001256,0.45817927738511727,59.1261321743733,25.67511168690326,11469.077075886078,0.8395486379937397,5.1839057931778525,33.17641191011556,30.391160707321554,239079525.83109087,2404767.5904356935,205210561.92031965,2516395.9695346113,15537901.529301977,97388595.39505847,3075737005.0361032
148,2024-08-01,79.76666824733,0.802331799454888,68.46698610320159,288.94340373001256,0.45817927738511727,59.1261321743733,25.67511168690326,11469.077075886078,0.8395486379937397,5.1839057931778525,33.17641191011556,30.391160707321554,239079525.83109087,2404767.5904356935,205210561.92031965,2516395.9695346113,15537901.529301977,97388595.39505847,3075737005.0361032
149,2024-08-01,79.76666824733,0.802331799454888,68.46698610320159,288.94340373001256,0.45817927738511727,59.1261321743733,25.67511168690326,11469.077075886078,0.8395486379937397,5.1839057931778525,33.17641191011556,30.391160707321554,239079525.83109087,2404767.5904356935,205210561.92031965,2516395.9695346113,15537901.529301977,97388595.39505847,3075737005.0361032
150,2024-08-01,79.76666824733,0.802331799454888,68.46698610320159,288.94340373001256,0.45817927738511727,59.1261321743733,25.67511168690326,11469.077075886078,0.8395486379937397,5.1839057931778525,33.17641191011556,30.391160707321554,239079525.83109087,2404767.5904356935,205210561.92031965,2516395.9695346113,15537901.529301977,97388595.39505847,3075737005.0361032
151,2024-08-01,79.76666824733,0.802331799454888,68.46698610320159,288.94340373001256,0.45817927738511727,59.1261321743733,25.67511168690326,11469.077075886078,0.8395486379937397,5.1839057931778525,33.17641191011556,30.391160707321554,239079525.83109087,2404767.5904356935,205210561.92031965,2516395.9695346113,15537901.529301977,97388595.39505847,3075737005.0361032
152,2024-08-01,79.76666824733,0.802331799454888,68.46698610320159,288.94340373001256,0.45817927738511727,59.1261321743733,25.67511168690326,11469.077075886078,0.8395486379937397,5.1839057931778525,33.17641191011556,30.391160707321554,239079525.83109087,2404767.5904356935,205210561.92031965,2516395.9695346113,15537901.529301977,97388595.39505847,3075737005.0361032
153,2024-08-01,79.76666824733,0.802331799454888,68.46698610320159,288.94340373001256,0.45817927738511727,59.1261321743733,25.67511168690326,11469.077075886078,0.8395486379937397,5.1839057931778525,33.17641191011556,30.391160707321554,239079525.83109087,2404767.5904356935,205210561.92031965,2516395.9695346113,15537901.529301977,97388595.39505847,3075737005.0361032
154,2024-08-01,79.76666824733,0.802331799454888,68.46698610320159,288.94340373001256,0.45817927738511727,59.1261321743733,25.67511168690326,11469.077075886078,0.8395486379937397,5.1839057931778525,33.17641191011556,30.391160707321554,239079525.83109087,2404767.5904356935,205210561.92031965,2516395.9695346113,15537901.529301977,97388595.39505847,3075737005.0361032
155,2024-08-01,79.76666824733,0.802331799454888,68.46698610320159,288.94340373001256,0.45817927738511727,59.1261321743733,25.67511168690326,11469.077075886078,0.8395486379937397,5.1839057931778525,33.17641191011556,30.391160707321554,239079525.83109087,2404767.5904356935,205210561.92031965,2516395.9695346113,15537901.529301977,97388595.39505847,3075737005.0361032
156,2024-08-01,79.76666824733,0.802331799454888,68.46698610320159,288.94340373001256,0.45817927738511727,59.1261321743733,25.67511168690326,11469.077075886078,0.8395486379937397,5.1839057931778525,33.17641191011556,30.391160707321554,239079525.83109087,2404767.5904356935,205210561.92031965,2516395.9695346113,15537901.529301977,97388595.39505847,3075737005.0361032
157,2024-08-01,79.76666824733,0.802331799454888,68.46698610320159,288.94340373001256,0.45817927738511727,59.1261321743733,25.67511168690326,11469.077075886078,0.8395486379937397,5.1839057931778525,33.17641191011556,30.391160707321554,239079525.83109087,2404767.5904356935,205210561.92031965,2516395.9695346113,15537901.529301977,97388595.39505847,3075737005.0361032
158,2024-08-01,79.76666824733,0.802331799454888,68.46698610320159,288.94340373001256,0.45817927738511727,59.1261321743733,25.67511168690326,11469.077075886078,0.8395486379937397,5.1839057931778525,33.17641191011556,30.391160707321554,239079525.83109087,2404767.5904356935,205210561.92031965,2516395.9695346113,15537901.529301977,97388595.39505847,3075737005.0361032
159,2024-08-01,79.76666824733,0.802331799454888,68.46698610320159,288.94340373001256,0.45817927738511727,59.1261321743733,25.67511168690326,11469.077075886078,0.8395486379937397,5.1839057931778525,33.17641191011556,30.391160707321554,239079525.83109087,2404767.5904356935,205210561.92031965,2516395.9695346113,15537901.529301977,97388595.39505847,3075737005.0361032
160,2024-09-01,0.5105045975833469,0.3820627614956134,32.402774123022304,288.94340373001256,0.45817927738511727,59.1261321743733,25.67511168690326,11469.077075886078,0.0022490123714420497,0.34184212523157775,21.823365682329907,12.26972928227725,1530151.448664475,1145127.423568494,97117421.86060262,6740.8542619268255,1024660.4252888922,64062475.70774334,3075737005.0361032
161,2024-09-01,0.5105045975833469,0.3820627614956134,32.402774123022304,288.94340373001256,0.45817927738511727,59.1261321743733,25.67511168690326,11469.077075886078,0.0022490123714420497,0.34184212523157775,21.823365682329907,12.26972928227725,1530151.448664475,1145127.423568494,97117421.86060262,6740.8542619268255,1024660.4252888922,64062475.70774334,3075737005.0361032
162,2024-09-01,0.5105045975833469,0.3820627614956134,32.402774123022304,288.94340373001256,0.45817927738511727,59.1261321743733,25.67511168690326,11469.077075886078,0.0022490123714420497,0.34184212523157775,21.823365682329907,12.26972928227725,1530151.448664475,1145127.423568494,97117421.86060262,6740.8542619268255,1024660.4252888922,64062475.70774334,3075737005.0361032
163,2024-09-01,0.5105045975833469,0.3820627614956134,32.402774123022304,288.94340373001256,0.45817927738511727,59.1261321743733,25.67511168690326,11469.077075886078,0.0022490123714420497,0.34184212523157775,21.823365682329907,12.26972928227725,1530151.448664475,1145127.423568494,97117421.86060262,6740.8542619268255,1024660.4252888922,64062475.70774334,3075737005.0361032
164,2024-09-01,0.5105045975833469,0.3820627614956134,32.402774123022304,288.94340373001256,0.45817927738511727,59.1261321743733,25.67511168690326,11469.077075886078,0.0022490123714420497,0.34184212523157775,21.823365682329907,12.26972928227725,1530151.448664475,1145127.423568494,97117421.86060262,6740.8542619268255,1024660.4252888922,64062475.70774334,3075737005.0361032
165,2024-09-01,0.5105045975833469,0.3820627614956134,32.402774123022304,288.94340373001256,0.45817927738511727,59.1261321743733,25.67511168690326,11469.077075886078,0.0022490123714420497,0.34184212523157775,21.823365682329907,12.26972928227725,1530151.448664475,1145127.423568494,97117421.86060262,6740.8542619268255,1024660.4252888922,64062475.70774334,3075737005.0361032
166,2024-09-01,0.5105045975833469,0.3820627614956134,32.402774123022304,288.94340373001256,0.45817927738511727,59.1261321743733,25.67511168690326,11469.077075886078,0.0022490123714420497,0.34184212523157775,21.823365682329907,12.26972928227725,1530151.448664475,1145127.423568494,97117421.86060262,6740.8542619268255,1024660.4252888922,64062475.70774334,3075737005.0361032
167,2024-09-01,0.5105045975833469,0.3820627614956134,32.402774123022304,288.94340373001256,0.45817927738511727,59.1261321743733,25.67511168690326,11469.077075886078,0.0022490123714420497,0.34184212523157775,21.823365682329907,12.26972928227725,1530151.448664475,1145127.423568494,97117421.86060262,6740.8542619268255,1024660.4252888922,64062475.70774334,3075737005.0361032
168,2024-09-01,0.5105045975833469,0.3820627614956134,32.402774123022304,288.94340373001256,0.45817927738511727,59.1261321743733,25.67511168690326,11469.077075886078,0.0022490123714420497,0.34184212523157775,21.823365682329907,12.26972928227725,1530151.448664475,1145127.423568494,97117421.86060262,6740.8542619268255,1024660.4252888922,64062475.70774334,3075737005.0361032
169,2024-09-01,0.5105045975833469,0.3820627614956134,32.402774123022304,288.94340373001256,0.45817927738511727,59.1261321743733,25.67511168690326,11469.077075886078,0.0022490123714420497,0.34184212523157775,21.823365682329907,12.26972928227725,1530151.448664475,1145127.423568494,97117421.86060262,6740.8542619268255,1024660.4252888922,64062475.70774334,3075737005.0361032
170,2024-09-01,0.5105045975833469,0.3820627614956134,32.402774123022304,288.94340373001256,0.45817927738511727,59.1261321743733,25.67511168690326,11469.077075886078,0.0022490123714420497,0.34184212523157775,21.823365682329907,12.26972928227725,1530151.448664475,1145127.423568494,97117421.86060262,6740.8542619268255,1024660.4252888922,64062475.70774334,3075737005.0361032
171,2024-09-01,0.5105045975833469,0.3820627614956134,32.402774123022304,288.94340373001256,0.45817927738511727,59.1261321743733,25.67511168690326,11469.077075886078,0.0022490123714420497,0.34184212523157775,21.823365682329907,12.26972928227725,1530151.448664475,1145127.423568494,97117421.86060262,6740.8542619268255,1024660.4252888922,64062475.70774334,3075737005.0361032
172,2024-09-01,0.5105045975833469,0.3820627614956134,32.402774123022304,288.94340373001256,0.45817927738511727,59.1261321743733,25.67511168690326,11469.077075886078,0.0022490123714420497,0.34184212523157775,21.823365682329907,12.26972928227725,1530151.448664475,1145127.423568494,97117421.86060262,6740.8542619268255,1024660.4252888922,64062475.70774334,3075737005.0361032
173,2024-09-01,0.5105045975833469,0.3820627614956134,32.402774123022304,288.94340373001256,0.45817927738511727,59.1261321743733,25.67511168690326,11469.077075886078,0.0022490123714420497,0.34184212523157775,21.823365682329907,12.26972928227725,1530151.448664475,1145127.423568494,97117421.86060262,6740.8542619268255,1024660.4252888922,64062475.70774334,3075737005.0361032
174,2024-09-01,0.5105045975833469,0.3820627614956134,32.402774123022304,288.94340373001256,0.45817927738511727,59.1261321743733,25.67511168690326,11469.077075886078,0.0022490123714420497,0.34184212523157775,21.823365682329907,12.26972928227725,1530151.448664475,1145127.423568494,97117421.86060262,6740.8542619268255,1024660.4252888922,64062475.70774334,3075737005.0361032
175,2024-09-01,0.5105045975833469,0.3820627614956134,32.402774123022304,288.94340373001256,0.45817927738511727,59.1261321743733,25.67511168690326,11469.077075886078,0.0022490123714420497,0.34184212523157775,21.823365682329907,12.26972928227725,1530151.448664475,1145127.423568494,97117421.86060262,6740.8542619268255,1024660.4252888922,64062475.70774334,3075737005.0361032
176,2024-09-01,0.5105045975833469,0.3820627614956134,32.402774123022304,288.94340373001256,0.45817927738511727,59.1261321743733,25.67511168690326,11469.077075886078,0.0022490123714420497,0.34184212523157775,21.823365682329907,12.26972928227725,1530151.448664475,1145127.423568494,97117421.86060262,6740.8542619268255,1024660.4252888922,64062475.70774334,3075737005.0361032
177,2024-09-01,0.5105045975833469,0.3820627614956134,32.402774123022304,288.94340373001256,0.45817927738511727,59.1261321743733,25.67511168690326,11469.077075886078,0.0022490123714420497,0.34184212523157775,21.823365682329907,12.26972928227725,1530151.448664475,1145127.423568494,97117421.86060262,6740.8542619268255,1024660.4252888922,64062475.70774334,3075737005.0361032
178,2024-09-01,0.5105045975833469,0.3820627614956134,32.402774123022304,288.94340373001256,0.45817927738511727,59.1261321743733,25.67511168690326,11469.077075886078,0.0022490123714420497,0.34184212523157775,21.823365682329907,12.26972928227725,1530151.448664475,1145127.423568494,97117421.86060262,6740.8542619268255,1024660.4252888922,64062475.70774334,3075737005.0361032
179,2024-09-01,0.5105045975833469,0.3820627614956134,32.402774123022304,288.94340373001256,0.45817927738511727,59.1261321743733,25.67511168690326,11469.077075886078,0.0022490123714420497,0.34184212523157775,21.823365682329907,12.26972928227725,1530151.448664475,1145127.423568494,97117421.86060262,6740.8542619268255,1024660.4252888922,64062475.70774334,3075737005.0361032
180,2024-10-01,20.953940657281333,0.1910313807478067,25.206359929043142,288.94340373001256,0.45817927738511727,59.1261321743733,25.67511168690326,11469.077075886078,0.07012877425627818,1.726543811312213,23.665590577153193,15.538796181947221,62804182.22395587,572563.711784247,75548430.72532652,210208.11376437335,5175204.764483421,69470376.60893841,3075737005.0361032
181,2024-10-01,20.953940657281333,0.1910313807478067,25.206359929043142,288.94340373001256,0.45817927738511727,59.1261321743733,25.67511168690326,11469.077075886078,0.07012877425627818,1.726543811312213,23.665590577153193,15.538796181947221,62804182.22395587,572563.711784247,75548430.72532652,210208.11376437335,5175204.764483421,69470376.60893841,3075737005.0361032
182,2024-10-01,20.953940657281333,0.1910313807478067,25.206359929043142,288.94340373001256,0.45817927738511727,59.1261321743733,25.67511168690326,11469.077075886078,0.07012877425627818,1.726543811312213,23.665590577153193,15.538796181947221,62804182.22395587,572563.711784247,75548430.72532652,210208.11376437335,5175204.764483421,69470376.60893841,3075737005.0361032
183,2024-10-01,20.953940657281333,0.1910313807478067,25.206359929043142,288.94340373001256,0.45817927738511727,59.1261321743733,25.67511168690326,11469.077075886078,0.07012877425627818,1.726543811312213,23.665590577153193,15.538796181947221,62804182.22395587,572563.711784247,75548430.72532652,210208.11376437335,5175204.764483421,69470376.60893841,3075737005.0361032
184,2024-10-01,20.953940657281333,0.1910313807478067,25.206359929043142,288.94340373001256,0.45817927738511727,59.1261321743733,25.67511168690326,11469.077075886078,0.07012877425627818,1.726543811312213,23.665590577153193,15.538796181947221,62804182.22395587,572563.711784247,75548430.72532652,210208.11376437335,5175204.764483421,69470376.60893841,3075737005.0361032
185,2024-10-01,20.953940657281333,0.1910313807478067,25.206359929043142,288.94340373001256,0.45817927738511727,59.1261321743733,25.67511168690326,11469.077075886078,0.07012877425627818,1.726543811312213,23.665590577153193,15.538796181947221,62804182.22395587,572563.711784247,75548430.72532652,210208.11376437335,5175204.764483421,69470376.60893841,3075737005.0361032
186,2024-10-01,20.953940657281333,0.1910313807478067,25.206359929043142,288.94340373001256,0.45817927738511727,59.1261321743733,25.67511168690326,11469.077075886078,0.07012877425627818,1.726543811312213,23.665590577153193,15.538796181947221,62804182.22395587,572563.711784247,75548430.72532652,210208.11376437335,5175204.764483421,69470376.60893841,3075737005.0361032
187,2024-10-01,20.953940657281333,0.1910313807478067,25.206359929043142,288.94340373001256,0.45817927738511727,59.1261321743733,25.67511168690326,11469.077075886078,0.07012877425627818,1.726543811312213,23.665590577153193,15.538796181947221,62804182.22395587,572563.711784247,75548430.72532652,210208.11376437335,5175204.764483421,69470376.60893841,3075737005.0361032
188,2024-10-01,20.953940657281333,0.1910313807478067,25.206359929043142,288.94340373001256,0.45817927738511727,59.1261321743733,25.67511168690326,11469.077075886078,0.07012877425627818,1.726543811312213,23.665590577153193,15.538796181947221,62804182.22395587,572563.711784247,75548430.72532652,210208.11376437335,5175204.764483421,69470376.60893841,3075737005.0361032
189,2024-10-01,20.953940657281333,0.1910313807478067,25.206359929043142,288.94340373001256,0.45817927738511727,59.1261321743733,25.67511168690326,11469.077075886078,0.07012877425627818,1.726543811312213,23.665590577153193,15.538796181947221,62804182.22395587,572563.711784247,75548430.72532652,210208.11376437335,5175204.764483421,69470376.60893841,3075737005.0361032
190,2024-10-01,20.953940657281333,0.1910313807478067,25.206359929043142,288.94340373001256,0.45817927738511727,59.1261321743733,25.67511168690326,11469.077075886078,0.07012877425627818,1.726543811312213,23.665590577153193,15.538796181947221,62804182.22395587,572563.711784247,75548430.72532652,210208.11376437335,5175204.764483421,69470376.60893841,3075737005.0361032
191,2024-10-01,20.953940657281333,0.1910313807478067,25.206359929043142,288.94340373001256,0.45817927738511727,59.1261321743733,25.67511168690326,11469.077075886078,0.07012877425627818,1.726543811312213,23.665590577153193,15.538796181947221,62804182.22395587,572563.711784247,75548430.72532652,210208.11376437335,5175204.764483421,69470376.60893841,3075737005.0361032
192,2024-10-01,20.953940657281333,0.1910313807478067,25.206359929043142,288.94340373001256,0.45817927738511727,59.1261321743733,25.67511168690326,11469.077075886078,0.07012877425627818,1.726543811312213,23.665590577153193,15.538796181947221,62804182.22395587,572563.711784247,75548430.72532652,210208.11376437335,5175204.764483421,69470376.60893841,3075737005.0361032
193,2024-10-01,20.953940657281333,0.1910313807478067,25.206359929043142,288.94340373001256,0.45817927738511727,59.1261321743733,25.67511168690326,11469.077075886078,0.07012877425627818,1.726543811312213,23.665590577153193,15.538796181947221,62804182.22395587,572563.711784247,75548430.72532652,210208.11376437335,5175204.764483421,69470376.60893841,3075737005.0361032
194,2024-10-01,20.953940657281333,0.1910313807478067,25.206359929043142,288.94340373001256,0.45817927738511727,59.1261321743733,25.67511168690326,11469.077075886078,0.07012877425627818,1.726543811312213,23.665590577153193,15.538796181947221,62804182.22395587,572563.711784247,75548430.72532652,210208.11376437335,5175204.764483421,69470376.60893841,3075737005.0361032
195,2024-10-01,20.953940657281333,0.1910313807478067,25.206359929043142,288.94340373001256,0.45817927738511727,59.1261321743733,25.67511168690326,11469.077075886078,0.07012877425627818,1.726543811312213,23.665590577153193,15.538796181947221,62804182.22395587,572563.711784247,75548430.72532652,210208.11376437335,5175204.764483421,69470376.60893841,3075737005.0361032
196,2024-10-01,20.953940657281333,0.1910313807478067,25.206359929043142,288.94340373001256,0.45817927738511727,59.1261321743733,25.67511168690326,11469.077075886078,0.07012877425627818,1.726543811312213,23.665590577153193,15.538796181947221,62804182.22395587,572563.711784247,75548430.72532652,210208.11376437335,5175204.764483421,69470376.60893841,3075737005.0361032
197,2024-10-01,20.953940657281333,0.1910313807478067,25.206359929043142,288.94340373001256,0.45817927738511727,59.1261321743733,25.67511168690326,11469.077075886078,0.07012877425627818,1.726543811312213,23.665590577153193,15.538796181947221,62804182.22395587,572563.711784247,75548430.72532652,210208.11376437335,5175204.764483421,69470376.60893841,3075737005.0361032
198,2024-10-01,20.953940657281333,0.1910313807478067,25.206359929043142,288.94340373001256,0.45817927738511727,59.1261321743733,25.67511168690326,11469.077075886078,0.07012877425627818,1.726543811312213,23.665590577153193,15.538796181947221,62804182.22395587,572563.711784247,75548430.72532652,210208.11376437335,5175204.764483421,69470376.60893841,3075737005.0361032
199,2024-10-01,20.953940657281333,0.1910313807478067,25.206359929043142,288.94340373001256,0.45817927738511727,59.1261321743733,25.67511168690326,11469.077075886078,0.07012877425627818,1.726543811312213,23.665590577153193,15.538796181947221,62804182.22395587,572563.711784247,75548430.72532652,210208.11376437335,5175204.764483421,69470376.60893841,3075737005.0361032
200,2024-11-01,10.31204317069401,0.0,17.983137940288913,288.94340373001256,0.45817927738511727,59.1261321743733,25.67511168690326,11469.077075886078,0.0012835360258065382,0.33097120933116553,22.82063415434979,14.28591538563821,30907517.89420628,0.0,53899254.370190084,3847.2508743710887,992033.0946095724,66989954.47847137,3075737005.0361032
201,2024-11-01,10.31204317069401,0.0,17.983137940288913,288.94340373001256,0.45817927738511727,59.1261321743733,25.67511168690326,11469.077075886078,0.0012835360258065382,0.33097120933116553,22.82063415434979,14.28591538563821,30907517.89420628,0.0,53899254.370190084,3847.2508743710887,992033.0946095724,66989954.47847137,3075737005.0361032
202,2024-11-01,10.31204317069401,0.0,17.983137940288913,288.94340373001256,0.45817927738511727,59.1261321743733,25.67511168690326,11469.077075886078,0.0012835360258065382,0.33097120933116553,22.82063415434979,14.28591538563821,30907517.89420628,0.0,53899254.370190084,3847.2508743710887,992033.0946095724,66989954.47847137,3075737005.0361032
203,2024-11-01,10.31204317069401,0.0,17.983137940288913,288.94340373001256,0.45817927738511727,59.1261321743733,25.67511168690326,11469.077075886078,0.0012835360258065382,0.33097120933116553,22.82063415434979,14.28591538563821,30907517.89420628,0.0,53899254.370190084,3847.2508743710887,992033.0946095724,66989954.47847137,3075737005.0361032
204,2024-11-01,10.31204317069401,0.0,17.983137940288913,288.94340373001256,0.45817927738511727,59.1261321743733,25.67511168690326,11469.077075886078,0.0012835360258065382,0.33097120933116553,22.82063415434979,14.28591538563821,30907517.89420628,0.0,53899254.370190084,3847.2508743710887,992033.0946095724,66989954.47847137,3075737005.0361032
205,2024-11-01,10.31204317069401,0.0,17.983137940288913,288.94340373001256,0.45817927738511727,59.1261321743733,25.67511168690326,11469.077075886078,0.0012835360258065382,0.33097120933116553,22.82063415434979,14.28591538563821,30907517.89420628,0.0,53899254.370190084,3847.2508743710887,992033.0946095724,66989954.47847137,3075737005.0361032
206,2024-11-01,10.31204317069401,0.0,17.983137940288913,288.94340373001256,0.45817927738511727,59.1261321743733,25.67511168690326,11469.077075886078,0.0012835360258065382,0.33097120933116553,22.82063415434979,14.28591538563821,30907517.89420628,0.0,53899254.370190084,3847.2508743710887,992033.0946095724,66989954.47847137,3075737005.0361032
207,2024-11-01,10.31204317069401,0.0,17.983137940288913,288.94340373001256,0.45817927738511727,59.1261321743733,25.67511168690326,11469.077075886078,0.0012835360258065382,0.33097120933116553,22.82063415434979,14.28591538563821,30907517.89420628,0.0,53899254.370190084,3847.2508743710887,992033.0946095724,66989954.47847137,3075737005.0361032
208,2024-11-01,10.31204317069401,0.0,17.983137940288913,288.94340373001256,0.45817927738511727,59.1261321743733,25.67511168690326,11469.077075886078,0.0012835360258065382,0.33097120933116553,22.82063415434979,14.28591538563821,30907517.89420628,0.0,53899254.370190084,3847.2508743710887,992033.0946095724,66989954.47847137,3075737005.0361032
209,2024-11-01,10.31204317069401,0.0,17.983137940288913,288.94340373001256,0.45817927738511727,59.1261321743733,25.67511168690326,11469.077075886078,0.0012835360258065382,0.33097120933116553,22.82063415434979,14.28591538563821,30907517.89420628,0.0,53899254.370190084,3847.2508743710887,992033.0946095724,66989954.47847137,3075737005.0361032
210,2024-11-01,10.31204317069401,0.0,17.983137940288913,288.94340373001256,0.45817927738511727,59.1261321743733,25.67511168690326,11469.077075886078,0.0012835360258065382,0.33097120933116553,22.82063415434979,14.28591538563821,30907517.89420628,0.0,53899254.370190084,3847.2508743710887,992033.0946095724,66989954.47847137,3075737005.0361032
211,2024-11-01,10.31204317069401,0.0,17.983137940288913,288.94340373001256,0.45817927738511727,59.1261321743733,25.67511168690326,11469.077075886078,0.0012835360258065382,0.33097120933116553,22.82063415434979,14.28591538563821,30907517.89420628,0.0,53899254.370190084,3847.2508743710887,992033.0946095724,66989954.47847137,3075737005.0361032
212,2024-11-01,10.31204317069401,0.0,17.983137940288913,288.94340373001256,0.45817927738511727,59.1261321743733,25.67511168690326,11469.077075886078,0.0012835360258065382,0.33097120933116553,22.82063415434979,14.28591538563821,30907517.89420628,0.0,53899254.370190084,3847.2508743710887,992033.0946095724,66989954.47847137,3075737005.0361032
213,2024-11-01,10.31204317069401,0.0,17.983137940288913,288.94340373001256,0.45817927738511727,59.1261321743733,25.67511168690326,11469.077075886078,0.0012835360258065382,0.33097120933116553,22.82063415434979,14.28591538563821,30907517.89420628,0.0,53899254.370190084,3847.2508743710887,992033.0946095724,66989954.47847137,3075737005.0361032
214,2024-11-01,10.31204317069401,0.0,17.983137940288913,288.94340373001256,0.45817927738511727,59.1261321743733,25.67511168690326,11469.077075886078,0.0012835360258065382,0.33097120933116553,22.82063415434979,14.28591538563821,30907517.89420628,0.0,53899254.370190084,3847.2508743710887,992033.0946095724,66989954.47847137,3075737005.0361032
215,2024-11-01,10.31204317069401,0.0,17.983137940288913,288.94340373001256,0.45817927738511727,59.1261321743733,25.67511168690326,11469.077075886078,0.0012835360258065382,0.33097120933116553,22.82063415434979,14.28591538563821,30907517.89420628,0.0,53899254.370190084,3847.2508743710887,992033.0946095724,66989954.47847137,3075737005.0361032
216,2024-11-01,10.31204317069401,0.0,17.983137940288913,288.94340373001256,0.45817927738511727,59.1261321743733,25.67511168690326,11469.077075886078,0.0012835360258065382,0.33097120933116553,22.82063415434979,14.28591538563821,30907517.89420628,0.0,53899254.370190084,3847.2508743710887,992033.0946095724,66989954.47847137,3075737005.0361032
217,2024-11-01,10.31204317069401,0.0,17.983137940288913,288.94340373001256,0.45817927738511727,59.1261321743733,25.67511168690326,11469.077075886078,0.0012835360258065382,0.33097120933116553,22.82063415434979,14.28591538563821,30907517.89420628,0.0,53899254.370190084,3847.2508743710887,992033.0946095724,66989954.47847137,3075737005.0361032
218,2024-11-01,10.31204317069401,0.0,17.983137940288913,288.94340373001256,0.45817927738511727,59.1261321743733,25.67511168690326,11469.077075886078,0.0012835360258065382,0.33097120933116553,22.82063415434979,14.28591538563821,30907517.89420628,0.0,53899254.370190084,3847.2508743710887,992033.0946095724,66989954.47847137,3075737005.0361032
219,2024-11-01,10.31204317069401,0.0,17.983137940288913,288.94340373001256,0.45817927738511727,59.1261321743733,25.67511168690326,11469.077075886078,0.0012835360258065382,0.33097120933116553,22.82063415434979,14.28591538563821,30907517.89420628,0.0,53899254.370190084,3847.2508743710887,992033.0946095724,66989954.47847137,3075737005.0361032
220,2024-12-01,0.5847804345272325,0.0,23.23367698944158,288.94340373001256,0.45817927738511727,59.1261321743733,25.67511168690326,11469.077075886078,0.0,0.02691195892650076,16.950933281432498,8.076449547407833,1752635.8112309885,0.0,69636408.74836113,0.0,80664.76296246215,49759537.50560806,3075737005.0361032
221,2024-12-01,0.5847804345272325,0.0,23.23367698944158,288.94340373001256,0.45817927738511727,59.1261321743733,25.67511168690326,11469.077075886078,0.0,0.02691195892650076,16.950933281432498,8.076449547407833,1752635.8112309885,0.0,69636408.74836113,0.0,80664.76296246215,49759537.50560806,3075737005.0361032
222,2024-12-01,0.5847804345272325,0.0,23.23367698944158,288.94340373001256,0.45817927738511727,59.1261321743733,25.67511168690326,11469.077075886078,0.0,0.02691195892650076,16.950933281432498,8.076449547407833,1752635.8112309885,0.0,69636408.74836113,0.0,80664.76296246215,49759537.50560806,3075737005.0361032
223,2024-12-01,0.5847804345272325,0.0,23.23367698944158,288.94340373001256,0.45817927738511727,59.1261321743733,25.67511168690326,11469.077075886078,0.0,0.02691195892650076,16.950933281432498,8.076449547407833,1752635.8112309885,0.0,69636408.74836113,0.0,80664.76296246215,49759537.50560806,3075737005.0361032
224,2024-12-01,0.5847804345272325,0.0,23.23367698944158,288.94340373001256,0.45817927738511727,59.1261321743733,25.67511168690326,11469.077075886078,0.0,0.02691195892650076,16.950933281432498,8.076449547407833,1752635.8112309885,0.0,69636408.74836113,0.0,80664.76296246215,49759537.50560806,3075737005.0361032
225,2024-12-01,0.5847804345272325,0.0,23.23367698944158,288.94340373001256,0.45817927738511727,59.1261321743733,25.67511168690326,11469.077075886078,0.0,0.02691195892650076,16.950933281432498,8.076449547407833,1752635.8112309885,0.0,69636408.74836113,0.0,80664.76296246215,49759537.50560806,3075737005.0361032
226,2024-12-01,0.5847804345272325,0.0,23.23367698944158,288.94340373001256,0.45817927738511727,59.1261321743733,25.67511168690326,11469.077075886078,0.0,0.02691195892650076,16.950933281432498,8.076449547407833,1752635.8112309885,0.0,69636408.74836113,0.0,80664.76296246215,49759537.50560806,3075737005.0361032
227,2024-12-01,0.5847804345272325,0.0,23.23367698944158,288.94340373001256,0.45817927738511727,59.1261321743733,25.67511168690326,11469.077075886078,0.0,0.02691195892650076,16.950933281432498,8.076449547407833,1752635.8112309885,0.0,69636408.74836113,0.0,80664.76296246215,49759537.50560806,3075737005.0361032
228,2024-12-01,0.5847804345272325,0.0,23.23367698944158,288.94340373001256,0.45817927738511727,59.1261321743733,25.67511168690326,11469.077075886078,0.0,0.02691195892650076,16.950933281432498,8.076449547407833,1752635.8112309885,0.0,69636408.74836113,0.0,80664.76296246215,49759537.50560806,3075737005.0361032
229,2024-12-01,0.5847804345272325,0.0,23.23367698944158,288.94340373001256,0.45817927738511727,59.1261321743733,25.67511168690326,11469.077075886078,0.0,0.02691195892650076,16.950933281432498,8.076449547407833,1752635.8112309885,0.0,69636408.74836113,0.0,80664.76296246215,49759537.50560806,3075737005.0361032
230,2024-12-01,0.5847804345272325,0.0,23.23367698944158,288.94340373001256,0.45817927738511727,59.1261321743733,25.67511168690326,11469.077075886078,0.0,0.02691195892650076,16.950933281432498,8.076449547407833,1752635.8112309885,0.0,69636408.74836113,0.0,80664.76296246215,49759537.50560806,3075737005.0361032
231,2024-12-01,0.5847804345272325,0.0,23.23367698944158,288.94340373001256,0.45817927738511727,59.1261321743733,25.67511168690326,11469.077075886078,0.0,0.02691195892650076,16.950933281432498,8.076449547407833,1752635.8112309885,0.0,69636408.74836113,0.0,80664.76296246215,49759537.50560806,3075737005.0361032
232,2024-12-01,0.5847804345272325,0.0,23.23367698944158,288.94340373001256,0.45817927738511727,59.1261321743733,25.67511168690326,11469.077075886078,0.0,0.02691195892650076,16.950933281432498,8.076449547407833,1752635.8112309885,0.0,69636408.74836113,0.0,80664.76296246215,49759537.50560806,3075737005.0361032
233,2024-12-01,0.5847804345272325,0.0,23.23367698944158,288.94340373001256,0.45817927738511727,59.1261321743733,25.67511168690326,11469.077075886078,0.0,0.02691195892650076,16.950933281432498,8.076449547407833,1752635.8112309885,0.0,69636408.74836113,0.0,80664.76296246215,49759537.50560806,3075737005.0361032
234,2024-12-01,0.5847804345272325,0.0,23.23367698944158,288.94340373001256,0.45817927738511727,59.1261321743733,25.67511168690326,11469.077075886078,0.0,0.02691195892650076,16.950933281432498,8.076449547407833,1752635.8112309885,0.0,69636408.74836113,0.0,80664.76296246215,49759537.50560806,3075737005.0361032
235,2024-12-01,0.5847804345272325,0.0,23.23367698944158,288.94340373001256,0.45817927738511727,59.1261321743733,25.67511168690326,11469.077075886078,0.0,0.02691195892650076,16.950933281432498,8.076449547407833,1752635.8112309885,0.0,69636408.74836113,0.0,80664.76296246215,49759537.50560806,3075737005.0361032
236,2024-12-01,0.5847804345272325,0.0,23.23367698944158,288.94340373001256,0.45817927738511727,59.1261321743733,25.67511168690326,11469.077075886078,0.0,0.02691195892650076,16.950933281432498,8.076449547407833,1752635.8112309885,0.0,69636408.74836113,0.0,80664.76296246215,49759537.50560806,3075737005.0361032
237,2024-12-01,0.5847804345272325,0.0,23.23367698944158,288.94340373001256,0.45817927738511727,59.1261321743733,25.67511168690326,11469.077075886078,0.0,0.02691195892650076,16.950933281432498,8.076449547407833,1752635.8112309885,0.0,69636408.74836113,0.0,80664.76296246215,49759537.50560806,3075737005.0361032
238,2024-12-01,0.5847804345272325,0.0,23.23367698944158,288.94340373001256,0.45817927738511727,59.1261321743733,25.67511168690326,11469.077075886078,0.0,0.02691195892650076,16.950933281432498,8.076449547407833,1752635.8112309885,0.0,69636408.74836113,0.0,80664.76296246215,49759537.50560806,3075737005.0361032
239,2024-12-01,0.5847804345272325,0.0,23.23367698944158,288.94340373001256,0.45817927738511727,59.1261321743733,25.67511168690326,11469.077075886078,0.0,0.02691195892650076,16.950933281432498,8.076449547407833,1752635.8112309885,0.0,69636408.74836113,0.0,80664.76296246215,49759537.50560806,3075737005.0361032
