,Date,precip_and_snowmelt_input_Blacks Fork_mean,irrigation_Blacks Fork_mean,AET_Blacks Fork_mean,soil_thickness_Blacks Fork_mean,soil_porosity_Blacks Fork_mean,field_capacity_Blacks Fork_mean,wilting_point_Blacks Fork_mean,Geo_K_Blacks Fork_mean,Runoff_Blacks Fork_mean,Recharge_Blacks Fork_mean,Soil_Water_End_Of_Previous_Timestep_Blacks Fork_mean,Soil_Saturation_Percent_End_Of_Timestep_Blacks Fork_mean,precip_and_snowmelt_input_m3_Blacks Fork_sum,irrigation_m3_Blacks Fork_sum,AET_m3_Blacks Fork_sum,Runoff_m3_Blacks Fork_sum,Recharge_m3_Blacks Fork_sum,Soil_Water_End_Of_Previous_Timestep_m3_Blacks Fork_sum,Blacks Fork_area_m2
0,2024-01-01,34.557407779257915,0.0,5.953387272068594,510.3948814853768,0.4755002547264526,107.8251835602823,54.942414333877544,15059.319989881385,1.245904651668719,11.083248032295403,52.74729147880809,24.719367855223712,243809581.8822719,0.0,41619166.64409415,8790498.741608545,78197469.53146864,368782091.13997245,7096507475.897791
1,2024-01-01,34.557407779257915,0.0,5.953387272068594,510.3948814853768,0.4755002547264526,107.8251835602823,54.942414333877544,15059.319989881385,1.245904651668719,11.083248032295403,52.74729147880809,24.719367855223712,243809581.8822719,0.0,41619166.64409415,8790498.741608545,78197469.53146864,368782091.13997245,7096507475.897791
2,2024-01-01,34.557407779257915,0.0,5.953387272068594,510.3948814853768,0.4755002547264526,107.8251835602823,54.942414333877544,15059.319989881385,1.245904651668719,11.083248032295403,52.74729147880809,24.719367855223712,243809581.8822719,0.0,41619166.64409415,8790498.741608545,78197469.53146864,368782091.13997245,7096507475.897791
3,2024-01-01,34.557407779257915,0.0,5.953387272068594,510.3948814853768,0.4755002547264526,107.8251835602823,54.942414333877544,15059.319989881385,1.245904651668719,11.083248032295403,52.74729147880809,24.719367855223712,243809581.8822719,0.0,41619166.64409415,8790498.741608545,78197469.53146864,368782091.13997245,7096507475.897791
4,2024-01-01,34.557407779257915,0.0,5.953387272068594,510.3948814853768,0.4755002547264526,107.8251835602823,54.942414333877544,15059.319989881385,1.245904651668719,11.083248032295403,52.74729147880809,24.719367855223712,243809581.8822719,0.0,41619166.64409415,8790498.741608545,78197469.53146864,368782091.13997245,7096507475.893113
5,2024-01-01,34.557407779257915,0.0,5.953387272068594,510.3948814853768,0.4755002547264526,107.8251835602823,54.942414333877544,15059.319989881385,1.245904651668719,11.083248032295403,52.74729147880809,24.719367855223712,243809581.8822719,0.0,41619166.64409415,8790498.741608545,78197469.53146864,368782091.13997245,7096507475.897791
6,2024-01-01,34.557407779257915,0.0,5.953387272068594,510.3948814853768,0.4755002547264526,107.8251835602823,54.942414333877544,15059.319989881385,1.245904651668719,11.083248032295403,52.74729147880809,24.719367855223712,243809581.8822719,0.0,41619166.64409415,8790498.741608545,78197469.53146864,368782091.13997245,7096507475.897791
7,2024-01-01,34.557407779257915,0.0,5.953387272068594,510.3948814853768,0.4755002547264526,107.8251835602823,54.942414333877544,15059.319989881385,1.245904651668719,11.083248032295403,52.74729147880809,24.719367855223712,243809581.8822719,0.0,41619166.64409415,8790498.741608545,78197469.53146864,368782091.13997245,7096507475.897791
8,2024-01-01,34.557407779257915,0.0,5.953387272068594,510.3948814853768,0.4755002547264526,107.8251835602823,54.942414333877544,15059.319989881385,1.245904651668719,11.083248032295403,52.74729147880809,24.719367855223712,243809581.8822719,0.0,41619166.64409415,8790498.741608545,78197469.53146864,368782091.13997245,7096507475.893113
9,2024-01-01,34.557407779257915,0.0,5.953387272068594,510.3948814853768,0.4755002547264526,107.8251835602823,54.942414333877544,15059.319989881385,1.245904651668719,11.083248032295403,52.74729147880809,24.719367855223712,243809581.8822719,0.0,41619166.64409415,8790498.741608545,78197469.53146864,368782091.13997245,7096507475.893113
10,2024-01-01,34.557407779257915,0.0,5.953387272068594,510.3948814853768,0.4755002547264526,107.8251835602823,54.942414333877544,15059.319989881385,1.245904651668719,11.083248032295403,52.74729147880809,24.719367855223712,243809581.8822719,0.0,41619166.64409415,8790498.741608545,78197469.53146864,368782091.13997245,7096507475.897791
11,2024-01-01,34.557407779257915,0.0,5.953387272068594,510.3948814853768,0.4755002547264526,107.8251835602823,54.942414333877544,15059.319989881385,1.245904651668719,11.083248032295403,52.74729147880809,24.719367855223712,243809581.8822719,0.0,41619166.64409415,8790498.741608545,78197469.53146864,368782091.13997245,7096507475.897791
12,2024-01-01,34.557407779257915,0.0,5.953387272068594,510.3948814853768,0.4755002547264526,107.8251835602823,54.942414333877544,15059.319989881385,1.245904651668719,11.083248032295403,52.74729147880809,24.719367855223712,243809581.8822719,0.0,41619166.64409415,8790498.741608545,78197469.53146864,368782091.13997245,7096507475.897791
13,2024-01-01,34.557407779257915,0.0,5.953387272068594,510.3948814853768,0.4755002547264526,107.8251835602823,54.942414333877544,15059.319989881385,1.245904651668719,11.083248032295403,52.74729147880809,24.719367855223712,243809581.8822719,0.0,41619166.64409415,8790498.741608545,78197469.53146864,368782091.13997245,7096507475.897791
14,2024-01-01,34.557407779257915,0.0,5.953387272068594,510.3948814853768,0.4755002547264526,107.8251835602823,54.942414333877544,15059.319989881385,1.245904651668719,11.083248032295403,52.74729147880809,24.719367855223712,243809581.8822719,0.0,41619166.64409415,8790498.741608545,78197469.53146864,368782091.13997245,7096507475.893113
15,2024-01-01,34.557407779257915,0.0,5.953387272068594,510.3948814853768,0.4755002547264526,107.8251835602823,54.942414333877544,15059.319989881385,1.245904651668719,11.083248032295403,52.74729147880809,24.719367855223712,243809581.8822719,0.0,41619166.64409415,8790498.741608545,78197469.53146864,368782091.13997245,7096507475.897791
16,2024-01-01,34.557407779257915,0.0,5.953387272068594,510.3948814853768,0.4755002547264526,107.8251835602823,54.942414333877544,15059.319989881385,1.245904651668719,11.083248032295403,52.74729147880809,24.719367855223712,243809581.8822719,0.0,41619166.64409415,8790498.741608545,78197469.53146864,368782091.13997245,7096507475.897791
17,2024-01-01,34.557407779257915,0.0,5.953387272068594,510.3948814853768,0.4755002547264526,107.8251835602823,54.942414333877544,15059.319989881385,1.245904651668719,11.083248032295403,52.74729147880809,24.719367855223712,243809581.8822719,0.0,41619166.64409415,8790498.741608545,78197469.53146864,368782091.13997245,7096507475.897791
18,2024-01-01,34.557407779257915,0.0,5.953387272068594,510.3948814853768,0.4755002547264526,107.8251835602823,54.942414333877544,15059.319989881385,1.245904651668719,11.083248032295403,52.74729147880809,24.719367855223712,243809581.8822719,0.0,41619166.64409415,8790498.741608545,78197469.53146864,368782091.13997245,7096507475.897791
19,2024-01-01,34.557407779257915,0.0,5.953387272068594,510.3948814853768,0.4755002547264526,107.8251835602823,54.942414333877544,15059.319989881385,1.245904651668719,11.083248032295403,52.74729147880809,24.719367855223712,243809581.8822719,0.0,41619166.64409415,8790498.741608545,78197469.53146864,368782091.13997245,7096507475.897791
20,2024-02-01,45.693377258184526,0.0,14.815058567805826,510.3948814853768,0.4755002547264526,107.8251835602823,54.942414333877544,15059.319989881385,4.276047371407023,18.865532038093967,60.75493990174047,28.178665434095116,322376140.3328713,0.0,103570361.39647837,30169611.557704277,133105433.64924341,424771222.09346515,7096507475.897791
21,2024-02-01,45.693377258184526,0.0,14.815058567805826,510.3948814853768,0.4755002547264526,107.8251835602823,54.942414333877544,15059.319989881385,4.276047371407023,18.865532038093967,60.75493990174047,28.178665434095116,322376140.3328713,0.0,103570361.39647837,30169611.557704277,133105433.64924341,424771222.09346515,7096507475.897791
22,2024-02-01,45.693377258184526,0.0,14.815058567805826,510.3948814853768,0.4755002547264526,107.8251835602823,54.942414333877544,15059.319989881385,4.276047371407023,18.865532038093967,60.75493990174047,28.178665434095116,322376140.3328713,0.0,103570361.39647837,30169611.557704277,133105433.64924341,424771222.09346515,7096507475.897791
23,2024-02-01,45.693377258184526,0.0,14.815058567805826,510.3948814853768,0.4755002547264526,107.8251835602823,54.942414333877544,15059.319989881385,4.276047371407023,18.865532038093967,60.75493990174047,28.178665434095116,322376140.3328713,0.0,103570361.39647837,30169611.557704277,133105433.64924341,424771222.09346515,7096507475.897791
24,2024-02-01,45.693377258184526,0.0,14.815058567805826,510.3948814853768,0.4755002547264526,107.8251835602823,54.942414333877544,15059.319989881385,4.276047371407023,18.865532038093967,60.75493990174047,28.178665434095116,322376140.3328713,0.0,103570361.39647837,30169611.557704277,133105433.64924341,424771222.09346515,7096507475.897791
25,2024-02-01,45.693377258184526,0.0,14.815058567805826,510.3948814853768,0.4755002547264526,107.8251835602823,54.942414333877544,15059.319989881385,4.276047371407023,18.865532038093967,60.75493990174047,28.178665434095116,322376140.3328713,0.0,103570361.39647837,30169611.557704277,133105433.64924341,424771222.09346515,7096507475.893113
26,2024-02-01,45.693377258184526,0.0,14.815058567805826,510.3948814853768,0.4755002547264526,107.8251835602823,54.942414333877544,15059.319989881385,4.276047371407023,18.865532038093967,60.75493990174047,28.178665434095116,322376140.3328713,0.0,103570361.39647837,30169611.557704277,133105433.64924341,424771222.09346515,7096507475.893113
27,2024-02-01,45.693377258184526,0.0,14.815058567805826,510.3948814853768,0.4755002547264526,107.8251835602823,54.942414333877544,15059.319989881385,4.276047371407023,18.865532038093967,60.75493990174047,28.178665434095116,322376140.3328713,0.0,103570361.39647837,30169611.557704277,133105433.64924341,424771222.09346515,7096507475.897791
28,2024-02-01,45.693377258184526,0.0,14.815058567805826,510.3948814853768,0.4755002547264526,107.8251835602823,54.942414333877544,15059.319989881385,4.276047371407023,18.865532038093967,60.75493990174047,28.178665434095116,322376140.3328713,0.0,103570361.39647837,30169611.557704277,133105433.64924341,424771222.09346515,7096507475.897791
29,2024-02-01,45.693377258184526,0.0,14.815058567805826,510.3948814853768,0.4755002547264526,107.8251835602823,54.942414333877544,15059.319989881385,4.276047371407023,18.865532038093967,60.75493990174047,28.178665434095116,322376140.3328713,0.0,103570361.39647837,30169611.557704277,133105433.64924341,424771222.09346515,7096507475.897791
30,2024-02-01,45.693377258184526,0.0,14.815058567805826,510.3948814853768,0.4755002547264526,107.8251835602823,54.942414333877544,15059.319989881385,4.276047371407023,18.865532038093967,60.75493990174047,28.178665434095116,322376140.3328713,0.0,103570361.39647837,30169611.557704277,133105433.64924341,424771222.09346515,7096507475.897791
31,2024-02-01,45.693377258184526,0.0,14.815058567805826,510.3948814853768,0.4755002547264526,107.8251835602823,54.942414333877544,15059.319989881385,4.276047371407023,18.865532038093967,60.75493990174047,28.178665434095116,322376140.3328713,0.0,103570361.39647837,30169611.557704277,133105433.64924341,424771222.09346515,7096507475.897791
32,2024-02-01,45.693377258184526,0.0,14.815058567805826,510.3948814853768,0.4755002547264526,107.8251835602823,54.942414333877544,15059.319989881385,4.276047371407023,18.865532038093967,60.75493990174047,28.178665434095116,322376140.3328713,0.0,103570361.39647837,30169611.557704277,133105433.64924341,424771222.09346515,7096507475.897791
33,2024-02-01,45.693377258184526,0.0,14.815058567805826,510.3948814853768,0.4755002547264526,107.8251835602823,54.942414333877544,15059.319989881385,4.276047371407023,18.865532038093967,60.75493990174047,28.178665434095116,322376140.3328713,0.0,103570361.39647837,30169611.557704277,133105433.64924341,424771222.09346515,7096507475.897791
34,2024-02-01,45.693377258184526,0.0,14.815058567805826,510.3948814853768,0.4755002547264526,107.8251835602823,54.942414333877544,15059.319989881385,4.276047371407023,18.865532038093967,60.75493990174047,28.178665434095116,322376140.3328713,0.0,103570361.39647837,30169611.557704277,133105433.64924341,424771222.09346515,7096507475.893113
35,2024-02-01,45.693377258184526,0.0,14.815058567805826,510.3948814853768,0.4755002547264526,107.8251835602823,54.942414333877544,15059.319989881385,4.276047371407023,18.865532038093967,60.75493990174047,28.178665434095116,322376140.3328713,0.0,103570361.39647837,30169611.557704277,133105433.64924341,424771222.09346515,7096507475.897791
36,2024-02-01,45.693377258184526,0.0,14.815058567805826,510.3948814853768,0.4755002547264526,107.8251835602823,54.942414333877544,15059.319989881385,4.276047371407023,18.865532038093967,60.75493990174047,28.178665434095116,322376140.3328713,0.0,103570361.39647837,30169611.557704277,133105433.64924341,424771222.09346515,7096507475.897791
37,2024-02-01,45.693377258184526,0.0,14.815058567805826,510.3948814853768,0.4755002547264526,107.8251835602823,54.942414333877544,15059.319989881385,4.276047371407023,18.865532038093967,60.75493990174047,28.178665434095116,322376140.3328713,0.0,103570361.39647837,30169611.557704277,133105433.64924341,424771222.09346515,7096507475.897791
38,2024-02-01,45.693377258184526,0.0,14.815058567805826,510.3948814853768,0.4755002547264526,107.8251835602823,54.942414333877544,15059.319989881385,4.276047371407023,18.865532038093967,60.75493990174047,28.178665434095116,322376140.3328713,0.0,103570361.39647837,30169611.557704277,133105433.64924341,424771222.09346515,7096507475.893113
39,2024-02-01,45.693377258184526,0.0,14.815058567805826,510.3948814853768,0.4755002547264526,107.8251835602823,54.942414333877544,15059.319989881385,4.276047371407023,18.865532038093967,60.75493990174047,28.178665434095116,322376140.3328713,0.0,103570361.39647837,30169611.557704277,133105433.64924341,424771222.09346515,7096507475.897791
40,2024-03-01,45.08858751469145,0.0,35.4663808718754,510.3948814853768,0.4755002547264526,107.8251835602823,54.942414333877544,15059.319989881385,2.9991493711569746,17.41654853466061,54.321982116296866,25.35128404984422,318106864.7418483,0.0,247949283.58071375,21160472.02583781,122882402.03332736,379798788.38828033,7096507475.897791
41,2024-03-01,45.08858751469145,0.0,35.4663808718754,510.3948814853768,0.4755002547264526,107.8251835602823,54.942414333877544,15059.319989881385,2.9991493711569746,17.41654853466061,54.321982116296866,25.35128404984422,318106864.7418483,0.0,247949283.58071375,21160472.02583781,122882402.03332736,379798788.38828033,7096507475.897791
42,2024-03-01,45.08858751469145,0.0,35.4663808718754,510.3948814853768,0.4755002547264526,107.8251835602823,54.942414333877544,15059.319989881385,2.9991493711569746,17.41654853466061,54.321982116296866,25.35128404984422,318106864.7418483,0.0,247949283.58071375,21160472.02583781,122882402.03332736,379798788.38828033,7096507475.897791
43,2024-03-01,45.08858751469145,0.0,35.4663808718754,510.3948814853768,0.4755002547264526,107.8251835602823,54.942414333877544,15059.319989881385,2.9991493711569746,17.41654853466061,54.321982116296866,25.35128404984422,318106864.7418483,0.0,247949283.58071375,21160472.02583781,122882402.03332736,379798788.38828033,7096507475.897791
44,2024-03-01,45.08858751469145,0.0,35.4663808718754,510.3948814853768,0.4755002547264526,107.8251835602823,54.942414333877544,15059.319989881385,2.9991493711569746,17.41654853466061,54.321982116296866,25.35128404984422,318106864.7418483,0.0,247949283.58071375,21160472.02583781,122882402.03332736,379798788.38828033,7096507475.897791
45,2024-03-01,45.08858751469145,0.0,35.4663808718754,510.3948814853768,0.4755002547264526,107.8251835602823,54.942414333877544,15059.319989881385,2.9991493711569746,17.41654853466061,54.321982116296866,25.35128404984422,318106864.7418483,0.0,247949283.58071375,21160472.02583781,122882402.03332736,379798788.38828033,7096507475.897791
46,2024-03-01,45.08858751469145,0.0,35.4663808718754,510.3948814853768,0.4755002547264526,107.8251835602823,54.942414333877544,15059.319989881385,2.9991493711569746,17.41654853466061,54.321982116296866,25.35128404984422,318106864.7418483,0.0,247949283.58071375,21160472.02583781,122882402.03332736,379798788.38828033,7096507475.897791
47,2024-03-01,45.08858751469145,0.0,35.4663808718754,510.3948814853768,0.4755002547264526,107.8251835602823,54.942414333877544,15059.319989881385,2.9991493711569746,17.41654853466061,54.321982116296866,25.35128404984422,318106864.7418483,0.0,247949283.58071375,21160472.02583781,122882402.03332736,379798788.38828033,7096507475.897791
48,2024-03-01,45.08858751469145,0.0,35.4663808718754,510.3948814853768,0.4755002547264526,107.8251835602823,54.942414333877544,15059.319989881385,2.9991493711569746,17.41654853466061,54.321982116296866,25.35128404984422,318106864.7418483,0.0,247949283.58071375,21160472.02583781,122882402.03332736,379798788.38828033,7096507475.893113
49,2024-03-01,45.08858751469145,0.0,35.4663808718754,510.3948814853768,0.4755002547264526,107.8251835602823,54.942414333877544,15059.319989881385,2.9991493711569746,17.41654853466061,54.321982116296866,25.35128404984422,318106864.7418483,0.0,247949283.58071375,21160472.02583781,122882402.03332736,379798788.38828033,7096507475.893113
50,2024-03-01,45.08858751469145,0.0,35.4663808718754,510.3948814853768,0.4755002547264526,107.8251835602823,54.942414333877544,15059.319989881385,2.9991493711569746,17.41654853466061,54.321982116296866,25.35128404984422,318106864.7418483,0.0,247949283.58071375,21160472.02583781,122882402.03332736,379798788.38828033,7096507475.897791
51,2024-03-01,45.08858751469145,0.0,35.4663808718754,510.3948814853768,0.4755002547264526,107.8251835602823,54.942414333877544,15059.319989881385,2.9991493711569746,17.41654853466061,54.321982116296866,25.35128404984422,318106864.7418483,0.0,247949283.58071375,21160472.02583781,122882402.03332736,379798788.38828033,7096507475.893113
52,2024-03-01,45.08858751469145,0.0,35.4663808718754,510.3948814853768,0.4755002547264526,107.8251835602823,54.942414333877544,15059.319989881385,2.9991493711569746,17.41654853466061,54.321982116296866,25.35128404984422,318106864.7418483,0.0,247949283.58071375,21160472.02583781,122882402.03332736,379798788.38828033,7096507475.897791
53,2024-03-01,45.08858751469145,0.0,35.4663808718754,510.3948814853768,0.4755002547264526,107.8251835602823,54.942414333877544,15059.319989881385,2.9991493711569746,17.41654853466061,54.321982116296866,25.35128404984422,318106864.7418483,0.0,247949283.58071375,21160472.02583781,122882402.03332736,379798788.38828033,7096507475.893113
54,2024-03-01,45.08858751469145,0.0,35.4663808718754,510.3948814853768,0.4755002547264526,107.8251835602823,54.942414333877544,15059.319989881385,2.9991493711569746,17.41654853466061,54.321982116296866,25.35128404984422,318106864.7418483,0.0,247949283.58071375,21160472.02583781,122882402.03332736,379798788.38828033,7096507475.897791
55,2024-03-01,45.08858751469145,0.0,35.4663808718754,510.3948814853768,0.4755002547264526,107.8251835602823,54.942414333877544,15059.319989881385,2.9991493711569746,17.41654853466061,54.321982116296866,25.35128404984422,318106864.7418483,0.0,247949283.58071375,21160472.02583781,122882402.03332736,379798788.38828033,7096507475.897791
56,2024-03-01,45.08858751469145,0.0,35.4663808718754,510.3948814853768,0.4755002547264526,107.8251835602823,54.942414333877544,15059.319989881385,2.9991493711569746,17.41654853466061,54.321982116296866,25.35128404984422,318106864.7418483,0.0,247949283.58071375,21160472.02583781,122882402.03332736,379798788.38828033,7096507475.897791
57,2024-03-01,45.08858751469145,0.0,35.4663808718754,510.3948814853768,0.4755002547264526,107.8251835602823,54.942414333877544,15059.319989881385,2.9991493711569746,17.41654853466061,54.321982116296866,25.35128404984422,318106864.7418483,0.0,247949283.58071375,21160472.02583781,122882402.03332736,379798788.38828033,7096507475.897791
58,2024-03-01,45.08858751469145,0.0,35.4663808718754,510.3948814853768,0.4755002547264526,107.8251835602823,54.942414333877544,15059.319989881385,2.9991493711569746,17.41654853466061,54.321982116296866,25.35128404984422,318106864.7418483,0.0,247949283.58071375,21160472.02583781,122882402.03332736,379798788.38828033,7096507475.897791
59,2024-03-01,45.08858751469145,0.0,35.4663808718754,510.3948814853768,0.4755002547264526,107.8251835602823,54.942414333877544,15059.319989881385,2.9991493711569746,17.41654853466061,54.321982116296866,25.35128404984422,318106864.7418483,0.0,247949283.58071375,21160472.02583781,122882402.03332736,379798788.38828033,7096507475.897791
60,2024-04-01,32.8858701004944,0.0028143165432893127,45.58887815481222,510.3948814853768,0.4755002547264526,107.8251835602823,54.942414333877544,15059.319989881385,0.6018179398623009,11.68808360751625,41.586965163486816,18.985591856143586,232014746.83174935,19856.780551059317,318724107.6702195,4246155.4902310865,82465400.54608612,290762168.79618675,7096507475.893113
61,2024-04-01,32.8858701004944,0.0028143165432893127,45.58887815481222,510.3948814853768,0.4755002547264526,107.8251835602823,54.942414333877544,15059.319989881385,0.6018179398623009,11.68808360751625,41.586965163486816,18.985591856143586,232014746.83174935,19856.780551059317,318724107.6702195,4246155.4902310865,82465400.54608612,290762168.79618675,7096507475.897791
62,2024-04-01,32.8858701004944,0.0028143165432893127,45.58887815481222,510.3948814853768,0.4755002547264526,107.8251835602823,54.942414333877544,15059.319989881385,0.6018179398623009,11.68808360751625,41.586965163486816,18.985591856143586,232014746.83174935,19856.780551059317,318724107.6702195,4246155.4902310865,82465400.54608612,290762168.79618675,7096507475.897791
63,2024-04-01,32.8858701004944,0.0028143165432893127,45.58887815481222,510.3948814853768,0.4755002547264526,107.8251835602823,54.942414333877544,15059.319989881385,0.6018179398623009,11.68808360751625,41.586965163486816,18.985591856143586,232014746.83174935,19856.780551059317,318724107.6702195,4246155.4902310865,82465400.54608612,290762168.79618675,7096507475.897791
64,2024-04-01,32.8858701004944,0.0028143165432893127,45.58887815481222,510.3948814853768,0.4755002547264526,107.8251835602823,54.942414333877544,15059.319989881385,0.6018179398623009,11.68808360751625,41.586965163486816,18.985591856143586,232014746.83174935,19856.780551059317,318724107.6702195,4246155.4902310865,82465400.54608612,290762168.79618675,7096507475.897791
65,2024-04-01,32.8858701004944,0.0028143165432893127,45.58887815481222,510.3948814853768,0.4755002547264526,107.8251835602823,54.942414333877544,15059.319989881385,0.6018179398623009,11.68808360751625,41.586965163486816,18.985591856143586,232014746.83174935,19856.780551059317,318724107.6702195,4246155.4902310865,82465400.54608612,290762168.79618675,7096507475.897791
66,2024-04-01,32.8858701004944,0.0028143165432893127,45.58887815481222,510.3948814853768,0.4755002547264526,107.8251835602823,54.942414333877544,15059.319989881385,0.6018179398623009,11.68808360751625,41.586965163486816,18.985591856143586,232014746.83174935,19856.780551059317,318724107.6702195,4246155.4902310865,82465400.54608612,290762168.79618675,7096507475.893113
67,2024-04-01,32.8858701004944,0.0028143165432893127,45.58887815481222,510.3948814853768,0.4755002547264526,107.8251835602823,54.942414333877544,15059.319989881385,0.6018179398623009,11.68808360751625,41.586965163486816,18.985591856143586,232014746.83174935,19856.780551059317,318724107.6702195,4246155.4902310865,82465400.54608612,290762168.79618675,7096507475.893113
68,2024-04-01,32.8858701004944,0.0028143165432893127,45.58887815481222,510.3948814853768,0.4755002547264526,107.8251835602823,54.942414333877544,15059.319989881385,0.6018179398623009,11.68808360751625,41.586965163486816,18.985591856143586,232014746.83174935,19856.780551059317,318724107.6702195,4246155.4902310865,82465400.54608612,290762168.79618675,7096507475.897791
69,2024-04-01,32.8858701004944,0.0028143165432893127,45.58887815481222,510.3948814853768,0.4755002547264526,107.8251835602823,54.942414333877544,15059.319989881385,0.6018179398623009,11.68808360751625,41.586965163486816,18.985591856143586,232014746.83174935,19856.780551059317,318724107.6702195,4246155.4902310865,82465400.54608612,290762168.79618675,7096507475.893113
70,2024-04-01,32.8858701004944,0.0028143165432893127,45.58887815481222,510.3948814853768,0.4755002547264526,107.8251835602823,54.942414333877544,15059.319989881385,0.6018179398623009,11.68808360751625,41.586965163486816,18.985591856143586,232014746.83174935,19856.780551059317,318724107.6702195,4246155.4902310865,82465400.54608612,290762168.79618675,7096507475.897791
71,2024-04-01,32.8858701004944,0.0028143165432893127,45.58887815481222,510.3948814853768,0.4755002547264526,107.8251835602823,54.942414333877544,15059.319989881385,0.6018179398623009,11.68808360751625,41.586965163486816,18.985591856143586,232014746.83174935,19856.780551059317,318724107.6702195,4246155.4902310865,82465400.54608612,290762168.79618675,7096507475.897791
72,2024-04-01,32.8858701004944,0.0028143165432893127,45.58887815481222,510.3948814853768,0.4755002547264526,107.8251835602823,54.942414333877544,15059.319989881385,0.6018179398623009,11.68808360751625,41.586965163486816,18.985591856143586,232014746.83174935,19856.780551059317,318724107.6702195,4246155.4902310865,82465400.54608612,290762168.79618675,7096507475.897791
73,2024-04-01,32.8858701004944,0.0028143165432893127,45.58887815481222,510.3948814853768,0.4755002547264526,107.8251835602823,54.942414333877544,15059.319989881385,0.6018179398623009,11.68808360751625,41.586965163486816,18.985591856143586,232014746.83174935,19856.780551059317,318724107.6702195,4246155.4902310865,82465400.54608612,290762168.79618675,7096507475.897791
74,2024-04-01,32.8858701004944,0.0028143165432893127,45.58887815481222,510.3948814853768,0.4755002547264526,107.8251835602823,54.942414333877544,15059.319989881385,0.6018179398623009,11.68808360751625,41.586965163486816,18.985591856143586,232014746.83174935,19856.780551059317,318724107.6702195,4246155.4902310865,82465400.54608612,290762168.79618675,7096507475.897791
75,2024-04-01,32.8858701004944,0.0028143165432893127,45.58887815481222,510.3948814853768,0.4755002547264526,107.8251835602823,54.942414333877544,15059.319989881385,0.6018179398623009,11.68808360751625,41.586965163486816,18.985591856143586,232014746.83174935,19856.780551059317,318724107.6702195,4246155.4902310865,82465400.54608612,290762168.79618675,7096507475.897791
76,2024-04-01,32.8858701004944,0.0028143165432893127,45.58887815481222,510.3948814853768,0.4755002547264526,107.8251835602823,54.942414333877544,15059.319989881385,0.6018179398623009,11.68808360751625,41.586965163486816,18.985591856143586,232014746.83174935,19856.780551059317,318724107.6702195,4246155.4902310865,82465400.54608612,290762168.79618675,7096507475.897791
77,2024-04-01,32.8858701004944,0.0028143165432893127,45.58887815481222,510.3948814853768,0.4755002547264526,107.8251835602823,54.942414333877544,15059.319989881385,0.6018179398623009,11.68808360751625,41.586965163486816,18.985591856143586,232014746.83174935,19856.780551059317,318724107.6702195,4246155.4902310865,82465400.54608612,290762168.79618675,7096507475.897791
78,2024-04-01,32.8858701004944,0.0028143165432893127,45.58887815481222,510.3948814853768,0.4755002547264526,107.8251835602823,54.942414333877544,15059.319989881385,0.6018179398623009,11.68808360751625,41.586965163486816,18.985591856143586,232014746.83174935,19856.780551059317,318724107.6702195,4246155.4902310865,82465400.54608612,290762168.79618675,7096507475.897791
79,2024-04-01,32.8858701004944,0.0028143165432893127,45.58887815481222,510.3948814853768,0.4755002547264526,107.8251835602823,54.942414333877544,15059.319989881385,0.6018179398623009,11.68808360751625,41.586965163486816,18.985591856143586,232014746.83174935,19856.780551059317,318724107.6702195,4246155.4902310865,82465400.54608612,290762168.79618675,7096507475.897791
80,2024-05-01,34.584361566247146,0.007317222554334776,60.66965342349964,510.3948814853768,0.4755002547264526,107.8251835602823,54.942414333877544,15059.319989881385,1.3268671063482167,4.633711910243421,28.42939516213821,13.61830312644627,243995572.67147753,51627.62619974006,424168307.93036056,9361689.705723897,32693007.848785598,198767028.68793106,7096507475.897791
81,2024-05-01,34.584361566247146,0.007317222554334776,60.66965342349964,510.3948814853768,0.4755002547264526,107.8251835602823,54.942414333877544,15059.319989881385,1.3268671063482167,4.633711910243421,28.42939516213821,13.61830312644627,243995572.67147753,51627.62619974006,424168307.93036056,9361689.705723897,32693007.848785598,198767028.68793106,7096507475.897791
82,2024-05-01,34.584361566247146,0.007317222554334776,60.66965342349964,510.3948814853768,0.4755002547264526,107.8251835602823,54.942414333877544,15059.319989881385,1.3268671063482167,4.633711910243421,28.42939516213821,13.61830312644627,243995572.67147753,51627.62619974006,424168307.93036056,9361689.705723897,32693007.848785598,198767028.68793106,7096507475.897791
83,2024-05-01,34.584361566247146,0.007317222554334776,60.66965342349964,510.3948814853768,0.4755002547264526,107.8251835602823,54.942414333877544,15059.319989881385,1.3268671063482167,4.633711910243421,28.42939516213821,13.61830312644627,243995572.67147753,51627.62619974006,424168307.93036056,9361689.705723897,32693007.848785598,198767028.68793106,7096507475.897791
84,2024-05-01,34.584361566247146,0.007317222554334776,60.66965342349964,510.3948814853768,0.4755002547264526,107.8251835602823,54.942414333877544,15059.319989881385,1.3268671063482167,4.633711910243421,28.42939516213821,13.61830312644627,243995572.67147753,51627.62619974006,424168307.93036056,9361689.705723897,32693007.848785598,198767028.68793106,7096507475.897791
85,2024-05-01,34.584361566247146,0.007317222554334776,60.66965342349964,510.3948814853768,0.4755002547264526,107.8251835602823,54.942414333877544,15059.319989881385,1.3268671063482167,4.633711910243421,28.42939516213821,13.61830312644627,243995572.67147753,51627.62619974006,424168307.93036056,9361689.705723897,32693007.848785598,198767028.68793106,7096507475.893113
86,2024-05-01,34.584361566247146,0.007317222554334776,60.66965342349964,510.3948814853768,0.4755002547264526,107.8251835602823,54.942414333877544,15059.319989881385,1.3268671063482167,4.633711910243421,28.42939516213821,13.61830312644627,243995572.67147753,51627.62619974006,424168307.93036056,9361689.705723897,32693007.848785598,198767028.68793106,7096507475.897791
87,2024-05-01,34.584361566247146,0.007317222554334776,60.66965342349964,510.3948814853768,0.4755002547264526,107.8251835602823,54.942414333877544,15059.319989881385,1.3268671063482167,4.633711910243421,28.42939516213821,13.61830312644627,243995572.67147753,51627.62619974006,424168307.93036056,9361689.705723897,32693007.848785598,198767028.68793106,7096507475.897791
88,2024-05-01,34.584361566247146,0.007317222554334776,60.66965342349964,510.3948814853768,0.4755002547264526,107.8251835602823,54.942414333877544,15059.319989881385,1.3268671063482167,4.633711910243421,28.42939516213821,13.61830312644627,243995572.67147753,51627.62619974006,424168307.93036056,9361689.705723897,32693007.848785598,198767028.68793106,7096507475.893113
89,2024-05-01,34.584361566247146,0.007317222554334776,60.66965342349964,510.3948814853768,0.4755002547264526,107.8251835602823,54.942414333877544,15059.319989881385,1.3268671063482167,4.633711910243421,28.42939516213821,13.61830312644627,243995572.67147753,51627.62619974006,424168307.93036056,9361689.705723897,32693007.848785598,198767028.68793106,7096507475.897791
90,2024-05-01,34.584361566247146,0.007317222554334776,60.66965342349964,510.3948814853768,0.4755002547264526,107.8251835602823,54.942414333877544,15059.319989881385,1.3268671063482167,4.633711910243421,28.42939516213821,13.61830312644627,243995572.67147753,51627.62619974006,424168307.93036056,9361689.705723897,32693007.848785598,198767028.68793106,7096507475.893113
91,2024-05-01,34.584361566247146,0.007317222554334776,60.66965342349964,510.3948814853768,0.4755002547264526,107.8251835602823,54.942414333877544,15059.319989881385,1.3268671063482167,4.633711910243421,28.42939516213821,13.61830312644627,243995572.67147753,51627.62619974006,424168307.93036056,9361689.705723897,32693007.848785598,198767028.68793106,7096507475.897791
92,2024-05-01,34.584361566247146,0.007317222554334776,60.66965342349964,510.3948814853768,0.4755002547264526,107.8251835602823,54.942414333877544,15059.319989881385,1.3268671063482167,4.633711910243421,28.42939516213821,13.61830312644627,243995572.67147753,51627.62619974006,424168307.93036056,9361689.705723897,32693007.848785598,198767028.68793106,7096507475.897791
93,2024-05-01,34.584361566247146,0.007317222554334776,60.66965342349964,510.3948814853768,0.4755002547264526,107.8251835602823,54.942414333877544,15059.319989881385,1.3268671063482167,4.633711910243421,28.42939516213821,13.61830312644627,243995572.67147753,51627.62619974006,424168307.93036056,9361689.705723897,32693007.848785598,198767028.68793106,7096507475.897791
94,2024-05-01,34.584361566247146,0.007317222554334776,60.66965342349964,510.3948814853768,0.4755002547264526,107.8251835602823,54.942414333877544,15059.319989881385,1.3268671063482167,4.633711910243421,28.42939516213821,13.61830312644627,243995572.67147753,51627.62619974006,424168307.93036056,9361689.705723897,32693007.848785598,198767028.68793106,7096507475.897791
95,2024-05-01,34.584361566247146,0.007317222554334776,60.66965342349964,510.3948814853768,0.4755002547264526,107.8251835602823,54.942414333877544,15059.319989881385,1.3268671063482167,4.633711910243421,28.42939516213821,13.61830312644627,243995572.67147753,51627.62619974006,424168307.93036056,9361689.705723897,32693007.848785598,198767028.68793106,7096507475.897791
96,2024-05-01,34.584361566247146,0.007317222554334776,60.66965342349964,510.3948814853768,0.4755002547264526,107.8251835602823,54.942414333877544,15059.319989881385,1.3268671063482167,4.633711910243421,28.42939516213821,13.61830312644627,243995572.67147753,51627.62619974006,424168307.93036056,9361689.705723897,32693007.848785598,198767028.68793106,7096507475.897791
97,2024-05-01,34.584361566247146,0.007317222554334776,60.66965342349964,510.3948814853768,0.4755002547264526,107.8251835602823,54.942414333877544,15059.319989881385,1.3268671063482167,4.633711910243421,28.42939516213821,13.61830312644627,243995572.67147753,51627.62619974006,424168307.93036056,9361689.705723897,32693007.848785598,198767028.68793106,7096507475.893113
98,2024-05-01,34.584361566247146,0.007317222554334776,60.66965342349964,510.3948814853768,0.4755002547264526,107.8251835602823,54.942414333877544,15059.319989881385,1.3268671063482167,4.633711910243421,28.42939516213821,13.61830312644627,243995572.67147753,51627.62619974006,424168307.93036056,9361689.705723897,32693007.848785598,198767028.68793106,7096507475.897791
99,2024-05-01,34.584361566247146,0.007317222554334776,60.66965342349964,510.3948814853768,0.4755002547264526,107.8251835602823,54.942414333877544,15059.319989881385,1.3268671063482167,4.633711910243421,28.42939516213821,13.61830312644627,243995572.67147753,51627.62619974006,424168307.93036056,9361689.705723897,32693007.848785598,198767028.68793106,7096507475.897791
100,2024-06-01,11.315754711032001,0.01125726617315725,58.661514309866014,510.3948814853768,0.4755002547264526,107.8251835602823,54.942414333877544,15059.319989881385,0.0,1.075999272292083,11.126083172893077,5.361024192112546,79832109.54918875,79427.12220423727,410134345.49730986,0.0,7591618.403753874,77785059.46952607,7096507475.897791
101,2024-06-01,11.315754711032001,0.01125726617315725,58.661514309866014,510.3948814853768,0.4755002547264526,107.8251835602823,54.942414333877544,15059.319989881385,0.0,1.075999272292083,11.126083172893077,5.361024192112546,79832109.54918875,79427.12220423727,410134345.49730986,0.0,7591618.403753874,77785059.46952607,7096507475.897791
102,2024-06-01,11.315754711032001,0.01125726617315725,58.661514309866014,510.3948814853768,0.4755002547264526,107.8251835602823,54.942414333877544,15059.319989881385,0.0,1.075999272292083,11.126083172893077,5.361024192112546,79832109.54918875,79427.12220423727,410134345.49730986,0.0,7591618.403753874,77785059.46952607,7096507475.897791
103,2024-06-01,11.315754711032001,0.01125726617315725,58.661514309866014,510.3948814853768,0.4755002547264526,107.8251835602823,54.942414333877544,15059.319989881385,0.0,1.075999272292083,11.126083172893077,5.361024192112546,79832109.54918875,79427.12220423727,410134345.49730986,0.0,7591618.403753874,77785059.46952607,7096507475.897791
104,2024-06-01,11.315754711032001,0.01125726617315725,58.661514309866014,510.3948814853768,0.4755002547264526,107.8251835602823,54.942414333877544,15059.319989881385,0.0,1.075999272292083,11.126083172893077,5.361024192112546,79832109.54918875,79427.12220423727,410134345.49730986,0.0,7591618.403753874,77785059.46952607,7096507475.893113
105,2024-06-01,11.315754711032001,0.01125726617315725,58.661514309866014,510.3948814853768,0.4755002547264526,107.8251835602823,54.942414333877544,15059.319989881385,0.0,1.075999272292083,11.126083172893077,5.361024192112546,79832109.54918875,79427.12220423727,410134345.49730986,0.0,7591618.403753874,77785059.46952607,7096507475.897791
106,2024-06-01,11.315754711032001,0.01125726617315725,58.661514309866014,510.3948814853768,0.4755002547264526,107.8251835602823,54.942414333877544,15059.319989881385,0.0,1.075999272292083,11.126083172893077,5.361024192112546,79832109.54918875,79427.12220423727,410134345.49730986,0.0,7591618.403753874,77785059.46952607,7096507475.897791
107,2024-06-01,11.315754711032001,0.01125726617315725,58.661514309866014,510.3948814853768,0.4755002547264526,107.8251835602823,54.942414333877544,15059.319989881385,0.0,1.075999272292083,11.126083172893077,5.361024192112546,79832109.54918875,79427.12220423727,410134345.49730986,0.0,7591618.403753874,77785059.46952607,7096507475.897791
108,2024-06-01,11.315754711032001,0.01125726617315725,58.661514309866014,510.3948814853768,0.4755002547264526,107.8251835602823,54.942414333877544,15059.319989881385,0.0,1.075999272292083,11.126083172893077,5.361024192112546,79832109.54918875,79427.12220423727,410134345.49730986,0.0,7591618.403753874,77785059.46952607,7096507475.897791
109,2024-06-01,11.315754711032001,0.01125726617315725,58.661514309866014,510.3948814853768,0.4755002547264526,107.8251835602823,54.942414333877544,15059.319989881385,0.0,1.075999272292083,11.126083172893077,5.361024192112546,79832109.54918875,79427.12220423727,410134345.49730986,0.0,7591618.403753874,77785059.46952607,7096507475.897791
110,2024-06-01,11.315754711032001,0.01125726617315725,58.661514309866014,510.3948814853768,0.4755002547264526,107.8251835602823,54.942414333877544,15059.319989881385,0.0,1.075999272292083,11.126083172893077,5.361024192112546,79832109.54918875,79427.12220423727,410134345.49730986,0.0,7591618.403753874,77785059.46952607,7096507475.897791
111,2024-06-01,11.315754711032001,0.01125726617315725,58.661514309866014,510.3948814853768,0.4755002547264526,107.8251835602823,54.942414333877544,15059.319989881385,0.0,1.075999272292083,11.126083172893077,5.361024192112546,79832109.54918875,79427.12220423727,410134345.49730986,0.0,7591618.403753874,77785059.46952607,7096507475.897791
112,2024-06-01,11.315754711032001,0.01125726617315725,58.661514309866014,510.3948814853768,0.4755002547264526,107.8251835602823,54.942414333877544,15059.319989881385,0.0,1.075999272292083,11.126083172893077,5.361024192112546,79832109.54918875,79427.12220423727,410134345.49730986,0.0,7591618.403753874,77785059.46952607,7096507475.893113
113,2024-06-01,11.315754711032001,0.01125726617315725,58.661514309866014,510.3948814853768,0.4755002547264526,107.8251835602823,54.942414333877544,15059.319989881385,0.0,1.075999272292083,11.126083172893077,5.361024192112546,79832109.54918875,79427.12220423727,410134345.49730986,0.0,7591618.403753874,77785059.46952607,7096507475.897791
114,2024-06-01,11.315754711032001,0.01125726617315725,58.661514309866014,510.3948814853768,0.4755002547264526,107.8251835602823,54.942414333877544,15059.319989881385,0.0,1.075999272292083,11.126083172893077,5.361024192112546,79832109.54918875,79427.12220423727,410134345.49730986,0.0,7591618.403753874,77785059.46952607,7096507475.893113
115,2024-06-01,11.315754711032001,0.01125726617315725,58.661514309866014,510.3948814853768,0.4755002547264526,107.8251835602823,54.942414333877544,15059.319989881385,0.0,1.075999272292083,11.126083172893077,5.361024192112546,79832109.54918875,79427.12220423727,410134345.49730986,0.0,7591618.403753874,77785059.46952607,7096507475.897791
116,2024-06-01,11.315754711032001,0.01125726617315725,58.661514309866014,510.3948814853768,0.4755002547264526,107.8251835602823,54.942414333877544,15059.319989881385,0.0,1.075999272292083,11.126083172893077,5.361024192112546,79832109.54918875,79427.12220423727,410134345.49730986,0.0,7591618.403753874,77785059.46952607,7096507475.897791
117,2024-06-01,11.315754711032001,0.01125726617315725,58.661514309866014,510.3948814853768,0.4755002547264526,107.8251835602823,54.942414333877544,15059.319989881385,0.0,1.075999272292083,11.126083172893077,5.361024192112546,79832109.54918875,79427.12220423727,410134345.49730986,0.0,7591618.403753874,77785059.46952607,7096507475.897791
118,2024-06-01,11.315754711032001,0.01125726617315725,58.661514309866014,510.3948814853768,0.4755002547264526,107.8251835602823,54.942414333877544,15059.319989881385,0.0,1.075999272292083,11.126083172893077,5.361024192112546,79832109.54918875,79427.12220423727,410134345.49730986,0.0,7591618.403753874,77785059.46952607,7096507475.897791
119,2024-06-01,11.315754711032001,0.01125726617315725,58.661514309866014,510.3948814853768,0.4755002547264526,107.8251835602823,54.942414333877544,15059.319989881385,0.0,1.075999272292083,11.126083172893077,5.361024192112546,79832109.54918875,79427.12220423727,410134345.49730986,0.0,7591618.403753874,77785059.46952607,7096507475.893113
120,2024-07-01,11.075673539879858,0.014634445108669552,40.38177756309626,510.3948814853768,0.4755002547264526,107.8251835602823,54.942414333877544,15059.319989881385,0.0,0.14335719108023512,9.11805122417377,4.266930509919083,78139532.75514807,103255.25239948012,282330851.8267292,0.0,1011414.4183547552,63744801.34197162,7096507475.893113
121,2024-07-01,11.075673539879858,0.014634445108669552,40.38177756309626,510.3948814853768,0.4755002547264526,107.8251835602823,54.942414333877544,15059.319989881385,0.0,0.14335719108023512,9.11805122417377,4.266930509919083,78139532.75514807,103255.25239948012,282330851.8267292,0.0,1011414.4183547552,63744801.34197162,7096507475.893113
122,2024-07-01,11.075673539879858,0.014634445108669552,40.38177756309626,510.3948814853768,0.4755002547264526,107.8251835602823,54.942414333877544,15059.319989881385,0.0,0.14335719108023512,9.11805122417377,4.266930509919083,78139532.75514807,103255.25239948012,282330851.8267292,0.0,1011414.4183547552,63744801.34197162,7096507475.897791
123,2024-07-01,11.075673539879858,0.014634445108669552,40.38177756309626,510.3948814853768,0.4755002547264526,107.8251835602823,54.942414333877544,15059.319989881385,0.0,0.14335719108023512,9.11805122417377,4.266930509919083,78139532.75514807,103255.25239948012,282330851.8267292,0.0,1011414.4183547552,63744801.34197162,7096507475.897791
124,2024-07-01,11.075673539879858,0.014634445108669552,40.38177756309626,510.3948814853768,0.4755002547264526,107.8251835602823,54.942414333877544,15059.319989881385,0.0,0.14335719108023512,9.11805122417377,4.266930509919083,78139532.75514807,103255.25239948012,282330851.8267292,0.0,1011414.4183547552,63744801.34197162,7096507475.893113
125,2024-07-01,11.075673539879858,0.014634445108669552,40.38177756309626,510.3948814853768,0.4755002547264526,107.8251835602823,54.942414333877544,15059.319989881385,0.0,0.14335719108023512,9.11805122417377,4.266930509919083,78139532.75514807,103255.25239948012,282330851.8267292,0.0,1011414.4183547552,63744801.34197162,7096507475.893113
126,2024-07-01,11.075673539879858,0.014634445108669552,40.38177756309626,510.3948814853768,0.4755002547264526,107.8251835602823,54.942414333877544,15059.319989881385,0.0,0.14335719108023512,9.11805122417377,4.266930509919083,78139532.75514807,103255.25239948012,282330851.8267292,0.0,1011414.4183547552,63744801.34197162,7096507475.897791
127,2024-07-01,11.075673539879858,0.014634445108669552,40.38177756309626,510.3948814853768,0.4755002547264526,107.8251835602823,54.942414333877544,15059.319989881385,0.0,0.14335719108023512,9.11805122417377,4.266930509919083,78139532.75514807,103255.25239948012,282330851.8267292,0.0,1011414.4183547552,63744801.34197162,7096507475.897791
128,2024-07-01,11.075673539879858,0.014634445108669552,40.38177756309626,510.3948814853768,0.4755002547264526,107.8251835602823,54.942414333877544,15059.319989881385,0.0,0.14335719108023512,9.11805122417377,4.266930509919083,78139532.75514807,103255.25239948012,282330851.8267292,0.0,1011414.4183547552,63744801.34197162,7096507475.897791
129,2024-07-01,11.075673539879858,0.014634445108669552,40.38177756309626,510.3948814853768,0.4755002547264526,107.8251835602823,54.942414333877544,15059.319989881385,0.0,0.14335719108023512,9.11805122417377,4.266930509919083,78139532.75514807,103255.25239948012,282330851.8267292,0.0,1011414.4183547552,63744801.34197162,7096507475.897791
130,2024-07-01,11.075673539879858,0.014634445108669552,40.38177756309626,510.3948814853768,0.4755002547264526,107.8251835602823,54.942414333877544,15059.319989881385,0.0,0.14335719108023512,9.11805122417377,4.266930509919083,78139532.75514807,103255.25239948012,282330851.8267292,0.0,1011414.4183547552,63744801.34197162,7096507475.897791
131,2024-07-01,11.075673539879858,0.014634445108669552,40.38177756309626,510.3948814853768,0.4755002547264526,107.8251835602823,54.942414333877544,15059.319989881385,0.0,0.14335719108023512,9.11805122417377,4.266930509919083,78139532.75514807,103255.25239948012,282330851.8267292,0.0,1011414.4183547552,63744801.34197162,7096507475.897791
132,2024-07-01,11.075673539879858,0.014634445108669552,40.38177756309626,510.3948814853768,0.4755002547264526,107.8251835602823,54.942414333877544,15059.319989881385,0.0,0.14335719108023512,9.11805122417377,4.266930509919083,78139532.75514807,103255.25239948012,282330851.8267292,0.0,1011414.4183547552,63744801.34197162,7096507475.897791
133,2024-07-01,11.075673539879858,0.014634445108669552,40.38177756309626,510.3948814853768,0.4755002547264526,107.8251835602823,54.942414333877544,15059.319989881385,0.0,0.14335719108023512,9.11805122417377,4.266930509919083,78139532.75514807,103255.25239948012,282330851.8267292,0.0,1011414.4183547552,63744801.34197162,7096507475.897791
134,2024-07-01,11.075673539879858,0.014634445108669552,40.38177756309626,510.3948814853768,0.4755002547264526,107.8251835602823,54.942414333877544,15059.319989881385,0.0,0.14335719108023512,9.11805122417377,4.266930509919083,78139532.75514807,103255.25239948012,282330851.8267292,0.0,1011414.4183547552,63744801.34197162,7096507475.897791
135,2024-07-01,11.075673539879858,0.014634445108669552,40.38177756309626,510.3948814853768,0.4755002547264526,107.8251835602823,54.942414333877544,15059.319989881385,0.0,0.14335719108023512,9.11805122417377,4.266930509919083,78139532.75514807,103255.25239948012,282330851.8267292,0.0,1011414.4183547552,63744801.34197162,7096507475.897791
136,2024-07-01,11.075673539879858,0.014634445108669552,40.38177756309626,510.3948814853768,0.4755002547264526,107.8251835602823,54.942414333877544,15059.319989881385,0.0,0.14335719108023512,9.11805122417377,4.266930509919083,78139532.75514807,103255.25239948012,282330851.8267292,0.0,1011414.4183547552,63744801.34197162,7096507475.897791
137,2024-07-01,11.075673539879858,0.014634445108669552,40.38177756309626,510.3948814853768,0.4755002547264526,107.8251835602823,54.942414333877544,15059.319989881385,0.0,0.14335719108023512,9.11805122417377,4.266930509919083,78139532.75514807,103255.25239948012,282330851.8267292,0.0,1011414.4183547552,63744801.34197162,7096507475.897791
138,2024-07-01,11.075673539879858,0.014634445108669552,40.38177756309626,510.3948814853768,0.4755002547264526,107.8251835602823,54.942414333877544,15059.319989881385,0.0,0.14335719108023512,9.11805122417377,4.266930509919083,78139532.75514807,103255.25239948012,282330851.8267292,0.0,1011414.4183547552,63744801.34197162,7096507475.897791
139,2024-07-01,11.075673539879858,0.014634445108669552,40.38177756309626,510.3948814853768,0.4755002547264526,107.8251835602823,54.942414333877544,15059.319989881385,0.0,0.14335719108023512,9.11805122417377,4.266930509919083,78139532.75514807,103255.25239948012,282330851.8267292,0.0,1011414.4183547552,63744801.34197162,7096507475.897791
140,2024-08-01,42.90035892638033,0.011820130277276021,38.57014853278591,510.3948814853768,0.4755002547264526,107.8251835602823,54.942414333877544,15059.319989881385,0.05599520506510248,1.0851488373311295,21.781326606118853,10.077121793046118,302657956.8155907,83398.4839269349,269663174.67961574,394968.88045524043,7656098.518639994,152274473.20691735,7096507475.897791
141,2024-08-01,42.90035892638033,0.011820130277276021,38.57014853278591,510.3948814853768,0.4755002547264526,107.8251835602823,54.942414333877544,15059.319989881385,0.05599520506510248,1.0851488373311295,21.781326606118853,10.077121793046118,302657956.8155907,83398.4839269349,269663174.67961574,394968.88045524043,7656098.518639994,152274473.20691735,7096507475.897791
142,2024-08-01,42.90035892638033,0.011820130277276021,38.57014853278591,510.3948814853768,0.4755002547264526,107.8251835602823,54.942414333877544,15059.319989881385,0.05599520506510248,1.0851488373311295,21.781326606118853,10.077121793046118,302657956.8155907,83398.4839269349,269663174.67961574,394968.88045524043,7656098.518639994,152274473.20691735,7096507475.893113
143,2024-08-01,42.90035892638033,0.011820130277276021,38.57014853278591,510.3948814853768,0.4755002547264526,107.8251835602823,54.942414333877544,15059.319989881385,0.05599520506510248,1.0851488373311295,21.781326606118853,10.077121793046118,302657956.8155907,83398.4839269349,269663174.67961574,394968.88045524043,7656098.518639994,152274473.20691735,7096507475.897791
144,2024-08-01,42.90035892638033,0.011820130277276021,38.57014853278591,510.3948814853768,0.4755002547264526,107.8251835602823,54.942414333877544,15059.319989881385,0.05599520506510248,1.0851488373311295,21.781326606118853,10.077121793046118,302657956.8155907,83398.4839269349,269663174.67961574,394968.88045524043,7656098.518639994,152274473.20691735,7096507475.897791
145,2024-08-01,42.90035892638033,0.011820130277276021,38.57014853278591,510.3948814853768,0.4755002547264526,107.8251835602823,54.942414333877544,15059.319989881385,0.05599520506510248,1.0851488373311295,21.781326606118853,10.077121793046118,302657956.8155907,83398.4839269349,269663174.67961574,394968.88045524043,7656098.518639994,152274473.20691735,7096507475.897791
146,2024-08-01,42.90035892638033,0.011820130277276021,38.57014853278591,510.3948814853768,0.4755002547264526,107.8251835602823,54.942414333877544,15059.319989881385,0.05599520506510248,1.0851488373311295,21.781326606118853,10.077121793046118,302657956.8155907,83398.4839269349,269663174.67961574,394968.88045524043,7656098.518639994,152274473.20691735,7096507475.897791
147,2024-08-01,42.90035892638033,0.011820130277276021,38.57014853278591,510.3948814853768,0.4755002547264526,107.8251835602823,54.942414333877544,15059.319989881385,0.05599520506510248,1.0851488373311295,21.781326606118853,10.077121793046118,302657956.8155907,83398.4839269349,269663174.67961574,394968.88045524043,7656098.518639994,152274473.20691735,7096507475.897791
148,2024-08-01,42.90035892638033,0.011820130277276021,38.57014853278591,510.3948814853768,0.4755002547264526,107.8251835602823,54.942414333877544,15059.319989881385,0.05599520506510248,1.0851488373311295,21.781326606118853,10.077121793046118,302657956.8155907,83398.4839269349,269663174.67961574,394968.88045524043,7656098.518639994,152274473.20691735,7096507475.897791
149,2024-08-01,42.90035892638033,0.011820130277276021,38.57014853278591,510.3948814853768,0.4755002547264526,107.8251835602823,54.942414333877544,15059.319989881385,0.05599520506510248,1.0851488373311295,21.781326606118853,10.077121793046118,302657956.8155907,83398.4839269349,269663174.67961574,394968.88045524043,7656098.518639994,152274473.20691735,7096507475.897791
150,2024-08-01,42.90035892638033,0.011820130277276021,38.57014853278591,510.3948814853768,0.4755002547264526,107.8251835602823,54.942414333877544,15059.319989881385,0.05599520506510248,1.0851488373311295,21.781326606118853,10.077121793046118,302657956.8155907,83398.4839269349,269663174.67961574,394968.88045524043,7656098.518639994,152274473.20691735,7096507475.897791
151,2024-08-01,42.90035892638033,0.011820130277276021,38.57014853278591,510.3948814853768,0.4755002547264526,107.8251835602823,54.942414333877544,15059.319989881385,0.05599520506510248,1.0851488373311295,21.781326606118853,10.077121793046118,302657956.8155907,83398.4839269349,269663174.67961574,394968.88045524043,7656098.518639994,152274473.20691735,7096507475.897791
152,2024-08-01,42.90035892638033,0.011820130277276021,38.57014853278591,510.3948814853768,0.4755002547264526,107.8251835602823,54.942414333877544,15059.319989881385,0.05599520506510248,1.0851488373311295,21.781326606118853,10.077121793046118,302657956.8155907,83398.4839269349,269663174.67961574,394968.88045524043,7656098.518639994,152274473.20691735,7096507475.897791
153,2024-08-01,42.90035892638033,0.011820130277276021,38.57014853278591,510.3948814853768,0.4755002547264526,107.8251835602823,54.942414333877544,15059.319989881385,0.05599520506510248,1.0851488373311295,21.781326606118853,10.077121793046118,302657956.8155907,83398.4839269349,269663174.67961574,394968.88045524043,7656098.518639994,152274473.20691735,7096507475.893113
154,2024-08-01,42.90035892638033,0.011820130277276021,38.57014853278591,510.3948814853768,0.4755002547264526,107.8251835602823,54.942414333877544,15059.319989881385,0.05599520506510248,1.0851488373311295,21.781326606118853,10.077121793046118,302657956.8155907,83398.4839269349,269663174.67961574,394968.88045524043,7656098.518639994,152274473.20691735,7096507475.893113
155,2024-08-01,42.90035892638033,0.011820130277276021,38.57014853278591,510.3948814853768,0.4755002547264526,107.8251835602823,54.942414333877544,15059.319989881385,0.05599520506510248,1.0851488373311295,21.781326606118853,10.077121793046118,302657956.8155907,83398.4839269349,269663174.67961574,394968.88045524043,7656098.518639994,152274473.20691735,7096507475.897791
156,2024-08-01,42.90035892638033,0.011820130277276021,38.57014853278591,510.3948814853768,0.4755002547264526,107.8251835602823,54.942414333877544,15059.319989881385,0.05599520506510248,1.0851488373311295,21.781326606118853,10.077121793046118,302657956.8155907,83398.4839269349,269663174.67961574,394968.88045524043,7656098.518639994,152274473.20691735,7096507475.893113
157,2024-08-01,42.90035892638033,0.011820130277276021,38.57014853278591,510.3948814853768,0.4755002547264526,107.8251835602823,54.942414333877544,15059.319989881385,0.05599520506510248,1.0851488373311295,21.781326606118853,10.077121793046118,302657956.8155907,83398.4839269349,269663174.67961574,394968.88045524043,7656098.518639994,152274473.20691735,7096507475.897791
158,2024-08-01,42.90035892638033,0.011820130277276021,38.57014853278591,510.3948814853768,0.4755002547264526,107.8251835602823,54.942414333877544,15059.319989881385,0.05599520506510248,1.0851488373311295,21.781326606118853,10.077121793046118,302657956.8155907,83398.4839269349,269663174.67961574,394968.88045524043,7656098.518639994,152274473.20691735,7096507475.897791
159,2024-08-01,42.90035892638033,0.011820130277276021,38.57014853278591,510.3948814853768,0.4755002547264526,107.8251835602823,54.942414333877544,15059.319989881385,0.05599520506510248,1.0851488373311295,21.781326606118853,10.077121793046118,302657956.8155907,83398.4839269349,269663174.67961574,394968.88045524043,7656098.518639994,152274473.20691735,7096507475.897791
160,2024-09-01,8.524696459232866,0.005628633086578625,23.905965463108334,510.3948814853768,0.4755002547264526,107.8251835602823,54.942414333877544,15059.319989881385,0.018070845654787733,0.4474131831272613,18.47183121261401,8.509859102585672,60140868.26712484,39713.561102118634,167137760.40132537,127464.87255208152,3156652.0882873666,129136797.07199466,7096507475.897791
161,2024-09-01,8.524696459232866,0.005628633086578625,23.905965463108334,510.3948814853768,0.4755002547264526,107.8251835602823,54.942414333877544,15059.319989881385,0.018070845654787733,0.4474131831272613,18.47183121261401,8.509859102585672,60140868.26712484,39713.561102118634,167137760.40132537,127464.87255208152,3156652.0882873666,129136797.07199466,7096507475.897791
162,2024-09-01,8.524696459232866,0.005628633086578625,23.905965463108334,510.3948814853768,0.4755002547264526,107.8251835602823,54.942414333877544,15059.319989881385,0.018070845654787733,0.4474131831272613,18.47183121261401,8.509859102585672,60140868.26712484,39713.561102118634,167137760.40132537,127464.87255208152,3156652.0882873666,129136797.07199466,7096507475.897791
163,2024-09-01,8.524696459232866,0.005628633086578625,23.905965463108334,510.3948814853768,0.4755002547264526,107.8251835602823,54.942414333877544,15059.319989881385,0.018070845654787733,0.4474131831272613,18.47183121261401,8.509859102585672,60140868.26712484,39713.561102118634,167137760.40132537,127464.87255208152,3156652.0882873666,129136797.07199466,7096507475.897791
164,2024-09-01,8.524696459232866,0.005628633086578625,23.905965463108334,510.3948814853768,0.4755002547264526,107.8251835602823,54.942414333877544,15059.319989881385,0.018070845654787733,0.4474131831272613,18.47183121261401,8.509859102585672,60140868.26712484,39713.561102118634,167137760.40132537,127464.87255208152,3156652.0882873666,129136797.07199466,7096507475.897791
165,2024-09-01,8.524696459232866,0.005628633086578625,23.905965463108334,510.3948814853768,0.4755002547264526,107.8251835602823,54.942414333877544,15059.319989881385,0.018070845654787733,0.4474131831272613,18.47183121261401,8.509859102585672,60140868.26712484,39713.561102118634,167137760.40132537,127464.87255208152,3156652.0882873666,129136797.07199466,7096507475.897791
166,2024-09-01,8.524696459232866,0.005628633086578625,23.905965463108334,510.3948814853768,0.4755002547264526,107.8251835602823,54.942414333877544,15059.319989881385,0.018070845654787733,0.4474131831272613,18.47183121261401,8.509859102585672,60140868.26712484,39713.561102118634,167137760.40132537,127464.87255208152,3156652.0882873666,129136797.07199466,7096507475.893113
167,2024-09-01,8.524696459232866,0.005628633086578625,23.905965463108334,510.3948814853768,0.4755002547264526,107.8251835602823,54.942414333877544,15059.319989881385,0.018070845654787733,0.4474131831272613,18.47183121261401,8.509859102585672,60140868.26712484,39713.561102118634,167137760.40132537,127464.87255208152,3156652.0882873666,129136797.07199466,7096507475.897791
168,2024-09-01,8.524696459232866,0.005628633086578625,23.905965463108334,510.3948814853768,0.4755002547264526,107.8251835602823,54.942414333877544,15059.319989881385,0.018070845654787733,0.4474131831272613,18.47183121261401,8.509859102585672,60140868.26712484,39713.561102118634,167137760.40132537,127464.87255208152,3156652.0882873666,129136797.07199466,7096507475.897791
169,2024-09-01,8.524696459232866,0.005628633086578625,23.905965463108334,510.3948814853768,0.4755002547264526,107.8251835602823,54.942414333877544,15059.319989881385,0.018070845654787733,0.4474131831272613,18.47183121261401,8.509859102585672,60140868.26712484,39713.561102118634,167137760.40132537,127464.87255208152,3156652.0882873666,129136797.07199466,7096507475.897791
170,2024-09-01,8.524696459232866,0.005628633086578625,23.905965463108334,510.3948814853768,0.4755002547264526,107.8251835602823,54.942414333877544,15059.319989881385,0.018070845654787733,0.4474131831272613,18.47183121261401,8.509859102585672,60140868.26712484,39713.561102118634,167137760.40132537,127464.87255208152,3156652.0882873666,129136797.07199466,7096507475.893113
171,2024-09-01,8.524696459232866,0.005628633086578625,23.905965463108334,510.3948814853768,0.4755002547264526,107.8251835602823,54.942414333877544,15059.319989881385,0.018070845654787733,0.4474131831272613,18.47183121261401,8.509859102585672,60140868.26712484,39713.561102118634,167137760.40132537,127464.87255208152,3156652.0882873666,129136797.07199466,7096507475.897791
172,2024-09-01,8.524696459232866,0.005628633086578625,23.905965463108334,510.3948814853768,0.4755002547264526,107.8251835602823,54.942414333877544,15059.319989881385,0.018070845654787733,0.4474131831272613,18.47183121261401,8.509859102585672,60140868.26712484,39713.561102118634,167137760.40132537,127464.87255208152,3156652.0882873666,129136797.07199466,7096507475.897791
173,2024-09-01,8.524696459232866,0.005628633086578625,23.905965463108334,510.3948814853768,0.4755002547264526,107.8251835602823,54.942414333877544,15059.319989881385,0.018070845654787733,0.4474131831272613,18.47183121261401,8.509859102585672,60140868.26712484,39713.561102118634,167137760.40132537,127464.87255208152,3156652.0882873666,129136797.07199466,7096507475.893113
174,2024-09-01,8.524696459232866,0.005628633086578625,23.905965463108334,510.3948814853768,0.4755002547264526,107.8251835602823,54.942414333877544,15059.319989881385,0.018070845654787733,0.4474131831272613,18.47183121261401,8.509859102585672,60140868.26712484,39713.561102118634,167137760.40132537,127464.87255208152,3156652.0882873666,129136797.07199466,7096507475.893113
175,2024-09-01,8.524696459232866,0.005628633086578625,23.905965463108334,510.3948814853768,0.4755002547264526,107.8251835602823,54.942414333877544,15059.319989881385,0.018070845654787733,0.4474131831272613,18.47183121261401,8.509859102585672,60140868.26712484,39713.561102118634,167137760.40132537,127464.87255208152,3156652.0882873666,129136797.07199466,7096507475.897791
176,2024-09-01,8.524696459232866,0.005628633086578625,23.905965463108334,510.3948814853768,0.4755002547264526,107.8251835602823,54.942414333877544,15059.319989881385,0.018070845654787733,0.4474131831272613,18.47183121261401,8.509859102585672,60140868.26712484,39713.561102118634,167137760.40132537,127464.87255208152,3156652.0882873666,129136797.07199466,7096507475.897791
177,2024-09-01,8.524696459232866,0.005628633086578625,23.905965463108334,510.3948814853768,0.4755002547264526,107.8251835602823,54.942414333877544,15059.319989881385,0.018070845654787733,0.4474131831272613,18.47183121261401,8.509859102585672,60140868.26712484,39713.561102118634,167137760.40132537,127464.87255208152,3156652.0882873666,129136797.07199466,7096507475.897791
178,2024-09-01,8.524696459232866,0.005628633086578625,23.905965463108334,510.3948814853768,0.4755002547264526,107.8251835602823,54.942414333877544,15059.319989881385,0.018070845654787733,0.4474131831272613,18.47183121261401,8.509859102585672,60140868.26712484,39713.561102118634,167137760.40132537,127464.87255208152,3156652.0882873666,129136797.07199466,7096507475.897791
179,2024-09-01,8.524696459232866,0.005628633086578625,23.905965463108334,510.3948814853768,0.4755002547264526,107.8251835602823,54.942414333877544,15059.319989881385,0.018070845654787733,0.4474131831272613,18.47183121261401,8.509859102585672,60140868.26712484,39713.561102118634,167137760.40132537,127464.87255208152,3156652.0882873666,129136797.07199466,7096507475.897791
180,2024-10-01,34.68092969307337,0.0028143165432893127,17.53768868494144,510.3948814853768,0.4755002547264526,107.8251835602823,54.942414333877544,15059.319989881385,0.055349720848224024,1.8842927440549573,34.64740048599879,15.811732258652615,244672802.64980158,19856.780551059317,122612238.41243926,390416.5080591576,13294262.576676626,242226321.50765505,7096507475.897791
181,2024-10-01,34.68092969307337,0.0028143165432893127,17.53768868494144,510.3948814853768,0.4755002547264526,107.8251835602823,54.942414333877544,15059.319989881385,0.055349720848224024,1.8842927440549573,34.64740048599879,15.811732258652615,244672802.64980158,19856.780551059317,122612238.41243926,390416.5080591576,13294262.576676626,242226321.50765505,7096507475.897791
182,2024-10-01,34.68092969307337,0.0028143165432893127,17.53768868494144,510.3948814853768,0.4755002547264526,107.8251835602823,54.942414333877544,15059.319989881385,0.055349720848224024,1.8842927440549573,34.64740048599879,15.811732258652615,244672802.64980158,19856.780551059317,122612238.41243926,390416.5080591576,13294262.576676626,242226321.50765505,7096507475.897791
183,2024-10-01,34.68092969307337,0.0028143165432893127,17.53768868494144,510.3948814853768,0.4755002547264526,107.8251835602823,54.942414333877544,15059.319989881385,0.055349720848224024,1.8842927440549573,34.64740048599879,15.811732258652615,244672802.64980158,19856.780551059317,122612238.41243926,390416.5080591576,13294262.576676626,242226321.50765505,7096507475.897791
184,2024-10-01,34.68092969307337,0.0028143165432893127,17.53768868494144,510.3948814853768,0.4755002547264526,107.8251835602823,54.942414333877544,15059.319989881385,0.055349720848224024,1.8842927440549573,34.64740048599879,15.811732258652615,244672802.64980158,19856.780551059317,122612238.41243926,390416.5080591576,13294262.576676626,242226321.50765505,7096507475.897791
185,2024-10-01,34.68092969307337,0.0028143165432893127,17.53768868494144,510.3948814853768,0.4755002547264526,107.8251835602823,54.942414333877544,15059.319989881385,0.055349720848224024,1.8842927440549573,34.64740048599879,15.811732258652615,244672802.64980158,19856.780551059317,122612238.41243926,390416.5080591576,13294262.576676626,242226321.50765505,7096507475.897791
186,2024-10-01,34.68092969307337,0.0028143165432893127,17.53768868494144,510.3948814853768,0.4755002547264526,107.8251835602823,54.942414333877544,15059.319989881385,0.055349720848224024,1.8842927440549573,34.64740048599879,15.811732258652615,244672802.64980158,19856.780551059317,122612238.41243926,390416.5080591576,13294262.576676626,242226321.50765505,7096507475.893113
187,2024-10-01,34.68092969307337,0.0028143165432893127,17.53768868494144,510.3948814853768,0.4755002547264526,107.8251835602823,54.942414333877544,15059.319989881385,0.055349720848224024,1.8842927440549573,34.64740048599879,15.811732258652615,244672802.64980158,19856.780551059317,122612238.41243926,390416.5080591576,13294262.576676626,242226321.50765505,7096507475.897791
188,2024-10-01,34.68092969307337,0.0028143165432893127,17.53768868494144,510.3948814853768,0.4755002547264526,107.8251835602823,54.942414333877544,15059.319989881385,0.055349720848224024,1.8842927440549573,34.64740048599879,15.811732258652615,244672802.64980158,19856.780551059317,122612238.41243926,390416.5080591576,13294262.576676626,242226321.50765505,7096507475.893113
189,2024-10-01,34.68092969307337,0.0028143165432893127,17.53768868494144,510.3948814853768,0.4755002547264526,107.8251835602823,54.942414333877544,15059.319989881385,0.055349720848224024,1.8842927440549573,34.64740048599879,15.811732258652615,244672802.64980158,19856.780551059317,122612238.41243926,390416.5080591576,13294262.576676626,242226321.50765505,7096507475.893113
190,2024-10-01,34.68092969307337,0.0028143165432893127,17.53768868494144,510.3948814853768,0.4755002547264526,107.8251835602823,54.942414333877544,15059.319989881385,0.055349720848224024,1.8842927440549573,34.64740048599879,15.811732258652615,244672802.64980158,19856.780551059317,122612238.41243926,390416.5080591576,13294262.576676626,242226321.50765505,7096507475.897791
191,2024-10-01,34.68092969307337,0.0028143165432893127,17.53768868494144,510.3948814853768,0.4755002547264526,107.8251835602823,54.942414333877544,15059.319989881385,0.055349720848224024,1.8842927440549573,34.64740048599879,15.811732258652615,244672802.64980158,19856.780551059317,122612238.41243926,390416.5080591576,13294262.576676626,242226321.50765505,7096507475.897791
192,2024-10-01,34.68092969307337,0.0028143165432893127,17.53768868494144,510.3948814853768,0.4755002547264526,107.8251835602823,54.942414333877544,15059.319989881385,0.055349720848224024,1.8842927440549573,34.64740048599879,15.811732258652615,244672802.64980158,19856.780551059317,122612238.41243926,390416.5080591576,13294262.576676626,242226321.50765505,7096507475.897791
193,2024-10-01,34.68092969307337,0.0028143165432893127,17.53768868494144,510.3948814853768,0.4755002547264526,107.8251835602823,54.942414333877544,15059.319989881385,0.055349720848224024,1.8842927440549573,34.64740048599879,15.811732258652615,244672802.64980158,19856.780551059317,122612238.41243926,390416.5080591576,13294262.576676626,242226321.50765505,7096507475.897791
194,2024-10-01,34.68092969307337,0.0028143165432893127,17.53768868494144,510.3948814853768,0.4755002547264526,107.8251835602823,54.942414333877544,15059.319989881385,0.055349720848224024,1.8842927440549573,34.64740048599879,15.811732258652615,244672802.64980158,19856.780551059317,122612238.41243926,390416.5080591576,13294262.576676626,242226321.50765505,7096507475.897791
195,2024-10-01,34.68092969307337,0.0028143165432893127,17.53768868494144,510.3948814853768,0.4755002547264526,107.8251835602823,54.942414333877544,15059.319989881385,0.055349720848224024,1.8842927440549573,34.64740048599879,15.811732258652615,244672802.64980158,19856.780551059317,122612238.41243926,390416.5080591576,13294262.576676626,242226321.50765505,7096507475.897791
196,2024-10-01,34.68092969307337,0.0028143165432893127,17.53768868494144,510.3948814853768,0.4755002547264526,107.8251835602823,54.942414333877544,15059.319989881385,0.055349720848224024,1.8842927440549573,34.64740048599879,15.811732258652615,244672802.64980158,19856.780551059317,122612238.41243926,390416.5080591576,13294262.576676626,242226321.50765505,7096507475.897791
197,2024-10-01,34.68092969307337,0.0028143165432893127,17.53768868494144,510.3948814853768,0.4755002547264526,107.8251835602823,54.942414333877544,15059.319989881385,0.055349720848224024,1.8842927440549573,34.64740048599879,15.811732258652615,244672802.64980158,19856.780551059317,122612238.41243926,390416.5080591576,13294262.576676626,242226321.50765505,7096507475.897791
198,2024-10-01,34.68092969307337,0.0028143165432893127,17.53768868494144,510.3948814853768,0.4755002547264526,107.8251835602823,54.942414333877544,15059.319989881385,0.055349720848224024,1.8842927440549573,34.64740048599879,15.811732258652615,244672802.64980158,19856.780551059317,122612238.41243926,390416.5080591576,13294262.576676626,242226321.50765505,7096507475.897791
199,2024-10-01,34.68092969307337,0.0028143165432893127,17.53768868494144,510.3948814853768,0.4755002547264526,107.8251835602823,54.942414333877544,15059.319989881385,0.055349720848224024,1.8842927440549573,34.64740048599879,15.811732258652615,244672802.64980158,19856.780551059317,122612238.41243926,390416.5080591576,13294262.576676626,242226321.50765505,7096507475.893113
200,2024-11-01,22.411043321878907,0.0,14.58705470353823,510.3948814853768,0.4755002547264526,107.8251835602823,54.942414333877544,15059.319989881385,0.09252142398377025,3.447531311350353,39.6438937125164,18.271765061573394,158115089.4286897,0.0,101981227.37755296,652771.7265711995,24323816.858866014,277164583.26678056,7096507475.893113
201,2024-11-01,22.411043321878907,0.0,14.58705470353823,510.3948814853768,0.4755002547264526,107.8251835602823,54.942414333877544,15059.319989881385,0.09252142398377025,3.447531311350353,39.6438937125164,18.271765061573394,158115089.4286897,0.0,101981227.37755296,652771.7265711995,24323816.858866014,277164583.26678056,7096507475.897791
202,2024-11-01,22.411043321878907,0.0,14.58705470353823,510.3948814853768,0.4755002547264526,107.8251835602823,54.942414333877544,15059.319989881385,0.09252142398377025,3.447531311350353,39.6438937125164,18.271765061573394,158115089.4286897,0.0,101981227.37755296,652771.7265711995,24323816.858866014,277164583.26678056,7096507475.897791
203,2024-11-01,22.411043321878907,0.0,14.58705470353823,510.3948814853768,0.4755002547264526,107.8251835602823,54.942414333877544,15059.319989881385,0.09252142398377025,3.447531311350353,39.6438937125164,18.271765061573394,158115089.4286897,0.0,101981227.37755296,652771.7265711995,24323816.858866014,277164583.26678056,7096507475.897791
204,2024-11-01,22.411043321878907,0.0,14.58705470353823,510.3948814853768,0.4755002547264526,107.8251835602823,54.942414333877544,15059.319989881385,0.09252142398377025,3.447531311350353,39.6438937125164,18.271765061573394,158115089.4286897,0.0,101981227.37755296,652771.7265711995,24323816.858866014,277164583.26678056,7096507475.897791
205,2024-11-01,22.411043321878907,0.0,14.58705470353823,510.3948814853768,0.4755002547264526,107.8251835602823,54.942414333877544,15059.319989881385,0.09252142398377025,3.447531311350353,39.6438937125164,18.271765061573394,158115089.4286897,0.0,101981227.37755296,652771.7265711995,24323816.858866014,277164583.26678056,7096507475.897791
206,2024-11-01,22.411043321878907,0.0,14.58705470353823,510.3948814853768,0.4755002547264526,107.8251835602823,54.942414333877544,15059.319989881385,0.09252142398377025,3.447531311350353,39.6438937125164,18.271765061573394,158115089.4286897,0.0,101981227.37755296,652771.7265711995,24323816.858866014,277164583.26678056,7096507475.897791
207,2024-11-01,22.411043321878907,0.0,14.58705470353823,510.3948814853768,0.4755002547264526,107.8251835602823,54.942414333877544,15059.319989881385,0.09252142398377025,3.447531311350353,39.6438937125164,18.271765061573394,158115089.4286897,0.0,101981227.37755296,652771.7265711995,24323816.858866014,277164583.26678056,7096507475.897791
208,2024-11-01,22.411043321878907,0.0,14.58705470353823,510.3948814853768,0.4755002547264526,107.8251835602823,54.942414333877544,15059.319989881385,0.09252142398377025,3.447531311350353,39.6438937125164,18.271765061573394,158115089.4286897,0.0,101981227.37755296,652771.7265711995,24323816.858866014,277164583.26678056,7096507475.897791
209,2024-11-01,22.411043321878907,0.0,14.58705470353823,510.3948814853768,0.4755002547264526,107.8251835602823,54.942414333877544,15059.319989881385,0.09252142398377025,3.447531311350353,39.6438937125164,18.271765061573394,158115089.4286897,0.0,101981227.37755296,652771.7265711995,24323816.858866014,277164583.26678056,7096507475.897791
210,2024-11-01,22.411043321878907,0.0,14.58705470353823,510.3948814853768,0.4755002547264526,107.8251835602823,54.942414333877544,15059.319989881385,0.09252142398377025,3.447531311350353,39.6438937125164,18.271765061573394,158115089.4286897,0.0,101981227.37755296,652771.7265711995,24323816.858866014,277164583.26678056,7096507475.897791
211,2024-11-01,22.411043321878907,0.0,14.58705470353823,510.3948814853768,0.4755002547264526,107.8251835602823,54.942414333877544,15059.319989881385,0.09252142398377025,3.447531311350353,39.6438937125164,18.271765061573394,158115089.4286897,0.0,101981227.37755296,652771.7265711995,24323816.858866014,277164583.26678056,7096507475.893113
212,2024-11-01,22.411043321878907,0.0,14.58705470353823,510.3948814853768,0.4755002547264526,107.8251835602823,54.942414333877544,15059.319989881385,0.09252142398377025,3.447531311350353,39.6438937125164,18.271765061573394,158115089.4286897,0.0,101981227.37755296,652771.7265711995,24323816.858866014,277164583.26678056,7096507475.897791
213,2024-11-01,22.411043321878907,0.0,14.58705470353823,510.3948814853768,0.4755002547264526,107.8251835602823,54.942414333877544,15059.319989881385,0.09252142398377025,3.447531311350353,39.6438937125164,18.271765061573394,158115089.4286897,0.0,101981227.37755296,652771.7265711995,24323816.858866014,277164583.26678056,7096507475.897791
214,2024-11-01,22.411043321878907,0.0,14.58705470353823,510.3948814853768,0.4755002547264526,107.8251835602823,54.942414333877544,15059.319989881385,0.09252142398377025,3.447531311350353,39.6438937125164,18.271765061573394,158115089.4286897,0.0,101981227.37755296,652771.7265711995,24323816.858866014,277164583.26678056,7096507475.897791
215,2024-11-01,22.411043321878907,0.0,14.58705470353823,510.3948814853768,0.4755002547264526,107.8251835602823,54.942414333877544,15059.319989881385,0.09252142398377025,3.447531311350353,39.6438937125164,18.271765061573394,158115089.4286897,0.0,101981227.37755296,652771.7265711995,24323816.858866014,277164583.26678056,7096507475.897791
216,2024-11-01,22.411043321878907,0.0,14.58705470353823,510.3948814853768,0.4755002547264526,107.8251835602823,54.942414333877544,15059.319989881385,0.09252142398377025,3.447531311350353,39.6438937125164,18.271765061573394,158115089.4286897,0.0,101981227.37755296,652771.7265711995,24323816.858866014,277164583.26678056,7096507475.897791
217,2024-11-01,22.411043321878907,0.0,14.58705470353823,510.3948814853768,0.4755002547264526,107.8251835602823,54.942414333877544,15059.319989881385,0.09252142398377025,3.447531311350353,39.6438937125164,18.271765061573394,158115089.4286897,0.0,101981227.37755296,652771.7265711995,24323816.858866014,277164583.26678056,7096507475.893113
218,2024-11-01,22.411043321878907,0.0,14.58705470353823,510.3948814853768,0.4755002547264526,107.8251835602823,54.942414333877544,15059.319989881385,0.09252142398377025,3.447531311350353,39.6438937125164,18.271765061573394,158115089.4286897,0.0,101981227.37755296,652771.7265711995,24323816.858866014,277164583.26678056,7096507475.893113
219,2024-11-01,22.411043321878907,0.0,14.58705470353823,510.3948814853768,0.4755002547264526,107.8251835602823,54.942414333877544,15059.319989881385,0.09252142398377025,3.447531311350353,39.6438937125164,18.271765061573394,158115089.4286897,0.0,101981227.37755296,652771.7265711995,24323816.858866014,277164583.26678056,7096507475.897791
220,2024-12-01,29.096519673983916,0.0,9.176512498490524,510.3948814853768,0.4755002547264526,107.8251835602823,54.942414333877544,15059.319989881385,0.8571805894512835,8.086796719207179,50.76583578642247,23.951384443798855,205285601.33605376,0.0,64154192.33873721,6047858.535953797,57056136.49314215,354929150.7455718,7096507475.897791
221,2024-12-01,29.096519673983916,0.0,9.176512498490524,510.3948814853768,0.4755002547264526,107.8251835602823,54.942414333877544,15059.319989881385,0.8571805894512835,8.086796719207179,50.76583578642247,23.951384443798855,205285601.33605376,0.0,64154192.33873721,6047858.535953797,57056136.49314215,354929150.7455718,7096507475.897791
222,2024-12-01,29.096519673983916,0.0,9.176512498490524,510.3948814853768,0.4755002547264526,107.8251835602823,54.942414333877544,15059.319989881385,0.8571805894512835,8.086796719207179,50.76583578642247,23.951384443798855,205285601.33605376,0.0,64154192.33873721,6047858.535953797,57056136.49314215,354929150.7455718,7096507475.897791
223,2024-12-01,29.096519673983916,0.0,9.176512498490524,510.3948814853768,0.4755002547264526,107.8251835602823,54.942414333877544,15059.319989881385,0.8571805894512835,8.086796719207179,50.76583578642247,23.951384443798855,205285601.33605376,0.0,64154192.33873721,6047858.535953797,57056136.49314215,354929150.7455718,7096507475.897791
224,2024-12-01,29.096519673983916,0.0,9.176512498490524,510.3948814853768,0.4755002547264526,107.8251835602823,54.942414333877544,15059.319989881385,0.8571805894512835,8.086796719207179,50.76583578642247,23.951384443798855,205285601.33605376,0.0,64154192.33873721,6047858.535953797,57056136.49314215,354929150.7455718,7096507475.897791
225,2024-12-01,29.096519673983916,0.0,9.176512498490524,510.3948814853768,0.4755002547264526,107.8251835602823,54.942414333877544,15059.319989881385,0.8571805894512835,8.086796719207179,50.76583578642247,23.951384443798855,205285601.33605376,0.0,64154192.33873721,6047858.535953797,57056136.49314215,354929150.7455718,7096507475.897791
226,2024-12-01,29.096519673983916,0.0,9.176512498490524,510.3948814853768,0.4755002547264526,107.8251835602823,54.942414333877544,15059.319989881385,0.8571805894512835,8.086796719207179,50.76583578642247,23.951384443798855,205285601.33605376,0.0,64154192.33873721,6047858.535953797,57056136.49314215,354929150.7455718,7096507475.897791
227,2024-12-01,29.096519673983916,0.0,9.176512498490524,510.3948814853768,0.4755002547264526,107.8251835602823,54.942414333877544,15059.319989881385,0.8571805894512835,8.086796719207179,50.76583578642247,23.951384443798855,205285601.33605376,0.0,64154192.33873721,6047858.535953797,57056136.49314215,354929150.7455718,7096507475.897791
228,2024-12-01,29.096519673983916,0.0,9.176512498490524,510.3948814853768,0.4755002547264526,107.8251835602823,54.942414333877544,15059.319989881385,0.8571805894512835,8.086796719207179,50.76583578642247,23.951384443798855,205285601.33605376,0.0,64154192.33873721,6047858.535953797,57056136.49314215,354929150.7455718,7096507475.897791
229,2024-12-01,29.096519673983916,0.0,9.176512498490524,510.3948814853768,0.4755002547264526,107.8251835602823,54.942414333877544,15059.319989881385,0.8571805894512835,8.086796719207179,50.76583578642247,23.951384443798855,205285601.33605376,0.0,64154192.33873721,6047858.535953797,57056136.49314215,354929150.7455718,7096507475.897791
230,2024-12-01,29.096519673983916,0.0,9.176512498490524,510.3948814853768,0.4755002547264526,107.8251835602823,54.942414333877544,15059.319989881385,0.8571805894512835,8.086796719207179,50.76583578642247,23.951384443798855,205285601.33605376,0.0,64154192.33873721,6047858.535953797,57056136.49314215,354929150.7455718,7096507475.897791
231,2024-12-01,29.096519673983916,0.0,9.176512498490524,510.3948814853768,0.4755002547264526,107.8251835602823,54.942414333877544,15059.319989881385,0.8571805894512835,8.086796719207179,50.76583578642247,23.951384443798855,205285601.33605376,0.0,64154192.33873721,6047858.535953797,57056136.49314215,354929150.7455718,7096507475.893113
232,2024-12-01,29.096519673983916,0.0,9.176512498490524,510.3948814853768,0.4755002547264526,107.8251835602823,54.942414333877544,15059.319989881385,0.8571805894512835,8.086796719207179,50.76583578642247,23.951384443798855,205285601.33605376,0.0,64154192.33873721,6047858.535953797,57056136.49314215,354929150.7455718,7096507475.897791
233,2024-12-01,29.096519673983916,0.0,9.176512498490524,510.3948814853768,0.4755002547264526,107.8251835602823,54.942414333877544,15059.319989881385,0.8571805894512835,8.086796719207179,50.76583578642247,23.951384443798855,205285601.33605376,0.0,64154192.33873721,6047858.535953797,57056136.49314215,354929150.7455718,7096507475.893113
234,2024-12-01,29.096519673983916,0.0,9.176512498490524,510.3948814853768,0.4755002547264526,107.8251835602823,54.942414333877544,15059.319989881385,0.8571805894512835,8.086796719207179,50.76583578642247,23.951384443798855,205285601.33605376,0.0,64154192.33873721,6047858.535953797,57056136.49314215,354929150.7455718,7096507475.893113
235,2024-12-01,29.096519673983916,0.0,9.176512498490524,510.3948814853768,0.4755002547264526,107.8251835602823,54.942414333877544,15059.319989881385,0.8571805894512835,8.086796719207179,50.76583578642247,23.951384443798855,205285601.33605376,0.0,64154192.33873721,6047858.535953797,57056136.49314215,354929150.7455718,7096507475.897791
236,2024-12-01,29.096519673983916,0.0,9.176512498490524,510.3948814853768,0.4755002547264526,107.8251835602823,54.942414333877544,15059.319989881385,0.8571805894512835,8.086796719207179,50.76583578642247,23.951384443798855,205285601.33605376,0.0,64154192.33873721,6047858.535953797,57056136.49314215,354929150.7455718,7096507475.897791
237,2024-12-01,29.096519673983916,0.0,9.176512498490524,510.3948814853768,0.4755002547264526,107.8251835602823,54.942414333877544,15059.319989881385,0.8571805894512835,8.086796719207179,50.76583578642247,23.951384443798855,205285601.33605376,0.0,64154192.33873721,6047858.535953797,57056136.49314215,354929150.7455718,7096507475.897791
238,2024-12-01,29.096519673983916,0.0,9.176512498490524,510.3948814853768,0.4755002547264526,107.8251835602823,54.942414333877544,15059.319989881385,0.8571805894512835,8.086796719207179,50.76583578642247,23.951384443798855,205285601.33605376,0.0,64154192.33873721,6047858.535953797,57056136.49314215,354929150.7455718,7096507475.897791
239,2024-12-01,29.096519673983916,0.0,9.176512498490524,510.3948814853768,0.4755002547264526,107.8251835602823,54.942414333877544,15059.319989881385,0.8571805894512835,8.086796719207179,50.76583578642247,23.951384443798855,205285601.33605376,0.0,64154192.33873721,6047858.535953797,57056136.49314215,354929150.7455718,7096507475.893113
